"nGroupT","nGroupC","sdC","iteration","meanC","ef","rho","sampleSize","idSD","coef","boot_pval"
6,2,0.2,267,10,0,0.3,10,3,0.83414929740718,0.006
6,2,0.2,167,10,0,0.3,10,3,-0.968546759937851,0.032
6,2,0.2,6,10,0,0.3,10,3,-0.936631431650568,0.036
6,2,0.2,141,10,0,0.3,10,3,-0.641396660962471,0.038
6,2,0.2,207,10,0,0.3,10,3,1.00695773720216,0.048
6,2,0.2,253,10,0,0.3,10,3,-1.51430189728734,0.052
6,2,0.2,37,10,0,0.3,10,3,0.857151496484846,0.054
6,2,0.2,40,10,0,0.3,10,3,2.00229788395288,0.056
6,2,0.2,290,10,0,0.3,10,3,1.47530909604271,0.056
6,2,0.2,67,10,0,0.3,10,3,0.989596783565929,0.058
6,2,0.2,213,10,0,0.3,10,3,-1.27645361584024,0.058
6,2,0.2,179,10,0,0.3,10,3,-1.44331464520684,0.06
6,2,0.2,14,10,0,0.3,10,3,-1.11669767473521,0.064
6,2,0.2,170,10,0,0.3,10,3,0.785766391025419,0.064
6,2,0.2,10,10,0,0.3,10,3,1.1551658444761,0.068
6,2,0.2,44,10,0,0.3,10,3,-1.03057514705279,0.07
6,2,0.2,209,10,0,0.3,10,3,0.728314254916796,0.07
6,2,0.2,53,10,0,0.3,10,3,-1.04616521496902,0.072
6,2,0.2,13,10,0,0.3,10,3,0.657505382831459,0.074
6,2,0.2,27,10,0,0.3,10,3,0.989751832147078,0.076
6,2,0.2,114,10,0,0.3,10,3,-0.990677915603015,0.078
6,2,0.2,197,10,0,0.3,10,3,-1.33560900220581,0.082
6,2,0.2,250,10,0,0.3,10,3,1.05612034330633,0.082
6,2,0.2,76,10,0,0.3,10,3,-1.04556191552425,0.086
6,2,0.2,208,10,0,0.3,10,3,-0.702872019641404,0.086
6,2,0.2,148,10,0,0.3,10,3,1.29744398187404,0.088
6,2,0.2,31,10,0,0.3,10,3,-1.10526675130191,0.09
6,2,0.2,147,10,0,0.3,10,3,0.93948314619152,0.094
6,2,0.2,244,10,0,0.3,10,3,-0.773983657948747,0.094
6,2,0.2,43,10,0,0.3,10,3,0.61570730211551,0.098
6,2,0.2,66,10,0,0.3,10,3,-0.999735343493029,0.1
6,2,0.2,117,10,0,0.3,10,3,0.765065074931357,0.1
6,2,0.2,113,10,0,0.3,10,3,-1.21078175617552,0.102
6,2,0.2,116,10,0,0.3,10,3,-0.760745909085273,0.104
6,2,0.2,216,10,0,0.3,10,3,-1.5054787207996,0.104
6,2,0.2,242,10,0,0.3,10,3,0.767760842142138,0.106
6,2,0.2,21,10,0,0.3,10,3,0.832752540635255,0.114
6,2,0.2,257,10,0,0.3,10,3,0.789965868631612,0.114
6,2,0.2,263,10,0,0.3,10,3,-0.854699609023612,0.12
6,2,0.2,58,10,0,0.3,10,3,1.02561487233891,0.122
6,2,0.2,118,10,0,0.3,10,3,1.48532304030928,0.122
6,2,0.2,169,10,0,0.3,10,3,-1.20119610547451,0.122
6,2,0.2,294,10,0,0.3,10,3,-0.536938640999324,0.124
6,2,0.2,140,10,0,0.3,10,3,-0.712586761265356,0.126
6,2,0.2,45,10,0,0.3,10,3,0.910002539700713,0.128
6,2,0.2,41,10,0,0.3,10,3,-0.547384551950699,0.13
6,2,0.2,135,10,0,0.3,10,3,-0.559851164561366,0.13
6,2,0.2,193,10,0,0.3,10,3,-1.05710532133017,0.13
6,2,0.2,4,10,0,0.3,10,3,-0.597457866065184,0.138
6,2,0.2,93,10,0,0.3,10,3,-1.08324009758869,0.138
6,2,0.2,110,10,0,0.3,10,3,0.813350696478409,0.138
6,2,0.2,1,10,0,0.3,10,3,0.825562364161527,0.14
6,2,0.2,217,10,0,0.3,10,3,-0.829680267368502,0.142
6,2,0.2,105,10,0,0.3,10,3,-0.717851678447488,0.144
6,2,0.2,200,10,0,0.3,10,3,1.11098561922014,0.146
6,2,0.2,54,10,0,0.3,10,3,-0.935435708391026,0.148
6,2,0.2,97,10,0,0.3,10,3,-0.650790230193707,0.152
6,2,0.2,125,10,0,0.3,10,3,0.506718268116799,0.154
6,2,0.2,90,10,0,0.3,10,3,-0.850925009893757,0.156
6,2,0.2,84,10,0,0.3,10,3,0.752882911098169,0.158
6,2,0.2,127,10,0,0.3,10,3,0.564954093078597,0.158
6,2,0.2,178,10,0,0.3,10,3,0.666449930952524,0.158
6,2,0.2,73,10,0,0.3,10,3,1.08314206541613,0.16
6,2,0.2,176,10,0,0.3,10,3,0.352393611835282,0.162
6,2,0.2,51,10,0,0.3,10,3,-0.568265232637742,0.164
6,2,0.2,9,10,0,0.3,10,3,0.377923913871768,0.166
6,2,0.2,133,10,0,0.3,10,3,1.18693830851171,0.168
6,2,0.2,124,10,0,0.3,10,3,-0.386479031800832,0.172
6,2,0.2,219,10,0,0.3,10,3,-1.09738156571825,0.172
6,2,0.2,30,10,0,0.3,10,3,0.562379020255747,0.178
6,2,0.2,137,10,0,0.3,10,3,0.731506557857841,0.178
6,2,0.2,3,10,0,0.3,10,3,-0.63421673985269,0.182
6,2,0.2,12,10,0,0.3,10,3,-0.510385215543295,0.186
6,2,0.2,17,10,0,0.3,10,3,-0.431022538121823,0.186
6,2,0.2,206,10,0,0.3,10,3,-0.65730420032105,0.186
6,2,0.2,99,10,0,0.3,10,3,-0.436709763322,0.19
6,2,0.2,154,10,0,0.3,10,3,-0.788989151007542,0.192
6,2,0.2,29,10,0,0.3,10,3,0.507703590021805,0.196
6,2,0.2,230,10,0,0.3,10,3,0.362153231979818,0.196
6,2,0.2,238,10,0,0.3,10,3,0.410445489408914,0.196
6,2,0.2,211,10,0,0.3,10,3,-0.667287349421144,0.202
6,2,0.2,74,10,0,0.3,10,3,0.760723457024341,0.204
6,2,0.2,258,10,0,0.3,10,3,0.69546583398207,0.206
6,2,0.2,65,10,0,0.3,10,3,0.579265225392277,0.214
6,2,0.2,271,10,0,0.3,10,3,-0.707129316077129,0.218
6,2,0.2,39,10,0,0.3,10,3,-0.532094384143022,0.224
6,2,0.2,152,10,0,0.3,10,3,0.526978124530274,0.224
6,2,0.2,70,10,0,0.3,10,3,0.736415527907667,0.228
6,2,0.2,77,10,0,0.3,10,3,0.613693588742365,0.228
6,2,0.2,103,10,0,0.3,10,3,-0.612820408674452,0.232
6,2,0.2,252,10,0,0.3,10,3,0.697056302159297,0.236
6,2,0.2,215,10,0,0.3,10,3,-0.375290677365058,0.238
6,2,0.2,223,10,0,0.3,10,3,0.944102694350079,0.24
6,2,0.2,283,10,0,0.3,10,3,1.05391419587261,0.24
6,2,0.2,20,10,0,0.3,10,3,0.43820998155536,0.246
6,2,0.2,104,10,0,0.3,10,3,0.456561999517334,0.246
6,2,0.2,233,10,0,0.3,10,3,0.461180505191692,0.254
6,2,0.2,212,10,0,0.3,10,3,0.544699599089341,0.256
6,2,0.2,134,10,0,0.3,10,3,0.553259590053585,0.266
6,2,0.2,168,10,0,0.3,10,3,-0.674015767288438,0.266
6,2,0.2,184,10,0,0.3,10,3,0.274641333676527,0.276
6,2,0.2,291,10,0,0.3,10,3,-0.538431070382387,0.28
6,2,0.2,64,10,0,0.3,10,3,0.80786277377419,0.288
6,2,0.2,131,10,0,0.3,10,3,0.746735594713954,0.29
6,2,0.2,236,10,0,0.3,10,3,0.516168269886634,0.308
6,2,0.2,164,10,0,0.3,10,3,-0.392421510670374,0.31
6,2,0.2,173,10,0,0.3,10,3,-0.572697293286552,0.31
6,2,0.2,287,10,0,0.3,10,3,-0.366248970090766,0.314
6,2,0.2,38,10,0,0.3,10,3,-0.716604715016615,0.318
6,2,0.2,239,10,0,0.3,10,3,-0.671753364579104,0.328
6,2,0.2,237,10,0,0.3,10,3,-0.483944265651132,0.33
6,2,0.2,136,10,0,0.3,10,3,-0.361838089363516,0.338
6,2,0.2,7,10,0,0.3,10,3,0.447321201652642,0.34
6,2,0.2,199,10,0,0.3,10,3,0.543521020156874,0.342
6,2,0.2,277,10,0,0.3,10,3,0.76238244450596,0.346
6,2,0.2,59,10,0,0.3,10,3,-0.537132312748099,0.352
6,2,0.2,95,10,0,0.3,10,3,0.464256704313925,0.352
6,2,0.2,72,10,0,0.3,10,3,-0.615990420929961,0.356
6,2,0.2,24,10,0,0.3,10,3,0.488478956903606,0.36
6,2,0.2,198,10,0,0.3,10,3,-0.472119020870053,0.36
6,2,0.2,120,10,0,0.3,10,3,-0.379193644687717,0.364
6,2,0.2,245,10,0,0.3,10,3,0.462463374926244,0.364
6,2,0.2,225,10,0,0.3,10,3,-0.495724921508383,0.366
6,2,0.2,62,10,0,0.3,10,3,-0.701834786688039,0.368
6,2,0.2,196,10,0,0.3,10,3,0.253185987141563,0.376
6,2,0.2,254,10,0,0.3,10,3,0.51426295946959,0.398
6,2,0.2,177,10,0,0.3,10,3,0.495199206305386,0.402
6,2,0.2,241,10,0,0.3,10,3,0.325632778697326,0.412
6,2,0.2,92,10,0,0.3,10,3,0.393773514216463,0.418
6,2,0.2,2,10,0,0.3,10,3,0.3191553146535,0.422
6,2,0.2,255,10,0,0.3,10,3,0.896982575180715,0.422
6,2,0.2,129,10,0,0.3,10,3,-0.606741742416034,0.43
6,2,0.2,186,10,0,0.3,10,3,-0.678175244835472,0.43
6,2,0.2,201,10,0,0.3,10,3,0.291031912299104,0.436
6,2,0.2,246,10,0,0.3,10,3,-1.13305200845289,0.438
6,2,0.2,121,10,0,0.3,10,3,0.151848015739859,0.442
6,2,0.2,296,10,0,0.3,10,3,-1.09881042274392,0.442
6,2,0.2,130,10,0,0.3,10,3,0.342133043723805,0.446
6,2,0.2,81,10,0,0.3,10,3,-0.218056235934426,0.452
6,2,0.2,111,10,0,0.3,10,3,0.614850432669527,0.462
6,2,0.2,172,10,0,0.3,10,3,0.464714413102087,0.464
6,2,0.2,151,10,0,0.3,10,3,0.260371797734109,0.476
6,2,0.2,50,10,0,0.3,10,3,-0.717591252994623,0.488
6,2,0.2,159,10,0,0.3,10,3,-0.400089349050859,0.488
6,2,0.2,60,10,0,0.3,10,3,-0.323518108720009,0.498
6,2,0.2,63,10,0,0.3,10,3,-0.350096285644923,0.504
6,2,0.2,89,10,0,0.3,10,3,-0.229410955150939,0.504
6,2,0.2,273,10,0,0.3,10,3,-0.394769698796381,0.508
6,2,0.2,281,10,0,0.3,10,3,0.488779550659757,0.508
6,2,0.2,240,10,0,0.3,10,3,0.296042285403587,0.512
6,2,0.2,269,10,0,0.3,10,3,-0.272839238037108,0.516
6,2,0.2,205,10,0,0.3,10,3,-0.262631845172763,0.52
6,2,0.2,100,10,0,0.3,10,3,-0.642456964751631,0.524
6,2,0.2,26,10,0,0.3,10,3,-0.526320648403754,0.526
6,2,0.2,132,10,0,0.3,10,3,1.03778655130841,0.526
6,2,0.2,142,10,0,0.3,10,3,-0.695405744893179,0.534
6,2,0.2,229,10,0,0.3,10,3,-0.304248514720001,0.534
6,2,0.2,268,10,0,0.3,10,3,-0.23943028897807,0.534
6,2,0.2,18,10,0,0.3,10,3,0.407452968696703,0.536
6,2,0.2,49,10,0,0.3,10,3,0.251299287269546,0.542
6,2,0.2,143,10,0,0.3,10,3,-0.707326346247527,0.548
6,2,0.2,251,10,0,0.3,10,3,-0.464008093978492,0.548
6,2,0.2,69,10,0,0.3,10,3,0.637686172826704,0.566
6,2,0.2,98,10,0,0.3,10,3,-0.330342703883048,0.566
6,2,0.2,91,10,0,0.3,10,3,-0.668641295613696,0.576
6,2,0.2,202,10,0,0.3,10,3,0.627071092374052,0.578
6,2,0.2,203,10,0,0.3,10,3,0.584884076731129,0.578
6,2,0.2,102,10,0,0.3,10,3,0.469155138130503,0.58
6,2,0.2,11,10,0,0.3,10,3,0.409610982481269,0.586
6,2,0.2,16,10,0,0.3,10,3,0.759257582434628,0.588
6,2,0.2,52,10,0,0.3,10,3,-0.723415527391296,0.6
6,2,0.2,19,10,0,0.3,10,3,0.812630801270728,0.602
6,2,0.2,78,10,0,0.3,10,3,-0.32763067376888,0.602
6,2,0.2,83,10,0,0.3,10,3,0.157718880885142,0.604
6,2,0.2,235,10,0,0.3,10,3,0.359971010047502,0.608
6,2,0.2,149,10,0,0.3,10,3,-0.451157110320281,0.612
6,2,0.2,194,10,0,0.3,10,3,0.318608074580737,0.612
6,2,0.2,34,10,0,0.3,10,3,-0.72182873275807,0.618
6,2,0.2,79,10,0,0.3,10,3,-0.5705521446136,0.618
6,2,0.2,163,10,0,0.3,10,3,0.911216855612025,0.62
6,2,0.2,228,10,0,0.3,10,3,0.577451405725185,0.628
6,2,0.2,57,10,0,0.3,10,3,-0.171088048257076,0.63
6,2,0.2,187,10,0,0.3,10,3,-0.355617938032566,0.63
6,2,0.2,55,10,0,0.3,10,3,0.588569832389027,0.632
6,2,0.2,175,10,0,0.3,10,3,0.50945705116817,0.634
6,2,0.2,128,10,0,0.3,10,3,0.593457927554454,0.638
6,2,0.2,153,10,0,0.3,10,3,0.162870614174977,0.638
6,2,0.2,123,10,0,0.3,10,3,0.454168737518273,0.646
6,2,0.2,276,10,0,0.3,10,3,-0.247884908515744,0.646
6,2,0.2,5,10,0,0.3,10,3,-0.277082612477528,0.648
6,2,0.2,56,10,0,0.3,10,3,-0.420986277560644,0.648
6,2,0.2,46,10,0,0.3,10,3,0.24305921342247,0.65
6,2,0.2,270,10,0,0.3,10,3,0.274783961832156,0.65
6,2,0.2,262,10,0,0.3,10,3,0.559885583193704,0.652
6,2,0.2,101,10,0,0.3,10,3,0.283405040224608,0.654
6,2,0.2,42,10,0,0.3,10,3,-0.463878311520943,0.658
6,2,0.2,96,10,0,0.3,10,3,0.323739823602637,0.66
6,2,0.2,88,10,0,0.3,10,3,-0.56102981668829,0.668
6,2,0.2,85,10,0,0.3,10,3,0.640034711798933,0.67
6,2,0.2,156,10,0,0.3,10,3,0.312699425994737,0.67
6,2,0.2,190,10,0,0.3,10,3,0.138219996331003,0.674
6,2,0.2,220,10,0,0.3,10,3,0.306148498001733,0.674
6,2,0.2,218,10,0,0.3,10,3,0.146119554064114,0.676
6,2,0.2,22,10,0,0.3,10,3,0.232267770485606,0.678
6,2,0.2,293,10,0,0.3,10,3,0.386204749178489,0.68
6,2,0.2,299,10,0,0.3,10,3,0.240164614606982,0.68
6,2,0.2,80,10,0,0.3,10,3,0.601133447523154,0.686
6,2,0.2,158,10,0,0.3,10,3,0.43335879441355,0.686
6,2,0.2,35,10,0,0.3,10,3,-0.0568331193934739,0.688
6,2,0.2,275,10,0,0.3,10,3,0.590931124124751,0.688
6,2,0.2,192,10,0,0.3,10,3,0.241791547625724,0.69
6,2,0.2,227,10,0,0.3,10,3,-0.314082842771427,0.69
6,2,0.2,248,10,0,0.3,10,3,0.161346611833721,0.694
6,2,0.2,282,10,0,0.3,10,3,0.405453774638715,0.698
6,2,0.2,280,10,0,0.3,10,3,0.203960031904529,0.702
6,2,0.2,174,10,0,0.3,10,3,0.208718382861463,0.704
6,2,0.2,279,10,0,0.3,10,3,0.443230397421047,0.71
6,2,0.2,221,10,0,0.3,10,3,-0.482423891392273,0.714
6,2,0.2,285,10,0,0.3,10,3,0.367883010497223,0.714
6,2,0.2,289,10,0,0.3,10,3,-0.239964411696036,0.716
6,2,0.2,15,10,0,0.3,10,3,-0.381387334472635,0.718
6,2,0.2,144,10,0,0.3,10,3,-0.242157013367603,0.718
6,2,0.2,231,10,0,0.3,10,3,0.3739244481703,0.72
6,2,0.2,8,10,0,0.3,10,3,-0.264402267907258,0.724
6,2,0.2,87,10,0,0.3,10,3,-0.296079616696687,0.73
6,2,0.2,295,10,0,0.3,10,3,0.104582173014222,0.73
6,2,0.2,171,10,0,0.3,10,3,-0.186038489452415,0.734
6,2,0.2,224,10,0,0.3,10,3,-0.143872524503053,0.734
6,2,0.2,112,10,0,0.3,10,3,-0.229572393319586,0.736
6,2,0.2,115,10,0,0.3,10,3,-0.266145389240648,0.736
6,2,0.2,165,10,0,0.3,10,3,0.319335826626883,0.74
6,2,0.2,243,10,0,0.3,10,3,0.276382781437007,0.74
6,2,0.2,226,10,0,0.3,10,3,0.149481162051728,0.746
6,2,0.2,232,10,0,0.3,10,3,-0.153759708500388,0.746
6,2,0.2,204,10,0,0.3,10,3,-0.130583903340181,0.752
6,2,0.2,288,10,0,0.3,10,3,0.141725273695442,0.754
6,2,0.2,160,10,0,0.3,10,3,0.251355444258792,0.758
6,2,0.2,47,10,0,0.3,10,3,0.192235642885123,0.764
6,2,0.2,189,10,0,0.3,10,3,-0.126267749617625,0.764
6,2,0.2,108,10,0,0.3,10,3,0.142179299513458,0.768
6,2,0.2,191,10,0,0.3,10,3,-0.10062968660435,0.772
6,2,0.2,68,10,0,0.3,10,3,0.106286048994036,0.776
6,2,0.2,210,10,0,0.3,10,3,0.171406745938754,0.778
6,2,0.2,264,10,0,0.3,10,3,0.127471465211272,0.78
6,2,0.2,272,10,0,0.3,10,3,0.146234898269086,0.792
6,2,0.2,259,10,0,0.3,10,3,0.113901053958415,0.794
6,2,0.2,86,10,0,0.3,10,3,0.0949200638157777,0.796
6,2,0.2,119,10,0,0.3,10,3,0.198505011283402,0.796
6,2,0.2,126,10,0,0.3,10,3,-0.149967762731876,0.798
6,2,0.2,139,10,0,0.3,10,3,-0.0800875234160401,0.808
6,2,0.2,155,10,0,0.3,10,3,-0.187962179122621,0.81
6,2,0.2,297,10,0,0.3,10,3,0.0712912380154762,0.81
6,2,0.2,106,10,0,0.3,10,3,-0.0728491698583014,0.82
6,2,0.2,182,10,0,0.3,10,3,-0.298046352815845,0.82
6,2,0.2,284,10,0,0.3,10,3,0.0731119083223746,0.824
6,2,0.2,107,10,0,0.3,10,3,0.0674376565792443,0.826
6,2,0.2,183,10,0,0.3,10,3,0.220522964151542,0.83
6,2,0.2,146,10,0,0.3,10,3,-0.109712701038148,0.832
6,2,0.2,247,10,0,0.3,10,3,0.110804610969637,0.832
6,2,0.2,48,10,0,0.3,10,3,-0.0723002009647473,0.836
6,2,0.2,300,10,0,0.3,10,3,-0.0911044885677939,0.838
6,2,0.2,162,10,0,0.3,10,3,0.104266436825299,0.852
6,2,0.2,122,10,0,0.3,10,3,0.0844450349037515,0.856
6,2,0.2,157,10,0,0.3,10,3,0.0547636782832512,0.86
6,2,0.2,249,10,0,0.3,10,3,0.0886016674004679,0.862
6,2,0.2,82,10,0,0.3,10,3,-0.0992913929186443,0.864
6,2,0.2,36,10,0,0.3,10,3,0.11654511352512,0.866
6,2,0.2,222,10,0,0.3,10,3,0.0462579995859471,0.866
6,2,0.2,266,10,0,0.3,10,3,-0.0682638506725084,0.866
6,2,0.2,278,10,0,0.3,10,3,0.0829323378501954,0.87
6,2,0.2,234,10,0,0.3,10,3,-0.0504079707731648,0.874
6,2,0.2,260,10,0,0.3,10,3,-0.0380212448478972,0.89
6,2,0.2,166,10,0,0.3,10,3,0.0698462152730031,0.894
6,2,0.2,256,10,0,0.3,10,3,0.131802624265561,0.894
6,2,0.2,265,10,0,0.3,10,3,0.0739935730801449,0.894
6,2,0.2,214,10,0,0.3,10,3,-0.0355990809125899,0.898
6,2,0.2,25,10,0,0.3,10,3,-0.0939864610354277,0.9
6,2,0.2,185,10,0,0.3,10,3,0.0761201465057297,0.9
6,2,0.2,94,10,0,0.3,10,3,0.0491966633270806,0.912
6,2,0.2,161,10,0,0.3,10,3,-0.0571208696854342,0.914
6,2,0.2,32,10,0,0.3,10,3,-0.0595367973471355,0.924
6,2,0.2,61,10,0,0.3,10,3,-0.0766296844969645,0.926
6,2,0.2,109,10,0,0.3,10,3,-0.0368743084295886,0.942
6,2,0.2,145,10,0,0.3,10,3,0.0250226325403844,0.942
6,2,0.2,195,10,0,0.3,10,3,0.0314457583502588,0.944
6,2,0.2,181,10,0,0.3,10,3,-0.0403846334950231,0.946
6,2,0.2,292,10,0,0.3,10,3,-0.0478177563387874,0.946
6,2,0.2,188,10,0,0.3,10,3,-0.0268837695688262,0.952
6,2,0.2,261,10,0,0.3,10,3,0.0301294505324279,0.96
6,2,0.2,180,10,0,0.3,10,3,-0.0283188040624509,0.966
6,2,0.2,274,10,0,0.3,10,3,-0.041425048572421,0.968
6,2,0.2,298,10,0,0.3,10,3,-0.0109743692953259,0.968
6,2,0.2,28,10,0,0.3,10,3,0.0197910402184505,0.972
6,2,0.2,75,10,0,0.3,10,3,0.0130445787280848,0.978
6,2,0.2,33,10,0,0.3,10,3,-0.0144418009466278,0.98
6,2,0.2,286,10,0,0.3,10,3,0.0187987704553905,0.984
6,2,0.2,150,10,0,0.3,10,3,0.00462513824734856,0.988
6,2,0.2,23,10,0,0.3,10,3,0.00422028936702645,0.99
6,2,0.2,138,10,0,0.3,10,3,-0.0153116477214041,0.99
6,2,0.2,71,10,0,0.3,10,3,-0.00274665374064398,1
6,2,0.2,12,10,0,0.3,11,3,-1.04106051194071,0.022
6,2,0.2,290,10,0,0.3,11,3,-1.57345249104128,0.024
6,2,0.2,96,10,0,0.3,11,3,0.521445333236557,0.038
6,2,0.2,190,10,0,0.3,11,3,-1.29280404189399,0.04
6,2,0.2,11,10,0,0.3,11,3,1.33334906851303,0.046
6,2,0.2,128,10,0,0.3,11,3,0.983759620338077,0.046
6,2,0.2,148,10,0,0.3,11,3,1.60861409384813,0.048
6,2,0.2,299,10,0,0.3,11,3,0.867992648043696,0.05
6,2,0.2,59,10,0,0.3,11,3,1.35665088604773,0.054
6,2,0.2,118,10,0,0.3,11,3,-0.736777005554586,0.056
6,2,0.2,157,10,0,0.3,11,3,-1.028806146568,0.056
6,2,0.2,54,10,0,0.3,11,3,-0.699238394981109,0.058
6,2,0.2,238,10,0,0.3,11,3,-1.41912820176134,0.058
6,2,0.2,191,10,0,0.3,11,3,-1.31047577905775,0.062
6,2,0.2,245,10,0,0.3,11,3,0.93148790315567,0.062
6,2,0.2,18,10,0,0.3,11,3,-1.12957281690365,0.066
6,2,0.2,131,10,0,0.3,11,3,0.683427974964616,0.068
6,2,0.2,114,10,0,0.3,11,3,1.54308591083051,0.07
6,2,0.2,197,10,0,0.3,11,3,0.828184917203799,0.07
6,2,0.2,91,10,0,0.3,11,3,0.92655027483417,0.078
6,2,0.2,115,10,0,0.3,11,3,-0.533529268887833,0.078
6,2,0.2,147,10,0,0.3,11,3,-0.844975919810452,0.078
6,2,0.2,236,10,0,0.3,11,3,-1.29075391076296,0.08
6,2,0.2,282,10,0,0.3,11,3,-1.22730189725982,0.082
6,2,0.2,149,10,0,0.3,11,3,-0.928405590626056,0.084
6,2,0.2,213,10,0,0.3,11,3,0.902438463965041,0.084
6,2,0.2,10,10,0,0.3,11,3,1.14654491532644,0.088
6,2,0.2,176,10,0,0.3,11,3,0.659530951310416,0.088
6,2,0.2,244,10,0,0.3,11,3,1.84544858298071,0.088
6,2,0.2,65,10,0,0.3,11,3,1.0702611840525,0.092
6,2,0.2,117,10,0,0.3,11,3,0.613283900301411,0.092
6,2,0.2,239,10,0,0.3,11,3,0.634279660174712,0.092
6,2,0.2,93,10,0,0.3,11,3,-1.12208689140425,0.094
6,2,0.2,237,10,0,0.3,11,3,1.08922449429923,0.094
6,2,0.2,112,10,0,0.3,11,3,-1.13135372790262,0.096
6,2,0.2,220,10,0,0.3,11,3,-0.920148841366654,0.098
6,2,0.2,69,10,0,0.3,11,3,-0.539377488361055,0.104
6,2,0.2,58,10,0,0.3,11,3,-1.07496517033059,0.108
6,2,0.2,228,10,0,0.3,11,3,-1.05389069564535,0.108
6,2,0.2,46,10,0,0.3,11,3,-0.980832149637223,0.11
6,2,0.2,49,10,0,0.3,11,3,0.964918680309154,0.11
6,2,0.2,103,10,0,0.3,11,3,-0.88799668268851,0.116
6,2,0.2,151,10,0,0.3,11,3,-0.917673643956732,0.118
6,2,0.2,5,10,0,0.3,11,3,0.806781270171172,0.12
6,2,0.2,208,10,0,0.3,11,3,1.04292123804825,0.12
6,2,0.2,142,10,0,0.3,11,3,-0.864973088490444,0.122
6,2,0.2,163,10,0,0.3,11,3,-0.487229321754029,0.122
6,2,0.2,50,10,0,0.3,11,3,0.800340888313457,0.124
6,2,0.2,79,10,0,0.3,11,3,0.605550076925709,0.124
6,2,0.2,154,10,0,0.3,11,3,-0.690494492774718,0.124
6,2,0.2,297,10,0,0.3,11,3,0.951895940817963,0.124
6,2,0.2,15,10,0,0.3,11,3,-0.804518771378525,0.128
6,2,0.2,222,10,0,0.3,11,3,-0.902612867402297,0.128
6,2,0.2,111,10,0,0.3,11,3,1.37497404910542,0.13
6,2,0.2,183,10,0,0.3,11,3,-0.551996987434933,0.13
6,2,0.2,70,10,0,0.3,11,3,-0.817329775050155,0.132
6,2,0.2,94,10,0,0.3,11,3,-1.20051403617776,0.134
6,2,0.2,134,10,0,0.3,11,3,0.858902766537256,0.142
6,2,0.2,63,10,0,0.3,11,3,0.615466683873478,0.146
6,2,0.2,85,10,0,0.3,11,3,-0.627535831616541,0.146
6,2,0.2,198,10,0,0.3,11,3,0.986091543257913,0.146
6,2,0.2,203,10,0,0.3,11,3,1.09078752142165,0.146
6,2,0.2,77,10,0,0.3,11,3,-0.588104879945178,0.148
6,2,0.2,240,10,0,0.3,11,3,-0.934160477210128,0.15
6,2,0.2,89,10,0,0.3,11,3,1.03630820660453,0.152
6,2,0.2,289,10,0,0.3,11,3,-0.743909080830832,0.152
6,2,0.2,181,10,0,0.3,11,3,-0.899855850745382,0.156
6,2,0.2,266,10,0,0.3,11,3,-0.562105183813628,0.158
6,2,0.2,248,10,0,0.3,11,3,0.512667213199904,0.16
6,2,0.2,56,10,0,0.3,11,3,0.672772844366449,0.162
6,2,0.2,26,10,0,0.3,11,3,-0.329051395693227,0.164
6,2,0.2,19,10,0,0.3,11,3,-0.635947927458659,0.166
6,2,0.2,55,10,0,0.3,11,3,-0.767458740521079,0.17
6,2,0.2,165,10,0,0.3,11,3,0.492024464083187,0.17
6,2,0.2,195,10,0,0.3,11,3,0.500763972349063,0.17
6,2,0.2,25,10,0,0.3,11,3,-0.685683339118384,0.174
6,2,0.2,125,10,0,0.3,11,3,-0.484942844670485,0.176
6,2,0.2,204,10,0,0.3,11,3,-0.5331243798515,0.176
6,2,0.2,66,10,0,0.3,11,3,1.2732345310549,0.18
6,2,0.2,73,10,0,0.3,11,3,-0.765469154702345,0.182
6,2,0.2,216,10,0,0.3,11,3,-0.818542756075061,0.19
6,2,0.2,40,10,0,0.3,11,3,0.568615958631113,0.192
6,2,0.2,2,10,0,0.3,11,3,0.690049446188567,0.194
6,2,0.2,36,10,0,0.3,11,3,-0.308848991392381,0.198
6,2,0.2,76,10,0,0.3,11,3,0.69754738824281,0.2
6,2,0.2,95,10,0,0.3,11,3,-0.317924480099407,0.2
6,2,0.2,185,10,0,0.3,11,3,-0.495552614720197,0.204
6,2,0.2,99,10,0,0.3,11,3,0.218556683602856,0.216
6,2,0.2,8,10,0,0.3,11,3,-0.611489471192982,0.22
6,2,0.2,265,10,0,0.3,11,3,-0.694896493585333,0.222
6,2,0.2,229,10,0,0.3,11,3,0.682733542011078,0.224
6,2,0.2,45,10,0,0.3,11,3,0.577426878968794,0.234
6,2,0.2,277,10,0,0.3,11,3,-0.595890658697641,0.238
6,2,0.2,164,10,0,0.3,11,3,0.297054074216902,0.242
6,2,0.2,106,10,0,0.3,11,3,0.290506835808316,0.252
6,2,0.2,166,10,0,0.3,11,3,-0.577661233659569,0.254
6,2,0.2,257,10,0,0.3,11,3,0.773382178562599,0.26
6,2,0.2,37,10,0,0.3,11,3,0.363507875430884,0.268
6,2,0.2,275,10,0,0.3,11,3,0.701856585384405,0.27
6,2,0.2,155,10,0,0.3,11,3,0.72128977009163,0.272
6,2,0.2,199,10,0,0.3,11,3,0.556624084224552,0.278
6,2,0.2,179,10,0,0.3,11,3,-0.262205372450353,0.28
6,2,0.2,72,10,0,0.3,11,3,0.637004269312769,0.284
6,2,0.2,260,10,0,0.3,11,3,0.53590255288367,0.286
6,2,0.2,9,10,0,0.3,11,3,0.634243023644018,0.296
6,2,0.2,143,10,0,0.3,11,3,-0.289527912204505,0.298
6,2,0.2,33,10,0,0.3,11,3,0.610360905637606,0.304
6,2,0.2,254,10,0,0.3,11,3,0.346308114452199,0.306
6,2,0.2,270,10,0,0.3,11,3,-0.356844296263915,0.31
6,2,0.2,252,10,0,0.3,11,3,-0.565783623016983,0.312
6,2,0.2,158,10,0,0.3,11,3,0.309138924355551,0.316
6,2,0.2,130,10,0,0.3,11,3,0.502752695958577,0.322
6,2,0.2,139,10,0,0.3,11,3,-0.894960027078781,0.324
6,2,0.2,140,10,0,0.3,11,3,1.09518041223336,0.332
6,2,0.2,175,10,0,0.3,11,3,-0.443723732917078,0.34
6,2,0.2,32,10,0,0.3,11,3,-0.867005819973741,0.346
6,2,0.2,23,10,0,0.3,11,3,0.458769982146634,0.356
6,2,0.2,29,10,0,0.3,11,3,0.68190111422544,0.362
6,2,0.2,22,10,0,0.3,11,3,-0.306741541719191,0.364
6,2,0.2,38,10,0,0.3,11,3,-0.575169691395757,0.37
6,2,0.2,207,10,0,0.3,11,3,-0.363413287059899,0.374
6,2,0.2,41,10,0,0.3,11,3,-0.531930673469702,0.378
6,2,0.2,243,10,0,0.3,11,3,-0.521909162048161,0.384
6,2,0.2,30,10,0,0.3,11,3,-0.411037365770596,0.386
6,2,0.2,1,10,0,0.3,11,3,0.374956371893802,0.392
6,2,0.2,27,10,0,0.3,11,3,0.702738014605984,0.408
6,2,0.2,262,10,0,0.3,11,3,-0.652610587588214,0.408
6,2,0.2,109,10,0,0.3,11,3,-0.371285769295383,0.414
6,2,0.2,61,10,0,0.3,11,3,-0.372014610375857,0.43
6,2,0.2,215,10,0,0.3,11,3,0.34854026017328,0.43
6,2,0.2,298,10,0,0.3,11,3,0.375058739681805,0.434
6,2,0.2,35,10,0,0.3,11,3,0.323204508380371,0.436
6,2,0.2,71,10,0,0.3,11,3,-0.607534963038404,0.448
6,2,0.2,283,10,0,0.3,11,3,-0.423494323265487,0.45
6,2,0.2,150,10,0,0.3,11,3,-0.289839859411018,0.452
6,2,0.2,241,10,0,0.3,11,3,-0.434587386887728,0.452
6,2,0.2,202,10,0,0.3,11,3,0.235875870205632,0.46
6,2,0.2,34,10,0,0.3,11,3,0.301176619294409,0.47
6,2,0.2,209,10,0,0.3,11,3,-0.304554862205606,0.476
6,2,0.2,127,10,0,0.3,11,3,-0.294096789605618,0.48
6,2,0.2,162,10,0,0.3,11,3,-0.331164996344711,0.48
6,2,0.2,294,10,0,0.3,11,3,-0.54223050182091,0.486
6,2,0.2,261,10,0,0.3,11,3,-0.266868689779471,0.488
6,2,0.2,171,10,0,0.3,11,3,0.373274522491357,0.49
6,2,0.2,292,10,0,0.3,11,3,-0.347197626815813,0.494
6,2,0.2,153,10,0,0.3,11,3,-0.532646376603452,0.502
6,2,0.2,264,10,0,0.3,11,3,-0.415978067403188,0.502
6,2,0.2,47,10,0,0.3,11,3,0.229568137044424,0.504
6,2,0.2,144,10,0,0.3,11,3,0.958340940119825,0.51
6,2,0.2,230,10,0,0.3,11,3,-0.206636236763842,0.516
6,2,0.2,4,10,0,0.3,11,3,-0.209305521558036,0.522
6,2,0.2,108,10,0,0.3,11,3,-0.265630631593979,0.522
6,2,0.2,136,10,0,0.3,11,3,-0.21761704703917,0.522
6,2,0.2,80,10,0,0.3,11,3,-0.472837059096264,0.528
6,2,0.2,221,10,0,0.3,11,3,-0.491104030800784,0.53
6,2,0.2,231,10,0,0.3,11,3,-0.166669058028617,0.536
6,2,0.2,288,10,0,0.3,11,3,0.284260782209714,0.536
6,2,0.2,188,10,0,0.3,11,3,0.671657710776287,0.538
6,2,0.2,62,10,0,0.3,11,3,0.415452213246112,0.544
6,2,0.2,173,10,0,0.3,11,3,-0.274037765116276,0.552
6,2,0.2,193,10,0,0.3,11,3,-0.718598081642796,0.552
6,2,0.2,211,10,0,0.3,11,3,-0.278255777602311,0.556
6,2,0.2,271,10,0,0.3,11,3,-0.387750284298676,0.556
6,2,0.2,6,10,0,0.3,11,3,-0.511746559439331,0.562
6,2,0.2,184,10,0,0.3,11,3,0.638791742817688,0.576
6,2,0.2,196,10,0,0.3,11,3,-0.739783295522159,0.578
6,2,0.2,119,10,0,0.3,11,3,0.4524423514859,0.58
6,2,0.2,97,10,0,0.3,11,3,0.646082159023166,0.582
6,2,0.2,98,10,0,0.3,11,3,0.184472032116531,0.586
6,2,0.2,121,10,0,0.3,11,3,-0.225110968933393,0.592
6,2,0.2,206,10,0,0.3,11,3,0.254512012259028,0.594
6,2,0.2,296,10,0,0.3,11,3,-0.435908890739427,0.596
6,2,0.2,161,10,0,0.3,11,3,-0.786588625187136,0.602
6,2,0.2,13,10,0,0.3,11,3,-0.285947324721548,0.608
6,2,0.2,177,10,0,0.3,11,3,-0.589130239302932,0.608
6,2,0.2,251,10,0,0.3,11,3,-0.25646948984317,0.612
6,2,0.2,273,10,0,0.3,11,3,-0.233042175515294,0.612
6,2,0.2,293,10,0,0.3,11,3,-0.16548054470951,0.614
6,2,0.2,168,10,0,0.3,11,3,0.235896475104312,0.62
6,2,0.2,295,10,0,0.3,11,3,-0.812552718026296,0.62
6,2,0.2,258,10,0,0.3,11,3,0.229125837065538,0.622
6,2,0.2,268,10,0,0.3,11,3,-0.492463902507609,0.622
6,2,0.2,232,10,0,0.3,11,3,-0.105781873759327,0.626
6,2,0.2,233,10,0,0.3,11,3,-0.55679146667606,0.63
6,2,0.2,234,10,0,0.3,11,3,-0.460845647213802,0.632
6,2,0.2,227,10,0,0.3,11,3,0.560501560082116,0.636
6,2,0.2,20,10,0,0.3,11,3,-0.450580250802545,0.638
6,2,0.2,169,10,0,0.3,11,3,-0.422865507487842,0.638
6,2,0.2,285,10,0,0.3,11,3,-0.407372869058662,0.638
6,2,0.2,43,10,0,0.3,11,3,0.787252920358299,0.64
6,2,0.2,44,10,0,0.3,11,3,0.197319652541097,0.64
6,2,0.2,87,10,0,0.3,11,3,0.256245471644149,0.64
6,2,0.2,104,10,0,0.3,11,3,-0.216362114296459,0.642
6,2,0.2,224,10,0,0.3,11,3,0.640324111074449,0.648
6,2,0.2,186,10,0,0.3,11,3,-0.491937393414503,0.65
6,2,0.2,178,10,0,0.3,11,3,-0.245140869877446,0.652
6,2,0.2,113,10,0,0.3,11,3,0.511371626304964,0.654
6,2,0.2,280,10,0,0.3,11,3,-0.615598893777332,0.654
6,2,0.2,160,10,0,0.3,11,3,0.28356092413955,0.656
6,2,0.2,60,10,0,0.3,11,3,0.434892630975099,0.66
6,2,0.2,86,10,0,0.3,11,3,-0.412652614124397,0.662
6,2,0.2,210,10,0,0.3,11,3,-0.490665700478928,0.662
6,2,0.2,124,10,0,0.3,11,3,-0.19503873815944,0.664
6,2,0.2,28,10,0,0.3,11,3,0.467050887778072,0.67
6,2,0.2,137,10,0,0.3,11,3,0.453331174253265,0.676
6,2,0.2,246,10,0,0.3,11,3,-0.205314096994243,0.676
6,2,0.2,247,10,0,0.3,11,3,0.259879411382713,0.686
6,2,0.2,3,10,0,0.3,11,3,0.2093396750561,0.688
6,2,0.2,274,10,0,0.3,11,3,0.126595401649183,0.698
6,2,0.2,300,10,0,0.3,11,3,0.234028113030206,0.698
6,2,0.2,194,10,0,0.3,11,3,0.137875747792066,0.71
6,2,0.2,205,10,0,0.3,11,3,-0.324701277869821,0.712
6,2,0.2,48,10,0,0.3,11,3,-0.368284623016621,0.716
6,2,0.2,123,10,0,0.3,11,3,-0.0890460133019246,0.716
6,2,0.2,235,10,0,0.3,11,3,0.383417576884256,0.716
6,2,0.2,92,10,0,0.3,11,3,-0.109339347813233,0.718
6,2,0.2,100,10,0,0.3,11,3,-0.120121241822886,0.72
6,2,0.2,201,10,0,0.3,11,3,0.18852184666801,0.72
6,2,0.2,250,10,0,0.3,11,3,0.120361032445544,0.72
6,2,0.2,217,10,0,0.3,11,3,0.314619291436685,0.722
6,2,0.2,278,10,0,0.3,11,3,0.124050476452823,0.722
6,2,0.2,90,10,0,0.3,11,3,-0.229659782723473,0.726
6,2,0.2,116,10,0,0.3,11,3,-0.307519477882437,0.726
6,2,0.2,276,10,0,0.3,11,3,0.116277151223812,0.728
6,2,0.2,7,10,0,0.3,11,3,-0.16158398601155,0.73
6,2,0.2,141,10,0,0.3,11,3,-0.169407386204313,0.73
6,2,0.2,67,10,0,0.3,11,3,0.156837799212241,0.732
6,2,0.2,242,10,0,0.3,11,3,-0.35360151633833,0.734
6,2,0.2,214,10,0,0.3,11,3,0.267110483612527,0.74
6,2,0.2,14,10,0,0.3,11,3,-0.263196045884399,0.742
6,2,0.2,21,10,0,0.3,11,3,0.345387032786476,0.748
6,2,0.2,17,10,0,0.3,11,3,-0.140592908208191,0.75
6,2,0.2,39,10,0,0.3,11,3,-0.263428763401777,0.752
6,2,0.2,287,10,0,0.3,11,3,0.153526756671965,0.756
6,2,0.2,192,10,0,0.3,11,3,0.24173800785681,0.76
6,2,0.2,189,10,0,0.3,11,3,-0.0977374283585846,0.762
6,2,0.2,256,10,0,0.3,11,3,0.267334508704124,0.762
6,2,0.2,42,10,0,0.3,11,3,0.295820375688749,0.764
6,2,0.2,75,10,0,0.3,11,3,-0.187741899462395,0.766
6,2,0.2,120,10,0,0.3,11,3,0.218007634749569,0.772
6,2,0.2,279,10,0,0.3,11,3,0.111547022354983,0.772
6,2,0.2,284,10,0,0.3,11,3,-0.191790555068224,0.772
6,2,0.2,74,10,0,0.3,11,3,0.245863614598761,0.782
6,2,0.2,57,10,0,0.3,11,3,0.172733342477045,0.786
6,2,0.2,226,10,0,0.3,11,3,0.145185657217155,0.786
6,2,0.2,52,10,0,0.3,11,3,0.113477449556939,0.788
6,2,0.2,291,10,0,0.3,11,3,-0.107726217455337,0.792
6,2,0.2,53,10,0,0.3,11,3,-0.175070068955222,0.794
6,2,0.2,51,10,0,0.3,11,3,-0.0875504123951316,0.802
6,2,0.2,101,10,0,0.3,11,3,-0.101643238052276,0.802
6,2,0.2,133,10,0,0.3,11,3,-0.167086772770034,0.812
6,2,0.2,212,10,0,0.3,11,3,0.139400876451418,0.812
6,2,0.2,159,10,0,0.3,11,3,-0.211976576184043,0.816
6,2,0.2,68,10,0,0.3,11,3,0.0750309132135669,0.818
6,2,0.2,253,10,0,0.3,11,3,-0.0349380007709783,0.818
6,2,0.2,267,10,0,0.3,11,3,0.155714561858417,0.826
6,2,0.2,81,10,0,0.3,11,3,0.061264169999248,0.828
6,2,0.2,88,10,0,0.3,11,3,-0.156940714213761,0.834
6,2,0.2,223,10,0,0.3,11,3,-0.125256066083722,0.85
6,2,0.2,24,10,0,0.3,11,3,0.0807211748226564,0.852
6,2,0.2,145,10,0,0.3,11,3,0.0996677767154495,0.852
6,2,0.2,102,10,0,0.3,11,3,0.0700586052027177,0.854
6,2,0.2,218,10,0,0.3,11,3,0.0919134608460013,0.854
6,2,0.2,16,10,0,0.3,11,3,0.0816559455580261,0.856
6,2,0.2,281,10,0,0.3,11,3,-0.0482532890724769,0.856
6,2,0.2,225,10,0,0.3,11,3,0.11575604801709,0.862
6,2,0.2,180,10,0,0.3,11,3,-0.0726139301700357,0.868
6,2,0.2,187,10,0,0.3,11,3,-0.0702367745889774,0.874
6,2,0.2,135,10,0,0.3,11,3,0.164875324667264,0.884
6,2,0.2,152,10,0,0.3,11,3,0.0891107933143758,0.888
6,2,0.2,172,10,0,0.3,11,3,-0.102989733869379,0.892
6,2,0.2,83,10,0,0.3,11,3,-0.13662650262043,0.896
6,2,0.2,182,10,0,0.3,11,3,0.0765229209682445,0.896
6,2,0.2,78,10,0,0.3,11,3,-0.114321454070733,0.898
6,2,0.2,255,10,0,0.3,11,3,0.105885604023598,0.898
6,2,0.2,146,10,0,0.3,11,3,-0.112415591314914,0.904
6,2,0.2,263,10,0,0.3,11,3,-0.0515002559517086,0.908
6,2,0.2,105,10,0,0.3,11,3,0.038137402420972,0.92
6,2,0.2,110,10,0,0.3,11,3,0.0791521772666783,0.92
6,2,0.2,64,10,0,0.3,11,3,0.0420719376431293,0.924
6,2,0.2,170,10,0,0.3,11,3,0.0236482961591662,0.924
6,2,0.2,84,10,0,0.3,11,3,0.0614604014061229,0.93
6,2,0.2,272,10,0,0.3,11,3,-0.0384872616091911,0.934
6,2,0.2,31,10,0,0.3,11,3,0.0597465357962506,0.936
6,2,0.2,107,10,0,0.3,11,3,-0.0283017355781681,0.938
6,2,0.2,126,10,0,0.3,11,3,-0.0265136918679048,0.942
6,2,0.2,200,10,0,0.3,11,3,0.0507981281506034,0.942
6,2,0.2,259,10,0,0.3,11,3,0.0205740026183605,0.942
6,2,0.2,138,10,0,0.3,11,3,0.0281871271035357,0.944
6,2,0.2,167,10,0,0.3,11,3,0.0240242187038859,0.948
6,2,0.2,269,10,0,0.3,11,3,-0.0344188032584896,0.95
6,2,0.2,156,10,0,0.3,11,3,0.0262217110879988,0.956
6,2,0.2,219,10,0,0.3,11,3,-0.0240033610638193,0.96
6,2,0.2,249,10,0,0.3,11,3,-0.0181960128391268,0.972
6,2,0.2,132,10,0,0.3,11,3,-0.0142492262747282,0.974
6,2,0.2,129,10,0,0.3,11,3,0.00721737643573306,0.978
6,2,0.2,122,10,0,0.3,11,3,-0.00912186568552897,0.988
6,2,0.2,286,10,0,0.3,11,3,-0.0133127541086253,0.99
6,2,0.2,174,10,0,0.3,11,3,-0.000315841009410178,0.998
6,2,0.2,82,10,0,0.3,11,3,-4.10152916856532e-05,1
6,2,0.2,101,10,0,0.3,12,3,1.34285999047361,0.002
6,2,0.2,93,10,0,0.3,12,3,-1.00051062193344,0.014
6,2,0.2,254,10,0,0.3,12,3,-0.814651493960895,0.018
6,2,0.2,261,10,0,0.3,12,3,-0.650184731236294,0.018
6,2,0.2,119,10,0,0.3,12,3,-1.37465566650204,0.022
6,2,0.2,284,10,0,0.3,12,3,0.958557459395678,0.03
6,2,0.2,113,10,0,0.3,12,3,-1.33584319540086,0.046
6,2,0.2,50,10,0,0.3,12,3,1.09479445973915,0.052
6,2,0.2,133,10,0,0.3,12,3,0.857049999422145,0.054
6,2,0.2,198,10,0,0.3,12,3,-0.587139129422326,0.056
6,2,0.2,258,10,0,0.3,12,3,1.00183123407632,0.058
6,2,0.2,236,10,0,0.3,12,3,1.22960662610859,0.064
6,2,0.2,262,10,0,0.3,12,3,0.837136224189294,0.066
6,2,0.2,8,10,0,0.3,12,3,0.661690151366855,0.07
6,2,0.2,97,10,0,0.3,12,3,-0.920894528499531,0.07
6,2,0.2,164,10,0,0.3,12,3,-0.817355701407507,0.07
6,2,0.2,13,10,0,0.3,12,3,0.899887186055878,0.072
6,2,0.2,279,10,0,0.3,12,3,0.564088513912708,0.074
6,2,0.2,230,10,0,0.3,12,3,0.76700045564877,0.076
6,2,0.2,248,10,0,0.3,12,3,1.16460470339175,0.082
6,2,0.2,52,10,0,0.3,12,3,0.936737974859255,0.084
6,2,0.2,49,10,0,0.3,12,3,-1.05065588031121,0.088
6,2,0.2,131,10,0,0.3,12,3,-0.870634031305798,0.088
6,2,0.2,214,10,0,0.3,12,3,0.88869061840839,0.088
6,2,0.2,120,10,0,0.3,12,3,-0.730609085111212,0.092
6,2,0.2,163,10,0,0.3,12,3,1.17475626973933,0.092
6,2,0.2,115,10,0,0.3,12,3,1.14910773988686,0.094
6,2,0.2,148,10,0,0.3,12,3,-0.986065475552181,0.094
6,2,0.2,165,10,0,0.3,12,3,1.1702802757469,0.094
6,2,0.2,17,10,0,0.3,12,3,1.02818726959526,0.096
6,2,0.2,147,10,0,0.3,12,3,-0.80724644264663,0.096
6,2,0.2,191,10,0,0.3,12,3,0.554045222678781,0.096
6,2,0.2,225,10,0,0.3,12,3,0.895759202809728,0.096
6,2,0.2,217,10,0,0.3,12,3,0.885961095080916,0.098
6,2,0.2,242,10,0,0.3,12,3,1.01513487060481,0.098
6,2,0.2,265,10,0,0.3,12,3,0.426096690806361,0.104
6,2,0.2,83,10,0,0.3,12,3,0.922232480682197,0.106
6,2,0.2,275,10,0,0.3,12,3,-0.764925204981949,0.106
6,2,0.2,267,10,0,0.3,12,3,-0.953762182906701,0.108
6,2,0.2,285,10,0,0.3,12,3,0.675029756123593,0.108
6,2,0.2,20,10,0,0.3,12,3,-0.585500338636933,0.112
6,2,0.2,61,10,0,0.3,12,3,-0.300622164691589,0.112
6,2,0.2,146,10,0,0.3,12,3,1.09037925144244,0.112
6,2,0.2,9,10,0,0.3,12,3,-0.669407187645476,0.114
6,2,0.2,221,10,0,0.3,12,3,-0.678891432248633,0.114
6,2,0.2,94,10,0,0.3,12,3,0.695404595959218,0.116
6,2,0.2,189,10,0,0.3,12,3,0.453116370684086,0.116
6,2,0.2,18,10,0,0.3,12,3,-0.657015863413193,0.118
6,2,0.2,68,10,0,0.3,12,3,0.48228614729544,0.118
6,2,0.2,296,10,0,0.3,12,3,0.525974643585243,0.118
6,2,0.2,105,10,0,0.3,12,3,0.658677301094912,0.12
6,2,0.2,135,10,0,0.3,12,3,0.664178240655048,0.12
6,2,0.2,203,10,0,0.3,12,3,-0.591666136465307,0.122
6,2,0.2,264,10,0,0.3,12,3,-0.626250018137824,0.122
6,2,0.2,239,10,0,0.3,12,3,-0.971059296674156,0.124
6,2,0.2,294,10,0,0.3,12,3,0.44921254819846,0.124
6,2,0.2,299,10,0,0.3,12,3,-1.00512129353675,0.126
6,2,0.2,174,10,0,0.3,12,3,0.899594708486632,0.13
6,2,0.2,271,10,0,0.3,12,3,0.965939780758362,0.13
6,2,0.2,70,10,0,0.3,12,3,-0.513967665734043,0.132
6,2,0.2,77,10,0,0.3,12,3,-0.71065370644493,0.132
6,2,0.2,178,10,0,0.3,12,3,1.04277912102063,0.132
6,2,0.2,76,10,0,0.3,12,3,-0.729339892516492,0.136
6,2,0.2,206,10,0,0.3,12,3,-0.754579808407783,0.136
6,2,0.2,274,10,0,0.3,12,3,0.175657473903783,0.136
6,2,0.2,4,10,0,0.3,12,3,0.648849021237424,0.14
6,2,0.2,138,10,0,0.3,12,3,-0.426049597003669,0.14
6,2,0.2,226,10,0,0.3,12,3,1.08919845064517,0.14
6,2,0.2,48,10,0,0.3,12,3,-0.786592020186049,0.142
6,2,0.2,130,10,0,0.3,12,3,-0.670787521924808,0.142
6,2,0.2,196,10,0,0.3,12,3,-0.527981975282415,0.142
6,2,0.2,298,10,0,0.3,12,3,-1.09672771999021,0.142
6,2,0.2,110,10,0,0.3,12,3,0.54157934897097,0.144
6,2,0.2,232,10,0,0.3,12,3,-0.74208005365071,0.144
6,2,0.2,169,10,0,0.3,12,3,-0.520644197379852,0.146
6,2,0.2,53,10,0,0.3,12,3,0.738357004382806,0.148
6,2,0.2,151,10,0,0.3,12,3,-0.881860438230262,0.15
6,2,0.2,215,10,0,0.3,12,3,-0.767223174665759,0.15
6,2,0.2,218,10,0,0.3,12,3,0.781097916384482,0.15
6,2,0.2,207,10,0,0.3,12,3,0.773030366769461,0.156
6,2,0.2,199,10,0,0.3,12,3,0.627671076656839,0.158
6,2,0.2,247,10,0,0.3,12,3,-0.485718641902736,0.158
6,2,0.2,252,10,0,0.3,12,3,0.824573735390089,0.16
6,2,0.2,71,10,0,0.3,12,3,0.305622971657954,0.164
6,2,0.2,62,10,0,0.3,12,3,0.598746854116854,0.172
6,2,0.2,35,10,0,0.3,12,3,-0.456216699088884,0.178
6,2,0.2,122,10,0,0.3,12,3,0.590253291683013,0.18
6,2,0.2,51,10,0,0.3,12,3,0.313063292336551,0.182
6,2,0.2,192,10,0,0.3,12,3,0.890496914185746,0.182
6,2,0.2,126,10,0,0.3,12,3,0.799935515107848,0.192
6,2,0.2,263,10,0,0.3,12,3,-0.793558185600631,0.2
6,2,0.2,29,10,0,0.3,12,3,0.444130017864296,0.202
6,2,0.2,140,10,0,0.3,12,3,0.989677270085622,0.202
6,2,0.2,234,10,0,0.3,12,3,0.487740830091326,0.208
6,2,0.2,91,10,0,0.3,12,3,-0.516370596325316,0.216
6,2,0.2,231,10,0,0.3,12,3,0.296311500008045,0.216
6,2,0.2,244,10,0,0.3,12,3,0.776752388890515,0.216
6,2,0.2,58,10,0,0.3,12,3,0.506640929724881,0.218
6,2,0.2,90,10,0,0.3,12,3,-0.816950553667056,0.22
6,2,0.2,116,10,0,0.3,12,3,0.788144253502082,0.22
6,2,0.2,293,10,0,0.3,12,3,0.334687651419983,0.22
6,2,0.2,81,10,0,0.3,12,3,-0.5207500263611,0.226
6,2,0.2,124,10,0,0.3,12,3,0.301965987593235,0.226
6,2,0.2,38,10,0,0.3,12,3,0.579111226942956,0.234
6,2,0.2,266,10,0,0.3,12,3,-0.463646470177906,0.234
6,2,0.2,73,10,0,0.3,12,3,0.587406995439125,0.238
6,2,0.2,213,10,0,0.3,12,3,0.758839580297717,0.238
6,2,0.2,272,10,0,0.3,12,3,0.532558595880857,0.238
6,2,0.2,269,10,0,0.3,12,3,-0.783465750570571,0.248
6,2,0.2,46,10,0,0.3,12,3,-0.259755352425884,0.26
6,2,0.2,233,10,0,0.3,12,3,-0.479593973466166,0.274
6,2,0.2,251,10,0,0.3,12,3,-0.691513334781689,0.278
6,2,0.2,129,10,0,0.3,12,3,0.39006846671279,0.282
6,2,0.2,253,10,0,0.3,12,3,0.417140213398142,0.282
6,2,0.2,56,10,0,0.3,12,3,-0.370985505176861,0.284
6,2,0.2,161,10,0,0.3,12,3,-0.459216325359847,0.288
6,2,0.2,42,10,0,0.3,12,3,0.383555978286211,0.292
6,2,0.2,171,10,0,0.3,12,3,0.68942466054267,0.302
6,2,0.2,84,10,0,0.3,12,3,-0.434462217872891,0.306
6,2,0.2,237,10,0,0.3,12,3,0.411175823369064,0.31
6,2,0.2,282,10,0,0.3,12,3,0.487748881452831,0.314
6,2,0.2,228,10,0,0.3,12,3,-0.294412219453562,0.324
6,2,0.2,16,10,0,0.3,12,3,0.378643218178041,0.33
6,2,0.2,98,10,0,0.3,12,3,0.532751044644243,0.334
6,2,0.2,172,10,0,0.3,12,3,-0.430060047530816,0.342
6,2,0.2,33,10,0,0.3,12,3,-0.458309118217528,0.346
6,2,0.2,155,10,0,0.3,12,3,0.223231268048352,0.356
6,2,0.2,66,10,0,0.3,12,3,0.5789560833569,0.366
6,2,0.2,12,10,0,0.3,12,3,-0.385239813767072,0.368
6,2,0.2,209,10,0,0.3,12,3,-0.29229350236497,0.368
6,2,0.2,10,10,0,0.3,12,3,-0.605510451887085,0.374
6,2,0.2,175,10,0,0.3,12,3,-0.348304018890275,0.374
6,2,0.2,184,10,0,0.3,12,3,-0.428009806876531,0.374
6,2,0.2,281,10,0,0.3,12,3,-1.32036451304202,0.376
6,2,0.2,167,10,0,0.3,12,3,-0.426653895379104,0.382
6,2,0.2,185,10,0,0.3,12,3,0.39285310977823,0.384
6,2,0.2,204,10,0,0.3,12,3,-0.233922118644131,0.386
6,2,0.2,36,10,0,0.3,12,3,0.262140065069673,0.394
6,2,0.2,194,10,0,0.3,12,3,0.352142989796135,0.394
6,2,0.2,200,10,0,0.3,12,3,-0.731067723980715,0.404
6,2,0.2,197,10,0,0.3,12,3,-0.66325593715024,0.412
6,2,0.2,223,10,0,0.3,12,3,-0.385382566187218,0.412
6,2,0.2,286,10,0,0.3,12,3,0.81793601045419,0.416
6,2,0.2,177,10,0,0.3,12,3,-0.730775765484225,0.422
6,2,0.2,11,10,0,0.3,12,3,-0.252122024812735,0.43
6,2,0.2,128,10,0,0.3,12,3,-0.773567169148805,0.442
6,2,0.2,87,10,0,0.3,12,3,-0.272304766644623,0.45
6,2,0.2,125,10,0,0.3,12,3,-0.322517690746707,0.452
6,2,0.2,78,10,0,0.3,12,3,-0.383171651245618,0.454
6,2,0.2,103,10,0,0.3,12,3,0.201738126314609,0.454
6,2,0.2,150,10,0,0.3,12,3,-0.477630856199852,0.472
6,2,0.2,136,10,0,0.3,12,3,-0.318068127969582,0.478
6,2,0.2,201,10,0,0.3,12,3,-0.325454982812232,0.482
6,2,0.2,59,10,0,0.3,12,3,-0.421330287272013,0.484
6,2,0.2,34,10,0,0.3,12,3,0.267629420654202,0.488
6,2,0.2,117,10,0,0.3,12,3,-0.465275275605279,0.488
6,2,0.2,181,10,0,0.3,12,3,0.311277446848152,0.49
6,2,0.2,132,10,0,0.3,12,3,-0.135214902035102,0.496
6,2,0.2,168,10,0,0.3,12,3,0.258543270474689,0.504
6,2,0.2,193,10,0,0.3,12,3,0.235242788154949,0.506
6,2,0.2,280,10,0,0.3,12,3,0.575463749556548,0.512
6,2,0.2,69,10,0,0.3,12,3,-0.181558455669773,0.514
6,2,0.2,7,10,0,0.3,12,3,0.338550396820267,0.52
6,2,0.2,159,10,0,0.3,12,3,0.416231256245936,0.528
6,2,0.2,190,10,0,0.3,12,3,-0.365381544690564,0.534
6,2,0.2,39,10,0,0.3,12,3,0.384786510925295,0.538
6,2,0.2,24,10,0,0.3,12,3,0.178853530696188,0.54
6,2,0.2,208,10,0,0.3,12,3,0.607340685930581,0.548
6,2,0.2,75,10,0,0.3,12,3,0.304545094631948,0.55
6,2,0.2,22,10,0,0.3,12,3,-0.901837318648859,0.552
6,2,0.2,289,10,0,0.3,12,3,0.560124286228927,0.556
6,2,0.2,23,10,0,0.3,12,3,0.41139095581434,0.558
6,2,0.2,92,10,0,0.3,12,3,-0.253024277646119,0.558
6,2,0.2,180,10,0,0.3,12,3,-0.214684110125376,0.562
6,2,0.2,160,10,0,0.3,12,3,0.278978981265624,0.566
6,2,0.2,30,10,0,0.3,12,3,0.3071591142496,0.568
6,2,0.2,153,10,0,0.3,12,3,-0.43282428850523,0.57
6,2,0.2,166,10,0,0.3,12,3,0.316997730099018,0.57
6,2,0.2,277,10,0,0.3,12,3,-0.116309535844664,0.574
6,2,0.2,300,10,0,0.3,12,3,0.372083186534354,0.574
6,2,0.2,276,10,0,0.3,12,3,0.521042659383795,0.586
6,2,0.2,85,10,0,0.3,12,3,0.521026062587367,0.59
6,2,0.2,219,10,0,0.3,12,3,-0.188575516205361,0.592
6,2,0.2,292,10,0,0.3,12,3,-0.361017760623412,0.592
6,2,0.2,260,10,0,0.3,12,3,-0.718942214652657,0.6
6,2,0.2,186,10,0,0.3,12,3,0.435321470793156,0.604
6,2,0.2,143,10,0,0.3,12,3,-0.371447990220418,0.61
6,2,0.2,243,10,0,0.3,12,3,-0.683507854583837,0.61
6,2,0.2,2,10,0,0.3,12,3,0.659630796510555,0.612
6,2,0.2,104,10,0,0.3,12,3,0.23709441301412,0.618
6,2,0.2,54,10,0,0.3,12,3,-0.202706479871409,0.624
6,2,0.2,86,10,0,0.3,12,3,-0.785633116672443,0.624
6,2,0.2,44,10,0,0.3,12,3,0.60959071409053,0.628
6,2,0.2,82,10,0,0.3,12,3,0.620014857313748,0.628
6,2,0.2,182,10,0,0.3,12,3,0.296615679654792,0.636
6,2,0.2,40,10,0,0.3,12,3,0.224347522420857,0.638
6,2,0.2,283,10,0,0.3,12,3,0.872890664330782,0.638
6,2,0.2,37,10,0,0.3,12,3,-0.645924412689823,0.642
6,2,0.2,63,10,0,0.3,12,3,0.77001889179536,0.642
6,2,0.2,255,10,0,0.3,12,3,-0.367934852594175,0.642
6,2,0.2,278,10,0,0.3,12,3,0.327052366706141,0.642
6,2,0.2,288,10,0,0.3,12,3,0.575819746608431,0.642
6,2,0.2,5,10,0,0.3,12,3,0.539104520464861,0.652
6,2,0.2,235,10,0,0.3,12,3,0.259028361911561,0.652
6,2,0.2,111,10,0,0.3,12,3,-0.279257181788239,0.658
6,2,0.2,157,10,0,0.3,12,3,0.303638886263144,0.66
6,2,0.2,55,10,0,0.3,12,3,-0.168236515425178,0.662
6,2,0.2,297,10,0,0.3,12,3,-0.336779068747319,0.668
6,2,0.2,154,10,0,0.3,12,3,-0.109762583105606,0.672
6,2,0.2,246,10,0,0.3,12,3,-0.176068580254878,0.674
6,2,0.2,102,10,0,0.3,12,3,0.217342039401586,0.676
6,2,0.2,176,10,0,0.3,12,3,0.486189560178502,0.676
6,2,0.2,96,10,0,0.3,12,3,-0.287457097991705,0.678
6,2,0.2,106,10,0,0.3,12,3,-0.167797280341517,0.688
6,2,0.2,26,10,0,0.3,12,3,0.217721863396093,0.692
6,2,0.2,240,10,0,0.3,12,3,-0.254480568181378,0.694
6,2,0.2,188,10,0,0.3,12,3,0.322561697842104,0.696
6,2,0.2,273,10,0,0.3,12,3,0.20165326690784,0.698
6,2,0.2,80,10,0,0.3,12,3,0.21187009816822,0.706
6,2,0.2,183,10,0,0.3,12,3,-0.393278172045854,0.708
6,2,0.2,139,10,0,0.3,12,3,0.17093408042777,0.71
6,2,0.2,142,10,0,0.3,12,3,0.324413788609974,0.71
6,2,0.2,202,10,0,0.3,12,3,0.16875822545839,0.71
6,2,0.2,170,10,0,0.3,12,3,0.339996569409521,0.712
6,2,0.2,224,10,0,0.3,12,3,0.308612098380735,0.712
6,2,0.2,227,10,0,0.3,12,3,0.177059368425745,0.716
6,2,0.2,241,10,0,0.3,12,3,0.474763121821809,0.72
6,2,0.2,287,10,0,0.3,12,3,-0.201924967234646,0.72
6,2,0.2,32,10,0,0.3,12,3,0.241668462205268,0.722
6,2,0.2,229,10,0,0.3,12,3,-0.357670317930001,0.728
6,2,0.2,220,10,0,0.3,12,3,-0.243289895322675,0.732
6,2,0.2,79,10,0,0.3,12,3,-0.134884123610703,0.736
6,2,0.2,173,10,0,0.3,12,3,-0.152161720554602,0.736
6,2,0.2,41,10,0,0.3,12,3,0.194616014868984,0.746
6,2,0.2,95,10,0,0.3,12,3,0.124069176139727,0.746
6,2,0.2,57,10,0,0.3,12,3,0.136117977572127,0.75
6,2,0.2,268,10,0,0.3,12,3,-0.0818998244379827,0.75
6,2,0.2,108,10,0,0.3,12,3,0.063890236785852,0.752
6,2,0.2,14,10,0,0.3,12,3,0.280735395972528,0.756
6,2,0.2,47,10,0,0.3,12,3,-0.128056639708518,0.756
6,2,0.2,74,10,0,0.3,12,3,0.150062773119572,0.764
6,2,0.2,149,10,0,0.3,12,3,0.309512651022544,0.764
6,2,0.2,195,10,0,0.3,12,3,0.133079524740225,0.768
6,2,0.2,144,10,0,0.3,12,3,0.268957485571974,0.77
6,2,0.2,72,10,0,0.3,12,3,0.176827790447817,0.772
6,2,0.2,257,10,0,0.3,12,3,-0.1152694575905,0.772
6,2,0.2,21,10,0,0.3,12,3,0.101578974860416,0.774
6,2,0.2,212,10,0,0.3,12,3,0.203991152815178,0.774
6,2,0.2,250,10,0,0.3,12,3,-0.0942151279285781,0.776
6,2,0.2,109,10,0,0.3,12,3,-0.0785909776705296,0.78
6,2,0.2,179,10,0,0.3,12,3,-0.152869016468401,0.782
6,2,0.2,123,10,0,0.3,12,3,0.0924343469254154,0.798
6,2,0.2,19,10,0,0.3,12,3,0.11633824234994,0.804
6,2,0.2,162,10,0,0.3,12,3,0.154832186044445,0.808
6,2,0.2,210,10,0,0.3,12,3,-0.192220645393263,0.81
6,2,0.2,25,10,0,0.3,12,3,0.0947900713335343,0.812
6,2,0.2,89,10,0,0.3,12,3,-0.0758031811911621,0.818
6,2,0.2,222,10,0,0.3,12,3,-0.130488722849009,0.822
6,2,0.2,127,10,0,0.3,12,3,0.161495129610188,0.824
6,2,0.2,28,10,0,0.3,12,3,-0.0979580960627686,0.826
6,2,0.2,99,10,0,0.3,12,3,0.121074446531338,0.826
6,2,0.2,211,10,0,0.3,12,3,0.108338281535282,0.826
6,2,0.2,112,10,0,0.3,12,3,0.0954344919165351,0.84
6,2,0.2,256,10,0,0.3,12,3,-0.0809365538127338,0.84
6,2,0.2,15,10,0,0.3,12,3,-0.162659199146162,0.842
6,2,0.2,291,10,0,0.3,12,3,0.0552000754270807,0.848
6,2,0.2,65,10,0,0.3,12,3,0.0685588202578344,0.852
6,2,0.2,137,10,0,0.3,12,3,0.0822025684713594,0.852
6,2,0.2,238,10,0,0.3,12,3,-0.0971509558992238,0.854
6,2,0.2,107,10,0,0.3,12,3,-0.113967864197889,0.856
6,2,0.2,114,10,0,0.3,12,3,-0.141258095760094,0.866
6,2,0.2,295,10,0,0.3,12,3,0.120736506416392,0.866
6,2,0.2,100,10,0,0.3,12,3,0.0742817229182435,0.872
6,2,0.2,205,10,0,0.3,12,3,0.0270314724535865,0.888
6,2,0.2,67,10,0,0.3,12,3,-0.0953360078546268,0.89
6,2,0.2,249,10,0,0.3,12,3,0.036401735134973,0.89
6,2,0.2,270,10,0,0.3,12,3,0.0539822858638956,0.894
6,2,0.2,216,10,0,0.3,12,3,0.0577596690848736,0.896
6,2,0.2,152,10,0,0.3,12,3,0.0689432092070206,0.908
6,2,0.2,27,10,0,0.3,12,3,-0.0658786915693383,0.91
6,2,0.2,121,10,0,0.3,12,3,0.104135843296689,0.912
6,2,0.2,43,10,0,0.3,12,3,0.0549919344104808,0.918
6,2,0.2,64,10,0,0.3,12,3,-0.0279650618755056,0.926
6,2,0.2,141,10,0,0.3,12,3,-0.0373300852369027,0.928
6,2,0.2,145,10,0,0.3,12,3,0.0611234030692458,0.94
6,2,0.2,245,10,0,0.3,12,3,0.0173310668363627,0.944
6,2,0.2,158,10,0,0.3,12,3,-0.029659304020015,0.946
6,2,0.2,156,10,0,0.3,12,3,-0.0262440945327,0.948
6,2,0.2,187,10,0,0.3,12,3,-0.0356071625728589,0.954
6,2,0.2,290,10,0,0.3,12,3,-0.0254763420022357,0.966
6,2,0.2,1,10,0,0.3,12,3,-0.0182279600722097,0.968
6,2,0.2,3,10,0,0.3,12,3,-0.0159071638481407,0.974
6,2,0.2,31,10,0,0.3,12,3,-0.0262000814309715,0.974
6,2,0.2,45,10,0,0.3,12,3,-0.024262967403871,0.974
6,2,0.2,134,10,0,0.3,12,3,0.018892191498793,0.98
6,2,0.2,259,10,0,0.3,12,3,-0.00749196291650378,0.982
6,2,0.2,6,10,0,0.3,12,3,-0.0155548747124215,0.986
6,2,0.2,60,10,0,0.3,12,3,-0.0120781296279517,0.988
6,2,0.2,88,10,0,0.3,12,3,-0.0040205027679292,0.994
6,2,0.2,118,10,0,0.3,12,3,0.00416119499959677,0.998
6,2,0.2,71,10,0,0.3,13,3,-0.804427291528043,0.008
6,2,0.2,211,10,0,0.3,13,3,-1.02557476683435,0.012
6,2,0.2,79,10,0,0.3,13,3,1.33763169161992,0.02
6,2,0.2,2,10,0,0.3,13,3,-0.809413056475591,0.032
6,2,0.2,106,10,0,0.3,13,3,1.50731105073748,0.04
6,2,0.2,146,10,0,0.3,13,3,2.03438021808091,0.044
6,2,0.2,235,10,0,0.3,13,3,2.05643090302175,0.046
6,2,0.2,92,10,0,0.3,13,3,-1.44481086940695,0.056
6,2,0.2,28,10,0,0.3,13,3,0.921216807046591,0.06
6,2,0.2,81,10,0,0.3,13,3,-0.838797883249981,0.06
6,2,0.2,10,10,0,0.3,13,3,1.0629401933609,0.062
6,2,0.2,126,10,0,0.3,13,3,-0.518890182063842,0.062
6,2,0.2,198,10,0,0.3,13,3,1.19852735982005,0.062
6,2,0.2,268,10,0,0.3,13,3,1.37317222304131,0.062
6,2,0.2,94,10,0,0.3,13,3,-1.02627857470873,0.064
6,2,0.2,36,10,0,0.3,13,3,1.16865573471935,0.066
6,2,0.2,246,10,0,0.3,13,3,-1.47838452848924,0.068
6,2,0.2,45,10,0,0.3,13,3,0.802309627392987,0.072
6,2,0.2,50,10,0,0.3,13,3,-0.53524077789541,0.072
6,2,0.2,85,10,0,0.3,13,3,1.16004780118729,0.072
6,2,0.2,123,10,0,0.3,13,3,-1.18943252038065,0.072
6,2,0.2,160,10,0,0.3,13,3,-1.35288126452491,0.074
6,2,0.2,19,10,0,0.3,13,3,-0.577106578119157,0.08
6,2,0.2,97,10,0,0.3,13,3,-0.706748675888974,0.08
6,2,0.2,288,10,0,0.3,13,3,-1.43835465261802,0.082
6,2,0.2,210,10,0,0.3,13,3,-0.757671878467505,0.086
6,2,0.2,68,10,0,0.3,13,3,-1.03143296476111,0.088
6,2,0.2,122,10,0,0.3,13,3,-1.44262380974988,0.088
6,2,0.2,175,10,0,0.3,13,3,-0.594476940513289,0.09
6,2,0.2,194,10,0,0.3,13,3,-0.554427942460563,0.09
6,2,0.2,173,10,0,0.3,13,3,0.987582711776611,0.092
6,2,0.2,120,10,0,0.3,13,3,0.69210544466543,0.096
6,2,0.2,145,10,0,0.3,13,3,0.88156821063987,0.096
6,2,0.2,147,10,0,0.3,13,3,0.462524344705628,0.096
6,2,0.2,165,10,0,0.3,13,3,1.20863207637419,0.096
6,2,0.2,215,10,0,0.3,13,3,0.871725619622026,0.096
6,2,0.2,184,10,0,0.3,13,3,-0.930983848644701,0.1
6,2,0.2,292,10,0,0.3,13,3,-0.612693511578414,0.1
6,2,0.2,102,10,0,0.3,13,3,0.714664739676863,0.102
6,2,0.2,186,10,0,0.3,13,3,0.66967582164699,0.102
6,2,0.2,282,10,0,0.3,13,3,0.862384341198521,0.102
6,2,0.2,64,10,0,0.3,13,3,0.776546958991275,0.104
6,2,0.2,208,10,0,0.3,13,3,1.25131509069655,0.104
6,2,0.2,220,10,0,0.3,13,3,1.12369154305514,0.104
6,2,0.2,95,10,0,0.3,13,3,1.06785668038333,0.106
6,2,0.2,156,10,0,0.3,13,3,-1.83221461771046,0.108
6,2,0.2,244,10,0,0.3,13,3,0.802986134201291,0.11
6,2,0.2,180,10,0,0.3,13,3,-0.752078653346217,0.112
6,2,0.2,260,10,0,0.3,13,3,0.957985752698477,0.112
6,2,0.2,245,10,0,0.3,13,3,-0.710201464577437,0.114
6,2,0.2,32,10,0,0.3,13,3,0.686989073231331,0.116
6,2,0.2,191,10,0,0.3,13,3,-0.672390318144124,0.116
6,2,0.2,144,10,0,0.3,13,3,-0.864384881363321,0.118
6,2,0.2,12,10,0,0.3,13,3,0.616525750903207,0.12
6,2,0.2,193,10,0,0.3,13,3,0.659997755446454,0.12
6,2,0.2,53,10,0,0.3,13,3,1.09485271909091,0.122
6,2,0.2,40,10,0,0.3,13,3,-0.698831802243006,0.124
6,2,0.2,109,10,0,0.3,13,3,-0.783927190153548,0.124
6,2,0.2,77,10,0,0.3,13,3,0.907137539745236,0.126
6,2,0.2,125,10,0,0.3,13,3,0.923449178948488,0.126
6,2,0.2,51,10,0,0.3,13,3,0.805170344361386,0.128
6,2,0.2,227,10,0,0.3,13,3,-0.533394306419808,0.128
6,2,0.2,174,10,0,0.3,13,3,-0.775897934316475,0.132
6,2,0.2,132,10,0,0.3,13,3,0.802185847882242,0.136
6,2,0.2,134,10,0,0.3,13,3,-0.694755534512922,0.136
6,2,0.2,113,10,0,0.3,13,3,-0.811869061291787,0.142
6,2,0.2,217,10,0,0.3,13,3,0.87731576147857,0.142
6,2,0.2,14,10,0,0.3,13,3,0.684727464710477,0.144
6,2,0.2,267,10,0,0.3,13,3,0.789519612551345,0.144
6,2,0.2,74,10,0,0.3,13,3,-0.535670758923459,0.146
6,2,0.2,27,10,0,0.3,13,3,-0.609673997033241,0.148
6,2,0.2,115,10,0,0.3,13,3,-0.46698158158614,0.154
6,2,0.2,166,10,0,0.3,13,3,0.902643078336666,0.156
6,2,0.2,1,10,0,0.3,13,3,-0.664127075636458,0.158
6,2,0.2,75,10,0,0.3,13,3,0.65266801271332,0.158
6,2,0.2,190,10,0,0.3,13,3,-0.915757697219959,0.16
6,2,0.2,276,10,0,0.3,13,3,-0.664909444126238,0.166
6,2,0.2,20,10,0,0.3,13,3,0.671276036060476,0.17
6,2,0.2,239,10,0,0.3,13,3,-0.70480028841456,0.17
6,2,0.2,148,10,0,0.3,13,3,0.655926002379005,0.174
6,2,0.2,300,10,0,0.3,13,3,0.7145128979258,0.176
6,2,0.2,116,10,0,0.3,13,3,-0.746558988546099,0.178
6,2,0.2,287,10,0,0.3,13,3,0.473511600015058,0.178
6,2,0.2,133,10,0,0.3,13,3,-0.809128237709331,0.18
6,2,0.2,236,10,0,0.3,13,3,0.669645960364164,0.18
6,2,0.2,18,10,0,0.3,13,3,-0.47395390811684,0.184
6,2,0.2,149,10,0,0.3,13,3,-0.580411585371593,0.192
6,2,0.2,135,10,0,0.3,13,3,-0.655082600226876,0.198
6,2,0.2,233,10,0,0.3,13,3,-0.666610982658995,0.2
6,2,0.2,69,10,0,0.3,13,3,0.480651915276439,0.202
6,2,0.2,277,10,0,0.3,13,3,-0.85974279237135,0.202
6,2,0.2,177,10,0,0.3,13,3,0.472519050503081,0.208
6,2,0.2,178,10,0,0.3,13,3,-0.571026639382239,0.21
6,2,0.2,285,10,0,0.3,13,3,0.706347127864859,0.212
6,2,0.2,121,10,0,0.3,13,3,0.549477817672823,0.218
6,2,0.2,38,10,0,0.3,13,3,-0.537256945836731,0.22
6,2,0.2,91,10,0,0.3,13,3,-0.252047929090168,0.222
6,2,0.2,107,10,0,0.3,13,3,-0.759284262257722,0.222
6,2,0.2,8,10,0,0.3,13,3,-0.306009601028592,0.226
6,2,0.2,278,10,0,0.3,13,3,-0.40383259001652,0.226
6,2,0.2,86,10,0,0.3,13,3,0.541157044610685,0.232
6,2,0.2,60,10,0,0.3,13,3,0.3691047682548,0.236
6,2,0.2,249,10,0,0.3,13,3,-0.629571721861907,0.24
6,2,0.2,299,10,0,0.3,13,3,0.194683222274989,0.254
6,2,0.2,70,10,0,0.3,13,3,-0.732759359653443,0.258
6,2,0.2,183,10,0,0.3,13,3,-0.663429084012051,0.278
6,2,0.2,266,10,0,0.3,13,3,0.244948364296107,0.278
6,2,0.2,263,10,0,0.3,13,3,0.388441721648633,0.282
6,2,0.2,229,10,0,0.3,13,3,0.443882547821545,0.29
6,2,0.2,281,10,0,0.3,13,3,-0.683829773918291,0.29
6,2,0.2,255,10,0,0.3,13,3,-0.365520220750398,0.298
6,2,0.2,83,10,0,0.3,13,3,0.818324821977114,0.32
6,2,0.2,108,10,0,0.3,13,3,-0.458185489444162,0.326
6,2,0.2,224,10,0,0.3,13,3,0.366547737776926,0.328
6,2,0.2,66,10,0,0.3,13,3,-0.255910001548585,0.338
6,2,0.2,167,10,0,0.3,13,3,-0.51022667717487,0.338
6,2,0.2,294,10,0,0.3,13,3,-0.778229185256322,0.346
6,2,0.2,284,10,0,0.3,13,3,0.587857623375754,0.35
6,2,0.2,228,10,0,0.3,13,3,-0.286296921281121,0.352
6,2,0.2,139,10,0,0.3,13,3,-1.36723276248952,0.364
6,2,0.2,34,10,0,0.3,13,3,0.395178252325621,0.368
6,2,0.2,117,10,0,0.3,13,3,-0.543700016802148,0.374
6,2,0.2,21,10,0,0.3,13,3,0.439335628495002,0.378
6,2,0.2,143,10,0,0.3,13,3,-0.527206399059139,0.378
6,2,0.2,17,10,0,0.3,13,3,0.450164328641847,0.382
6,2,0.2,80,10,0,0.3,13,3,0.249324595287703,0.396
6,2,0.2,29,10,0,0.3,13,3,-0.259727669302464,0.41
6,2,0.2,58,10,0,0.3,13,3,0.112023260264749,0.416
6,2,0.2,118,10,0,0.3,13,3,-0.322795233842982,0.416
6,2,0.2,219,10,0,0.3,13,3,0.345684294792591,0.422
6,2,0.2,218,10,0,0.3,13,3,0.361955537078046,0.424
6,2,0.2,252,10,0,0.3,13,3,-0.337470153760876,0.428
6,2,0.2,206,10,0,0.3,13,3,0.336770965673708,0.43
6,2,0.2,4,10,0,0.3,13,3,-0.325771082433931,0.438
6,2,0.2,130,10,0,0.3,13,3,-0.354730853665075,0.44
6,2,0.2,104,10,0,0.3,13,3,0.214219407567043,0.456
6,2,0.2,232,10,0,0.3,13,3,-0.369437814779189,0.456
6,2,0.2,59,10,0,0.3,13,3,0.83035755918263,0.458
6,2,0.2,43,10,0,0.3,13,3,0.472819034421207,0.46
6,2,0.2,47,10,0,0.3,13,3,-0.158053392584918,0.46
6,2,0.2,247,10,0,0.3,13,3,0.293328591606127,0.462
6,2,0.2,25,10,0,0.3,13,3,-0.236234416073756,0.464
6,2,0.2,6,10,0,0.3,13,3,0.385615659554531,0.47
6,2,0.2,199,10,0,0.3,13,3,0.277387800882366,0.47
6,2,0.2,254,10,0,0.3,13,3,0.336626294087722,0.474
6,2,0.2,140,10,0,0.3,13,3,-0.370595270032254,0.476
6,2,0.2,170,10,0,0.3,13,3,-0.356991317594662,0.478
6,2,0.2,256,10,0,0.3,13,3,-0.438793461551114,0.478
6,2,0.2,39,10,0,0.3,13,3,0.198892232333094,0.484
6,2,0.2,72,10,0,0.3,13,3,-0.271495784079235,0.492
6,2,0.2,150,10,0,0.3,13,3,0.824588485414608,0.502
6,2,0.2,30,10,0,0.3,13,3,-0.620354952416108,0.512
6,2,0.2,84,10,0,0.3,13,3,-0.716114245816613,0.52
6,2,0.2,87,10,0,0.3,13,3,-0.934701127042672,0.52
6,2,0.2,13,10,0,0.3,13,3,-0.195618225451,0.534
6,2,0.2,188,10,0,0.3,13,3,-0.376418154181067,0.538
6,2,0.2,195,10,0,0.3,13,3,-0.677451061955168,0.54
6,2,0.2,293,10,0,0.3,13,3,0.211163988900438,0.54
6,2,0.2,163,10,0,0.3,13,3,0.247561363557566,0.546
6,2,0.2,35,10,0,0.3,13,3,0.477207507200546,0.554
6,2,0.2,24,10,0,0.3,13,3,-0.335930442768102,0.562
6,2,0.2,16,10,0,0.3,13,3,0.777146124489633,0.564
6,2,0.2,169,10,0,0.3,13,3,0.223864612529496,0.564
6,2,0.2,137,10,0,0.3,13,3,0.26438737686891,0.566
6,2,0.2,273,10,0,0.3,13,3,-0.707222549318317,0.57
6,2,0.2,61,10,0,0.3,13,3,-0.282501030276904,0.574
6,2,0.2,52,10,0,0.3,13,3,-0.151140336530574,0.578
6,2,0.2,136,10,0,0.3,13,3,-0.296557887422352,0.578
6,2,0.2,65,10,0,0.3,13,3,0.162474495013754,0.58
6,2,0.2,99,10,0,0.3,13,3,-0.127359440000333,0.59
6,2,0.2,62,10,0,0.3,13,3,0.2384159818873,0.6
6,2,0.2,242,10,0,0.3,13,3,-0.218405688977271,0.602
6,2,0.2,222,10,0,0.3,13,3,-0.471301666220455,0.606
6,2,0.2,192,10,0,0.3,13,3,-0.554201288225983,0.612
6,2,0.2,257,10,0,0.3,13,3,0.214299352742785,0.616
6,2,0.2,57,10,0,0.3,13,3,-0.272087740528377,0.62
6,2,0.2,225,10,0,0.3,13,3,-0.516520345799194,0.626
6,2,0.2,124,10,0,0.3,13,3,-0.165913554747817,0.628
6,2,0.2,103,10,0,0.3,13,3,-0.562327726272059,0.63
6,2,0.2,283,10,0,0.3,13,3,-0.484737042383273,0.63
6,2,0.2,185,10,0,0.3,13,3,0.151955562593571,0.632
6,2,0.2,264,10,0,0.3,13,3,0.481387719640111,0.632
6,2,0.2,111,10,0,0.3,13,3,0.345399912942639,0.638
6,2,0.2,258,10,0,0.3,13,3,0.260479878596527,0.642
6,2,0.2,22,10,0,0.3,13,3,0.5094321500452,0.644
6,2,0.2,226,10,0,0.3,13,3,0.122725288462618,0.646
6,2,0.2,203,10,0,0.3,13,3,-0.391176198703135,0.648
6,2,0.2,243,10,0,0.3,13,3,-0.614460409926579,0.65
6,2,0.2,251,10,0,0.3,13,3,0.242234746676274,0.65
6,2,0.2,11,10,0,0.3,13,3,-0.23456038428364,0.654
6,2,0.2,26,10,0,0.3,13,3,-0.420685370584295,0.654
6,2,0.2,89,10,0,0.3,13,3,0.687570579381116,0.654
6,2,0.2,248,10,0,0.3,13,3,0.37762664941792,0.654
6,2,0.2,262,10,0,0.3,13,3,0.158567752522117,0.654
6,2,0.2,289,10,0,0.3,13,3,-0.350855361811426,0.654
6,2,0.2,176,10,0,0.3,13,3,-0.475095442376613,0.656
6,2,0.2,159,10,0,0.3,13,3,0.383103436435221,0.658
6,2,0.2,274,10,0,0.3,13,3,0.134954868260166,0.658
6,2,0.2,3,10,0,0.3,13,3,-0.640272546648049,0.662
6,2,0.2,151,10,0,0.3,13,3,-0.2178084845998,0.664
6,2,0.2,161,10,0,0.3,13,3,0.562606866768363,0.664
6,2,0.2,221,10,0,0.3,13,3,-0.691826649824492,0.666
6,2,0.2,182,10,0,0.3,13,3,-0.324214451206643,0.668
6,2,0.2,73,10,0,0.3,13,3,-0.57464243973746,0.67
6,2,0.2,46,10,0,0.3,13,3,-0.245014029988681,0.674
6,2,0.2,154,10,0,0.3,13,3,0.417125832877531,0.674
6,2,0.2,212,10,0,0.3,13,3,-0.273878303039766,0.674
6,2,0.2,207,10,0,0.3,13,3,-0.396162775652243,0.68
6,2,0.2,241,10,0,0.3,13,3,-0.632710202524834,0.68
6,2,0.2,197,10,0,0.3,13,3,-0.282593571612551,0.682
6,2,0.2,280,10,0,0.3,13,3,-0.188434152522092,0.682
6,2,0.2,157,10,0,0.3,13,3,-0.333819791813426,0.684
6,2,0.2,67,10,0,0.3,13,3,-0.26509384458052,0.686
6,2,0.2,158,10,0,0.3,13,3,0.151383985228051,0.686
6,2,0.2,272,10,0,0.3,13,3,0.30188960325782,0.686
6,2,0.2,112,10,0,0.3,13,3,-0.104663553168962,0.688
6,2,0.2,155,10,0,0.3,13,3,-0.297863562947498,0.698
6,2,0.2,49,10,0,0.3,13,3,0.09652747848736,0.702
6,2,0.2,213,10,0,0.3,13,3,0.441128937152712,0.702
6,2,0.2,33,10,0,0.3,13,3,0.132229537972137,0.706
6,2,0.2,48,10,0,0.3,13,3,-0.207594302654257,0.706
6,2,0.2,253,10,0,0.3,13,3,0.432399857623636,0.706
6,2,0.2,23,10,0,0.3,13,3,-0.149163983785144,0.708
6,2,0.2,291,10,0,0.3,13,3,-0.440433535966008,0.708
6,2,0.2,82,10,0,0.3,13,3,0.170967788141752,0.714
6,2,0.2,88,10,0,0.3,13,3,-0.404958531874342,0.716
6,2,0.2,15,10,0,0.3,13,3,0.199965542372041,0.72
6,2,0.2,129,10,0,0.3,13,3,-0.257773280119153,0.726
6,2,0.2,296,10,0,0.3,13,3,0.177294842630687,0.726
6,2,0.2,127,10,0,0.3,13,3,-0.180999795223556,0.734
6,2,0.2,63,10,0,0.3,13,3,-0.344015316087138,0.736
6,2,0.2,275,10,0,0.3,13,3,0.224191586090996,0.736
6,2,0.2,181,10,0,0.3,13,3,-0.201804962928236,0.74
6,2,0.2,200,10,0,0.3,13,3,-0.23021302543907,0.74
6,2,0.2,238,10,0,0.3,13,3,0.24201514795007,0.74
6,2,0.2,152,10,0,0.3,13,3,0.212810186568703,0.744
6,2,0.2,55,10,0,0.3,13,3,-0.300226666307822,0.748
6,2,0.2,230,10,0,0.3,13,3,0.160794020218475,0.748
6,2,0.2,96,10,0,0.3,13,3,0.157416640213967,0.75
6,2,0.2,98,10,0,0.3,13,3,0.26780053727029,0.754
6,2,0.2,131,10,0,0.3,13,3,-0.165029790717341,0.754
6,2,0.2,78,10,0,0.3,13,3,0.208626621550309,0.77
6,2,0.2,286,10,0,0.3,13,3,0.13116219249963,0.772
6,2,0.2,209,10,0,0.3,13,3,-0.218806827790303,0.776
6,2,0.2,187,10,0,0.3,13,3,0.112036406835131,0.784
6,2,0.2,270,10,0,0.3,13,3,-0.250734760331596,0.784
6,2,0.2,153,10,0,0.3,13,3,-0.133672052502874,0.788
6,2,0.2,9,10,0,0.3,13,3,-0.110090713979332,0.792
6,2,0.2,189,10,0,0.3,13,3,-0.0547025685069684,0.794
6,2,0.2,202,10,0,0.3,13,3,0.162960506644254,0.794
6,2,0.2,90,10,0,0.3,13,3,0.116187688025121,0.798
6,2,0.2,105,10,0,0.3,13,3,-0.0979872468293195,0.798
6,2,0.2,237,10,0,0.3,13,3,0.190546018311778,0.798
6,2,0.2,100,10,0,0.3,13,3,-0.156037670922302,0.8
6,2,0.2,179,10,0,0.3,13,3,0.0811872499227491,0.812
6,2,0.2,41,10,0,0.3,13,3,0.0857790384052919,0.818
6,2,0.2,142,10,0,0.3,13,3,0.0958310129671816,0.822
6,2,0.2,231,10,0,0.3,13,3,-0.0584684832581672,0.826
6,2,0.2,240,10,0,0.3,13,3,0.150190316182631,0.826
6,2,0.2,138,10,0,0.3,13,3,-0.0907481117563691,0.832
6,2,0.2,271,10,0,0.3,13,3,-0.075655772067023,0.832
6,2,0.2,119,10,0,0.3,13,3,-0.0702174084164255,0.836
6,2,0.2,44,10,0,0.3,13,3,-0.0873497416622229,0.838
6,2,0.2,261,10,0,0.3,13,3,0.114037956031581,0.838
6,2,0.2,101,10,0,0.3,13,3,-0.0422624940314904,0.844
6,2,0.2,214,10,0,0.3,13,3,0.120615537749359,0.856
6,2,0.2,201,10,0,0.3,13,3,0.185005628761644,0.86
6,2,0.2,259,10,0,0.3,13,3,0.0890929998904255,0.862
6,2,0.2,7,10,0,0.3,13,3,-0.0706611100076771,0.884
6,2,0.2,164,10,0,0.3,13,3,-0.0508094956414027,0.888
6,2,0.2,31,10,0,0.3,13,3,0.050219973315393,0.908
6,2,0.2,168,10,0,0.3,13,3,-0.0563236092461068,0.912
6,2,0.2,204,10,0,0.3,13,3,-0.0298670736817712,0.912
6,2,0.2,205,10,0,0.3,13,3,0.0529715033596858,0.912
6,2,0.2,5,10,0,0.3,13,3,0.0969604258782226,0.916
6,2,0.2,223,10,0,0.3,13,3,0.0761787505298912,0.916
6,2,0.2,250,10,0,0.3,13,3,0.0554935363641391,0.922
6,2,0.2,298,10,0,0.3,13,3,0.0383856873652064,0.924
6,2,0.2,171,10,0,0.3,13,3,-0.0618603076266027,0.928
6,2,0.2,196,10,0,0.3,13,3,0.0478816063252339,0.928
6,2,0.2,265,10,0,0.3,13,3,0.0753306824742879,0.93
6,2,0.2,128,10,0,0.3,13,3,-0.0302929355319463,0.934
6,2,0.2,295,10,0,0.3,13,3,0.0269450591407292,0.934
6,2,0.2,297,10,0,0.3,13,3,-0.0349215576617894,0.938
6,2,0.2,172,10,0,0.3,13,3,0.0353380433666644,0.94
6,2,0.2,279,10,0,0.3,13,3,0.0271792107608348,0.942
6,2,0.2,162,10,0,0.3,13,3,0.0153807237752801,0.95
6,2,0.2,234,10,0,0.3,13,3,0.0242098135029494,0.95
6,2,0.2,56,10,0,0.3,13,3,0.0600699175268744,0.952
6,2,0.2,93,10,0,0.3,13,3,-0.0533484936536581,0.952
6,2,0.2,290,10,0,0.3,13,3,0.0463474825463379,0.952
6,2,0.2,110,10,0,0.3,13,3,0.0234841274462383,0.954
6,2,0.2,42,10,0,0.3,13,3,0.0317199183427306,0.958
6,2,0.2,216,10,0,0.3,13,3,-0.0254558262722071,0.96
6,2,0.2,114,10,0,0.3,13,3,0.0101994711792202,0.976
6,2,0.2,37,10,0,0.3,13,3,0.0104497984766851,0.98
6,2,0.2,76,10,0,0.3,13,3,0.0101661613994111,0.98
6,2,0.2,269,10,0,0.3,13,3,-0.00698305286391587,0.98
6,2,0.2,54,10,0,0.3,13,3,-0.00502164230940139,0.992
6,2,0.2,141,10,0,0.3,13,3,0.0113285607910996,0.992
6,2,0.2,258,10,0,0.3,14,3,1.52419393066035,0.018
6,2,0.2,130,10,0,0.3,14,3,1.12990971547211,0.03
6,2,0.2,226,10,0,0.3,14,3,0.728054327011876,0.03
6,2,0.2,154,10,0,0.3,14,3,-0.724271095539819,0.036
6,2,0.2,138,10,0,0.3,14,3,0.976154466176808,0.052
6,2,0.2,185,10,0,0.3,14,3,1.30805267495666,0.052
6,2,0.2,249,10,0,0.3,14,3,1.20284423517731,0.054
6,2,0.2,56,10,0,0.3,14,3,0.678073474062586,0.058
6,2,0.2,80,10,0,0.3,14,3,1.11218201410384,0.062
6,2,0.2,299,10,0,0.3,14,3,0.569028241854141,0.068
6,2,0.2,136,10,0,0.3,14,3,-0.734423856513473,0.07
6,2,0.2,177,10,0,0.3,14,3,1.27004455091605,0.08
6,2,0.2,69,10,0,0.3,14,3,-1.08901508214652,0.082
6,2,0.2,222,10,0,0.3,14,3,0.709085996196336,0.082
6,2,0.2,215,10,0,0.3,14,3,-0.692212243266596,0.084
6,2,0.2,292,10,0,0.3,14,3,0.785742514475402,0.084
6,2,0.2,42,10,0,0.3,14,3,1.02157619602102,0.088
6,2,0.2,278,10,0,0.3,14,3,1.07287840923127,0.088
6,2,0.2,181,10,0,0.3,14,3,-0.843082253869767,0.09
6,2,0.2,277,10,0,0.3,14,3,-0.991976599717106,0.09
6,2,0.2,68,10,0,0.3,14,3,0.459600952060015,0.092
6,2,0.2,129,10,0,0.3,14,3,0.711256505097623,0.092
6,2,0.2,5,10,0,0.3,14,3,-0.595026347475851,0.094
6,2,0.2,52,10,0,0.3,14,3,-0.524839736442033,0.098
6,2,0.2,74,10,0,0.3,14,3,-0.779001758735461,0.098
6,2,0.2,91,10,0,0.3,14,3,-0.661975293427474,0.1
6,2,0.2,203,10,0,0.3,14,3,-0.691289001767586,0.1
6,2,0.2,175,10,0,0.3,14,3,-0.884232233637306,0.102
6,2,0.2,195,10,0,0.3,14,3,0.889624664782161,0.102
6,2,0.2,213,10,0,0.3,14,3,0.756318040635563,0.102
6,2,0.2,224,10,0,0.3,14,3,-0.615570092768849,0.102
6,2,0.2,48,10,0,0.3,14,3,-0.681695733436698,0.104
6,2,0.2,293,10,0,0.3,14,3,-0.955688098280092,0.104
6,2,0.2,40,10,0,0.3,14,3,0.482071381877688,0.106
6,2,0.2,242,10,0,0.3,14,3,-0.628297366274865,0.106
6,2,0.2,137,10,0,0.3,14,3,-1.04661896482094,0.108
6,2,0.2,216,10,0,0.3,14,3,1.01439089803742,0.108
6,2,0.2,125,10,0,0.3,14,3,0.41114817060199,0.11
6,2,0.2,44,10,0,0.3,14,3,-0.674684349386695,0.112
6,2,0.2,20,10,0,0.3,14,3,0.990064919582409,0.114
6,2,0.2,123,10,0,0.3,14,3,-0.620010491062089,0.118
6,2,0.2,141,10,0,0.3,14,3,-1.49717822634051,0.118
6,2,0.2,26,10,0,0.3,14,3,0.699957486870005,0.12
6,2,0.2,251,10,0,0.3,14,3,-0.309064419358151,0.12
6,2,0.2,121,10,0,0.3,14,3,-1.05393659324531,0.122
6,2,0.2,99,10,0,0.3,14,3,-0.546969107340828,0.126
6,2,0.2,174,10,0,0.3,14,3,-0.738934576983354,0.126
6,2,0.2,189,10,0,0.3,14,3,0.782806573838144,0.126
6,2,0.2,106,10,0,0.3,14,3,0.693091938925193,0.132
6,2,0.2,94,10,0,0.3,14,3,-0.531654972827397,0.138
6,2,0.2,196,10,0,0.3,14,3,0.658667932808328,0.138
6,2,0.2,218,10,0,0.3,14,3,-0.830396584771421,0.14
6,2,0.2,295,10,0,0.3,14,3,0.373773751534003,0.14
6,2,0.2,2,10,0,0.3,14,3,0.573234366386203,0.142
6,2,0.2,67,10,0,0.3,14,3,-0.397772757247793,0.142
6,2,0.2,110,10,0,0.3,14,3,-0.759418612352022,0.142
6,2,0.2,282,10,0,0.3,14,3,-0.52960806687264,0.142
6,2,0.2,152,10,0,0.3,14,3,-0.638204274944826,0.144
6,2,0.2,180,10,0,0.3,14,3,0.498323628870878,0.144
6,2,0.2,186,10,0,0.3,14,3,0.665784834255675,0.146
6,2,0.2,255,10,0,0.3,14,3,0.652887954207898,0.148
6,2,0.2,120,10,0,0.3,14,3,-0.840059540432861,0.15
6,2,0.2,126,10,0,0.3,14,3,-0.5541515728261,0.15
6,2,0.2,162,10,0,0.3,14,3,-0.994263202183589,0.15
6,2,0.2,30,10,0,0.3,14,3,-0.379010734451896,0.152
6,2,0.2,96,10,0,0.3,14,3,-0.641598750988464,0.152
6,2,0.2,153,10,0,0.3,14,3,0.467798629175121,0.154
6,2,0.2,170,10,0,0.3,14,3,-0.707715417481751,0.156
6,2,0.2,229,10,0,0.3,14,3,-0.626116841977819,0.156
6,2,0.2,265,10,0,0.3,14,3,0.88696004597864,0.156
6,2,0.2,294,10,0,0.3,14,3,0.444504420954217,0.156
6,2,0.2,112,10,0,0.3,14,3,-0.588952456831663,0.158
6,2,0.2,118,10,0,0.3,14,3,-0.838082494924294,0.158
6,2,0.2,86,10,0,0.3,14,3,0.62823421403894,0.168
6,2,0.2,85,10,0,0.3,14,3,-0.491193960829918,0.172
6,2,0.2,191,10,0,0.3,14,3,0.440396921339243,0.172
6,2,0.2,298,10,0,0.3,14,3,-0.661023705744839,0.174
6,2,0.2,192,10,0,0.3,14,3,0.901180837858504,0.182
6,2,0.2,71,10,0,0.3,14,3,0.643500211801125,0.186
6,2,0.2,53,10,0,0.3,14,3,-0.444736342998368,0.192
6,2,0.2,159,10,0,0.3,14,3,0.486122265881505,0.204
6,2,0.2,131,10,0,0.3,14,3,0.549028132200363,0.206
6,2,0.2,202,10,0,0.3,14,3,-0.289792409925411,0.208
6,2,0.2,280,10,0,0.3,14,3,-0.545883050435663,0.214
6,2,0.2,102,10,0,0.3,14,3,-0.414566324640873,0.22
6,2,0.2,166,10,0,0.3,14,3,-0.4542363629362,0.22
6,2,0.2,117,10,0,0.3,14,3,-0.408883845006983,0.226
6,2,0.2,287,10,0,0.3,14,3,0.983727412341125,0.228
6,2,0.2,182,10,0,0.3,14,3,0.445640685450257,0.23
6,2,0.2,87,10,0,0.3,14,3,-0.490148674697963,0.24
6,2,0.2,291,10,0,0.3,14,3,0.354218582056632,0.244
6,2,0.2,283,10,0,0.3,14,3,0.263524320245551,0.258
6,2,0.2,7,10,0,0.3,14,3,0.505620177300756,0.26
6,2,0.2,261,10,0,0.3,14,3,0.295816726288507,0.264
6,2,0.2,200,10,0,0.3,14,3,0.419865143599282,0.266
6,2,0.2,157,10,0,0.3,14,3,-0.638264421762216,0.27
6,2,0.2,264,10,0,0.3,14,3,0.416269052960473,0.272
6,2,0.2,179,10,0,0.3,14,3,0.562285412602279,0.284
6,2,0.2,111,10,0,0.3,14,3,-0.526669896792015,0.286
6,2,0.2,223,10,0,0.3,14,3,0.40817576320984,0.292
6,2,0.2,3,10,0,0.3,14,3,-1.11975477283914,0.294
6,2,0.2,240,10,0,0.3,14,3,-0.549367241792027,0.294
6,2,0.2,286,10,0,0.3,14,3,0.263664941083988,0.296
6,2,0.2,133,10,0,0.3,14,3,0.353158019253243,0.298
6,2,0.2,34,10,0,0.3,14,3,0.199993048801673,0.3
6,2,0.2,114,10,0,0.3,14,3,-0.870377336537615,0.302
6,2,0.2,300,10,0,0.3,14,3,-0.213657076873972,0.304
6,2,0.2,45,10,0,0.3,14,3,0.420369159748361,0.318
6,2,0.2,276,10,0,0.3,14,3,-0.31604639213154,0.324
6,2,0.2,28,10,0,0.3,14,3,0.587384440038221,0.326
6,2,0.2,244,10,0,0.3,14,3,0.910141839200435,0.328
6,2,0.2,108,10,0,0.3,14,3,0.260426497575565,0.332
6,2,0.2,14,10,0,0.3,14,3,-0.699618803510447,0.334
6,2,0.2,16,10,0,0.3,14,3,-0.320451691599345,0.336
6,2,0.2,29,10,0,0.3,14,3,0.422224067247271,0.338
6,2,0.2,155,10,0,0.3,14,3,-0.438420765802334,0.34
6,2,0.2,128,10,0,0.3,14,3,-0.31754231500318,0.344
6,2,0.2,35,10,0,0.3,14,3,0.678666989601709,0.346
6,2,0.2,88,10,0,0.3,14,3,-0.792917401556139,0.348
6,2,0.2,82,10,0,0.3,14,3,0.442380366116765,0.356
6,2,0.2,17,10,0,0.3,14,3,0.511725550998165,0.358
6,2,0.2,184,10,0,0.3,14,3,-0.564299799781111,0.358
6,2,0.2,65,10,0,0.3,14,3,0.369717727155916,0.36
6,2,0.2,36,10,0,0.3,14,3,0.397072621504066,0.366
6,2,0.2,262,10,0,0.3,14,3,-0.755671206219773,0.368
6,2,0.2,254,10,0,0.3,14,3,0.43779693294104,0.37
6,2,0.2,62,10,0,0.3,14,3,0.307936959062062,0.374
6,2,0.2,245,10,0,0.3,14,3,0.393596130077071,0.38
6,2,0.2,209,10,0,0.3,14,3,0.325988622133849,0.384
6,2,0.2,219,10,0,0.3,14,3,-0.438014296483573,0.388
6,2,0.2,139,10,0,0.3,14,3,-0.294903597234935,0.39
6,2,0.2,241,10,0,0.3,14,3,-0.474845574742602,0.398
6,2,0.2,109,10,0,0.3,14,3,-0.392551428814357,0.4
6,2,0.2,236,10,0,0.3,14,3,-0.499870960657717,0.402
6,2,0.2,234,10,0,0.3,14,3,0.601927187453867,0.41
6,2,0.2,51,10,0,0.3,14,3,0.465291280904466,0.414
6,2,0.2,193,10,0,0.3,14,3,-0.383033355848397,0.432
6,2,0.2,46,10,0,0.3,14,3,-0.724180992808442,0.434
6,2,0.2,201,10,0,0.3,14,3,-0.49048440750056,0.438
6,2,0.2,230,10,0,0.3,14,3,0.31637745757331,0.444
6,2,0.2,11,10,0,0.3,14,3,0.447812612643219,0.454
6,2,0.2,127,10,0,0.3,14,3,0.382298982631113,0.454
6,2,0.2,173,10,0,0.3,14,3,0.544984792163774,0.454
6,2,0.2,58,10,0,0.3,14,3,0.591162517344941,0.456
6,2,0.2,73,10,0,0.3,14,3,-0.306542551745338,0.462
6,2,0.2,248,10,0,0.3,14,3,-0.813772613015146,0.47
6,2,0.2,113,10,0,0.3,14,3,0.738000869950611,0.474
6,2,0.2,59,10,0,0.3,14,3,-0.867013863821455,0.476
6,2,0.2,168,10,0,0.3,14,3,-0.25149497878283,0.48
6,2,0.2,89,10,0,0.3,14,3,-0.49507734596537,0.482
6,2,0.2,72,10,0,0.3,14,3,0.255468322688159,0.484
6,2,0.2,172,10,0,0.3,14,3,-0.366047444121222,0.486
6,2,0.2,232,10,0,0.3,14,3,0.892899369714769,0.488
6,2,0.2,207,10,0,0.3,14,3,0.362018585675969,0.49
6,2,0.2,227,10,0,0.3,14,3,-0.242915156885147,0.496
6,2,0.2,57,10,0,0.3,14,3,0.213111115312614,0.498
6,2,0.2,204,10,0,0.3,14,3,-0.563657882592167,0.5
6,2,0.2,38,10,0,0.3,14,3,-0.35682399212962,0.502
6,2,0.2,61,10,0,0.3,14,3,-0.237637910171571,0.506
6,2,0.2,194,10,0,0.3,14,3,0.314160666402472,0.512
6,2,0.2,290,10,0,0.3,14,3,0.412457276536145,0.512
6,2,0.2,92,10,0,0.3,14,3,0.219411862324222,0.514
6,2,0.2,115,10,0,0.3,14,3,0.21662677913227,0.52
6,2,0.2,267,10,0,0.3,14,3,0.34829054950464,0.522
6,2,0.2,274,10,0,0.3,14,3,-0.48372564076999,0.522
6,2,0.2,246,10,0,0.3,14,3,-0.378144588133608,0.53
6,2,0.2,81,10,0,0.3,14,3,0.307707530211104,0.544
6,2,0.2,101,10,0,0.3,14,3,0.130860692796745,0.546
6,2,0.2,1,10,0,0.3,14,3,-0.64079164283666,0.55
6,2,0.2,23,10,0,0.3,14,3,0.248573818923063,0.55
6,2,0.2,238,10,0,0.3,14,3,0.110041290760506,0.55
6,2,0.2,167,10,0,0.3,14,3,0.404317159501488,0.556
6,2,0.2,104,10,0,0.3,14,3,-0.343797692418576,0.558
6,2,0.2,183,10,0,0.3,14,3,-0.329371282834273,0.562
6,2,0.2,6,10,0,0.3,14,3,0.730345666270608,0.564
6,2,0.2,243,10,0,0.3,14,3,0.193887417617304,0.564
6,2,0.2,163,10,0,0.3,14,3,-0.187266846405294,0.566
6,2,0.2,122,10,0,0.3,14,3,-0.367188010447194,0.57
6,2,0.2,279,10,0,0.3,14,3,0.228501878367837,0.572
6,2,0.2,60,10,0,0.3,14,3,0.230073318228534,0.582
6,2,0.2,161,10,0,0.3,14,3,-0.280338601301764,0.582
6,2,0.2,199,10,0,0.3,14,3,0.200763881594725,0.586
6,2,0.2,27,10,0,0.3,14,3,0.159478446329359,0.588
6,2,0.2,208,10,0,0.3,14,3,-0.0984455061847882,0.588
6,2,0.2,90,10,0,0.3,14,3,-0.177305634369844,0.592
6,2,0.2,210,10,0,0.3,14,3,0.165401176821973,0.592
6,2,0.2,270,10,0,0.3,14,3,-0.264859307490326,0.594
6,2,0.2,70,10,0,0.3,14,3,-0.19884656266612,0.596
6,2,0.2,284,10,0,0.3,14,3,0.675006314689284,0.598
6,2,0.2,211,10,0,0.3,14,3,0.308967333052124,0.606
6,2,0.2,260,10,0,0.3,14,3,-0.591840229103155,0.606
6,2,0.2,124,10,0,0.3,14,3,-0.745360038077195,0.608
6,2,0.2,205,10,0,0.3,14,3,0.444021949006611,0.608
6,2,0.2,97,10,0,0.3,14,3,-0.427423439809814,0.612
6,2,0.2,95,10,0,0.3,14,3,-0.252177889702551,0.62
6,2,0.2,19,10,0,0.3,14,3,0.748879543799148,0.622
6,2,0.2,49,10,0,0.3,14,3,-0.355564286470212,0.622
6,2,0.2,25,10,0,0.3,14,3,-0.258037570890934,0.624
6,2,0.2,31,10,0,0.3,14,3,0.384176421810849,0.628
6,2,0.2,225,10,0,0.3,14,3,0.502127215249828,0.628
6,2,0.2,150,10,0,0.3,14,3,-0.151857418402528,0.63
6,2,0.2,158,10,0,0.3,14,3,-0.520795328811374,0.63
6,2,0.2,250,10,0,0.3,14,3,0.283240241971356,0.634
6,2,0.2,235,10,0,0.3,14,3,-0.613491849556368,0.636
6,2,0.2,142,10,0,0.3,14,3,0.136497580427005,0.642
6,2,0.2,83,10,0,0.3,14,3,-0.213624309394532,0.644
6,2,0.2,176,10,0,0.3,14,3,-0.426153715530347,0.646
6,2,0.2,187,10,0,0.3,14,3,0.393855776155249,0.652
6,2,0.2,273,10,0,0.3,14,3,-0.232940080983781,0.656
6,2,0.2,103,10,0,0.3,14,3,0.284228085860576,0.658
6,2,0.2,149,10,0,0.3,14,3,-0.338423413915365,0.662
6,2,0.2,198,10,0,0.3,14,3,-0.292368491188142,0.662
6,2,0.2,281,10,0,0.3,14,3,-0.348727644289767,0.664
6,2,0.2,171,10,0,0.3,14,3,-0.225146611673267,0.666
6,2,0.2,164,10,0,0.3,14,3,-0.445611538057733,0.668
6,2,0.2,220,10,0,0.3,14,3,0.132112562934736,0.67
6,2,0.2,32,10,0,0.3,14,3,-0.250703435781446,0.672
6,2,0.2,156,10,0,0.3,14,3,0.20807461991123,0.672
6,2,0.2,272,10,0,0.3,14,3,-0.351127505053057,0.672
6,2,0.2,37,10,0,0.3,14,3,0.206486138872663,0.674
6,2,0.2,146,10,0,0.3,14,3,0.126684777227126,0.676
6,2,0.2,252,10,0,0.3,14,3,-0.18610537178904,0.676
6,2,0.2,148,10,0,0.3,14,3,-0.451765988469845,0.678
6,2,0.2,4,10,0,0.3,14,3,-0.171442260072155,0.68
6,2,0.2,64,10,0,0.3,14,3,0.103216592289044,0.684
6,2,0.2,256,10,0,0.3,14,3,0.217198778709189,0.69
6,2,0.2,43,10,0,0.3,14,3,-0.439185822872503,0.696
6,2,0.2,22,10,0,0.3,14,3,-0.470073180200927,0.698
6,2,0.2,231,10,0,0.3,14,3,0.119080394197738,0.706
6,2,0.2,39,10,0,0.3,14,3,-0.241109321607269,0.708
6,2,0.2,33,10,0,0.3,14,3,0.12023785944902,0.712
6,2,0.2,12,10,0,0.3,14,3,-0.257372229212137,0.724
6,2,0.2,206,10,0,0.3,14,3,0.1848810947115,0.726
6,2,0.2,263,10,0,0.3,14,3,0.236139602341268,0.726
6,2,0.2,47,10,0,0.3,14,3,-0.292460513037412,0.728
6,2,0.2,275,10,0,0.3,14,3,-0.127127452336509,0.732
6,2,0.2,140,10,0,0.3,14,3,-0.10191901927297,0.734
6,2,0.2,247,10,0,0.3,14,3,-0.184467604587383,0.734
6,2,0.2,160,10,0,0.3,14,3,-0.200165575025579,0.736
6,2,0.2,217,10,0,0.3,14,3,-0.145344121091597,0.736
6,2,0.2,100,10,0,0.3,14,3,-0.154001274126529,0.746
6,2,0.2,76,10,0,0.3,14,3,0.110659598824185,0.756
6,2,0.2,285,10,0,0.3,14,3,0.260587075545516,0.756
6,2,0.2,66,10,0,0.3,14,3,0.139997687378667,0.76
6,2,0.2,55,10,0,0.3,14,3,-0.128313107641816,0.764
6,2,0.2,41,10,0,0.3,14,3,0.117602513659449,0.768
6,2,0.2,84,10,0,0.3,14,3,0.0721930587351096,0.77
6,2,0.2,54,10,0,0.3,14,3,0.148750051600075,0.772
6,2,0.2,105,10,0,0.3,14,3,-0.121257789354956,0.772
6,2,0.2,116,10,0,0.3,14,3,0.13992217502269,0.778
6,2,0.2,237,10,0,0.3,14,3,-0.122835020139377,0.778
6,2,0.2,253,10,0,0.3,14,3,0.0741736984827526,0.78
6,2,0.2,63,10,0,0.3,14,3,0.144533581477191,0.782
6,2,0.2,143,10,0,0.3,14,3,-0.125183900662591,0.782
6,2,0.2,18,10,0,0.3,14,3,-0.124266514140402,0.786
6,2,0.2,169,10,0,0.3,14,3,0.223513682101668,0.786
6,2,0.2,288,10,0,0.3,14,3,0.125393042206554,0.792
6,2,0.2,8,10,0,0.3,14,3,-0.197570023812119,0.798
6,2,0.2,271,10,0,0.3,14,3,-0.0917894570704334,0.8
6,2,0.2,144,10,0,0.3,14,3,0.167504413234496,0.806
6,2,0.2,145,10,0,0.3,14,3,-0.107816265743196,0.806
6,2,0.2,132,10,0,0.3,14,3,0.123973524701398,0.81
6,2,0.2,135,10,0,0.3,14,3,-0.120720550430491,0.81
6,2,0.2,21,10,0,0.3,14,3,0.0776505083104837,0.822
6,2,0.2,98,10,0,0.3,14,3,0.0803815624062167,0.822
6,2,0.2,134,10,0,0.3,14,3,-0.146883185778933,0.826
6,2,0.2,75,10,0,0.3,14,3,0.130470982332696,0.828
6,2,0.2,289,10,0,0.3,14,3,0.11697394073849,0.828
6,2,0.2,197,10,0,0.3,14,3,-0.0515504343901227,0.832
6,2,0.2,165,10,0,0.3,14,3,0.099096633805317,0.85
6,2,0.2,77,10,0,0.3,14,3,-0.117117117485805,0.852
6,2,0.2,79,10,0,0.3,14,3,-0.0795135144561243,0.858
6,2,0.2,259,10,0,0.3,14,3,0.0629718385028752,0.858
6,2,0.2,269,10,0,0.3,14,3,0.130503071936715,0.862
6,2,0.2,107,10,0,0.3,14,3,-0.0536481572376317,0.868
6,2,0.2,24,10,0,0.3,14,3,0.0867452907096151,0.888
6,2,0.2,50,10,0,0.3,14,3,0.0743521501984787,0.888
6,2,0.2,119,10,0,0.3,14,3,0.0485617488963896,0.892
6,2,0.2,268,10,0,0.3,14,3,0.0112489062690884,0.894
6,2,0.2,188,10,0,0.3,14,3,-0.0630410562109489,0.896
6,2,0.2,10,10,0,0.3,14,3,-0.0312855610749807,0.9
6,2,0.2,239,10,0,0.3,14,3,0.0707190948384095,0.904
6,2,0.2,93,10,0,0.3,14,3,-0.0878908768164877,0.914
6,2,0.2,296,10,0,0.3,14,3,0.0232708915622766,0.918
6,2,0.2,13,10,0,0.3,14,3,0.058361620952212,0.934
6,2,0.2,15,10,0,0.3,14,3,-0.0479664332722223,0.934
6,2,0.2,228,10,0,0.3,14,3,-0.0406268020311984,0.936
6,2,0.2,233,10,0,0.3,14,3,0.0224937115498562,0.942
6,2,0.2,190,10,0,0.3,14,3,-0.0368839636509222,0.944
6,2,0.2,212,10,0,0.3,14,3,0.0390904920686239,0.95
6,2,0.2,78,10,0,0.3,14,3,-0.0130298705227574,0.962
6,2,0.2,9,10,0,0.3,14,3,0.0235958648255234,0.964
6,2,0.2,257,10,0,0.3,14,3,-0.0327059535672163,0.97
6,2,0.2,214,10,0,0.3,14,3,-0.0205223650809216,0.976
6,2,0.2,221,10,0,0.3,14,3,-0.0196757373063292,0.976
6,2,0.2,297,10,0,0.3,14,3,0.00366035850589697,0.976
6,2,0.2,266,10,0,0.3,14,3,-0.00829748494473392,0.978
6,2,0.2,178,10,0,0.3,14,3,0.00288042319203896,0.99
6,2,0.2,147,10,0,0.3,14,3,0.0016867048503002,0.998
6,2,0.2,151,10,0,0.3,14,3,-0.00101613914523568,0.998
6,2,0.2,169,10,0,0.3,15,3,-1.24598201818236,0.016
6,2,0.2,53,10,0,0.3,15,3,-2.07565637057016,0.024
6,2,0.2,257,10,0,0.3,15,3,1.23139781152898,0.032
6,2,0.2,185,10,0,0.3,15,3,-1.22183225877521,0.048
6,2,0.2,228,10,0,0.3,15,3,-1.0014895745264,0.048
6,2,0.2,95,10,0,0.3,15,3,1.06716157111597,0.05
6,2,0.2,244,10,0,0.3,15,3,-0.845708605011339,0.054
6,2,0.2,128,10,0,0.3,15,3,-1.4097533134472,0.056
6,2,0.2,103,10,0,0.3,15,3,1.00133944220877,0.06
6,2,0.2,211,10,0,0.3,15,3,1.12894163602175,0.06
6,2,0.2,117,10,0,0.3,15,3,-1.31635682097453,0.066
6,2,0.2,180,10,0,0.3,15,3,0.640509972521528,0.07
6,2,0.2,236,10,0,0.3,15,3,-0.711440473598628,0.07
6,2,0.2,267,10,0,0.3,15,3,-1.02458640438206,0.07
6,2,0.2,198,10,0,0.3,15,3,0.450063973364792,0.074
6,2,0.2,24,10,0,0.3,15,3,0.750213703558046,0.076
6,2,0.2,246,10,0,0.3,15,3,1.26701626800215,0.078
6,2,0.2,126,10,0,0.3,15,3,0.799410720218532,0.08
6,2,0.2,131,10,0,0.3,15,3,-0.918163483751727,0.08
6,2,0.2,6,10,0,0.3,15,3,1.06332864936081,0.082
6,2,0.2,101,10,0,0.3,15,3,-1.1668589695837,0.084
6,2,0.2,102,10,0,0.3,15,3,-0.835912456568735,0.084
6,2,0.2,148,10,0,0.3,15,3,0.782786024704393,0.088
6,2,0.2,29,10,0,0.3,15,3,-1.15989395882667,0.09
6,2,0.2,287,10,0,0.3,15,3,-0.71109798509454,0.09
6,2,0.2,86,10,0,0.3,15,3,0.679554424678003,0.096
6,2,0.2,130,10,0,0.3,15,3,-0.615009639385249,0.096
6,2,0.2,94,10,0,0.3,15,3,0.421420309114097,0.098
6,2,0.2,153,10,0,0.3,15,3,-1.14446493922108,0.1
6,2,0.2,142,10,0,0.3,15,3,0.832181455623328,0.102
6,2,0.2,191,10,0,0.3,15,3,-0.750322442143471,0.104
6,2,0.2,205,10,0,0.3,15,3,0.849947912414706,0.106
6,2,0.2,31,10,0,0.3,15,3,1.1442917142696,0.108
6,2,0.2,47,10,0,0.3,15,3,0.964239273907651,0.108
6,2,0.2,271,10,0,0.3,15,3,0.807990882457403,0.11
6,2,0.2,268,10,0,0.3,15,3,-0.735905142013991,0.112
6,2,0.2,77,10,0,0.3,15,3,0.652879033878946,0.114
6,2,0.2,147,10,0,0.3,15,3,0.920372558100894,0.116
6,2,0.2,269,10,0,0.3,15,3,0.38623238116574,0.116
6,2,0.2,13,10,0,0.3,15,3,-1.00896315186665,0.118
6,2,0.2,122,10,0,0.3,15,3,0.658090105483126,0.118
6,2,0.2,212,10,0,0.3,15,3,-0.756516600590686,0.118
6,2,0.2,220,10,0,0.3,15,3,-0.660453168384663,0.118
6,2,0.2,39,10,0,0.3,15,3,0.816491626955241,0.12
6,2,0.2,190,10,0,0.3,15,3,1.03002678864109,0.12
6,2,0.2,46,10,0,0.3,15,3,0.838711748647455,0.122
6,2,0.2,69,10,0,0.3,15,3,0.587847003561734,0.122
6,2,0.2,92,10,0,0.3,15,3,0.89694740620385,0.122
6,2,0.2,189,10,0,0.3,15,3,-0.562788800314109,0.122
6,2,0.2,97,10,0,0.3,15,3,-0.682816771175055,0.124
6,2,0.2,11,10,0,0.3,15,3,1.24335572652558,0.128
6,2,0.2,150,10,0,0.3,15,3,0.396147959669207,0.128
6,2,0.2,277,10,0,0.3,15,3,0.437870234779808,0.128
6,2,0.2,52,10,0,0.3,15,3,-0.700383530937444,0.13
6,2,0.2,70,10,0,0.3,15,3,0.822665088113837,0.13
6,2,0.2,121,10,0,0.3,15,3,0.750940185837806,0.13
6,2,0.2,10,10,0,0.3,15,3,-0.687668671667353,0.132
6,2,0.2,283,10,0,0.3,15,3,-1.05105261242034,0.132
6,2,0.2,294,10,0,0.3,15,3,0.669474320589501,0.132
6,2,0.2,143,10,0,0.3,15,3,1.07285612821306,0.136
6,2,0.2,176,10,0,0.3,15,3,0.947162904259642,0.138
6,2,0.2,188,10,0,0.3,15,3,-0.382620679518681,0.14
6,2,0.2,199,10,0,0.3,15,3,-0.563148566182207,0.142
6,2,0.2,40,10,0,0.3,15,3,-0.477015012688668,0.144
6,2,0.2,156,10,0,0.3,15,3,-0.206743963561394,0.144
6,2,0.2,221,10,0,0.3,15,3,-0.807714338204647,0.146
6,2,0.2,260,10,0,0.3,15,3,-0.465645839115183,0.148
6,2,0.2,299,10,0,0.3,15,3,0.808312607183353,0.15
6,2,0.2,255,10,0,0.3,15,3,1.05779270172562,0.154
6,2,0.2,75,10,0,0.3,15,3,0.620981720200575,0.158
6,2,0.2,35,10,0,0.3,15,3,0.457751099757019,0.16
6,2,0.2,218,10,0,0.3,15,3,-0.528500818822806,0.16
6,2,0.2,252,10,0,0.3,15,3,-0.471334380784981,0.162
6,2,0.2,45,10,0,0.3,15,3,0.475720632901925,0.172
6,2,0.2,231,10,0,0.3,15,3,-0.59953747162416,0.174
6,2,0.2,136,10,0,0.3,15,3,0.451919705918556,0.18
6,2,0.2,84,10,0,0.3,15,3,0.434728718186875,0.182
6,2,0.2,106,10,0,0.3,15,3,0.76732720415103,0.184
6,2,0.2,67,10,0,0.3,15,3,-0.633588666962538,0.186
6,2,0.2,99,10,0,0.3,15,3,0.557492076289492,0.192
6,2,0.2,90,10,0,0.3,15,3,0.619036381844722,0.198
6,2,0.2,71,10,0,0.3,15,3,0.461988210567199,0.202
6,2,0.2,91,10,0,0.3,15,3,-0.227421181239208,0.202
6,2,0.2,73,10,0,0.3,15,3,0.421473554856561,0.206
6,2,0.2,93,10,0,0.3,15,3,-0.664108819113778,0.206
6,2,0.2,202,10,0,0.3,15,3,0.523367994273798,0.206
6,2,0.2,288,10,0,0.3,15,3,-0.835914792001432,0.21
6,2,0.2,274,10,0,0.3,15,3,0.515786599180615,0.222
6,2,0.2,26,10,0,0.3,15,3,-0.397240182005874,0.224
6,2,0.2,33,10,0,0.3,15,3,0.755184548026449,0.226
6,2,0.2,295,10,0,0.3,15,3,-0.486372202992982,0.226
6,2,0.2,96,10,0,0.3,15,3,0.546811771414582,0.23
6,2,0.2,72,10,0,0.3,15,3,-0.370475284714132,0.238
6,2,0.2,113,10,0,0.3,15,3,0.369865354586011,0.238
6,2,0.2,146,10,0,0.3,15,3,-0.615716095520554,0.242
6,2,0.2,59,10,0,0.3,15,3,0.589204370108746,0.244
6,2,0.2,155,10,0,0.3,15,3,-1.09936236241705,0.244
6,2,0.2,41,10,0,0.3,15,3,-0.48005615893706,0.248
6,2,0.2,74,10,0,0.3,15,3,0.539864128786178,0.252
6,2,0.2,222,10,0,0.3,15,3,0.424687699272141,0.254
6,2,0.2,1,10,0,0.3,15,3,0.574753507293877,0.256
6,2,0.2,265,10,0,0.3,15,3,-0.713253426018156,0.258
6,2,0.2,149,10,0,0.3,15,3,0.422520435214267,0.262
6,2,0.2,123,10,0,0.3,15,3,0.408592168376998,0.288
6,2,0.2,154,10,0,0.3,15,3,-0.536726000313109,0.288
6,2,0.2,264,10,0,0.3,15,3,-0.34311132219517,0.292
6,2,0.2,217,10,0,0.3,15,3,-0.436339402478694,0.294
6,2,0.2,289,10,0,0.3,15,3,0.135680643806239,0.296
6,2,0.2,250,10,0,0.3,15,3,0.27483438978939,0.304
6,2,0.2,55,10,0,0.3,15,3,-0.395816361863268,0.312
6,2,0.2,278,10,0,0.3,15,3,0.262793702345562,0.312
6,2,0.2,108,10,0,0.3,15,3,-0.382964267664079,0.316
6,2,0.2,249,10,0,0.3,15,3,-0.301079429347084,0.316
6,2,0.2,63,10,0,0.3,15,3,-0.253400985324589,0.318
6,2,0.2,254,10,0,0.3,15,3,-0.456390506558591,0.338
6,2,0.2,12,10,0,0.3,15,3,0.30153129503492,0.34
6,2,0.2,8,10,0,0.3,15,3,-0.255483996516233,0.348
6,2,0.2,116,10,0,0.3,15,3,0.673271694255703,0.348
6,2,0.2,144,10,0,0.3,15,3,0.409339866434635,0.348
6,2,0.2,227,10,0,0.3,15,3,0.608769642269777,0.356
6,2,0.2,214,10,0,0.3,15,3,-0.810213931373539,0.364
6,2,0.2,119,10,0,0.3,15,3,-0.409820992549868,0.368
6,2,0.2,83,10,0,0.3,15,3,0.236635006390941,0.372
6,2,0.2,291,10,0,0.3,15,3,0.336125945749387,0.38
6,2,0.2,266,10,0,0.3,15,3,-0.180377849477509,0.382
6,2,0.2,233,10,0,0.3,15,3,0.490126544032904,0.384
6,2,0.2,167,10,0,0.3,15,3,-0.500029612667902,0.386
6,2,0.2,80,10,0,0.3,15,3,-0.497541357342669,0.388
6,2,0.2,157,10,0,0.3,15,3,0.61211762484848,0.394
6,2,0.2,32,10,0,0.3,15,3,-0.269742934046604,0.396
6,2,0.2,174,10,0,0.3,15,3,0.258710590327098,0.402
6,2,0.2,170,10,0,0.3,15,3,0.32379820201848,0.404
6,2,0.2,110,10,0,0.3,15,3,-0.302053998597103,0.41
6,2,0.2,105,10,0,0.3,15,3,0.465434669979345,0.412
6,2,0.2,213,10,0,0.3,15,3,-0.542798719244644,0.412
6,2,0.2,164,10,0,0.3,15,3,-0.625636400297168,0.422
6,2,0.2,81,10,0,0.3,15,3,-0.416969620371674,0.43
6,2,0.2,193,10,0,0.3,15,3,0.412888533352231,0.432
6,2,0.2,216,10,0,0.3,15,3,0.359522741253755,0.432
6,2,0.2,239,10,0,0.3,15,3,0.546393075720317,0.432
6,2,0.2,3,10,0,0.3,15,3,0.475615552407305,0.434
6,2,0.2,129,10,0,0.3,15,3,-0.492113677516272,0.44
6,2,0.2,172,10,0,0.3,15,3,-0.463308952243295,0.44
6,2,0.2,235,10,0,0.3,15,3,0.534104829161947,0.44
6,2,0.2,30,10,0,0.3,15,3,1.08511108124796,0.444
6,2,0.2,285,10,0,0.3,15,3,0.543895984052654,0.446
6,2,0.2,179,10,0,0.3,15,3,0.288690142100165,0.456
6,2,0.2,261,10,0,0.3,15,3,0.391263767777389,0.456
6,2,0.2,166,10,0,0.3,15,3,0.288225990045305,0.458
6,2,0.2,21,10,0,0.3,15,3,-0.472464105539444,0.462
6,2,0.2,49,10,0,0.3,15,3,-0.328164072698797,0.464
6,2,0.2,111,10,0,0.3,15,3,-0.232263910177323,0.464
6,2,0.2,60,10,0,0.3,15,3,0.395580619818247,0.466
6,2,0.2,230,10,0,0.3,15,3,0.211607385067055,0.466
6,2,0.2,173,10,0,0.3,15,3,-0.389018982432503,0.47
6,2,0.2,292,10,0,0.3,15,3,0.169341440855192,0.476
6,2,0.2,152,10,0,0.3,15,3,0.380800777064735,0.478
6,2,0.2,133,10,0,0.3,15,3,-0.54067903709668,0.482
6,2,0.2,162,10,0,0.3,15,3,-0.296355757006467,0.484
6,2,0.2,296,10,0,0.3,15,3,0.359144071643328,0.484
6,2,0.2,22,10,0,0.3,15,3,0.342634561076409,0.486
6,2,0.2,223,10,0,0.3,15,3,-0.272670467659168,0.496
6,2,0.2,181,10,0,0.3,15,3,0.335304702579549,0.498
6,2,0.2,210,10,0,0.3,15,3,0.284663649474908,0.5
6,2,0.2,20,10,0,0.3,15,3,0.380146754412294,0.512
6,2,0.2,187,10,0,0.3,15,3,-0.367458148931547,0.512
6,2,0.2,276,10,0,0.3,15,3,0.259780235160605,0.516
6,2,0.2,168,10,0,0.3,15,3,0.319458990018376,0.518
6,2,0.2,207,10,0,0.3,15,3,-0.456074935542716,0.52
6,2,0.2,61,10,0,0.3,15,3,-0.255352777929858,0.526
6,2,0.2,88,10,0,0.3,15,3,0.303086095318491,0.532
6,2,0.2,194,10,0,0.3,15,3,0.425616144285556,0.536
6,2,0.2,58,10,0,0.3,15,3,0.432589105058298,0.538
6,2,0.2,165,10,0,0.3,15,3,-0.29899490504917,0.542
6,2,0.2,19,10,0,0.3,15,3,0.390066381835965,0.558
6,2,0.2,109,10,0,0.3,15,3,0.216523496992068,0.558
6,2,0.2,132,10,0,0.3,15,3,-0.26877767764762,0.558
6,2,0.2,120,10,0,0.3,15,3,0.655191264761783,0.56
6,2,0.2,57,10,0,0.3,15,3,0.175894096164598,0.566
6,2,0.2,107,10,0,0.3,15,3,-0.606911010480331,0.566
6,2,0.2,79,10,0,0.3,15,3,0.19387807279918,0.572
6,2,0.2,115,10,0,0.3,15,3,-0.577542808903388,0.578
6,2,0.2,159,10,0,0.3,15,3,-0.282977798533892,0.578
6,2,0.2,50,10,0,0.3,15,3,0.426667607204195,0.582
6,2,0.2,196,10,0,0.3,15,3,-0.343290223970882,0.582
6,2,0.2,282,10,0,0.3,15,3,0.636453989786588,0.582
6,2,0.2,4,10,0,0.3,15,3,0.251745480904589,0.584
6,2,0.2,23,10,0,0.3,15,3,0.27444302491503,0.592
6,2,0.2,219,10,0,0.3,15,3,0.357834404968258,0.594
6,2,0.2,34,10,0,0.3,15,3,-0.201373057143599,0.598
6,2,0.2,208,10,0,0.3,15,3,-0.314207415192982,0.598
6,2,0.2,284,10,0,0.3,15,3,0.295039786010108,0.598
6,2,0.2,36,10,0,0.3,15,3,0.141970024666222,0.602
6,2,0.2,270,10,0,0.3,15,3,0.157814502905211,0.602
6,2,0.2,114,10,0,0.3,15,3,-0.311067080653487,0.604
6,2,0.2,263,10,0,0.3,15,3,-0.192121971624118,0.61
6,2,0.2,15,10,0,0.3,15,3,-0.601401117734667,0.614
6,2,0.2,279,10,0,0.3,15,3,-0.602098588541992,0.614
6,2,0.2,124,10,0,0.3,15,3,0.172897308735827,0.62
6,2,0.2,151,10,0,0.3,15,3,-0.443393518816322,0.62
6,2,0.2,100,10,0,0.3,15,3,-0.196141440180469,0.622
6,2,0.2,247,10,0,0.3,15,3,0.502067881149117,0.622
6,2,0.2,253,10,0,0.3,15,3,0.508841325993842,0.622
6,2,0.2,229,10,0,0.3,15,3,0.191411226279371,0.628
6,2,0.2,76,10,0,0.3,15,3,-0.221027474757534,0.63
6,2,0.2,206,10,0,0.3,15,3,0.470740770278724,0.63
6,2,0.2,240,10,0,0.3,15,3,0.256927560348373,0.63
6,2,0.2,259,10,0,0.3,15,3,0.400034480584111,0.63
6,2,0.2,251,10,0,0.3,15,3,0.176569788177062,0.634
6,2,0.2,139,10,0,0.3,15,3,-0.53367331705104,0.636
6,2,0.2,286,10,0,0.3,15,3,0.201609497827292,0.638
6,2,0.2,18,10,0,0.3,15,3,-0.257844002978629,0.642
6,2,0.2,66,10,0,0.3,15,3,0.470050879765324,0.642
6,2,0.2,245,10,0,0.3,15,3,-0.47476383395707,0.642
6,2,0.2,78,10,0,0.3,15,3,0.224068756338255,0.644
6,2,0.2,200,10,0,0.3,15,3,-0.346878223843476,0.646
6,2,0.2,256,10,0,0.3,15,3,0.210227404255789,0.656
6,2,0.2,44,10,0,0.3,15,3,0.464686658014557,0.658
6,2,0.2,238,10,0,0.3,15,3,0.148145038604724,0.658
6,2,0.2,37,10,0,0.3,15,3,-0.424813159726085,0.66
6,2,0.2,281,10,0,0.3,15,3,-0.609600701292237,0.66
6,2,0.2,27,10,0,0.3,15,3,0.274808554046984,0.672
6,2,0.2,248,10,0,0.3,15,3,0.28834291949974,0.672
6,2,0.2,201,10,0,0.3,15,3,0.372438249449402,0.674
6,2,0.2,125,10,0,0.3,15,3,0.161151752078069,0.676
6,2,0.2,98,10,0,0.3,15,3,0.163407598086536,0.682
6,2,0.2,242,10,0,0.3,15,3,0.372979731695295,0.688
6,2,0.2,273,10,0,0.3,15,3,0.196849259886591,0.69
6,2,0.2,5,10,0,0.3,15,3,0.114552975782487,0.692
6,2,0.2,226,10,0,0.3,15,3,-0.288377210313257,0.692
6,2,0.2,85,10,0,0.3,15,3,-0.162995126422572,0.696
6,2,0.2,232,10,0,0.3,15,3,0.288714710343072,0.698
6,2,0.2,182,10,0,0.3,15,3,0.10149420394103,0.7
6,2,0.2,14,10,0,0.3,15,3,-0.136420621113899,0.702
6,2,0.2,177,10,0,0.3,15,3,-0.307857016610143,0.702
6,2,0.2,290,10,0,0.3,15,3,0.325481310453711,0.702
6,2,0.2,9,10,0,0.3,15,3,-0.291706818033447,0.71
6,2,0.2,48,10,0,0.3,15,3,0.221986610253992,0.714
6,2,0.2,65,10,0,0.3,15,3,0.325449379487679,0.714
6,2,0.2,127,10,0,0.3,15,3,-0.100509640004475,0.716
6,2,0.2,87,10,0,0.3,15,3,-0.180877747791328,0.718
6,2,0.2,178,10,0,0.3,15,3,-0.2721858078651,0.72
6,2,0.2,298,10,0,0.3,15,3,0.187568482748077,0.724
6,2,0.2,17,10,0,0.3,15,3,-0.0808170015564826,0.726
6,2,0.2,192,10,0,0.3,15,3,-0.14496583913882,0.726
6,2,0.2,7,10,0,0.3,15,3,-0.132791643138376,0.73
6,2,0.2,262,10,0,0.3,15,3,-0.321040312216979,0.738
6,2,0.2,163,10,0,0.3,15,3,-0.219715485719348,0.746
6,2,0.2,64,10,0,0.3,15,3,0.160185450147708,0.75
6,2,0.2,138,10,0,0.3,15,3,0.0712782942351282,0.75
6,2,0.2,224,10,0,0.3,15,3,-0.0834295255991151,0.754
6,2,0.2,175,10,0,0.3,15,3,-0.0527114762424503,0.756
6,2,0.2,43,10,0,0.3,15,3,0.126355511689411,0.762
6,2,0.2,197,10,0,0.3,15,3,-0.203579494784321,0.764
6,2,0.2,171,10,0,0.3,15,3,-0.160628958650591,0.766
6,2,0.2,234,10,0,0.3,15,3,-0.161020367043363,0.77
6,2,0.2,243,10,0,0.3,15,3,0.122307364630302,0.776
6,2,0.2,104,10,0,0.3,15,3,0.14989238769823,0.778
6,2,0.2,186,10,0,0.3,15,3,-0.0978713320656652,0.778
6,2,0.2,203,10,0,0.3,15,3,-0.169947563322154,0.778
6,2,0.2,134,10,0,0.3,15,3,0.068337854004767,0.78
6,2,0.2,2,10,0,0.3,15,3,0.174133493613567,0.784
6,2,0.2,28,10,0,0.3,15,3,0.112052848034608,0.788
6,2,0.2,183,10,0,0.3,15,3,0.136688996097746,0.794
6,2,0.2,237,10,0,0.3,15,3,-0.0774797305096513,0.794
6,2,0.2,38,10,0,0.3,15,3,0.248929555409205,0.796
6,2,0.2,160,10,0,0.3,15,3,0.123177506580674,0.798
6,2,0.2,112,10,0,0.3,15,3,-0.119362504185773,0.8
6,2,0.2,135,10,0,0.3,15,3,0.0534993767895173,0.816
6,2,0.2,195,10,0,0.3,15,3,0.0919497008277119,0.816
6,2,0.2,209,10,0,0.3,15,3,0.107263625788107,0.826
6,2,0.2,158,10,0,0.3,15,3,0.0740034570528678,0.828
6,2,0.2,161,10,0,0.3,15,3,-0.0660341913777245,0.86
6,2,0.2,225,10,0,0.3,15,3,-0.0869908673181783,0.868
6,2,0.2,42,10,0,0.3,15,3,-0.111981062895467,0.87
6,2,0.2,280,10,0,0.3,15,3,0.0975213050681134,0.87
6,2,0.2,54,10,0,0.3,15,3,0.0814116962604601,0.874
6,2,0.2,16,10,0,0.3,15,3,0.0923046307927109,0.882
6,2,0.2,141,10,0,0.3,15,3,-0.0590735857292941,0.884
6,2,0.2,89,10,0,0.3,15,3,0.0731560127929072,0.886
6,2,0.2,241,10,0,0.3,15,3,-0.0583141600211263,0.886
6,2,0.2,56,10,0,0.3,15,3,-0.0782957886315216,0.89
6,2,0.2,272,10,0,0.3,15,3,-0.0820905493717135,0.894
6,2,0.2,204,10,0,0.3,15,3,0.0582167482542388,0.908
6,2,0.2,184,10,0,0.3,15,3,0.0414185081216942,0.91
6,2,0.2,68,10,0,0.3,15,3,0.0240703609442505,0.92
6,2,0.2,275,10,0,0.3,15,3,0.0335035553927696,0.936
6,2,0.2,140,10,0,0.3,15,3,0.00713059607548416,0.968
6,2,0.2,62,10,0,0.3,15,3,-0.0110663389122578,0.97
6,2,0.2,118,10,0,0.3,15,3,0.015382375303858,0.97
6,2,0.2,145,10,0,0.3,15,3,-0.0262847349511048,0.97
6,2,0.2,297,10,0,0.3,15,3,-0.0103840461980838,0.97
6,2,0.2,82,10,0,0.3,15,3,0.0155036058261544,0.976
6,2,0.2,300,10,0,0.3,15,3,-0.0161044271591209,0.976
6,2,0.2,258,10,0,0.3,15,3,0.0109482399206513,0.98
6,2,0.2,293,10,0,0.3,15,3,-0.0178820907387092,0.982
6,2,0.2,25,10,0,0.3,15,3,0.0117874638856676,0.984
6,2,0.2,51,10,0,0.3,15,3,-0.0182175257878612,0.984
6,2,0.2,215,10,0,0.3,15,3,-0.00731411486651723,0.984
6,2,0.2,137,10,0,0.3,15,3,-0.00518135504756856,0.994
6,2,0.2,14,10,0.3,0.3,10,3,-3.39744725035084,0
6,2,0.2,41,10,0.3,0.3,10,3,-3.45469149888376,0
6,2,0.2,46,10,0.3,0.3,10,3,-3.51230406685056,0
6,2,0.2,66,10,0.3,0.3,10,3,-3.75104373937822,0
6,2,0.2,91,10,0.3,0.3,10,3,-3.58603155134631,0
6,2,0.2,99,10,0.3,0.3,10,3,-4.65055418032841,0
6,2,0.2,138,10,0.3,0.3,10,3,-3.82145500868018,0
6,2,0.2,157,10,0.3,0.3,10,3,-4.2446720829972,0
6,2,0.2,164,10,0.3,0.3,10,3,-2.92609125860554,0
6,2,0.2,234,10,0.3,0.3,10,3,-2.22111531194832,0
6,2,0.2,242,10,0.3,0.3,10,3,-3.64749175208459,0
6,2,0.2,247,10,0.3,0.3,10,3,-3.08101822959159,0
6,2,0.2,285,10,0.3,0.3,10,3,-3.99556905209619,0
6,2,0.2,48,10,0.3,0.3,10,3,-3.02447219455973,0.002
6,2,0.2,100,10,0.3,0.3,10,3,-3.41698911708392,0.002
6,2,0.2,137,10,0.3,0.3,10,3,-2.62682439084099,0.002
6,2,0.2,152,10,0.3,0.3,10,3,-3.38181630064929,0.002
6,2,0.2,183,10,0.3,0.3,10,3,-3.00987106372784,0.002
6,2,0.2,184,10,0.3,0.3,10,3,-2.9919132779992,0.002
6,2,0.2,190,10,0.3,0.3,10,3,-3.44281921241401,0.002
6,2,0.2,206,10,0.3,0.3,10,3,-3.96042252802303,0.002
6,2,0.2,211,10,0.3,0.3,10,3,-3.14450211086483,0.002
6,2,0.2,218,10,0.3,0.3,10,3,-3.44255116757256,0.002
6,2,0.2,267,10,0.3,0.3,10,3,-3.78446182728774,0.002
6,2,0.2,270,10,0.3,0.3,10,3,-3.78416040887186,0.002
6,2,0.2,278,10,0.3,0.3,10,3,-3.04733767408013,0.002
6,2,0.2,289,10,0.3,0.3,10,3,-3.63335341935135,0.002
6,2,0.2,293,10,0.3,0.3,10,3,-2.84375207375984,0.002
6,2,0.2,295,10,0.3,0.3,10,3,-3.46629079603795,0.002
6,2,0.2,1,10,0.3,0.3,10,3,-4.33196092939605,0.004
6,2,0.2,47,10,0.3,0.3,10,3,-4.09086108250378,0.004
6,2,0.2,60,10,0.3,0.3,10,3,-3.93276252262632,0.004
6,2,0.2,67,10,0.3,0.3,10,3,-3.17943844234634,0.004
6,2,0.2,72,10,0.3,0.3,10,3,-3.72416291986559,0.004
6,2,0.2,84,10,0.3,0.3,10,3,-3.91750290890019,0.004
6,2,0.2,108,10,0.3,0.3,10,3,-2.84488414810082,0.004
6,2,0.2,126,10,0.3,0.3,10,3,-3.6817331487907,0.004
6,2,0.2,134,10,0.3,0.3,10,3,-3.34033176370497,0.004
6,2,0.2,135,10,0.3,0.3,10,3,-3.46907662286287,0.004
6,2,0.2,186,10,0.3,0.3,10,3,-2.52390578484443,0.004
6,2,0.2,251,10,0.3,0.3,10,3,-3.62009204653674,0.004
6,2,0.2,252,10,0.3,0.3,10,3,-3.77639648629309,0.004
6,2,0.2,264,10,0.3,0.3,10,3,-3.25855877411024,0.004
6,2,0.2,274,10,0.3,0.3,10,3,-3.22676021239775,0.004
6,2,0.2,8,10,0.3,0.3,10,3,-3.18917665849455,0.006
6,2,0.2,18,10,0.3,0.3,10,3,-2.28622655343526,0.006
6,2,0.2,33,10,0.3,0.3,10,3,-3.66260716229132,0.006
6,2,0.2,34,10,0.3,0.3,10,3,-3.65015845302347,0.006
6,2,0.2,45,10,0.3,0.3,10,3,-3.67502545165038,0.006
6,2,0.2,55,10,0.3,0.3,10,3,-3.30921775303301,0.006
6,2,0.2,63,10,0.3,0.3,10,3,-3.03310884647047,0.006
6,2,0.2,98,10,0.3,0.3,10,3,-2.47153033315908,0.006
6,2,0.2,123,10,0.3,0.3,10,3,-2.59122855336321,0.006
6,2,0.2,155,10,0.3,0.3,10,3,-2.17753153151688,0.006
6,2,0.2,239,10,0.3,0.3,10,3,-2.52496389551462,0.006
6,2,0.2,255,10,0.3,0.3,10,3,-3.54627604831234,0.006
6,2,0.2,294,10,0.3,0.3,10,3,-3.45550552785528,0.006
6,2,0.2,23,10,0.3,0.3,10,3,-2.4396715589923,0.008
6,2,0.2,39,10,0.3,0.3,10,3,-2.96187078352642,0.008
6,2,0.2,49,10,0.3,0.3,10,3,-3.7022217149227,0.008
6,2,0.2,86,10,0.3,0.3,10,3,-3.19694102754082,0.008
6,2,0.2,92,10,0.3,0.3,10,3,-3.44980873123234,0.008
6,2,0.2,107,10,0.3,0.3,10,3,-2.15628697169822,0.008
6,2,0.2,168,10,0.3,0.3,10,3,-3.00277436279319,0.008
6,2,0.2,181,10,0.3,0.3,10,3,-3.13303184580838,0.008
6,2,0.2,193,10,0.3,0.3,10,3,-2.69820480356455,0.008
6,2,0.2,194,10,0.3,0.3,10,3,-3.91386317873258,0.008
6,2,0.2,212,10,0.3,0.3,10,3,-3.07301334513031,0.008
6,2,0.2,217,10,0.3,0.3,10,3,-3.435327596782,0.008
6,2,0.2,232,10,0.3,0.3,10,3,-2.90655934894102,0.008
6,2,0.2,245,10,0.3,0.3,10,3,-3.78405309093824,0.008
6,2,0.2,288,10,0.3,0.3,10,3,-3.07991789709197,0.008
6,2,0.2,296,10,0.3,0.3,10,3,-2.38832193266668,0.008
6,2,0.2,94,10,0.3,0.3,10,3,-3.08232423836378,0.01
6,2,0.2,102,10,0.3,0.3,10,3,-2.50144684483098,0.01
6,2,0.2,140,10,0.3,0.3,10,3,-2.9088064813877,0.01
6,2,0.2,159,10,0.3,0.3,10,3,-3.24014870490268,0.01
6,2,0.2,163,10,0.3,0.3,10,3,-3.81692935649363,0.01
6,2,0.2,167,10,0.3,0.3,10,3,-3.48761747526294,0.01
6,2,0.2,178,10,0.3,0.3,10,3,-3.5700078952411,0.01
6,2,0.2,76,10,0.3,0.3,10,3,-2.5327417571703,0.012
6,2,0.2,96,10,0.3,0.3,10,3,-2.98792287854866,0.012
6,2,0.2,238,10,0.3,0.3,10,3,-3.2207646798575,0.012
6,2,0.2,261,10,0.3,0.3,10,3,-3.06085512415083,0.012
6,2,0.2,290,10,0.3,0.3,10,3,-3.71048440272011,0.012
6,2,0.2,9,10,0.3,0.3,10,3,-2.73523099109838,0.014
6,2,0.2,32,10,0.3,0.3,10,3,-4.04260189618154,0.014
6,2,0.2,51,10,0.3,0.3,10,3,-3.34320064549212,0.014
6,2,0.2,78,10,0.3,0.3,10,3,-3.29151588132561,0.014
6,2,0.2,85,10,0.3,0.3,10,3,-3.32592899303523,0.014
6,2,0.2,127,10,0.3,0.3,10,3,-2.95216996031687,0.014
6,2,0.2,133,10,0.3,0.3,10,3,-3.65786435334192,0.014
6,2,0.2,185,10,0.3,0.3,10,3,-4.32402169295003,0.014
6,2,0.2,192,10,0.3,0.3,10,3,-2.61397537058895,0.014
6,2,0.2,256,10,0.3,0.3,10,3,-2.82480753408996,0.014
6,2,0.2,283,10,0.3,0.3,10,3,-3.49055168209017,0.014
6,2,0.2,22,10,0.3,0.3,10,3,-4.15964300324208,0.016
6,2,0.2,89,10,0.3,0.3,10,3,-2.99843788290556,0.016
6,2,0.2,105,10,0.3,0.3,10,3,-3.01312750423935,0.016
6,2,0.2,248,10,0.3,0.3,10,3,-2.21591170157495,0.016
6,2,0.2,272,10,0.3,0.3,10,3,-3.69524758010743,0.016
6,2,0.2,2,10,0.3,0.3,10,3,-2.28510487563784,0.018
6,2,0.2,28,10,0.3,0.3,10,3,-3.322143897784,0.018
6,2,0.2,50,10,0.3,0.3,10,3,-4.08667814833689,0.018
6,2,0.2,61,10,0.3,0.3,10,3,-3.79741912888448,0.018
6,2,0.2,80,10,0.3,0.3,10,3,-2.93452151088061,0.018
6,2,0.2,145,10,0.3,0.3,10,3,-2.54865663766779,0.018
6,2,0.2,176,10,0.3,0.3,10,3,-3.541222079785,0.018
6,2,0.2,195,10,0.3,0.3,10,3,-2.89726962013052,0.018
6,2,0.2,202,10,0.3,0.3,10,3,-3.67958167873033,0.018
6,2,0.2,203,10,0.3,0.3,10,3,-2.44377853990341,0.018
6,2,0.2,208,10,0.3,0.3,10,3,-2.69209750279308,0.018
6,2,0.2,219,10,0.3,0.3,10,3,-3.09115568570124,0.018
6,2,0.2,235,10,0.3,0.3,10,3,-1.75370604697042,0.018
6,2,0.2,237,10,0.3,0.3,10,3,-2.56282275760267,0.018
6,2,0.2,297,10,0.3,0.3,10,3,-4.10999943339064,0.018
6,2,0.2,58,10,0.3,0.3,10,3,-2.65485244120057,0.02
6,2,0.2,70,10,0.3,0.3,10,3,-2.27354004517682,0.02
6,2,0.2,77,10,0.3,0.3,10,3,-3.06172598071649,0.02
6,2,0.2,90,10,0.3,0.3,10,3,-3.61740107936453,0.02
6,2,0.2,125,10,0.3,0.3,10,3,-2.65120283178302,0.02
6,2,0.2,150,10,0.3,0.3,10,3,-2.73997424110769,0.02
6,2,0.2,161,10,0.3,0.3,10,3,-2.16599907556727,0.02
6,2,0.2,169,10,0.3,0.3,10,3,-3.27296820434202,0.02
6,2,0.2,170,10,0.3,0.3,10,3,-4.0214073031452,0.02
6,2,0.2,188,10,0.3,0.3,10,3,-3.66383085727719,0.02
6,2,0.2,216,10,0.3,0.3,10,3,-4.2311375535152,0.02
6,2,0.2,24,10,0.3,0.3,10,3,-4.08467272081165,0.022
6,2,0.2,56,10,0.3,0.3,10,3,-2.37004545260606,0.022
6,2,0.2,64,10,0.3,0.3,10,3,-3.47699163671891,0.022
6,2,0.2,124,10,0.3,0.3,10,3,-2.16478559048647,0.022
6,2,0.2,146,10,0.3,0.3,10,3,-2.88841502501174,0.022
6,2,0.2,160,10,0.3,0.3,10,3,-3.43968068847681,0.022
6,2,0.2,275,10,0.3,0.3,10,3,-3.31360732474894,0.022
6,2,0.2,83,10,0.3,0.3,10,3,-1.3580192381983,0.024
6,2,0.2,103,10,0.3,0.3,10,3,-2.08922075880255,0.024
6,2,0.2,147,10,0.3,0.3,10,3,-2.45285028922189,0.024
6,2,0.2,210,10,0.3,0.3,10,3,-3.06768840605136,0.024
6,2,0.2,233,10,0.3,0.3,10,3,-2.52841855328069,0.024
6,2,0.2,265,10,0.3,0.3,10,3,-3.58929388382685,0.024
6,2,0.2,31,10,0.3,0.3,10,3,-3.04767291061748,0.026
6,2,0.2,35,10,0.3,0.3,10,3,-2.59514742769355,0.026
6,2,0.2,37,10,0.3,0.3,10,3,-2.76034688120254,0.026
6,2,0.2,119,10,0.3,0.3,10,3,-2.7397782276754,0.026
6,2,0.2,151,10,0.3,0.3,10,3,-2.43939402705243,0.026
6,2,0.2,214,10,0.3,0.3,10,3,-3.41511762663472,0.026
6,2,0.2,222,10,0.3,0.3,10,3,-3.10499807908042,0.026
6,2,0.2,268,10,0.3,0.3,10,3,-3.67451087938448,0.026
6,2,0.2,42,10,0.3,0.3,10,3,-1.90707200633776,0.028
6,2,0.2,143,10,0.3,0.3,10,3,-2.78185756240478,0.028
6,2,0.2,173,10,0.3,0.3,10,3,-3.04636275716646,0.028
6,2,0.2,229,10,0.3,0.3,10,3,-4.58273786970733,0.028
6,2,0.2,5,10,0.3,0.3,10,3,-2.74894227472674,0.03
6,2,0.2,26,10,0.3,0.3,10,3,-1.79993245148364,0.03
6,2,0.2,109,10,0.3,0.3,10,3,-3.0199654671971,0.03
6,2,0.2,117,10,0.3,0.3,10,3,-3.75792478734294,0.03
6,2,0.2,148,10,0.3,0.3,10,3,-2.60120445949113,0.03
6,2,0.2,199,10,0.3,0.3,10,3,-1.73079997717707,0.03
6,2,0.2,224,10,0.3,0.3,10,3,-4.37060601176765,0.03
6,2,0.2,250,10,0.3,0.3,10,3,-2.34922964876426,0.03
6,2,0.2,260,10,0.3,0.3,10,3,-3.86082230795719,0.03
6,2,0.2,269,10,0.3,0.3,10,3,-2.70802932445483,0.03
6,2,0.2,282,10,0.3,0.3,10,3,-3.35178849591122,0.03
6,2,0.2,20,10,0.3,0.3,10,3,-3.44846992650801,0.032
6,2,0.2,62,10,0.3,0.3,10,3,-2.16643099530893,0.032
6,2,0.2,68,10,0.3,0.3,10,3,-2.74736844840811,0.032
6,2,0.2,106,10,0.3,0.3,10,3,-3.65052146122861,0.032
6,2,0.2,111,10,0.3,0.3,10,3,-3.38780109645086,0.032
6,2,0.2,200,10,0.3,0.3,10,3,-2.36631800865689,0.032
6,2,0.2,221,10,0.3,0.3,10,3,-3.78410515627183,0.032
6,2,0.2,223,10,0.3,0.3,10,3,-2.70185992965691,0.032
6,2,0.2,225,10,0.3,0.3,10,3,-2.28431024533239,0.032
6,2,0.2,240,10,0.3,0.3,10,3,-3.30036651459551,0.032
6,2,0.2,25,10,0.3,0.3,10,3,-3.06713284214604,0.034
6,2,0.2,81,10,0.3,0.3,10,3,-2.22189619789066,0.034
6,2,0.2,174,10,0.3,0.3,10,3,-2.40848723933331,0.034
6,2,0.2,191,10,0.3,0.3,10,3,-3.1623634512716,0.034
6,2,0.2,16,10,0.3,0.3,10,3,-3.3478875435901,0.036
6,2,0.2,36,10,0.3,0.3,10,3,-3.04192917317235,0.036
6,2,0.2,74,10,0.3,0.3,10,3,-3.58828743408981,0.036
6,2,0.2,95,10,0.3,0.3,10,3,-2.24056018895729,0.036
6,2,0.2,121,10,0.3,0.3,10,3,-4.01539026158784,0.036
6,2,0.2,130,10,0.3,0.3,10,3,-2.79592718378211,0.036
6,2,0.2,166,10,0.3,0.3,10,3,-3.28629814142903,0.036
6,2,0.2,13,10,0.3,0.3,10,3,-2.6087075702379,0.038
6,2,0.2,129,10,0.3,0.3,10,3,-3.19142336000181,0.038
6,2,0.2,136,10,0.3,0.3,10,3,-2.75924269464693,0.038
6,2,0.2,187,10,0.3,0.3,10,3,-3.03749638457242,0.038
6,2,0.2,209,10,0.3,0.3,10,3,-2.21718867358697,0.038
6,2,0.2,213,10,0.3,0.3,10,3,-3.50206079525586,0.038
6,2,0.2,258,10,0.3,0.3,10,3,-2.42557224875179,0.038
6,2,0.2,3,10,0.3,0.3,10,3,-1.52302314379691,0.04
6,2,0.2,6,10,0.3,0.3,10,3,-2.44756426390273,0.04
6,2,0.2,17,10,0.3,0.3,10,3,-2.69654498246308,0.04
6,2,0.2,54,10,0.3,0.3,10,3,-2.89392664418375,0.04
6,2,0.2,65,10,0.3,0.3,10,3,-3.25993789180362,0.04
6,2,0.2,69,10,0.3,0.3,10,3,-2.47721162087149,0.04
6,2,0.2,175,10,0.3,0.3,10,3,-2.10790106435181,0.04
6,2,0.2,231,10,0.3,0.3,10,3,-3.84387698171065,0.04
6,2,0.2,110,10,0.3,0.3,10,3,-2.89042099149313,0.042
6,2,0.2,112,10,0.3,0.3,10,3,-3.63201597627506,0.042
6,2,0.2,158,10,0.3,0.3,10,3,-3.02761262673073,0.042
6,2,0.2,179,10,0.3,0.3,10,3,-3.66711101824825,0.042
6,2,0.2,180,10,0.3,0.3,10,3,-3.4875004945533,0.042
6,2,0.2,286,10,0.3,0.3,10,3,-2.00068778230008,0.042
6,2,0.2,88,10,0.3,0.3,10,3,-2.97754023946561,0.044
6,2,0.2,142,10,0.3,0.3,10,3,-2.41950672067227,0.044
6,2,0.2,196,10,0.3,0.3,10,3,-2.42486547938807,0.044
6,2,0.2,15,10,0.3,0.3,10,3,-2.80382890683094,0.046
6,2,0.2,53,10,0.3,0.3,10,3,-2.5717058079278,0.046
6,2,0.2,115,10,0.3,0.3,10,3,-2.16203790726004,0.046
6,2,0.2,118,10,0.3,0.3,10,3,-2.51425559414804,0.046
6,2,0.2,120,10,0.3,0.3,10,3,-3.50514413666735,0.046
6,2,0.2,276,10,0.3,0.3,10,3,-2.94909266039539,0.046
6,2,0.2,284,10,0.3,0.3,10,3,-2.61444859899217,0.046
6,2,0.2,11,10,0.3,0.3,10,3,-2.92954493341551,0.048
6,2,0.2,128,10,0.3,0.3,10,3,-2.56850600890385,0.048
6,2,0.2,131,10,0.3,0.3,10,3,-3.09124016494744,0.048
6,2,0.2,149,10,0.3,0.3,10,3,-3.19176203613318,0.048
6,2,0.2,257,10,0.3,0.3,10,3,-2.25082549138244,0.048
6,2,0.2,263,10,0.3,0.3,10,3,-2.7471688538887,0.048
6,2,0.2,279,10,0.3,0.3,10,3,-3.35354496655333,0.048
6,2,0.2,4,10,0.3,0.3,10,3,-2.62934407143598,0.05
6,2,0.2,29,10,0.3,0.3,10,3,-2.11915843822729,0.05
6,2,0.2,59,10,0.3,0.3,10,3,-3.41691902515754,0.05
6,2,0.2,154,10,0.3,0.3,10,3,-3.09023445913024,0.05
6,2,0.2,172,10,0.3,0.3,10,3,-2.68048217651631,0.05
6,2,0.2,197,10,0.3,0.3,10,3,-2.58457569939969,0.05
6,2,0.2,226,10,0.3,0.3,10,3,-3.03598775946421,0.05
6,2,0.2,241,10,0.3,0.3,10,3,-3.66996389242649,0.05
6,2,0.2,244,10,0.3,0.3,10,3,-2.72613338892603,0.05
6,2,0.2,38,10,0.3,0.3,10,3,-2.33235071241256,0.052
6,2,0.2,40,10,0.3,0.3,10,3,-2.91937619481305,0.052
6,2,0.2,52,10,0.3,0.3,10,3,-3.56498317806393,0.052
6,2,0.2,75,10,0.3,0.3,10,3,-2.63684424319155,0.052
6,2,0.2,177,10,0.3,0.3,10,3,-2.88315410579904,0.052
6,2,0.2,189,10,0.3,0.3,10,3,-2.36745181154106,0.052
6,2,0.2,220,10,0.3,0.3,10,3,-3.15658519684672,0.052
6,2,0.2,273,10,0.3,0.3,10,3,-3.26834776294487,0.052
6,2,0.2,79,10,0.3,0.3,10,3,-1.47164482593524,0.054
6,2,0.2,87,10,0.3,0.3,10,3,-3.30433789485406,0.054
6,2,0.2,205,10,0.3,0.3,10,3,-1.99640586297696,0.054
6,2,0.2,243,10,0.3,0.3,10,3,-3.78493112736228,0.054
6,2,0.2,249,10,0.3,0.3,10,3,-2.31566925470247,0.054
6,2,0.2,291,10,0.3,0.3,10,3,-3.44786955023426,0.054
6,2,0.2,44,10,0.3,0.3,10,3,-2.40569554235339,0.056
6,2,0.2,57,10,0.3,0.3,10,3,-3.09851293683872,0.056
6,2,0.2,132,10,0.3,0.3,10,3,-3.57092651975634,0.056
6,2,0.2,153,10,0.3,0.3,10,3,-2.91072856234362,0.056
6,2,0.2,165,10,0.3,0.3,10,3,-2.52161785333146,0.056
6,2,0.2,182,10,0.3,0.3,10,3,-2.72775529646074,0.056
6,2,0.2,246,10,0.3,0.3,10,3,-3.53307280339172,0.056
6,2,0.2,259,10,0.3,0.3,10,3,-2.55355610958969,0.056
6,2,0.2,277,10,0.3,0.3,10,3,-3.32242288385771,0.056
6,2,0.2,281,10,0.3,0.3,10,3,-3.20721074377849,0.056
6,2,0.2,21,10,0.3,0.3,10,3,-1.61187968236072,0.058
6,2,0.2,104,10,0.3,0.3,10,3,-2.78959095249022,0.058
6,2,0.2,113,10,0.3,0.3,10,3,-3.36609960763519,0.058
6,2,0.2,156,10,0.3,0.3,10,3,-2.50138993757633,0.058
6,2,0.2,207,10,0.3,0.3,10,3,-2.71569671496189,0.058
6,2,0.2,236,10,0.3,0.3,10,3,-3.09741587957336,0.058
6,2,0.2,253,10,0.3,0.3,10,3,-3.27527022192234,0.058
6,2,0.2,254,10,0.3,0.3,10,3,-2.39013226728741,0.058
6,2,0.2,262,10,0.3,0.3,10,3,-2.66295209424516,0.058
6,2,0.2,73,10,0.3,0.3,10,3,-2.88527434978704,0.06
6,2,0.2,114,10,0.3,0.3,10,3,-2.6611976738545,0.06
6,2,0.2,141,10,0.3,0.3,10,3,-3.66847533512686,0.06
6,2,0.2,204,10,0.3,0.3,10,3,-2.88646259765645,0.06
6,2,0.2,280,10,0.3,0.3,10,3,-2.98197842012601,0.06
6,2,0.2,299,10,0.3,0.3,10,3,-2.7650891069901,0.06
6,2,0.2,19,10,0.3,0.3,10,3,-2.61406350257533,0.062
6,2,0.2,43,10,0.3,0.3,10,3,-2.78882846616796,0.062
6,2,0.2,122,10,0.3,0.3,10,3,-2.84592268919215,0.062
6,2,0.2,139,10,0.3,0.3,10,3,-1.90359540233442,0.062
6,2,0.2,171,10,0.3,0.3,10,3,-2.24115129687368,0.062
6,2,0.2,27,10,0.3,0.3,10,3,-2.39936036916018,0.064
6,2,0.2,116,10,0.3,0.3,10,3,-2.73277594066207,0.064
6,2,0.2,82,10,0.3,0.3,10,3,-2.18919165349271,0.066
6,2,0.2,93,10,0.3,0.3,10,3,-1.86544712225069,0.066
6,2,0.2,162,10,0.3,0.3,10,3,-2.36264169490968,0.066
6,2,0.2,97,10,0.3,0.3,10,3,-2.62537452058672,0.068
6,2,0.2,230,10,0.3,0.3,10,3,-2.11093458822094,0.068
6,2,0.2,271,10,0.3,0.3,10,3,-2.96064310267451,0.068
6,2,0.2,7,10,0.3,0.3,10,3,-2.35204193509912,0.07
6,2,0.2,12,10,0.3,0.3,10,3,-2.53532298345345,0.072
6,2,0.2,101,10,0.3,0.3,10,3,-2.68783278803519,0.072
6,2,0.2,201,10,0.3,0.3,10,3,-3.71947743095964,0.072
6,2,0.2,10,10,0.3,0.3,10,3,-2.20061136154328,0.074
6,2,0.2,266,10,0.3,0.3,10,3,-1.97192269924926,0.074
6,2,0.2,71,10,0.3,0.3,10,3,-2.53365910442918,0.078
6,2,0.2,198,10,0.3,0.3,10,3,-2.77005972796397,0.078
6,2,0.2,30,10,0.3,0.3,10,3,-2.28356971966787,0.08
6,2,0.2,144,10,0.3,0.3,10,3,-2.10252208590927,0.08
6,2,0.2,287,10,0.3,0.3,10,3,-2.84783338811224,0.08
6,2,0.2,227,10,0.3,0.3,10,3,-2.04569344706579,0.082
6,2,0.2,292,10,0.3,0.3,10,3,-1.74680419426963,0.082
6,2,0.2,215,10,0.3,0.3,10,3,-1.90618285466286,0.086
6,2,0.2,300,10,0.3,0.3,10,3,-1.20234312051207,0.092
6,2,0.2,228,10,0.3,0.3,10,3,-1.99367759091146,0.094
6,2,0.2,298,10,0.3,0.3,10,3,-1.62552860937191,0.102
6,2,0.2,13,10,0.3,0.3,11,3,-3.30794941847449,0
6,2,0.2,34,10,0.3,0.3,11,3,-2.67260082034787,0
6,2,0.2,82,10,0.3,0.3,11,3,-2.57110901735732,0
6,2,0.2,127,10,0.3,0.3,11,3,-2.39424259749626,0
6,2,0.2,153,10,0.3,0.3,11,3,-4.06622528789703,0
6,2,0.2,159,10,0.3,0.3,11,3,-3.14602221718675,0
6,2,0.2,196,10,0.3,0.3,11,3,-2.9791168050586,0
6,2,0.2,234,10,0.3,0.3,11,3,-2.49738303033246,0
6,2,0.2,238,10,0.3,0.3,11,3,-3.16336070099115,0
6,2,0.2,9,10,0.3,0.3,11,3,-3.2782349650943,0.002
6,2,0.2,40,10,0.3,0.3,11,3,-2.60316933981494,0.002
6,2,0.2,51,10,0.3,0.3,11,3,-2.63251826040616,0.002
6,2,0.2,57,10,0.3,0.3,11,3,-2.77555447424763,0.002
6,2,0.2,81,10,0.3,0.3,11,3,-3.03614218423243,0.002
6,2,0.2,92,10,0.3,0.3,11,3,-3.50144749006807,0.002
6,2,0.2,112,10,0.3,0.3,11,3,-2.86232396275906,0.002
6,2,0.2,117,10,0.3,0.3,11,3,-3.24599525330333,0.002
6,2,0.2,128,10,0.3,0.3,11,3,-3.37795754314226,0.002
6,2,0.2,140,10,0.3,0.3,11,3,-3.20598500876116,0.002
6,2,0.2,152,10,0.3,0.3,11,3,-2.7200030261115,0.002
6,2,0.2,165,10,0.3,0.3,11,3,-3.7392979698773,0.002
6,2,0.2,188,10,0.3,0.3,11,3,-2.98873590312877,0.002
6,2,0.2,203,10,0.3,0.3,11,3,-4.46269868130528,0.002
6,2,0.2,204,10,0.3,0.3,11,3,-2.50870101415444,0.002
6,2,0.2,227,10,0.3,0.3,11,3,-1.86643585472095,0.002
6,2,0.2,253,10,0.3,0.3,11,3,-3.59279902061658,0.002
6,2,0.2,258,10,0.3,0.3,11,3,-3.99833351112778,0.002
6,2,0.2,263,10,0.3,0.3,11,3,-2.63896780763994,0.002
6,2,0.2,15,10,0.3,0.3,11,3,-2.24885492729848,0.004
6,2,0.2,61,10,0.3,0.3,11,3,-3.77653718587672,0.004
6,2,0.2,95,10,0.3,0.3,11,3,-4.00039250368445,0.004
6,2,0.2,105,10,0.3,0.3,11,3,-3.36870028040519,0.004
6,2,0.2,120,10,0.3,0.3,11,3,-4.01627280646943,0.004
6,2,0.2,154,10,0.3,0.3,11,3,-4.60189360638034,0.004
6,2,0.2,158,10,0.3,0.3,11,3,-4.31186249228369,0.004
6,2,0.2,186,10,0.3,0.3,11,3,-3.10976240123779,0.004
6,2,0.2,192,10,0.3,0.3,11,3,-3.69451947794735,0.004
6,2,0.2,193,10,0.3,0.3,11,3,-3.12936859731593,0.004
6,2,0.2,233,10,0.3,0.3,11,3,-4.34135955017837,0.004
6,2,0.2,286,10,0.3,0.3,11,3,-2.42756257750472,0.004
6,2,0.2,5,10,0.3,0.3,11,3,-3.13211489141722,0.006
6,2,0.2,7,10,0.3,0.3,11,3,-2.74260436081514,0.006
6,2,0.2,33,10,0.3,0.3,11,3,-3.03256310515565,0.006
6,2,0.2,46,10,0.3,0.3,11,3,-3.39974724567324,0.006
6,2,0.2,63,10,0.3,0.3,11,3,-3.83022355091134,0.006
6,2,0.2,97,10,0.3,0.3,11,3,-2.76976370070156,0.006
6,2,0.2,119,10,0.3,0.3,11,3,-2.6392067330772,0.006
6,2,0.2,137,10,0.3,0.3,11,3,-3.80972036020734,0.006
6,2,0.2,151,10,0.3,0.3,11,3,-4.25423772222337,0.006
6,2,0.2,167,10,0.3,0.3,11,3,-3.89737135699946,0.006
6,2,0.2,177,10,0.3,0.3,11,3,-2.31318795465995,0.006
6,2,0.2,179,10,0.3,0.3,11,3,-3.24826770122482,0.006
6,2,0.2,218,10,0.3,0.3,11,3,-2.5327270134986,0.006
6,2,0.2,231,10,0.3,0.3,11,3,-3.72105795757975,0.006
6,2,0.2,269,10,0.3,0.3,11,3,-2.73849630899247,0.006
6,2,0.2,285,10,0.3,0.3,11,3,-3.27446245833349,0.006
6,2,0.2,11,10,0.3,0.3,11,3,-2.62034404796745,0.008
6,2,0.2,14,10,0.3,0.3,11,3,-2.89236813101553,0.008
6,2,0.2,47,10,0.3,0.3,11,3,-2.30582132452639,0.008
6,2,0.2,53,10,0.3,0.3,11,3,-2.91926398174093,0.008
6,2,0.2,55,10,0.3,0.3,11,3,-3.90308168368779,0.008
6,2,0.2,74,10,0.3,0.3,11,3,-3.15734361799778,0.008
6,2,0.2,78,10,0.3,0.3,11,3,-3.72735011243549,0.008
6,2,0.2,83,10,0.3,0.3,11,3,-3.81034969256888,0.008
6,2,0.2,85,10,0.3,0.3,11,3,-3.58546376874261,0.008
6,2,0.2,101,10,0.3,0.3,11,3,-3.82077640769583,0.008
6,2,0.2,114,10,0.3,0.3,11,3,-4.814467943197,0.008
6,2,0.2,150,10,0.3,0.3,11,3,-4.15126354665472,0.008
6,2,0.2,189,10,0.3,0.3,11,3,-2.79970966326525,0.008
6,2,0.2,190,10,0.3,0.3,11,3,-3.13287842568383,0.008
6,2,0.2,208,10,0.3,0.3,11,3,-3.20651509103328,0.008
6,2,0.2,240,10,0.3,0.3,11,3,-3.43997135623098,0.008
6,2,0.2,274,10,0.3,0.3,11,3,-1.61125814705065,0.008
6,2,0.2,38,10,0.3,0.3,11,3,-2.57046192653553,0.01
6,2,0.2,44,10,0.3,0.3,11,3,-3.47101068933316,0.01
6,2,0.2,68,10,0.3,0.3,11,3,-3.48242699816831,0.01
6,2,0.2,87,10,0.3,0.3,11,3,-3.28032801266852,0.01
6,2,0.2,98,10,0.3,0.3,11,3,-2.88087580461661,0.01
6,2,0.2,130,10,0.3,0.3,11,3,-3.22161730810544,0.01
6,2,0.2,157,10,0.3,0.3,11,3,-3.13267910930711,0.01
6,2,0.2,175,10,0.3,0.3,11,3,-2.43423120487932,0.01
6,2,0.2,181,10,0.3,0.3,11,3,-3.76791045574518,0.01
6,2,0.2,185,10,0.3,0.3,11,3,-3.06454031958265,0.01
6,2,0.2,194,10,0.3,0.3,11,3,-3.63631435520145,0.01
6,2,0.2,209,10,0.3,0.3,11,3,-2.94392276474969,0.01
6,2,0.2,215,10,0.3,0.3,11,3,-3.64510869263469,0.01
6,2,0.2,249,10,0.3,0.3,11,3,-2.54094085413217,0.01
6,2,0.2,278,10,0.3,0.3,11,3,-3.37771872638601,0.01
6,2,0.2,287,10,0.3,0.3,11,3,-3.41994506369292,0.01
6,2,0.2,66,10,0.3,0.3,11,3,-3.90461649777203,0.012
6,2,0.2,76,10,0.3,0.3,11,3,-2.9584803914702,0.012
6,2,0.2,77,10,0.3,0.3,11,3,-3.46540222551386,0.012
6,2,0.2,89,10,0.3,0.3,11,3,-3.06734625727358,0.012
6,2,0.2,121,10,0.3,0.3,11,3,-3.34938032393458,0.012
6,2,0.2,149,10,0.3,0.3,11,3,-3.55396530397289,0.012
6,2,0.2,221,10,0.3,0.3,11,3,-2.64553031603018,0.012
6,2,0.2,1,10,0.3,0.3,11,3,-3.76625535173315,0.014
6,2,0.2,18,10,0.3,0.3,11,3,-3.11191607603956,0.014
6,2,0.2,41,10,0.3,0.3,11,3,-3.85181242553767,0.014
6,2,0.2,60,10,0.3,0.3,11,3,-2.32242093606595,0.014
6,2,0.2,71,10,0.3,0.3,11,3,-2.92677777591476,0.014
6,2,0.2,72,10,0.3,0.3,11,3,-2.95054175789039,0.014
6,2,0.2,86,10,0.3,0.3,11,3,-4.15316977301325,0.014
6,2,0.2,113,10,0.3,0.3,11,3,-2.79538559633269,0.014
6,2,0.2,148,10,0.3,0.3,11,3,-2.71191756951913,0.014
6,2,0.2,166,10,0.3,0.3,11,3,-2.75148520725469,0.014
6,2,0.2,224,10,0.3,0.3,11,3,-3.05981852780448,0.014
6,2,0.2,228,10,0.3,0.3,11,3,-3.1586551893345,0.014
6,2,0.2,8,10,0.3,0.3,11,3,-2.87508282162381,0.016
6,2,0.2,69,10,0.3,0.3,11,3,-4.23462796266392,0.016
6,2,0.2,80,10,0.3,0.3,11,3,-2.83904598382526,0.016
6,2,0.2,124,10,0.3,0.3,11,3,-3.06725747503435,0.016
6,2,0.2,139,10,0.3,0.3,11,3,-2.25895802042993,0.016
6,2,0.2,259,10,0.3,0.3,11,3,-3.42955130831356,0.016
6,2,0.2,54,10,0.3,0.3,11,3,-2.9889638680493,0.018
6,2,0.2,84,10,0.3,0.3,11,3,-3.86758243406277,0.018
6,2,0.2,170,10,0.3,0.3,11,3,-2.88672146963117,0.018
6,2,0.2,183,10,0.3,0.3,11,3,-3.13838246730268,0.018
6,2,0.2,200,10,0.3,0.3,11,3,-2.01675676984601,0.018
6,2,0.2,277,10,0.3,0.3,11,3,-2.43465240209991,0.018
6,2,0.2,20,10,0.3,0.3,11,3,-3.66233127885619,0.02
6,2,0.2,173,10,0.3,0.3,11,3,-2.72103259270497,0.02
6,2,0.2,174,10,0.3,0.3,11,3,-3.31387704054015,0.02
6,2,0.2,272,10,0.3,0.3,11,3,-2.92715022111619,0.02
6,2,0.2,275,10,0.3,0.3,11,3,-3.52078920331772,0.02
6,2,0.2,6,10,0.3,0.3,11,3,-2.61621786963335,0.022
6,2,0.2,27,10,0.3,0.3,11,3,-3.59927685293488,0.022
6,2,0.2,107,10,0.3,0.3,11,3,-3.17988666511263,0.022
6,2,0.2,156,10,0.3,0.3,11,3,-3.19433704943717,0.022
6,2,0.2,217,10,0.3,0.3,11,3,-2.45565777430423,0.022
6,2,0.2,226,10,0.3,0.3,11,3,-2.70078937962609,0.022
6,2,0.2,251,10,0.3,0.3,11,3,-3.05298941109206,0.022
6,2,0.2,26,10,0.3,0.3,11,3,-3.47224039379503,0.024
6,2,0.2,64,10,0.3,0.3,11,3,-2.02586933916658,0.024
6,2,0.2,145,10,0.3,0.3,11,3,-2.24549437428325,0.024
6,2,0.2,241,10,0.3,0.3,11,3,-3.89817175553085,0.024
6,2,0.2,270,10,0.3,0.3,11,3,-2.23112481694133,0.024
6,2,0.2,291,10,0.3,0.3,11,3,-2.99019439876315,0.024
6,2,0.2,59,10,0.3,0.3,11,3,-3.00989643160753,0.026
6,2,0.2,94,10,0.3,0.3,11,3,-3.51663440739682,0.026
6,2,0.2,135,10,0.3,0.3,11,3,-3.09153113643907,0.026
6,2,0.2,191,10,0.3,0.3,11,3,-2.99065834032703,0.026
6,2,0.2,3,10,0.3,0.3,11,3,-3.37663862638448,0.028
6,2,0.2,79,10,0.3,0.3,11,3,-2.68643232263662,0.028
6,2,0.2,88,10,0.3,0.3,11,3,-3.62757476567683,0.028
6,2,0.2,131,10,0.3,0.3,11,3,-2.85199109587865,0.028
6,2,0.2,141,10,0.3,0.3,11,3,-2.22807999202871,0.028
6,2,0.2,176,10,0.3,0.3,11,3,-3.28322121987478,0.028
6,2,0.2,207,10,0.3,0.3,11,3,-2.54589359910142,0.028
6,2,0.2,232,10,0.3,0.3,11,3,-2.78242252781445,0.028
6,2,0.2,265,10,0.3,0.3,11,3,-2.93444856163688,0.028
6,2,0.2,293,10,0.3,0.3,11,3,-2.30493881121819,0.028
6,2,0.2,298,10,0.3,0.3,11,3,-3.47351555939585,0.028
6,2,0.2,43,10,0.3,0.3,11,3,-3.10542250961805,0.03
6,2,0.2,75,10,0.3,0.3,11,3,-2.89714355092227,0.03
6,2,0.2,138,10,0.3,0.3,11,3,-3.45436884931485,0.03
6,2,0.2,184,10,0.3,0.3,11,3,-3.52861433839971,0.03
6,2,0.2,199,10,0.3,0.3,11,3,-3.54113760763863,0.03
6,2,0.2,205,10,0.3,0.3,11,3,-2.25735811840468,0.03
6,2,0.2,247,10,0.3,0.3,11,3,-2.70890511341122,0.03
6,2,0.2,264,10,0.3,0.3,11,3,-2.99743154035832,0.03
6,2,0.2,279,10,0.3,0.3,11,3,-3.10976383556212,0.03
6,2,0.2,292,10,0.3,0.3,11,3,-3.03027045394467,0.03
6,2,0.2,19,10,0.3,0.3,11,3,-3.27894045971044,0.032
6,2,0.2,30,10,0.3,0.3,11,3,-2.14274453571267,0.032
6,2,0.2,45,10,0.3,0.3,11,3,-2.64222593338818,0.032
6,2,0.2,223,10,0.3,0.3,11,3,-3.01789194306468,0.032
6,2,0.2,42,10,0.3,0.3,11,3,-3.31251422549494,0.034
6,2,0.2,56,10,0.3,0.3,11,3,-2.8824984342512,0.034
6,2,0.2,136,10,0.3,0.3,11,3,-3.15177610734247,0.034
6,2,0.2,142,10,0.3,0.3,11,3,-3.35644394719219,0.034
6,2,0.2,143,10,0.3,0.3,11,3,-3.11508823454267,0.034
6,2,0.2,178,10,0.3,0.3,11,3,-3.76212027002666,0.034
6,2,0.2,201,10,0.3,0.3,11,3,-2.29108402861419,0.034
6,2,0.2,222,10,0.3,0.3,11,3,-3.53632024122464,0.034
6,2,0.2,262,10,0.3,0.3,11,3,-2.33837381273557,0.034
6,2,0.2,280,10,0.3,0.3,11,3,-3.38701550098384,0.034
6,2,0.2,281,10,0.3,0.3,11,3,-3.44330317765014,0.034
6,2,0.2,288,10,0.3,0.3,11,3,-1.9893267358826,0.034
6,2,0.2,299,10,0.3,0.3,11,3,-2.36046525309271,0.034
6,2,0.2,22,10,0.3,0.3,11,3,-2.64702151158178,0.036
6,2,0.2,31,10,0.3,0.3,11,3,-2.94785263536357,0.036
6,2,0.2,239,10,0.3,0.3,11,3,-3.56223445494589,0.036
6,2,0.2,295,10,0.3,0.3,11,3,-2.93127249147656,0.036
6,2,0.2,300,10,0.3,0.3,11,3,-2.53859833149107,0.036
6,2,0.2,146,10,0.3,0.3,11,3,-2.85705661459667,0.038
6,2,0.2,163,10,0.3,0.3,11,3,-1.8644692886127,0.038
6,2,0.2,210,10,0.3,0.3,11,3,-1.99925766029551,0.038
6,2,0.2,245,10,0.3,0.3,11,3,-2.06481224982863,0.038
6,2,0.2,257,10,0.3,0.3,11,3,-2.38438661355104,0.038
6,2,0.2,106,10,0.3,0.3,11,3,-3.69740761022862,0.04
6,2,0.2,108,10,0.3,0.3,11,3,-2.88370437574665,0.04
6,2,0.2,109,10,0.3,0.3,11,3,-2.73697817751352,0.04
6,2,0.2,122,10,0.3,0.3,11,3,-3.08356664115968,0.04
6,2,0.2,126,10,0.3,0.3,11,3,-2.512142402834,0.04
6,2,0.2,255,10,0.3,0.3,11,3,-3.09534808842477,0.04
6,2,0.2,102,10,0.3,0.3,11,3,-2.18200329793896,0.042
6,2,0.2,116,10,0.3,0.3,11,3,-3.07865396712867,0.042
6,2,0.2,125,10,0.3,0.3,11,3,-2.55472398453315,0.042
6,2,0.2,168,10,0.3,0.3,11,3,-2.63148861182924,0.042
6,2,0.2,248,10,0.3,0.3,11,3,-3.5093781132768,0.042
6,2,0.2,25,10,0.3,0.3,11,3,-1.83766768734492,0.044
6,2,0.2,96,10,0.3,0.3,11,3,-2.16116143938243,0.044
6,2,0.2,155,10,0.3,0.3,11,3,-3.7256093883949,0.044
6,2,0.2,219,10,0.3,0.3,11,3,-2.16437667979167,0.044
6,2,0.2,244,10,0.3,0.3,11,3,-1.89127342426661,0.044
6,2,0.2,282,10,0.3,0.3,11,3,-2.98779894027766,0.044
6,2,0.2,10,10,0.3,0.3,11,3,-2.02966594106164,0.046
6,2,0.2,29,10,0.3,0.3,11,3,-2.34204246734726,0.046
6,2,0.2,36,10,0.3,0.3,11,3,-2.87596030010167,0.046
6,2,0.2,104,10,0.3,0.3,11,3,-3.30286775242362,0.046
6,2,0.2,147,10,0.3,0.3,11,3,-2.45544370305171,0.046
6,2,0.2,160,10,0.3,0.3,11,3,-2.03733445784795,0.046
6,2,0.2,198,10,0.3,0.3,11,3,-4.0239795481655,0.046
6,2,0.2,206,10,0.3,0.3,11,3,-3.11749337697901,0.046
6,2,0.2,268,10,0.3,0.3,11,3,-2.43103190180275,0.046
6,2,0.2,17,10,0.3,0.3,11,3,-3.7395105987012,0.048
6,2,0.2,37,10,0.3,0.3,11,3,-2.36590382838025,0.048
6,2,0.2,93,10,0.3,0.3,11,3,-1.95199932553723,0.048
6,2,0.2,212,10,0.3,0.3,11,3,-2.9407196637348,0.048
6,2,0.2,242,10,0.3,0.3,11,3,-2.54079712354832,0.048
6,2,0.2,246,10,0.3,0.3,11,3,-3.49332413878182,0.048
6,2,0.2,276,10,0.3,0.3,11,3,-2.86911023973815,0.048
6,2,0.2,2,10,0.3,0.3,11,3,-2.7230197543991,0.05
6,2,0.2,100,10,0.3,0.3,11,3,-3.32689746667418,0.05
6,2,0.2,110,10,0.3,0.3,11,3,-2.7415186816275,0.05
6,2,0.2,111,10,0.3,0.3,11,3,-3.48792741670229,0.05
6,2,0.2,115,10,0.3,0.3,11,3,-2.52126110719757,0.05
6,2,0.2,202,10,0.3,0.3,11,3,-3.52611315189321,0.05
6,2,0.2,216,10,0.3,0.3,11,3,-2.71990318287735,0.05
6,2,0.2,225,10,0.3,0.3,11,3,-3.24437001256899,0.05
6,2,0.2,237,10,0.3,0.3,11,3,-3.91787730391991,0.05
6,2,0.2,273,10,0.3,0.3,11,3,-2.68458452708447,0.05
6,2,0.2,28,10,0.3,0.3,11,3,-1.56801197449343,0.052
6,2,0.2,39,10,0.3,0.3,11,3,-2.8132731357565,0.052
6,2,0.2,49,10,0.3,0.3,11,3,-2.33195018715745,0.052
6,2,0.2,133,10,0.3,0.3,11,3,-2.21511243593235,0.052
6,2,0.2,213,10,0.3,0.3,11,3,-3.71971462054751,0.052
6,2,0.2,48,10,0.3,0.3,11,3,-2.97909095649274,0.054
6,2,0.2,73,10,0.3,0.3,11,3,-1.48409503403093,0.054
6,2,0.2,90,10,0.3,0.3,11,3,-2.92299162310715,0.054
6,2,0.2,103,10,0.3,0.3,11,3,-4.12709846023975,0.054
6,2,0.2,123,10,0.3,0.3,11,3,-1.81283809038035,0.054
6,2,0.2,254,10,0.3,0.3,11,3,-3.53493574466191,0.054
6,2,0.2,289,10,0.3,0.3,11,3,-2.8267343929484,0.054
6,2,0.2,290,10,0.3,0.3,11,3,-2.61265795244449,0.054
6,2,0.2,99,10,0.3,0.3,11,3,-3.14857703262808,0.056
6,2,0.2,134,10,0.3,0.3,11,3,-2.51713085732891,0.056
6,2,0.2,180,10,0.3,0.3,11,3,-3.18300530771032,0.056
6,2,0.2,230,10,0.3,0.3,11,3,-3.12043634909691,0.056
6,2,0.2,267,10,0.3,0.3,11,3,-3.88016944397313,0.056
6,2,0.2,52,10,0.3,0.3,11,3,-3.21862747041092,0.058
6,2,0.2,162,10,0.3,0.3,11,3,-3.772707088011,0.058
6,2,0.2,164,10,0.3,0.3,11,3,-2.70303408116823,0.058
6,2,0.2,197,10,0.3,0.3,11,3,-2.09612290382893,0.058
6,2,0.2,235,10,0.3,0.3,11,3,-3.20846603752676,0.058
6,2,0.2,271,10,0.3,0.3,11,3,-1.59559830820371,0.058
6,2,0.2,23,10,0.3,0.3,11,3,-3.1086841076613,0.06
6,2,0.2,24,10,0.3,0.3,11,3,-2.98487707974328,0.06
6,2,0.2,32,10,0.3,0.3,11,3,-2.30999437951942,0.06
6,2,0.2,67,10,0.3,0.3,11,3,-3.38587409219613,0.06
6,2,0.2,118,10,0.3,0.3,11,3,-2.00447614120415,0.06
6,2,0.2,256,10,0.3,0.3,11,3,-2.35050005449352,0.06
6,2,0.2,50,10,0.3,0.3,11,3,-3.4717319172874,0.062
6,2,0.2,62,10,0.3,0.3,11,3,-3.15839611545601,0.062
6,2,0.2,70,10,0.3,0.3,11,3,-2.52532584128278,0.062
6,2,0.2,144,10,0.3,0.3,11,3,-2.67870893689613,0.062
6,2,0.2,171,10,0.3,0.3,11,3,-1.75232133147338,0.062
6,2,0.2,214,10,0.3,0.3,11,3,-3.36620898021997,0.062
6,2,0.2,283,10,0.3,0.3,11,3,-2.28923338539335,0.062
6,2,0.2,161,10,0.3,0.3,11,3,-2.39445245859145,0.064
6,2,0.2,220,10,0.3,0.3,11,3,-2.69438944882509,0.064
6,2,0.2,243,10,0.3,0.3,11,3,-2.09980956666169,0.064
6,2,0.2,12,10,0.3,0.3,11,3,-2.35435698247841,0.066
6,2,0.2,129,10,0.3,0.3,11,3,-3.57906643789732,0.066
6,2,0.2,132,10,0.3,0.3,11,3,-3.57072221196958,0.066
6,2,0.2,252,10,0.3,0.3,11,3,-3.75852328057667,0.066
6,2,0.2,260,10,0.3,0.3,11,3,-2.49401636619564,0.066
6,2,0.2,187,10,0.3,0.3,11,3,-2.28370997343202,0.068
6,2,0.2,229,10,0.3,0.3,11,3,-2.30115560310978,0.068
6,2,0.2,236,10,0.3,0.3,11,3,-2.4936048527064,0.068
6,2,0.2,294,10,0.3,0.3,11,3,-2.58294524682185,0.068
6,2,0.2,297,10,0.3,0.3,11,3,-2.02964481130837,0.068
6,2,0.2,211,10,0.3,0.3,11,3,-2.63859293135604,0.07
6,2,0.2,91,10,0.3,0.3,11,3,-2.24166975804988,0.072
6,2,0.2,195,10,0.3,0.3,11,3,-2.44823360276092,0.072
6,2,0.2,284,10,0.3,0.3,11,3,-2.62960685770588,0.072
6,2,0.2,65,10,0.3,0.3,11,3,-3.69757184191053,0.074
6,2,0.2,250,10,0.3,0.3,11,3,-2.30343921851934,0.074
6,2,0.2,4,10,0.3,0.3,11,3,-2.16690666846432,0.076
6,2,0.2,35,10,0.3,0.3,11,3,-1.77037823533249,0.076
6,2,0.2,261,10,0.3,0.3,11,3,-1.80398771079609,0.076
6,2,0.2,169,10,0.3,0.3,11,3,-2.38490446278055,0.078
6,2,0.2,16,10,0.3,0.3,11,3,-2.18674306641583,0.08
6,2,0.2,266,10,0.3,0.3,11,3,-3.69108989304573,0.08
6,2,0.2,296,10,0.3,0.3,11,3,-2.52088484609465,0.084
6,2,0.2,58,10,0.3,0.3,11,3,-2.09663010458115,0.086
6,2,0.2,172,10,0.3,0.3,11,3,-1.83288357903811,0.086
6,2,0.2,182,10,0.3,0.3,11,3,-1.44993706728474,0.098
6,2,0.2,21,10,0.3,0.3,11,3,-1.39688367067473,0.18
6,2,0.2,2,10,0.3,0.3,12,3,-3.55416063982091,0
6,2,0.2,7,10,0.3,0.3,12,3,-3.27124987434681,0
6,2,0.2,11,10,0.3,0.3,12,3,-2.69198604999161,0
6,2,0.2,42,10,0.3,0.3,12,3,-2.9492493733583,0
6,2,0.2,51,10,0.3,0.3,12,3,-3.60245842286332,0
6,2,0.2,60,10,0.3,0.3,12,3,-3.02782930056904,0
6,2,0.2,72,10,0.3,0.3,12,3,-2.72260947640223,0
6,2,0.2,100,10,0.3,0.3,12,3,-2.8302743167896,0
6,2,0.2,113,10,0.3,0.3,12,3,-3.7912762421374,0
6,2,0.2,134,10,0.3,0.3,12,3,-4.05450050879779,0
6,2,0.2,159,10,0.3,0.3,12,3,-3.63174806814121,0
6,2,0.2,175,10,0.3,0.3,12,3,-1.76941820162352,0
6,2,0.2,184,10,0.3,0.3,12,3,-3.30458672526407,0
6,2,0.2,191,10,0.3,0.3,12,3,-3.89108960098903,0
6,2,0.2,228,10,0.3,0.3,12,3,-2.79590912384529,0
6,2,0.2,241,10,0.3,0.3,12,3,-3.31218311368534,0
6,2,0.2,252,10,0.3,0.3,12,3,-2.72386760098115,0
6,2,0.2,265,10,0.3,0.3,12,3,-2.7373920855735,0
6,2,0.2,266,10,0.3,0.3,12,3,-2.52706402975383,0
6,2,0.2,269,10,0.3,0.3,12,3,-2.9898816656488,0
6,2,0.2,296,10,0.3,0.3,12,3,-3.63711860081759,0
6,2,0.2,15,10,0.3,0.3,12,3,-2.74035192329595,0.002
6,2,0.2,16,10,0.3,0.3,12,3,-3.76179035466643,0.002
6,2,0.2,48,10,0.3,0.3,12,3,-3.6143890315403,0.002
6,2,0.2,69,10,0.3,0.3,12,3,-3.29909913291362,0.002
6,2,0.2,129,10,0.3,0.3,12,3,-3.27666793897848,0.002
6,2,0.2,166,10,0.3,0.3,12,3,-2.47333207381695,0.002
6,2,0.2,190,10,0.3,0.3,12,3,-3.26646913599453,0.002
6,2,0.2,199,10,0.3,0.3,12,3,-3.05081231901787,0.002
6,2,0.2,204,10,0.3,0.3,12,3,-3.6364601435458,0.002
6,2,0.2,219,10,0.3,0.3,12,3,-2.56686843680285,0.002
6,2,0.2,220,10,0.3,0.3,12,3,-3.43211259781751,0.002
6,2,0.2,233,10,0.3,0.3,12,3,-3.87050610220626,0.002
6,2,0.2,248,10,0.3,0.3,12,3,-3.15662067404244,0.002
6,2,0.2,254,10,0.3,0.3,12,3,-3.97423378805806,0.002
6,2,0.2,274,10,0.3,0.3,12,3,-2.8068990614147,0.002
6,2,0.2,278,10,0.3,0.3,12,3,-3.10008275374702,0.002
6,2,0.2,289,10,0.3,0.3,12,3,-3.66721776160645,0.002
6,2,0.2,294,10,0.3,0.3,12,3,-2.89850462922595,0.002
6,2,0.2,3,10,0.3,0.3,12,3,-3.18403683210306,0.004
6,2,0.2,59,10,0.3,0.3,12,3,-3.47086642996103,0.004
6,2,0.2,65,10,0.3,0.3,12,3,-3.69960583795657,0.004
6,2,0.2,86,10,0.3,0.3,12,3,-3.34543977710356,0.004
6,2,0.2,92,10,0.3,0.3,12,3,-3.07894976913195,0.004
6,2,0.2,93,10,0.3,0.3,12,3,-2.80541461810802,0.004
6,2,0.2,102,10,0.3,0.3,12,3,-3.31288391959154,0.004
6,2,0.2,112,10,0.3,0.3,12,3,-3.35114403531219,0.004
6,2,0.2,114,10,0.3,0.3,12,3,-3.19878660543128,0.004
6,2,0.2,136,10,0.3,0.3,12,3,-3.19041765551071,0.004
6,2,0.2,137,10,0.3,0.3,12,3,-3.74086890067019,0.004
6,2,0.2,188,10,0.3,0.3,12,3,-3.68608299736036,0.004
6,2,0.2,197,10,0.3,0.3,12,3,-3.72050279564792,0.004
6,2,0.2,210,10,0.3,0.3,12,3,-3.92312914978638,0.004
6,2,0.2,212,10,0.3,0.3,12,3,-3.32286864260641,0.004
6,2,0.2,239,10,0.3,0.3,12,3,-3.05395810579077,0.004
6,2,0.2,240,10,0.3,0.3,12,3,-1.91750498087583,0.004
6,2,0.2,262,10,0.3,0.3,12,3,-3.06746602893952,0.004
6,2,0.2,270,10,0.3,0.3,12,3,-2.83401546254549,0.004
6,2,0.2,6,10,0.3,0.3,12,3,-2.99640521979845,0.006
6,2,0.2,9,10,0.3,0.3,12,3,-3.37136380386443,0.006
6,2,0.2,43,10,0.3,0.3,12,3,-3.05421223724787,0.006
6,2,0.2,71,10,0.3,0.3,12,3,-2.40699701884941,0.006
6,2,0.2,108,10,0.3,0.3,12,3,-3.86062406351019,0.006
6,2,0.2,120,10,0.3,0.3,12,3,-4.43963473095192,0.006
6,2,0.2,138,10,0.3,0.3,12,3,-2.43555745848965,0.006
6,2,0.2,144,10,0.3,0.3,12,3,-3.63584417615385,0.006
6,2,0.2,264,10,0.3,0.3,12,3,-3.09640185652898,0.006
6,2,0.2,268,10,0.3,0.3,12,3,-3.3118104818428,0.006
6,2,0.2,293,10,0.3,0.3,12,3,-3.27584763173607,0.006
6,2,0.2,19,10,0.3,0.3,12,3,-2.83193652265828,0.008
6,2,0.2,36,10,0.3,0.3,12,3,-3.01660135753806,0.008
6,2,0.2,37,10,0.3,0.3,12,3,-3.65010705839842,0.008
6,2,0.2,52,10,0.3,0.3,12,3,-2.72201521942159,0.008
6,2,0.2,56,10,0.3,0.3,12,3,-3.92044081686063,0.008
6,2,0.2,63,10,0.3,0.3,12,3,-3.18916861127838,0.008
6,2,0.2,82,10,0.3,0.3,12,3,-2.65346735471832,0.008
6,2,0.2,104,10,0.3,0.3,12,3,-3.71550795244903,0.008
6,2,0.2,119,10,0.3,0.3,12,3,-3.00578950317535,0.008
6,2,0.2,125,10,0.3,0.3,12,3,-3.28397200152781,0.008
6,2,0.2,131,10,0.3,0.3,12,3,-2.12449066760283,0.008
6,2,0.2,167,10,0.3,0.3,12,3,-2.96369356058929,0.008
6,2,0.2,169,10,0.3,0.3,12,3,-4.02991896328692,0.008
6,2,0.2,255,10,0.3,0.3,12,3,-2.7132851145285,0.008
6,2,0.2,271,10,0.3,0.3,12,3,-2.45872204285556,0.008
6,2,0.2,66,10,0.3,0.3,12,3,-3.50082432987341,0.01
6,2,0.2,76,10,0.3,0.3,12,3,-2.7871079232375,0.01
6,2,0.2,84,10,0.3,0.3,12,3,-2.83818742039662,0.01
6,2,0.2,90,10,0.3,0.3,12,3,-3.45653290041591,0.01
6,2,0.2,106,10,0.3,0.3,12,3,-2.7908503734028,0.01
6,2,0.2,151,10,0.3,0.3,12,3,-3.20296254833562,0.01
6,2,0.2,171,10,0.3,0.3,12,3,-2.57322536880301,0.01
6,2,0.2,172,10,0.3,0.3,12,3,-3.16521548455373,0.01
6,2,0.2,173,10,0.3,0.3,12,3,-2.63147076960661,0.01
6,2,0.2,196,10,0.3,0.3,12,3,-3.74441062549647,0.01
6,2,0.2,200,10,0.3,0.3,12,3,-3.37980479808829,0.01
6,2,0.2,245,10,0.3,0.3,12,3,-2.71127072316975,0.01
6,2,0.2,17,10,0.3,0.3,12,3,-3.34504478281556,0.012
6,2,0.2,87,10,0.3,0.3,12,3,-3.30223973826597,0.012
6,2,0.2,103,10,0.3,0.3,12,3,-2.56299666128834,0.012
6,2,0.2,117,10,0.3,0.3,12,3,-3.36210389454922,0.012
6,2,0.2,130,10,0.3,0.3,12,3,-2.81602512511427,0.012
6,2,0.2,135,10,0.3,0.3,12,3,-2.58982178215015,0.012
6,2,0.2,185,10,0.3,0.3,12,3,-2.7997719758628,0.012
6,2,0.2,193,10,0.3,0.3,12,3,-3.00337597010781,0.012
6,2,0.2,273,10,0.3,0.3,12,3,-2.99278328836431,0.012
6,2,0.2,279,10,0.3,0.3,12,3,-2.66552367653921,0.012
6,2,0.2,299,10,0.3,0.3,12,3,-2.94995223407452,0.012
6,2,0.2,54,10,0.3,0.3,12,3,-2.42462628291435,0.014
6,2,0.2,96,10,0.3,0.3,12,3,-2.80310659114375,0.014
6,2,0.2,123,10,0.3,0.3,12,3,-2.92032076389597,0.014
6,2,0.2,140,10,0.3,0.3,12,3,-3.45147899344619,0.014
6,2,0.2,179,10,0.3,0.3,12,3,-3.17035121462655,0.014
6,2,0.2,192,10,0.3,0.3,12,3,-2.99270868364036,0.014
6,2,0.2,229,10,0.3,0.3,12,3,-2.7370399296336,0.014
6,2,0.2,267,10,0.3,0.3,12,3,-3.11314982924992,0.014
6,2,0.2,282,10,0.3,0.3,12,3,-3.03192595662892,0.014
6,2,0.2,297,10,0.3,0.3,12,3,-3.75642529891755,0.014
6,2,0.2,5,10,0.3,0.3,12,3,-2.44457299023819,0.016
6,2,0.2,31,10,0.3,0.3,12,3,-3.58371846361808,0.016
6,2,0.2,34,10,0.3,0.3,12,3,-3.26102024419259,0.016
6,2,0.2,77,10,0.3,0.3,12,3,-2.97522664270934,0.016
6,2,0.2,89,10,0.3,0.3,12,3,-3.49803420964119,0.016
6,2,0.2,168,10,0.3,0.3,12,3,-3.03597105764476,0.016
6,2,0.2,182,10,0.3,0.3,12,3,-3.16703609939739,0.016
6,2,0.2,246,10,0.3,0.3,12,3,-3.3075714101314,0.016
6,2,0.2,251,10,0.3,0.3,12,3,-3.47303400262547,0.016
6,2,0.2,260,10,0.3,0.3,12,3,-2.48498956041331,0.016
6,2,0.2,8,10,0.3,0.3,12,3,-4.00828414575875,0.018
6,2,0.2,30,10,0.3,0.3,12,3,-3.01092184348303,0.018
6,2,0.2,39,10,0.3,0.3,12,3,-3.28296974273459,0.018
6,2,0.2,58,10,0.3,0.3,12,3,-3.70163418286273,0.018
6,2,0.2,79,10,0.3,0.3,12,3,-2.78957854555051,0.018
6,2,0.2,187,10,0.3,0.3,12,3,-3.82726315216144,0.018
6,2,0.2,189,10,0.3,0.3,12,3,-2.34213259418962,0.018
6,2,0.2,224,10,0.3,0.3,12,3,-3.28107112950201,0.018
6,2,0.2,238,10,0.3,0.3,12,3,-2.59400822664705,0.018
6,2,0.2,288,10,0.3,0.3,12,3,-2.57657402374014,0.018
6,2,0.2,67,10,0.3,0.3,12,3,-2.38820625007907,0.02
6,2,0.2,94,10,0.3,0.3,12,3,-3.29007131010633,0.02
6,2,0.2,118,10,0.3,0.3,12,3,-3.0053300578447,0.02
6,2,0.2,162,10,0.3,0.3,12,3,-3.37412702204526,0.02
6,2,0.2,208,10,0.3,0.3,12,3,-3.74180214237717,0.02
6,2,0.2,217,10,0.3,0.3,12,3,-3.71324038206055,0.02
6,2,0.2,259,10,0.3,0.3,12,3,-3.51210121682905,0.02
6,2,0.2,275,10,0.3,0.3,12,3,-2.96422595641781,0.02
6,2,0.2,290,10,0.3,0.3,12,3,-3.49751247006827,0.02
6,2,0.2,26,10,0.3,0.3,12,3,-2.4624174163713,0.022
6,2,0.2,41,10,0.3,0.3,12,3,-2.50861683245725,0.022
6,2,0.2,68,10,0.3,0.3,12,3,-2.59852553771137,0.022
6,2,0.2,154,10,0.3,0.3,12,3,-2.59727560270903,0.022
6,2,0.2,180,10,0.3,0.3,12,3,-3.2045196941306,0.022
6,2,0.2,226,10,0.3,0.3,12,3,-2.97867053229137,0.022
6,2,0.2,80,10,0.3,0.3,12,3,-1.93832292386367,0.024
6,2,0.2,101,10,0.3,0.3,12,3,-3.27813425036945,0.024
6,2,0.2,121,10,0.3,0.3,12,3,-3.0006482183154,0.024
6,2,0.2,170,10,0.3,0.3,12,3,-2.74841564911492,0.024
6,2,0.2,214,10,0.3,0.3,12,3,-2.75219417798047,0.024
6,2,0.2,234,10,0.3,0.3,12,3,-3.42845282258929,0.024
6,2,0.2,286,10,0.3,0.3,12,3,-1.7814510447204,0.024
6,2,0.2,12,10,0.3,0.3,12,3,-2.4927223387607,0.026
6,2,0.2,47,10,0.3,0.3,12,3,-2.7382354158589,0.026
6,2,0.2,161,10,0.3,0.3,12,3,-2.94295766796188,0.026
6,2,0.2,176,10,0.3,0.3,12,3,-3.017909759074,0.026
6,2,0.2,247,10,0.3,0.3,12,3,-3.24838588549781,0.026
6,2,0.2,300,10,0.3,0.3,12,3,-3.21134107438127,0.026
6,2,0.2,95,10,0.3,0.3,12,3,-3.8890543605018,0.028
6,2,0.2,105,10,0.3,0.3,12,3,-2.59324502720548,0.028
6,2,0.2,128,10,0.3,0.3,12,3,-4.2428683998352,0.028
6,2,0.2,133,10,0.3,0.3,12,3,-3.40064207249097,0.028
6,2,0.2,148,10,0.3,0.3,12,3,-2.61512672761847,0.028
6,2,0.2,165,10,0.3,0.3,12,3,-2.59157026877372,0.028
6,2,0.2,209,10,0.3,0.3,12,3,-2.23083608921615,0.028
6,2,0.2,225,10,0.3,0.3,12,3,-3.17760012714078,0.028
6,2,0.2,232,10,0.3,0.3,12,3,-3.04433873097264,0.028
6,2,0.2,107,10,0.3,0.3,12,3,-2.85112447983349,0.03
6,2,0.2,149,10,0.3,0.3,12,3,-3.37435354629375,0.03
6,2,0.2,13,10,0.3,0.3,12,3,-3.1455518552371,0.032
6,2,0.2,20,10,0.3,0.3,12,3,-4.10466084254267,0.032
6,2,0.2,49,10,0.3,0.3,12,3,-3.53405049182419,0.032
6,2,0.2,50,10,0.3,0.3,12,3,-3.68262809579409,0.032
6,2,0.2,109,10,0.3,0.3,12,3,-3.26643562594953,0.032
6,2,0.2,211,10,0.3,0.3,12,3,-2.42738089618101,0.032
6,2,0.2,227,10,0.3,0.3,12,3,-2.62595542106376,0.032
6,2,0.2,272,10,0.3,0.3,12,3,-2.68660887746512,0.032
6,2,0.2,280,10,0.3,0.3,12,3,-3.24041782710663,0.032
6,2,0.2,291,10,0.3,0.3,12,3,-3.32457769254572,0.032
6,2,0.2,46,10,0.3,0.3,12,3,-2.56915892324699,0.034
6,2,0.2,163,10,0.3,0.3,12,3,-3.08798220779187,0.034
6,2,0.2,177,10,0.3,0.3,12,3,-2.3175634690395,0.034
6,2,0.2,1,10,0.3,0.3,12,3,-2.63089579299225,0.036
6,2,0.2,22,10,0.3,0.3,12,3,-2.97042739084927,0.036
6,2,0.2,27,10,0.3,0.3,12,3,-2.34683690330877,0.036
6,2,0.2,35,10,0.3,0.3,12,3,-3.09421344973489,0.036
6,2,0.2,55,10,0.3,0.3,12,3,-2.76295053009724,0.036
6,2,0.2,57,10,0.3,0.3,12,3,-2.8183536818479,0.036
6,2,0.2,249,10,0.3,0.3,12,3,-2.92200961433221,0.036
6,2,0.2,276,10,0.3,0.3,12,3,-3.08601975840926,0.036
6,2,0.2,14,10,0.3,0.3,12,3,-2.32979939061914,0.038
6,2,0.2,70,10,0.3,0.3,12,3,-2.18455512397861,0.038
6,2,0.2,97,10,0.3,0.3,12,3,-3.02881554166066,0.038
6,2,0.2,116,10,0.3,0.3,12,3,-2.89975311836872,0.038
6,2,0.2,230,10,0.3,0.3,12,3,-2.99229645496089,0.038
6,2,0.2,292,10,0.3,0.3,12,3,-3.68899195023027,0.038
6,2,0.2,295,10,0.3,0.3,12,3,-3.77547019264514,0.038
6,2,0.2,29,10,0.3,0.3,12,3,-3.19403152747316,0.04
6,2,0.2,64,10,0.3,0.3,12,3,-2.56000397873126,0.04
6,2,0.2,73,10,0.3,0.3,12,3,-3.70951981771532,0.04
6,2,0.2,126,10,0.3,0.3,12,3,-3.42059413105437,0.04
6,2,0.2,160,10,0.3,0.3,12,3,-2.30363480110213,0.04
6,2,0.2,164,10,0.3,0.3,12,3,-2.46313417889945,0.04
6,2,0.2,21,10,0.3,0.3,12,3,-2.90689375530906,0.042
6,2,0.2,85,10,0.3,0.3,12,3,-3.34620257338457,0.042
6,2,0.2,115,10,0.3,0.3,12,3,-3.36930204277996,0.042
6,2,0.2,127,10,0.3,0.3,12,3,-2.59206293129435,0.042
6,2,0.2,141,10,0.3,0.3,12,3,-3.61794320784188,0.042
6,2,0.2,157,10,0.3,0.3,12,3,-2.8877483788232,0.042
6,2,0.2,222,10,0.3,0.3,12,3,-2.38933130533516,0.042
6,2,0.2,244,10,0.3,0.3,12,3,-3.03565831462612,0.042
6,2,0.2,81,10,0.3,0.3,12,3,-3.24111283014147,0.044
6,2,0.2,158,10,0.3,0.3,12,3,-3.77022045679666,0.044
6,2,0.2,174,10,0.3,0.3,12,3,-2.98714872920772,0.044
6,2,0.2,218,10,0.3,0.3,12,3,-3.04372222462311,0.044
6,2,0.2,242,10,0.3,0.3,12,3,-2.99355809052,0.044
6,2,0.2,243,10,0.3,0.3,12,3,-3.39466754342521,0.044
6,2,0.2,253,10,0.3,0.3,12,3,-2.79108852012496,0.044
6,2,0.2,285,10,0.3,0.3,12,3,-4.52212321096883,0.044
6,2,0.2,45,10,0.3,0.3,12,3,-2.68143991952041,0.046
6,2,0.2,98,10,0.3,0.3,12,3,-3.36872202650571,0.046
6,2,0.2,147,10,0.3,0.3,12,3,-2.03681368875075,0.046
6,2,0.2,181,10,0.3,0.3,12,3,-3.97864426210799,0.046
6,2,0.2,186,10,0.3,0.3,12,3,-1.46906011237087,0.046
6,2,0.2,202,10,0.3,0.3,12,3,-3.25468405315112,0.046
6,2,0.2,258,10,0.3,0.3,12,3,-2.71784607101662,0.046
6,2,0.2,4,10,0.3,0.3,12,3,-2.49924262976228,0.048
6,2,0.2,195,10,0.3,0.3,12,3,-2.64850989949636,0.048
6,2,0.2,281,10,0.3,0.3,12,3,-3.64059234288123,0.048
6,2,0.2,88,10,0.3,0.3,12,3,-3.41892168469965,0.05
6,2,0.2,194,10,0.3,0.3,12,3,-2.63466823456858,0.05
6,2,0.2,221,10,0.3,0.3,12,3,-2.5665641577921,0.05
6,2,0.2,28,10,0.3,0.3,12,3,-2.67372762144558,0.052
6,2,0.2,32,10,0.3,0.3,12,3,-3.50718281014917,0.052
6,2,0.2,91,10,0.3,0.3,12,3,-3.35768436886045,0.052
6,2,0.2,139,10,0.3,0.3,12,3,-2.24591841257666,0.052
6,2,0.2,143,10,0.3,0.3,12,3,-2.65827580901569,0.052
6,2,0.2,156,10,0.3,0.3,12,3,-2.91543163761247,0.052
6,2,0.2,213,10,0.3,0.3,12,3,-1.71702498503956,0.052
6,2,0.2,231,10,0.3,0.3,12,3,-2.92469025265109,0.052
6,2,0.2,261,10,0.3,0.3,12,3,-2.65542168658197,0.052
6,2,0.2,263,10,0.3,0.3,12,3,-3.37417727007204,0.052
6,2,0.2,287,10,0.3,0.3,12,3,-3.33276938929163,0.052
6,2,0.2,99,10,0.3,0.3,12,3,-1.78227315652973,0.054
6,2,0.2,206,10,0.3,0.3,12,3,-1.69374497227918,0.054
6,2,0.2,236,10,0.3,0.3,12,3,-3.03129877087969,0.054
6,2,0.2,256,10,0.3,0.3,12,3,-2.6865338960867,0.054
6,2,0.2,33,10,0.3,0.3,12,3,-2.19708095475983,0.056
6,2,0.2,40,10,0.3,0.3,12,3,-3.87475201499851,0.056
6,2,0.2,62,10,0.3,0.3,12,3,-1.6601932700847,0.056
6,2,0.2,75,10,0.3,0.3,12,3,-3.4093840335874,0.056
6,2,0.2,146,10,0.3,0.3,12,3,-2.97675171629422,0.056
6,2,0.2,153,10,0.3,0.3,12,3,-2.13559146165741,0.056
6,2,0.2,178,10,0.3,0.3,12,3,-3.06020461098981,0.056
6,2,0.2,183,10,0.3,0.3,12,3,-3.14955153320756,0.056
6,2,0.2,203,10,0.3,0.3,12,3,-3.64721864227297,0.056
6,2,0.2,205,10,0.3,0.3,12,3,-3.16298750979138,0.056
6,2,0.2,216,10,0.3,0.3,12,3,-3.5870044520004,0.056
6,2,0.2,277,10,0.3,0.3,12,3,-1.81438565726,0.056
6,2,0.2,122,10,0.3,0.3,12,3,-2.01756395805282,0.058
6,2,0.2,152,10,0.3,0.3,12,3,-2.03444317143115,0.058
6,2,0.2,237,10,0.3,0.3,12,3,-2.03630246566919,0.058
6,2,0.2,24,10,0.3,0.3,12,3,-2.76010835657456,0.06
6,2,0.2,25,10,0.3,0.3,12,3,-3.40106254785402,0.06
6,2,0.2,38,10,0.3,0.3,12,3,-2.82150016499878,0.06
6,2,0.2,44,10,0.3,0.3,12,3,-2.54505759494282,0.06
6,2,0.2,110,10,0.3,0.3,12,3,-2.18644340612911,0.06
6,2,0.2,111,10,0.3,0.3,12,3,-3.26511598716107,0.06
6,2,0.2,198,10,0.3,0.3,12,3,-2.21476892703151,0.06
6,2,0.2,223,10,0.3,0.3,12,3,-3.05184050109992,0.06
6,2,0.2,284,10,0.3,0.3,12,3,-3.02610865194319,0.06
6,2,0.2,53,10,0.3,0.3,12,3,-3.36665394998201,0.062
6,2,0.2,215,10,0.3,0.3,12,3,-3.23832717342262,0.062
6,2,0.2,61,10,0.3,0.3,12,3,-2.69714640757837,0.064
6,2,0.2,145,10,0.3,0.3,12,3,-3.50345536621001,0.064
6,2,0.2,23,10,0.3,0.3,12,3,-1.54025768887371,0.066
6,2,0.2,124,10,0.3,0.3,12,3,-2.61270345015322,0.066
6,2,0.2,142,10,0.3,0.3,12,3,-2.92394270289074,0.066
6,2,0.2,155,10,0.3,0.3,12,3,-3.38407302949665,0.066
6,2,0.2,207,10,0.3,0.3,12,3,-2.8787825881993,0.066
6,2,0.2,250,10,0.3,0.3,12,3,-4.13369447873814,0.066
6,2,0.2,150,10,0.3,0.3,12,3,-3.38339651229714,0.068
6,2,0.2,283,10,0.3,0.3,12,3,-2.50612603148016,0.068
6,2,0.2,298,10,0.3,0.3,12,3,-2.46249450676893,0.068
6,2,0.2,10,10,0.3,0.3,12,3,-2.25723738969432,0.07
6,2,0.2,18,10,0.3,0.3,12,3,-2.65006321812953,0.07
6,2,0.2,78,10,0.3,0.3,12,3,-2.34018255244663,0.07
6,2,0.2,83,10,0.3,0.3,12,3,-3.52620992897764,0.072
6,2,0.2,235,10,0.3,0.3,12,3,-2.77775866439106,0.072
6,2,0.2,257,10,0.3,0.3,12,3,-3.49819923270721,0.072
6,2,0.2,132,10,0.3,0.3,12,3,-2.25401758425116,0.074
6,2,0.2,201,10,0.3,0.3,12,3,-3.65451917256794,0.076
6,2,0.2,74,10,0.3,0.3,12,3,-1.9193479213865,0.086
6,2,0.2,11,10,0.3,0.3,13,3,-3.31708039689266,0
6,2,0.2,12,10,0.3,0.3,13,3,-3.64899138034721,0
6,2,0.2,30,10,0.3,0.3,13,3,-2.94169926928944,0
6,2,0.2,58,10,0.3,0.3,13,3,-2.62324786589974,0
6,2,0.2,113,10,0.3,0.3,13,3,-3.53302193024351,0
6,2,0.2,131,10,0.3,0.3,13,3,-3.37225939375747,0
6,2,0.2,157,10,0.3,0.3,13,3,-1.98889281073679,0
6,2,0.2,159,10,0.3,0.3,13,3,-3.15916762698606,0
6,2,0.2,196,10,0.3,0.3,13,3,-4.39952937677739,0
6,2,0.2,204,10,0.3,0.3,13,3,-2.55403898224512,0
6,2,0.2,255,10,0.3,0.3,13,3,-4.35497668045571,0
6,2,0.2,279,10,0.3,0.3,13,3,-4.04052600744691,0
6,2,0.2,296,10,0.3,0.3,13,3,-3.50120443368118,0
6,2,0.2,9,10,0.3,0.3,13,3,-4.0150812450976,0.002
6,2,0.2,14,10,0.3,0.3,13,3,-3.45538530596806,0.002
6,2,0.2,28,10,0.3,0.3,13,3,-3.32742479704578,0.002
6,2,0.2,38,10,0.3,0.3,13,3,-4.24330037323702,0.002
6,2,0.2,62,10,0.3,0.3,13,3,-3.83612536515139,0.002
6,2,0.2,72,10,0.3,0.3,13,3,-3.36903576330991,0.002
6,2,0.2,90,10,0.3,0.3,13,3,-2.52771782670303,0.002
6,2,0.2,132,10,0.3,0.3,13,3,-3.47981710964558,0.002
6,2,0.2,142,10,0.3,0.3,13,3,-3.6241479924488,0.002
6,2,0.2,144,10,0.3,0.3,13,3,-2.41938890293548,0.002
6,2,0.2,175,10,0.3,0.3,13,3,-3.0896285814776,0.002
6,2,0.2,185,10,0.3,0.3,13,3,-3.34539454180359,0.002
6,2,0.2,191,10,0.3,0.3,13,3,-3.48654790389543,0.002
6,2,0.2,195,10,0.3,0.3,13,3,-3.85627308292214,0.002
6,2,0.2,202,10,0.3,0.3,13,3,-2.96971568106363,0.002
6,2,0.2,210,10,0.3,0.3,13,3,-3.19602125468953,0.002
6,2,0.2,216,10,0.3,0.3,13,3,-3.43769608746931,0.002
6,2,0.2,217,10,0.3,0.3,13,3,-2.80996455613979,0.002
6,2,0.2,230,10,0.3,0.3,13,3,-2.81891179792595,0.002
6,2,0.2,245,10,0.3,0.3,13,3,-3.41497210785414,0.002
6,2,0.2,263,10,0.3,0.3,13,3,-2.33860229546121,0.002
6,2,0.2,268,10,0.3,0.3,13,3,-3.91334685637139,0.002
6,2,0.2,286,10,0.3,0.3,13,3,-2.97510612947113,0.002
6,2,0.2,7,10,0.3,0.3,13,3,-2.8821724120443,0.004
6,2,0.2,21,10,0.3,0.3,13,3,-2.1042989282997,0.004
6,2,0.2,32,10,0.3,0.3,13,3,-3.47539494463774,0.004
6,2,0.2,45,10,0.3,0.3,13,3,-2.61155055720661,0.004
6,2,0.2,56,10,0.3,0.3,13,3,-2.60020496985368,0.004
6,2,0.2,59,10,0.3,0.3,13,3,-3.00350253996908,0.004
6,2,0.2,67,10,0.3,0.3,13,3,-3.899320613898,0.004
6,2,0.2,98,10,0.3,0.3,13,3,-2.99727592101777,0.004
6,2,0.2,120,10,0.3,0.3,13,3,-4.21290623749377,0.004
6,2,0.2,124,10,0.3,0.3,13,3,-1.89714849410649,0.004
6,2,0.2,141,10,0.3,0.3,13,3,-3.38210719924993,0.004
6,2,0.2,165,10,0.3,0.3,13,3,-3.31569564805824,0.004
6,2,0.2,174,10,0.3,0.3,13,3,-3.62681340776101,0.004
6,2,0.2,194,10,0.3,0.3,13,3,-2.4161828695355,0.004
6,2,0.2,200,10,0.3,0.3,13,3,-3.30450168858067,0.004
6,2,0.2,212,10,0.3,0.3,13,3,-2.85009792221774,0.004
6,2,0.2,235,10,0.3,0.3,13,3,-3.77221294892362,0.004
6,2,0.2,237,10,0.3,0.3,13,3,-3.42911770140805,0.004
6,2,0.2,239,10,0.3,0.3,13,3,-4.18369425895423,0.004
6,2,0.2,6,10,0.3,0.3,13,3,-3.04656637137961,0.006
6,2,0.2,17,10,0.3,0.3,13,3,-3.85800547048552,0.006
6,2,0.2,43,10,0.3,0.3,13,3,-3.00848109482146,0.006
6,2,0.2,70,10,0.3,0.3,13,3,-2.8774274013719,0.006
6,2,0.2,122,10,0.3,0.3,13,3,-3.58630777112452,0.006
6,2,0.2,128,10,0.3,0.3,13,3,-3.30632880923648,0.006
6,2,0.2,146,10,0.3,0.3,13,3,-3.28881979853389,0.006
6,2,0.2,160,10,0.3,0.3,13,3,-2.96029815049832,0.006
6,2,0.2,189,10,0.3,0.3,13,3,-3.00323994445452,0.006
6,2,0.2,190,10,0.3,0.3,13,3,-2.84695386311355,0.006
6,2,0.2,197,10,0.3,0.3,13,3,-3.39985734549239,0.006
6,2,0.2,247,10,0.3,0.3,13,3,-3.50424675597421,0.006
6,2,0.2,248,10,0.3,0.3,13,3,-3.29295071613015,0.006
6,2,0.2,256,10,0.3,0.3,13,3,-2.92074295098197,0.006
6,2,0.2,287,10,0.3,0.3,13,3,-2.91721170465615,0.006
6,2,0.2,20,10,0.3,0.3,13,3,-3.21440005889446,0.008
6,2,0.2,71,10,0.3,0.3,13,3,-2.01273022898627,0.008
6,2,0.2,105,10,0.3,0.3,13,3,-3.68313641213877,0.008
6,2,0.2,138,10,0.3,0.3,13,3,-2.67218300077025,0.008
6,2,0.2,170,10,0.3,0.3,13,3,-4.19711153204571,0.008
6,2,0.2,171,10,0.3,0.3,13,3,-3.18042162526382,0.008
6,2,0.2,209,10,0.3,0.3,13,3,-2.46666460234042,0.008
6,2,0.2,241,10,0.3,0.3,13,3,-3.50990080357218,0.008
6,2,0.2,290,10,0.3,0.3,13,3,-4.01161944029101,0.008
6,2,0.2,298,10,0.3,0.3,13,3,-3.01567896966154,0.008
6,2,0.2,2,10,0.3,0.3,13,3,-2.8807661520197,0.01
6,2,0.2,48,10,0.3,0.3,13,3,-3.45897136718622,0.01
6,2,0.2,69,10,0.3,0.3,13,3,-3.96407003659218,0.01
6,2,0.2,75,10,0.3,0.3,13,3,-4.04875974570371,0.01
6,2,0.2,78,10,0.3,0.3,13,3,-3.59057740108526,0.01
6,2,0.2,79,10,0.3,0.3,13,3,-2.74909781694782,0.01
6,2,0.2,99,10,0.3,0.3,13,3,-3.89781741217928,0.01
6,2,0.2,100,10,0.3,0.3,13,3,-3.52579758548222,0.01
6,2,0.2,117,10,0.3,0.3,13,3,-3.77588622141283,0.01
6,2,0.2,143,10,0.3,0.3,13,3,-3.20069811082141,0.01
6,2,0.2,172,10,0.3,0.3,13,3,-3.83742299118859,0.01
6,2,0.2,207,10,0.3,0.3,13,3,-3.09188459292614,0.01
6,2,0.2,226,10,0.3,0.3,13,3,-3.03731546852052,0.01
6,2,0.2,227,10,0.3,0.3,13,3,-3.72008594020915,0.01
6,2,0.2,37,10,0.3,0.3,13,3,-2.5993013923256,0.012
6,2,0.2,93,10,0.3,0.3,13,3,-3.22645691124646,0.012
6,2,0.2,108,10,0.3,0.3,13,3,-3.37928788262798,0.012
6,2,0.2,130,10,0.3,0.3,13,3,-2.97501716397952,0.012
6,2,0.2,193,10,0.3,0.3,13,3,-2.90739536848633,0.012
6,2,0.2,218,10,0.3,0.3,13,3,-4.17232874685715,0.012
6,2,0.2,220,10,0.3,0.3,13,3,-3.19311238081539,0.012
6,2,0.2,233,10,0.3,0.3,13,3,-4.29059842745323,0.012
6,2,0.2,259,10,0.3,0.3,13,3,-2.61671795270317,0.012
6,2,0.2,269,10,0.3,0.3,13,3,-2.55324778065514,0.012
6,2,0.2,277,10,0.3,0.3,13,3,-2.75636904097738,0.012
6,2,0.2,284,10,0.3,0.3,13,3,-3.09679656597476,0.012
6,2,0.2,292,10,0.3,0.3,13,3,-3.15570762261046,0.012
6,2,0.2,35,10,0.3,0.3,13,3,-3.25201707657158,0.014
6,2,0.2,112,10,0.3,0.3,13,3,-2.79243027354264,0.014
6,2,0.2,135,10,0.3,0.3,13,3,-2.90206669167435,0.014
6,2,0.2,139,10,0.3,0.3,13,3,-3.20687153370304,0.014
6,2,0.2,150,10,0.3,0.3,13,3,-3.02739562414666,0.014
6,2,0.2,161,10,0.3,0.3,13,3,-3.2197237636901,0.014
6,2,0.2,198,10,0.3,0.3,13,3,-2.50169423005383,0.014
6,2,0.2,22,10,0.3,0.3,13,3,-4.0667042561987,0.016
6,2,0.2,50,10,0.3,0.3,13,3,-3.63205536741785,0.016
6,2,0.2,68,10,0.3,0.3,13,3,-3.04236477778321,0.016
6,2,0.2,80,10,0.3,0.3,13,3,-3.39785907908862,0.016
6,2,0.2,81,10,0.3,0.3,13,3,-2.51470444584038,0.016
6,2,0.2,87,10,0.3,0.3,13,3,-2.81353442217787,0.016
6,2,0.2,102,10,0.3,0.3,13,3,-2.51646413714724,0.016
6,2,0.2,153,10,0.3,0.3,13,3,-3.57229855572902,0.016
6,2,0.2,176,10,0.3,0.3,13,3,-3.86487960210866,0.016
6,2,0.2,178,10,0.3,0.3,13,3,-2.33958851526342,0.016
6,2,0.2,181,10,0.3,0.3,13,3,-2.71134775829847,0.016
6,2,0.2,246,10,0.3,0.3,13,3,-2.35630677668809,0.016
6,2,0.2,260,10,0.3,0.3,13,3,-2.35887828158923,0.016
6,2,0.2,264,10,0.3,0.3,13,3,-3.571342838416,0.016
6,2,0.2,41,10,0.3,0.3,13,3,-3.34814203661639,0.018
6,2,0.2,89,10,0.3,0.3,13,3,-2.11401761536303,0.018
6,2,0.2,96,10,0.3,0.3,13,3,-2.15116694038639,0.018
6,2,0.2,127,10,0.3,0.3,13,3,-2.48099692545651,0.018
6,2,0.2,192,10,0.3,0.3,13,3,-2.95004175208288,0.018
6,2,0.2,252,10,0.3,0.3,13,3,-2.43060463457158,0.018
6,2,0.2,15,10,0.3,0.3,13,3,-2.6163118957283,0.02
6,2,0.2,23,10,0.3,0.3,13,3,-2.81068433532923,0.02
6,2,0.2,25,10,0.3,0.3,13,3,-4.31372129439598,0.02
6,2,0.2,51,10,0.3,0.3,13,3,-2.414080279009,0.02
6,2,0.2,73,10,0.3,0.3,13,3,-3.44020197493225,0.02
6,2,0.2,123,10,0.3,0.3,13,3,-3.04833714560877,0.02
6,2,0.2,140,10,0.3,0.3,13,3,-3.00523617761311,0.02
6,2,0.2,168,10,0.3,0.3,13,3,-3.14554358284116,0.02
6,2,0.2,53,10,0.3,0.3,13,3,-3.31639710619612,0.022
6,2,0.2,86,10,0.3,0.3,13,3,-3.04684689067275,0.022
6,2,0.2,125,10,0.3,0.3,13,3,-3.1373844126758,0.022
6,2,0.2,228,10,0.3,0.3,13,3,-2.95146189519815,0.022
6,2,0.2,294,10,0.3,0.3,13,3,-2.25506059707755,0.022
6,2,0.2,40,10,0.3,0.3,13,3,-2.65102803748647,0.024
6,2,0.2,66,10,0.3,0.3,13,3,-2.11266746686869,0.024
6,2,0.2,88,10,0.3,0.3,13,3,-2.54482981006666,0.024
6,2,0.2,97,10,0.3,0.3,13,3,-3.62732169200822,0.024
6,2,0.2,114,10,0.3,0.3,13,3,-2.72886407122058,0.024
6,2,0.2,116,10,0.3,0.3,13,3,-3.11310282578452,0.024
6,2,0.2,187,10,0.3,0.3,13,3,-3.12774544279804,0.024
6,2,0.2,265,10,0.3,0.3,13,3,-3.51150667234785,0.024
6,2,0.2,4,10,0.3,0.3,13,3,-2.73950224338904,0.026
6,2,0.2,103,10,0.3,0.3,13,3,-3.21343823106949,0.026
6,2,0.2,107,10,0.3,0.3,13,3,-4.29964607452288,0.026
6,2,0.2,164,10,0.3,0.3,13,3,-2.83437617760805,0.026
6,2,0.2,215,10,0.3,0.3,13,3,-2.9194747626145,0.026
6,2,0.2,224,10,0.3,0.3,13,3,-2.25346380261084,0.026
6,2,0.2,250,10,0.3,0.3,13,3,-2.35400571556144,0.026
6,2,0.2,63,10,0.3,0.3,13,3,-2.47701495360801,0.028
6,2,0.2,156,10,0.3,0.3,13,3,-2.62524490807485,0.028
6,2,0.2,214,10,0.3,0.3,13,3,-3.01072771031207,0.028
6,2,0.2,231,10,0.3,0.3,13,3,-3.24232588255546,0.028
6,2,0.2,34,10,0.3,0.3,13,3,-2.96134602246269,0.03
6,2,0.2,46,10,0.3,0.3,13,3,-2.17863462641446,0.03
6,2,0.2,76,10,0.3,0.3,13,3,-3.46321159255322,0.03
6,2,0.2,273,10,0.3,0.3,13,3,-2.33831878645157,0.03
6,2,0.2,52,10,0.3,0.3,13,3,-3.30575127918775,0.032
6,2,0.2,148,10,0.3,0.3,13,3,-2.83935475367795,0.032
6,2,0.2,169,10,0.3,0.3,13,3,-3.33525239722005,0.032
6,2,0.2,242,10,0.3,0.3,13,3,-3.42054598758415,0.032
6,2,0.2,295,10,0.3,0.3,13,3,-2.77235456603057,0.032
6,2,0.2,27,10,0.3,0.3,13,3,-2.7077550196793,0.034
6,2,0.2,119,10,0.3,0.3,13,3,-2.66516301450048,0.034
6,2,0.2,121,10,0.3,0.3,13,3,-2.71023664546036,0.034
6,2,0.2,179,10,0.3,0.3,13,3,-2.57510512140641,0.034
6,2,0.2,223,10,0.3,0.3,13,3,-2.98818961748003,0.034
6,2,0.2,232,10,0.3,0.3,13,3,-2.995424764782,0.034
6,2,0.2,188,10,0.3,0.3,13,3,-2.03361644377685,0.036
6,2,0.2,261,10,0.3,0.3,13,3,-3.05467456328279,0.036
6,2,0.2,26,10,0.3,0.3,13,3,-2.68483727735281,0.038
6,2,0.2,33,10,0.3,0.3,13,3,-3.35115505464316,0.038
6,2,0.2,57,10,0.3,0.3,13,3,-2.24264486883604,0.038
6,2,0.2,61,10,0.3,0.3,13,3,-3.16216077645194,0.038
6,2,0.2,64,10,0.3,0.3,13,3,-3.58167862161289,0.038
6,2,0.2,106,10,0.3,0.3,13,3,-2.5598400367663,0.038
6,2,0.2,145,10,0.3,0.3,13,3,-1.76003460457585,0.038
6,2,0.2,154,10,0.3,0.3,13,3,-3.0513080213382,0.038
6,2,0.2,182,10,0.3,0.3,13,3,-2.99035745555247,0.038
6,2,0.2,203,10,0.3,0.3,13,3,-3.2339181141304,0.038
6,2,0.2,206,10,0.3,0.3,13,3,-2.83994692606851,0.038
6,2,0.2,243,10,0.3,0.3,13,3,-3.16595208394463,0.038
6,2,0.2,253,10,0.3,0.3,13,3,-2.9579128561939,0.038
6,2,0.2,278,10,0.3,0.3,13,3,-3.11211598564424,0.038
6,2,0.2,55,10,0.3,0.3,13,3,-2.22275532287654,0.04
6,2,0.2,65,10,0.3,0.3,13,3,-1.90045526360308,0.04
6,2,0.2,173,10,0.3,0.3,13,3,-2.3854836208678,0.04
6,2,0.2,236,10,0.3,0.3,13,3,-2.57097873410623,0.04
6,2,0.2,291,10,0.3,0.3,13,3,-3.0736265962943,0.04
6,2,0.2,84,10,0.3,0.3,13,3,-2.05330670857018,0.042
6,2,0.2,110,10,0.3,0.3,13,3,-2.76803296341384,0.042
6,2,0.2,111,10,0.3,0.3,13,3,-2.98968797418482,0.042
6,2,0.2,186,10,0.3,0.3,13,3,-2.65876583092339,0.042
6,2,0.2,205,10,0.3,0.3,13,3,-2.06325625933064,0.042
6,2,0.2,257,10,0.3,0.3,13,3,-2.31237916510696,0.042
6,2,0.2,275,10,0.3,0.3,13,3,-2.36036306894738,0.042
6,2,0.2,293,10,0.3,0.3,13,3,-3.42866682029029,0.042
6,2,0.2,300,10,0.3,0.3,13,3,-2.98266906965057,0.042
6,2,0.2,1,10,0.3,0.3,13,3,-3.03214298880579,0.044
6,2,0.2,44,10,0.3,0.3,13,3,-2.88008754641646,0.044
6,2,0.2,82,10,0.3,0.3,13,3,-1.93773273582656,0.044
6,2,0.2,133,10,0.3,0.3,13,3,-2.18446161036735,0.044
6,2,0.2,137,10,0.3,0.3,13,3,-2.70578832624099,0.044
6,2,0.2,266,10,0.3,0.3,13,3,-2.58617576438718,0.044
6,2,0.2,276,10,0.3,0.3,13,3,-3.26768730643573,0.044
6,2,0.2,39,10,0.3,0.3,13,3,-2.76643908532537,0.046
6,2,0.2,77,10,0.3,0.3,13,3,-2.48048336804806,0.046
6,2,0.2,94,10,0.3,0.3,13,3,-1.6431519227695,0.046
6,2,0.2,126,10,0.3,0.3,13,3,-2.51732873064702,0.046
6,2,0.2,162,10,0.3,0.3,13,3,-2.95233532521439,0.046
6,2,0.2,166,10,0.3,0.3,13,3,-4.00764063977664,0.046
6,2,0.2,213,10,0.3,0.3,13,3,-2.74997188483161,0.046
6,2,0.2,254,10,0.3,0.3,13,3,-2.86761302177337,0.046
6,2,0.2,288,10,0.3,0.3,13,3,-3.12758704016235,0.046
6,2,0.2,299,10,0.3,0.3,13,3,-3.09930849655964,0.046
6,2,0.2,3,10,0.3,0.3,13,3,-2.81976252465367,0.048
6,2,0.2,85,10,0.3,0.3,13,3,-2.25726820351827,0.048
6,2,0.2,101,10,0.3,0.3,13,3,-3.66385817608128,0.048
6,2,0.2,136,10,0.3,0.3,13,3,-2.70078354467694,0.048
6,2,0.2,234,10,0.3,0.3,13,3,-3.1556592250314,0.048
6,2,0.2,251,10,0.3,0.3,13,3,-2.93797917984361,0.048
6,2,0.2,258,10,0.3,0.3,13,3,-2.56451987882974,0.048
6,2,0.2,16,10,0.3,0.3,13,3,-3.30369759970262,0.05
6,2,0.2,42,10,0.3,0.3,13,3,-2.75847318416339,0.05
6,2,0.2,74,10,0.3,0.3,13,3,-1.94513400638817,0.05
6,2,0.2,91,10,0.3,0.3,13,3,-2.5515102750897,0.05
6,2,0.2,147,10,0.3,0.3,13,3,-3.45653409855657,0.05
6,2,0.2,151,10,0.3,0.3,13,3,-2.29455308650566,0.05
6,2,0.2,167,10,0.3,0.3,13,3,-3.19831148478318,0.05
6,2,0.2,238,10,0.3,0.3,13,3,-3.08656420306673,0.05
6,2,0.2,18,10,0.3,0.3,13,3,-3.32522072447713,0.052
6,2,0.2,92,10,0.3,0.3,13,3,-1.81532722530721,0.052
6,2,0.2,134,10,0.3,0.3,13,3,-2.99307036554279,0.052
6,2,0.2,211,10,0.3,0.3,13,3,-3.31033356778028,0.052
6,2,0.2,249,10,0.3,0.3,13,3,-3.55488623441835,0.052
6,2,0.2,267,10,0.3,0.3,13,3,-2.4761388775168,0.052
6,2,0.2,271,10,0.3,0.3,13,3,-3.81512580863452,0.052
6,2,0.2,10,10,0.3,0.3,13,3,-3.2920672184209,0.054
6,2,0.2,184,10,0.3,0.3,13,3,-3.47513291908632,0.054
6,2,0.2,270,10,0.3,0.3,13,3,-2.60208097405902,0.054
6,2,0.2,282,10,0.3,0.3,13,3,-3.34744604305465,0.054
6,2,0.2,5,10,0.3,0.3,13,3,-1.98212133967502,0.056
6,2,0.2,8,10,0.3,0.3,13,3,-2.12542318070876,0.056
6,2,0.2,19,10,0.3,0.3,13,3,-3.50417171525393,0.056
6,2,0.2,118,10,0.3,0.3,13,3,-2.79617269726768,0.056
6,2,0.2,129,10,0.3,0.3,13,3,-3.1834194937239,0.056
6,2,0.2,199,10,0.3,0.3,13,3,-3.1799643190059,0.056
6,2,0.2,222,10,0.3,0.3,13,3,-2.83757186629222,0.056
6,2,0.2,240,10,0.3,0.3,13,3,-3.26718328714909,0.056
6,2,0.2,297,10,0.3,0.3,13,3,-2.91520771262108,0.056
6,2,0.2,24,10,0.3,0.3,13,3,-2.07904345538148,0.058
6,2,0.2,36,10,0.3,0.3,13,3,-3.57359279118367,0.058
6,2,0.2,54,10,0.3,0.3,13,3,-2.27448812908818,0.058
6,2,0.2,262,10,0.3,0.3,13,3,-2.22485185053438,0.058
6,2,0.2,281,10,0.3,0.3,13,3,-3.8033305029017,0.058
6,2,0.2,152,10,0.3,0.3,13,3,-2.46169906594793,0.06
6,2,0.2,221,10,0.3,0.3,13,3,-2.88137175483163,0.06
6,2,0.2,280,10,0.3,0.3,13,3,-2.71417702098083,0.06
6,2,0.2,285,10,0.3,0.3,13,3,-2.4066581595612,0.06
6,2,0.2,289,10,0.3,0.3,13,3,-3.43118730803033,0.06
6,2,0.2,47,10,0.3,0.3,13,3,-3.13994267266929,0.062
6,2,0.2,208,10,0.3,0.3,13,3,-2.62412311685381,0.062
6,2,0.2,225,10,0.3,0.3,13,3,-2.4226751086542,0.062
6,2,0.2,31,10,0.3,0.3,13,3,-3.2388461490315,0.064
6,2,0.2,274,10,0.3,0.3,13,3,-2.62679650471316,0.064
6,2,0.2,29,10,0.3,0.3,13,3,-1.8878510197363,0.066
6,2,0.2,109,10,0.3,0.3,13,3,-2.59791710943327,0.066
6,2,0.2,158,10,0.3,0.3,13,3,-2.06811849766638,0.066
6,2,0.2,180,10,0.3,0.3,13,3,-2.17412497728404,0.066
6,2,0.2,183,10,0.3,0.3,13,3,-3.00057925727643,0.066
6,2,0.2,244,10,0.3,0.3,13,3,-3.03153921841658,0.066
6,2,0.2,272,10,0.3,0.3,13,3,-2.62216516987428,0.066
6,2,0.2,83,10,0.3,0.3,13,3,-2.8631362502926,0.068
6,2,0.2,95,10,0.3,0.3,13,3,-2.28974602080507,0.068
6,2,0.2,60,10,0.3,0.3,13,3,-2.8155916318608,0.07
6,2,0.2,104,10,0.3,0.3,13,3,-1.91185691168795,0.07
6,2,0.2,149,10,0.3,0.3,13,3,-3.0027756329408,0.07
6,2,0.2,219,10,0.3,0.3,13,3,-2.60618082905665,0.07
6,2,0.2,49,10,0.3,0.3,13,3,-2.19104237917477,0.072
6,2,0.2,201,10,0.3,0.3,13,3,-2.49139556182465,0.072
6,2,0.2,115,10,0.3,0.3,13,3,-2.87627814576285,0.074
6,2,0.2,177,10,0.3,0.3,13,3,-1.93968844914275,0.076
6,2,0.2,283,10,0.3,0.3,13,3,-1.64529877850177,0.08
6,2,0.2,13,10,0.3,0.3,13,3,-3.78790791621449,0.082
6,2,0.2,229,10,0.3,0.3,13,3,-2.06452339007436,0.084
6,2,0.2,155,10,0.3,0.3,13,3,-2.32069337057987,0.088
6,2,0.2,163,10,0.3,0.3,13,3,-2.42430609630003,0.112
6,2,0.2,5,10,0.3,0.3,14,3,-3.20037005967296,0
6,2,0.2,8,10,0.3,0.3,14,3,-3.37121212410742,0
6,2,0.2,15,10,0.3,0.3,14,3,-3.07629130965319,0
6,2,0.2,30,10,0.3,0.3,14,3,-3.1789241335365,0
6,2,0.2,52,10,0.3,0.3,14,3,-2.70251652342608,0
6,2,0.2,66,10,0.3,0.3,14,3,-2.64664854482498,0
6,2,0.2,68,10,0.3,0.3,14,3,-3.38113053687695,0
6,2,0.2,76,10,0.3,0.3,14,3,-3.14740757871516,0
6,2,0.2,108,10,0.3,0.3,14,3,-3.74978214440719,0
6,2,0.2,109,10,0.3,0.3,14,3,-2.75959549412724,0
6,2,0.2,114,10,0.3,0.3,14,3,-3.2703045145204,0
6,2,0.2,133,10,0.3,0.3,14,3,-4.03495356289076,0
6,2,0.2,183,10,0.3,0.3,14,3,-3.5089226736369,0
6,2,0.2,188,10,0.3,0.3,14,3,-3.5127304760062,0
6,2,0.2,201,10,0.3,0.3,14,3,-3.10478612434213,0
6,2,0.2,211,10,0.3,0.3,14,3,-4.16688493141464,0
6,2,0.2,244,10,0.3,0.3,14,3,-3.10357616086074,0
6,2,0.2,269,10,0.3,0.3,14,3,-3.19465686875785,0
6,2,0.2,277,10,0.3,0.3,14,3,-3.29379658557605,0
6,2,0.2,278,10,0.3,0.3,14,3,-3.56383087541008,0
6,2,0.2,2,10,0.3,0.3,14,3,-3.80718094476131,0.002
6,2,0.2,4,10,0.3,0.3,14,3,-2.92516322797388,0.002
6,2,0.2,21,10,0.3,0.3,14,3,-3.59329637505266,0.002
6,2,0.2,49,10,0.3,0.3,14,3,-2.20580555342789,0.002
6,2,0.2,55,10,0.3,0.3,14,3,-4.01534148826468,0.002
6,2,0.2,59,10,0.3,0.3,14,3,-3.37449707832019,0.002
6,2,0.2,69,10,0.3,0.3,14,3,-2.8286630636652,0.002
6,2,0.2,72,10,0.3,0.3,14,3,-2.74790092654612,0.002
6,2,0.2,96,10,0.3,0.3,14,3,-3.30901815146646,0.002
6,2,0.2,110,10,0.3,0.3,14,3,-3.18002879714263,0.002
6,2,0.2,162,10,0.3,0.3,14,3,-2.49338017749176,0.002
6,2,0.2,173,10,0.3,0.3,14,3,-3.14409477204745,0.002
6,2,0.2,174,10,0.3,0.3,14,3,-3.09593592110616,0.002
6,2,0.2,195,10,0.3,0.3,14,3,-2.35332355173162,0.002
6,2,0.2,206,10,0.3,0.3,14,3,-3.88949042144711,0.002
6,2,0.2,215,10,0.3,0.3,14,3,-2.89799825004116,0.002
6,2,0.2,218,10,0.3,0.3,14,3,-3.27743329878328,0.002
6,2,0.2,238,10,0.3,0.3,14,3,-2.63658132226507,0.002
6,2,0.2,256,10,0.3,0.3,14,3,-3.57708581019764,0.002
6,2,0.2,268,10,0.3,0.3,14,3,-2.28230362313911,0.002
6,2,0.2,282,10,0.3,0.3,14,3,-1.99545085254198,0.002
6,2,0.2,289,10,0.3,0.3,14,3,-3.23345662333307,0.002
6,2,0.2,294,10,0.3,0.3,14,3,-2.10781629663558,0.002
6,2,0.2,23,10,0.3,0.3,14,3,-3.55655103555827,0.004
6,2,0.2,24,10,0.3,0.3,14,3,-2.45116522500643,0.004
6,2,0.2,39,10,0.3,0.3,14,3,-3.2938879618975,0.004
6,2,0.2,46,10,0.3,0.3,14,3,-3.63267614370466,0.004
6,2,0.2,48,10,0.3,0.3,14,3,-3.11389469935366,0.004
6,2,0.2,80,10,0.3,0.3,14,3,-2.83823030117429,0.004
6,2,0.2,139,10,0.3,0.3,14,3,-2.71461121436141,0.004
6,2,0.2,151,10,0.3,0.3,14,3,-3.29143586339666,0.004
6,2,0.2,164,10,0.3,0.3,14,3,-3.07756774059339,0.004
6,2,0.2,185,10,0.3,0.3,14,3,-4.13365195039995,0.004
6,2,0.2,192,10,0.3,0.3,14,3,-3.08863757963999,0.004
6,2,0.2,196,10,0.3,0.3,14,3,-3.75146177979937,0.004
6,2,0.2,199,10,0.3,0.3,14,3,-2.58291021150734,0.004
6,2,0.2,243,10,0.3,0.3,14,3,-3.56006297855055,0.004
6,2,0.2,251,10,0.3,0.3,14,3,-3.65960275798398,0.004
6,2,0.2,6,10,0.3,0.3,14,3,-2.63689141580301,0.006
6,2,0.2,9,10,0.3,0.3,14,3,-4.34490870812834,0.006
6,2,0.2,16,10,0.3,0.3,14,3,-2.58768604241976,0.006
6,2,0.2,18,10,0.3,0.3,14,3,-2.94682524402373,0.006
6,2,0.2,35,10,0.3,0.3,14,3,-3.17908655418907,0.006
6,2,0.2,38,10,0.3,0.3,14,3,-3.15691778341096,0.006
6,2,0.2,92,10,0.3,0.3,14,3,-2.91888111478838,0.006
6,2,0.2,120,10,0.3,0.3,14,3,-2.34919870505507,0.006
6,2,0.2,159,10,0.3,0.3,14,3,-2.07676716878726,0.006
6,2,0.2,193,10,0.3,0.3,14,3,-3.50634788069587,0.006
6,2,0.2,207,10,0.3,0.3,14,3,-3.19713951181177,0.006
6,2,0.2,216,10,0.3,0.3,14,3,-2.89997187517287,0.006
6,2,0.2,257,10,0.3,0.3,14,3,-2.53318462525806,0.006
6,2,0.2,291,10,0.3,0.3,14,3,-3.39632991886575,0.006
6,2,0.2,295,10,0.3,0.3,14,3,-2.24583618663186,0.006
6,2,0.2,20,10,0.3,0.3,14,3,-3.31040997366,0.008
6,2,0.2,34,10,0.3,0.3,14,3,-3.31251412961851,0.008
6,2,0.2,73,10,0.3,0.3,14,3,-2.39979883456363,0.008
6,2,0.2,77,10,0.3,0.3,14,3,-3.48186588258372,0.008
6,2,0.2,113,10,0.3,0.3,14,3,-2.44946079126183,0.008
6,2,0.2,145,10,0.3,0.3,14,3,-2.96635988566197,0.008
6,2,0.2,149,10,0.3,0.3,14,3,-2.57496787801023,0.008
6,2,0.2,230,10,0.3,0.3,14,3,-3.518291846023,0.008
6,2,0.2,241,10,0.3,0.3,14,3,-2.47006417764774,0.008
6,2,0.2,259,10,0.3,0.3,14,3,-3.67848702766443,0.008
6,2,0.2,260,10,0.3,0.3,14,3,-3.11537716561955,0.008
6,2,0.2,274,10,0.3,0.3,14,3,-2.99536761627169,0.008
6,2,0.2,280,10,0.3,0.3,14,3,-2.72659579183039,0.008
6,2,0.2,12,10,0.3,0.3,14,3,-2.69900075617664,0.01
6,2,0.2,29,10,0.3,0.3,14,3,-3.01913088683406,0.01
6,2,0.2,63,10,0.3,0.3,14,3,-2.83921577421401,0.01
6,2,0.2,112,10,0.3,0.3,14,3,-3.38626765813109,0.01
6,2,0.2,153,10,0.3,0.3,14,3,-2.83448424806181,0.01
6,2,0.2,157,10,0.3,0.3,14,3,-2.6679619027382,0.01
6,2,0.2,166,10,0.3,0.3,14,3,-3.57957574752299,0.01
6,2,0.2,184,10,0.3,0.3,14,3,-2.59048443765334,0.01
6,2,0.2,200,10,0.3,0.3,14,3,-3.6740243515913,0.01
6,2,0.2,210,10,0.3,0.3,14,3,-3.43422882352482,0.01
6,2,0.2,232,10,0.3,0.3,14,3,-2.39782548564401,0.01
6,2,0.2,258,10,0.3,0.3,14,3,-3.33740393174546,0.01
6,2,0.2,265,10,0.3,0.3,14,3,-3.44874632798224,0.01
6,2,0.2,40,10,0.3,0.3,14,3,-2.75587277881488,0.012
6,2,0.2,172,10,0.3,0.3,14,3,-2.89906776222585,0.012
6,2,0.2,179,10,0.3,0.3,14,3,-3.17938624282925,0.012
6,2,0.2,221,10,0.3,0.3,14,3,-3.29647713909603,0.012
6,2,0.2,227,10,0.3,0.3,14,3,-2.81733800946054,0.012
6,2,0.2,231,10,0.3,0.3,14,3,-3.68641387228976,0.012
6,2,0.2,250,10,0.3,0.3,14,3,-3.28975617402352,0.012
6,2,0.2,283,10,0.3,0.3,14,3,-2.3843399842527,0.012
6,2,0.2,292,10,0.3,0.3,14,3,-2.63104885204464,0.012
6,2,0.2,44,10,0.3,0.3,14,3,-2.65474988235127,0.014
6,2,0.2,58,10,0.3,0.3,14,3,-2.57531432389473,0.014
6,2,0.2,74,10,0.3,0.3,14,3,-2.77885594451968,0.014
6,2,0.2,88,10,0.3,0.3,14,3,-2.61447178828919,0.014
6,2,0.2,107,10,0.3,0.3,14,3,-3.03088205198262,0.014
6,2,0.2,111,10,0.3,0.3,14,3,-3.12816341343773,0.014
6,2,0.2,119,10,0.3,0.3,14,3,-2.89585314705027,0.014
6,2,0.2,137,10,0.3,0.3,14,3,-3.13266710284239,0.014
6,2,0.2,171,10,0.3,0.3,14,3,-3.10175791963309,0.014
6,2,0.2,176,10,0.3,0.3,14,3,-2.67217441214382,0.014
6,2,0.2,189,10,0.3,0.3,14,3,-3.07239182234363,0.014
6,2,0.2,190,10,0.3,0.3,14,3,-3.04485128741015,0.014
6,2,0.2,198,10,0.3,0.3,14,3,-2.59507695798504,0.014
6,2,0.2,276,10,0.3,0.3,14,3,-3.3019487014341,0.014
6,2,0.2,287,10,0.3,0.3,14,3,-2.79690692260243,0.014
6,2,0.2,17,10,0.3,0.3,14,3,-3.34283608501855,0.016
6,2,0.2,54,10,0.3,0.3,14,3,-2.96743574435112,0.016
6,2,0.2,105,10,0.3,0.3,14,3,-3.12024153122272,0.016
6,2,0.2,148,10,0.3,0.3,14,3,-2.19721618225057,0.016
6,2,0.2,154,10,0.3,0.3,14,3,-3.86283509549793,0.016
6,2,0.2,169,10,0.3,0.3,14,3,-2.54184687048669,0.016
6,2,0.2,175,10,0.3,0.3,14,3,-2.96826099166339,0.016
6,2,0.2,249,10,0.3,0.3,14,3,-2.52341498485455,0.016
6,2,0.2,255,10,0.3,0.3,14,3,-1.79105975837916,0.016
6,2,0.2,270,10,0.3,0.3,14,3,-2.4731967357896,0.016
6,2,0.2,275,10,0.3,0.3,14,3,-2.83846136476453,0.016
6,2,0.2,51,10,0.3,0.3,14,3,-3.3525675359009,0.018
6,2,0.2,93,10,0.3,0.3,14,3,-3.33895487277158,0.018
6,2,0.2,132,10,0.3,0.3,14,3,-2.8316691509271,0.018
6,2,0.2,170,10,0.3,0.3,14,3,-3.19792098867111,0.018
6,2,0.2,228,10,0.3,0.3,14,3,-2.1839637805935,0.018
6,2,0.2,1,10,0.3,0.3,14,3,-2.64928763126366,0.02
6,2,0.2,19,10,0.3,0.3,14,3,-3.85377584133568,0.02
6,2,0.2,22,10,0.3,0.3,14,3,-2.70031930685673,0.02
6,2,0.2,41,10,0.3,0.3,14,3,-3.42307247669541,0.02
6,2,0.2,67,10,0.3,0.3,14,3,-3.01905925987339,0.02
6,2,0.2,125,10,0.3,0.3,14,3,-2.83677866405577,0.02
6,2,0.2,254,10,0.3,0.3,14,3,-2.41365200344717,0.02
6,2,0.2,262,10,0.3,0.3,14,3,-1.95354352390552,0.02
6,2,0.2,300,10,0.3,0.3,14,3,-3.5378599274693,0.02
6,2,0.2,32,10,0.3,0.3,14,3,-2.6243455348089,0.022
6,2,0.2,65,10,0.3,0.3,14,3,-3.02443758499001,0.022
6,2,0.2,95,10,0.3,0.3,14,3,-3.49842692015147,0.022
6,2,0.2,209,10,0.3,0.3,14,3,-3.23666285595579,0.022
6,2,0.2,247,10,0.3,0.3,14,3,-3.36898190719259,0.022
6,2,0.2,248,10,0.3,0.3,14,3,-2.29538361646684,0.022
6,2,0.2,271,10,0.3,0.3,14,3,-2.12729551408677,0.022
6,2,0.2,290,10,0.3,0.3,14,3,-2.15545371290855,0.022
6,2,0.2,7,10,0.3,0.3,14,3,-3.09866414026629,0.024
6,2,0.2,11,10,0.3,0.3,14,3,-3.39447145401803,0.024
6,2,0.2,89,10,0.3,0.3,14,3,-2.90171636816629,0.024
6,2,0.2,103,10,0.3,0.3,14,3,-4.37548123904801,0.024
6,2,0.2,135,10,0.3,0.3,14,3,-3.72652193020068,0.024
6,2,0.2,202,10,0.3,0.3,14,3,-3.37509363602464,0.024
6,2,0.2,226,10,0.3,0.3,14,3,-2.71925944212543,0.024
6,2,0.2,235,10,0.3,0.3,14,3,-2.57762808646848,0.024
6,2,0.2,237,10,0.3,0.3,14,3,-3.70560535531621,0.024
6,2,0.2,297,10,0.3,0.3,14,3,-2.62957444261602,0.024
6,2,0.2,28,10,0.3,0.3,14,3,-2.63611951912688,0.026
6,2,0.2,42,10,0.3,0.3,14,3,-2.82721127989626,0.026
6,2,0.2,150,10,0.3,0.3,14,3,-2.45878924368176,0.026
6,2,0.2,186,10,0.3,0.3,14,3,-2.4871806248664,0.026
6,2,0.2,194,10,0.3,0.3,14,3,-3.37960251065556,0.026
6,2,0.2,224,10,0.3,0.3,14,3,-3.99089856857961,0.026
6,2,0.2,45,10,0.3,0.3,14,3,-2.39046016553488,0.028
6,2,0.2,53,10,0.3,0.3,14,3,-3.06046827543415,0.028
6,2,0.2,70,10,0.3,0.3,14,3,-3.19814084852493,0.028
6,2,0.2,75,10,0.3,0.3,14,3,-3.57229133674318,0.028
6,2,0.2,131,10,0.3,0.3,14,3,-2.99502211929743,0.028
6,2,0.2,156,10,0.3,0.3,14,3,-3.07389029975397,0.028
6,2,0.2,266,10,0.3,0.3,14,3,-2.31484623443669,0.028
6,2,0.2,272,10,0.3,0.3,14,3,-2.57891352522097,0.028
6,2,0.2,10,10,0.3,0.3,14,3,-2.81099574017335,0.03
6,2,0.2,33,10,0.3,0.3,14,3,-3.35932649636314,0.03
6,2,0.2,104,10,0.3,0.3,14,3,-2.29487860320518,0.03
6,2,0.2,167,10,0.3,0.3,14,3,-2.31281138262494,0.03
6,2,0.2,57,10,0.3,0.3,14,3,-2.44899638961789,0.032
6,2,0.2,79,10,0.3,0.3,14,3,-3.71470227869665,0.032
6,2,0.2,168,10,0.3,0.3,14,3,-2.53769285021849,0.032
6,2,0.2,26,10,0.3,0.3,14,3,-3.15776974840847,0.034
6,2,0.2,87,10,0.3,0.3,14,3,-2.90041307728936,0.034
6,2,0.2,122,10,0.3,0.3,14,3,-2.75510206474459,0.034
6,2,0.2,126,10,0.3,0.3,14,3,-2.69648953154098,0.034
6,2,0.2,144,10,0.3,0.3,14,3,-3.91367810664278,0.034
6,2,0.2,160,10,0.3,0.3,14,3,-2.92792881301747,0.034
6,2,0.2,217,10,0.3,0.3,14,3,-2.95062357206663,0.034
6,2,0.2,246,10,0.3,0.3,14,3,-2.85425308905485,0.034
6,2,0.2,264,10,0.3,0.3,14,3,-3.53714345481831,0.034
6,2,0.2,293,10,0.3,0.3,14,3,-2.90777227151307,0.034
6,2,0.2,37,10,0.3,0.3,14,3,-3.6896831950545,0.036
6,2,0.2,99,10,0.3,0.3,14,3,-2.91924751010546,0.036
6,2,0.2,117,10,0.3,0.3,14,3,-3.93832565191229,0.036
6,2,0.2,129,10,0.3,0.3,14,3,-3.59824828915862,0.036
6,2,0.2,142,10,0.3,0.3,14,3,-3.02027359519155,0.036
6,2,0.2,288,10,0.3,0.3,14,3,-3.67961032666392,0.036
6,2,0.2,3,10,0.3,0.3,14,3,-3.1932788178606,0.038
6,2,0.2,13,10,0.3,0.3,14,3,-2.48488684320384,0.038
6,2,0.2,27,10,0.3,0.3,14,3,-3.25330792678156,0.038
6,2,0.2,78,10,0.3,0.3,14,3,-2.63697108876056,0.038
6,2,0.2,203,10,0.3,0.3,14,3,-3.0057815967684,0.038
6,2,0.2,219,10,0.3,0.3,14,3,-3.14851558223262,0.038
6,2,0.2,245,10,0.3,0.3,14,3,-3.09922354882985,0.038
6,2,0.2,84,10,0.3,0.3,14,3,-3.13589271829176,0.04
6,2,0.2,94,10,0.3,0.3,14,3,-2.94835337779492,0.04
6,2,0.2,140,10,0.3,0.3,14,3,-2.19507256034302,0.04
6,2,0.2,208,10,0.3,0.3,14,3,-3.19229612427407,0.04
6,2,0.2,253,10,0.3,0.3,14,3,-2.65296294985004,0.04
6,2,0.2,62,10,0.3,0.3,14,3,-2.03188901278679,0.042
6,2,0.2,163,10,0.3,0.3,14,3,-2.68805718364069,0.042
6,2,0.2,165,10,0.3,0.3,14,3,-3.53808388415732,0.042
6,2,0.2,181,10,0.3,0.3,14,3,-2.26214524474295,0.042
6,2,0.2,197,10,0.3,0.3,14,3,-4.16107141334126,0.042
6,2,0.2,234,10,0.3,0.3,14,3,-2.79403802139603,0.042
6,2,0.2,240,10,0.3,0.3,14,3,-2.852188918026,0.042
6,2,0.2,261,10,0.3,0.3,14,3,-3.35865058417119,0.042
6,2,0.2,285,10,0.3,0.3,14,3,-2.24806793221924,0.042
6,2,0.2,81,10,0.3,0.3,14,3,-2.41922333952542,0.044
6,2,0.2,86,10,0.3,0.3,14,3,-2.01715665548571,0.044
6,2,0.2,115,10,0.3,0.3,14,3,-2.56850401847714,0.044
6,2,0.2,127,10,0.3,0.3,14,3,-2.79220675174756,0.044
6,2,0.2,220,10,0.3,0.3,14,3,-2.72185335459136,0.044
6,2,0.2,43,10,0.3,0.3,14,3,-2.94965431587804,0.046
6,2,0.2,124,10,0.3,0.3,14,3,-3.17008153160199,0.046
6,2,0.2,158,10,0.3,0.3,14,3,-3.8992138164279,0.046
6,2,0.2,263,10,0.3,0.3,14,3,-2.41854657893231,0.046
6,2,0.2,239,10,0.3,0.3,14,3,-2.97230863670109,0.048
6,2,0.2,279,10,0.3,0.3,14,3,-3.43060559945579,0.048
6,2,0.2,36,10,0.3,0.3,14,3,-3.49589215995391,0.05
6,2,0.2,97,10,0.3,0.3,14,3,-3.25789089786741,0.05
6,2,0.2,123,10,0.3,0.3,14,3,-2.75345018040048,0.05
6,2,0.2,134,10,0.3,0.3,14,3,-2.50556787272018,0.05
6,2,0.2,138,10,0.3,0.3,14,3,-3.54809539379389,0.05
6,2,0.2,147,10,0.3,0.3,14,3,-2.89279665007143,0.05
6,2,0.2,152,10,0.3,0.3,14,3,-1.94761443898867,0.05
6,2,0.2,191,10,0.3,0.3,14,3,-2.91445992663157,0.05
6,2,0.2,205,10,0.3,0.3,14,3,-3.2305069952555,0.05
6,2,0.2,286,10,0.3,0.3,14,3,-2.8429621902167,0.05
6,2,0.2,50,10,0.3,0.3,14,3,-2.92177635544084,0.052
6,2,0.2,101,10,0.3,0.3,14,3,-2.11321099995598,0.052
6,2,0.2,60,10,0.3,0.3,14,3,-3.17076351500697,0.054
6,2,0.2,98,10,0.3,0.3,14,3,-3.82297958593225,0.054
6,2,0.2,71,10,0.3,0.3,14,3,-3.57680313392669,0.056
6,2,0.2,85,10,0.3,0.3,14,3,-3.41311097443221,0.056
6,2,0.2,102,10,0.3,0.3,14,3,-3.4940418072552,0.056
6,2,0.2,141,10,0.3,0.3,14,3,-2.76617504403282,0.056
6,2,0.2,161,10,0.3,0.3,14,3,-2.89002078367852,0.056
6,2,0.2,182,10,0.3,0.3,14,3,-3.00761006372883,0.056
6,2,0.2,204,10,0.3,0.3,14,3,-3.19850405478221,0.056
6,2,0.2,214,10,0.3,0.3,14,3,-1.97069340195813,0.056
6,2,0.2,252,10,0.3,0.3,14,3,-2.41641321675391,0.056
6,2,0.2,91,10,0.3,0.3,14,3,-3.1985154602969,0.058
6,2,0.2,128,10,0.3,0.3,14,3,-2.28757658289078,0.058
6,2,0.2,130,10,0.3,0.3,14,3,-2.74919624939486,0.058
6,2,0.2,223,10,0.3,0.3,14,3,-3.30070269354798,0.058
6,2,0.2,296,10,0.3,0.3,14,3,-2.52239517050467,0.058
6,2,0.2,298,10,0.3,0.3,14,3,-3.63135741363726,0.058
6,2,0.2,56,10,0.3,0.3,14,3,-2.84949658210354,0.06
6,2,0.2,82,10,0.3,0.3,14,3,-2.74112256844015,0.06
6,2,0.2,180,10,0.3,0.3,14,3,-3.70646932879379,0.06
6,2,0.2,212,10,0.3,0.3,14,3,-2.55135353252609,0.06
6,2,0.2,222,10,0.3,0.3,14,3,-2.12084711674586,0.06
6,2,0.2,273,10,0.3,0.3,14,3,-1.40819941149641,0.06
6,2,0.2,31,10,0.3,0.3,14,3,-2.5164321892764,0.062
6,2,0.2,116,10,0.3,0.3,14,3,-3.46143182932619,0.062
6,2,0.2,146,10,0.3,0.3,14,3,-3.18329811159248,0.062
6,2,0.2,155,10,0.3,0.3,14,3,-3.63355599365292,0.062
6,2,0.2,213,10,0.3,0.3,14,3,-1.96846958939494,0.062
6,2,0.2,267,10,0.3,0.3,14,3,-3.13174339204829,0.062
6,2,0.2,284,10,0.3,0.3,14,3,-2.69561819177605,0.062
6,2,0.2,14,10,0.3,0.3,14,3,-3.07059005775193,0.064
6,2,0.2,47,10,0.3,0.3,14,3,-2.57684884766181,0.064
6,2,0.2,61,10,0.3,0.3,14,3,-2.73268709629286,0.064
6,2,0.2,106,10,0.3,0.3,14,3,-3.00187415776614,0.064
6,2,0.2,121,10,0.3,0.3,14,3,-2.29408454295759,0.064
6,2,0.2,229,10,0.3,0.3,14,3,-1.87039086055941,0.064
6,2,0.2,178,10,0.3,0.3,14,3,-2.85083256285017,0.066
6,2,0.2,118,10,0.3,0.3,14,3,-2.87760183784681,0.068
6,2,0.2,233,10,0.3,0.3,14,3,-2.79931206724498,0.07
6,2,0.2,236,10,0.3,0.3,14,3,-1.69696622491961,0.07
6,2,0.2,242,10,0.3,0.3,14,3,-1.66952169416464,0.07
6,2,0.2,281,10,0.3,0.3,14,3,-3.28905530963323,0.07
6,2,0.2,64,10,0.3,0.3,14,3,-2.39866810747318,0.072
6,2,0.2,100,10,0.3,0.3,14,3,-3.12231234097743,0.072
6,2,0.2,299,10,0.3,0.3,14,3,-3.02479758321726,0.072
6,2,0.2,177,10,0.3,0.3,14,3,-2.70733318955644,0.076
6,2,0.2,90,10,0.3,0.3,14,3,-2.61151650341591,0.078
6,2,0.2,225,10,0.3,0.3,14,3,-2.40730529806729,0.08
6,2,0.2,143,10,0.3,0.3,14,3,-2.2400269342501,0.082
6,2,0.2,187,10,0.3,0.3,14,3,-3.05856874458036,0.082
6,2,0.2,136,10,0.3,0.3,14,3,-1.81519671401659,0.09
6,2,0.2,25,10,0.3,0.3,14,3,-2.96233555606236,0.098
6,2,0.2,83,10,0.3,0.3,14,3,-1.55040943265828,0.206
6,2,0.2,13,10,0.3,0.3,15,3,-3.31332621597042,0
6,2,0.2,31,10,0.3,0.3,15,3,-2.51913755432398,0
6,2,0.2,35,10,0.3,0.3,15,3,-4.346281943734,0
6,2,0.2,46,10,0.3,0.3,15,3,-2.87125576803581,0
6,2,0.2,56,10,0.3,0.3,15,3,-3.13505495141555,0
6,2,0.2,119,10,0.3,0.3,15,3,-3.24795999176922,0
6,2,0.2,147,10,0.3,0.3,15,3,-2.32120115645299,0
6,2,0.2,149,10,0.3,0.3,15,3,-2.8018064507182,0
6,2,0.2,160,10,0.3,0.3,15,3,-2.80581718739171,0
6,2,0.2,252,10,0.3,0.3,15,3,-3.01270053825766,0
6,2,0.2,272,10,0.3,0.3,15,3,-2.578976435154,0
6,2,0.2,282,10,0.3,0.3,15,3,-2.49292847405141,0
6,2,0.2,4,10,0.3,0.3,15,3,-3.06284812548239,0.002
6,2,0.2,6,10,0.3,0.3,15,3,-2.94645067605347,0.002
6,2,0.2,19,10,0.3,0.3,15,3,-3.38123250277565,0.002
6,2,0.2,23,10,0.3,0.3,15,3,-3.33193743572255,0.002
6,2,0.2,34,10,0.3,0.3,15,3,-3.19689697248955,0.002
6,2,0.2,36,10,0.3,0.3,15,3,-3.75316332193097,0.002
6,2,0.2,41,10,0.3,0.3,15,3,-4.08397246419847,0.002
6,2,0.2,44,10,0.3,0.3,15,3,-3.52252407943152,0.002
6,2,0.2,52,10,0.3,0.3,15,3,-3.39303852656656,0.002
6,2,0.2,55,10,0.3,0.3,15,3,-3.0689541961778,0.002
6,2,0.2,63,10,0.3,0.3,15,3,-3.39353603825018,0.002
6,2,0.2,64,10,0.3,0.3,15,3,-2.2780190510401,0.002
6,2,0.2,68,10,0.3,0.3,15,3,-2.71782875709735,0.002
6,2,0.2,86,10,0.3,0.3,15,3,-3.05617719531546,0.002
6,2,0.2,88,10,0.3,0.3,15,3,-2.92555758891447,0.002
6,2,0.2,121,10,0.3,0.3,15,3,-3.18409332714427,0.002
6,2,0.2,172,10,0.3,0.3,15,3,-2.98421787004432,0.002
6,2,0.2,175,10,0.3,0.3,15,3,-2.72852298493316,0.002
6,2,0.2,176,10,0.3,0.3,15,3,-2.57660539182959,0.002
6,2,0.2,208,10,0.3,0.3,15,3,-2.95730113656549,0.002
6,2,0.2,229,10,0.3,0.3,15,3,-3.43747994717307,0.002
6,2,0.2,233,10,0.3,0.3,15,3,-3.38094755248883,0.002
6,2,0.2,258,10,0.3,0.3,15,3,-3.43143137458213,0.002
6,2,0.2,262,10,0.3,0.3,15,3,-2.70504702282014,0.002
6,2,0.2,264,10,0.3,0.3,15,3,-3.1983535341698,0.002
6,2,0.2,266,10,0.3,0.3,15,3,-3.0549613695155,0.002
6,2,0.2,5,10,0.3,0.3,15,3,-3.2864039243417,0.004
6,2,0.2,8,10,0.3,0.3,15,3,-3.95009370291356,0.004
6,2,0.2,11,10,0.3,0.3,15,3,-3.70169792154547,0.004
6,2,0.2,15,10,0.3,0.3,15,3,-3.08186483815544,0.004
6,2,0.2,24,10,0.3,0.3,15,3,-3.39251616653848,0.004
6,2,0.2,42,10,0.3,0.3,15,3,-2.76137280048562,0.004
6,2,0.2,60,10,0.3,0.3,15,3,-3.24112341672242,0.004
6,2,0.2,62,10,0.3,0.3,15,3,-3.1694213185728,0.004
6,2,0.2,80,10,0.3,0.3,15,3,-2.04418421147562,0.004
6,2,0.2,99,10,0.3,0.3,15,3,-3.53526168565,0.004
6,2,0.2,104,10,0.3,0.3,15,3,-3.37399939757174,0.004
6,2,0.2,106,10,0.3,0.3,15,3,-2.92179038650937,0.004
6,2,0.2,130,10,0.3,0.3,15,3,-2.89947008845581,0.004
6,2,0.2,135,10,0.3,0.3,15,3,-3.48294634635332,0.004
6,2,0.2,144,10,0.3,0.3,15,3,-3.40788638121916,0.004
6,2,0.2,163,10,0.3,0.3,15,3,-3.25167317620645,0.004
6,2,0.2,169,10,0.3,0.3,15,3,-2.93472492423211,0.004
6,2,0.2,177,10,0.3,0.3,15,3,-3.70026368926571,0.004
6,2,0.2,190,10,0.3,0.3,15,3,-3.21975295905403,0.004
6,2,0.2,192,10,0.3,0.3,15,3,-3.40553155066112,0.004
6,2,0.2,203,10,0.3,0.3,15,3,-3.55408230582773,0.004
6,2,0.2,205,10,0.3,0.3,15,3,-3.15864787589095,0.004
6,2,0.2,230,10,0.3,0.3,15,3,-2.35756530186282,0.004
6,2,0.2,236,10,0.3,0.3,15,3,-3.58694663860638,0.004
6,2,0.2,237,10,0.3,0.3,15,3,-4.01869467316627,0.004
6,2,0.2,241,10,0.3,0.3,15,3,-2.31508302463513,0.004
6,2,0.2,257,10,0.3,0.3,15,3,-3.1560090818609,0.004
6,2,0.2,260,10,0.3,0.3,15,3,-3.07993162212048,0.004
6,2,0.2,261,10,0.3,0.3,15,3,-3.18978804420451,0.004
6,2,0.2,271,10,0.3,0.3,15,3,-3.14834303304892,0.004
6,2,0.2,274,10,0.3,0.3,15,3,-3.82775119353317,0.004
6,2,0.2,289,10,0.3,0.3,15,3,-3.12664119365741,0.004
6,2,0.2,21,10,0.3,0.3,15,3,-3.21442406803439,0.006
6,2,0.2,22,10,0.3,0.3,15,3,-3.24680176178441,0.006
6,2,0.2,40,10,0.3,0.3,15,3,-3.79047312154648,0.006
6,2,0.2,45,10,0.3,0.3,15,3,-3.21927305048723,0.006
6,2,0.2,51,10,0.3,0.3,15,3,-3.20801612775239,0.006
6,2,0.2,58,10,0.3,0.3,15,3,-3.81309910418156,0.006
6,2,0.2,66,10,0.3,0.3,15,3,-3.13850521829735,0.006
6,2,0.2,109,10,0.3,0.3,15,3,-3.11361428912537,0.006
6,2,0.2,117,10,0.3,0.3,15,3,-2.22564790021582,0.006
6,2,0.2,132,10,0.3,0.3,15,3,-2.94101773220945,0.006
6,2,0.2,137,10,0.3,0.3,15,3,-2.65183952519959,0.006
6,2,0.2,152,10,0.3,0.3,15,3,-3.00306284531359,0.006
6,2,0.2,164,10,0.3,0.3,15,3,-2.59087990085902,0.006
6,2,0.2,186,10,0.3,0.3,15,3,-3.57435001592907,0.006
6,2,0.2,211,10,0.3,0.3,15,3,-3.36650682917693,0.006
6,2,0.2,215,10,0.3,0.3,15,3,-3.31225407804124,0.006
6,2,0.2,216,10,0.3,0.3,15,3,-3.89634464984985,0.006
6,2,0.2,217,10,0.3,0.3,15,3,-3.54819944090411,0.006
6,2,0.2,225,10,0.3,0.3,15,3,-2.462699585058,0.006
6,2,0.2,246,10,0.3,0.3,15,3,-2.34232526560893,0.006
6,2,0.2,248,10,0.3,0.3,15,3,-3.01302900066889,0.006
6,2,0.2,276,10,0.3,0.3,15,3,-3.77124306782932,0.006
6,2,0.2,279,10,0.3,0.3,15,3,-2.77001008352778,0.006
6,2,0.2,293,10,0.3,0.3,15,3,-3.43696032840865,0.006
6,2,0.2,294,10,0.3,0.3,15,3,-2.71472402574778,0.006
6,2,0.2,3,10,0.3,0.3,15,3,-2.77313485478567,0.008
6,2,0.2,12,10,0.3,0.3,15,3,-3.89831863889037,0.008
6,2,0.2,39,10,0.3,0.3,15,3,-3.19757817704854,0.008
6,2,0.2,48,10,0.3,0.3,15,3,-5.00528797478728,0.008
6,2,0.2,100,10,0.3,0.3,15,3,-3.32099355522411,0.008
6,2,0.2,113,10,0.3,0.3,15,3,-2.90687671741384,0.008
6,2,0.2,141,10,0.3,0.3,15,3,-2.78370180353576,0.008
6,2,0.2,191,10,0.3,0.3,15,3,-3.31178907950118,0.008
6,2,0.2,265,10,0.3,0.3,15,3,-2.36753239755652,0.008
6,2,0.2,29,10,0.3,0.3,15,3,-3.2631173438989,0.01
6,2,0.2,70,10,0.3,0.3,15,3,-3.12435967482907,0.01
6,2,0.2,81,10,0.3,0.3,15,3,-3.065643119583,0.01
6,2,0.2,107,10,0.3,0.3,15,3,-2.88739162438381,0.01
6,2,0.2,129,10,0.3,0.3,15,3,-3.4610478698192,0.01
6,2,0.2,153,10,0.3,0.3,15,3,-2.52920697647446,0.01
6,2,0.2,166,10,0.3,0.3,15,3,-3.21545512108992,0.01
6,2,0.2,204,10,0.3,0.3,15,3,-3.21199583370043,0.01
6,2,0.2,214,10,0.3,0.3,15,3,-2.69391892011524,0.01
6,2,0.2,243,10,0.3,0.3,15,3,-2.22453565763675,0.01
6,2,0.2,247,10,0.3,0.3,15,3,-3.6583362448514,0.01
6,2,0.2,256,10,0.3,0.3,15,3,-2.59830449490806,0.01
6,2,0.2,37,10,0.3,0.3,15,3,-3.51235710457846,0.012
6,2,0.2,115,10,0.3,0.3,15,3,-2.34040384064272,0.012
6,2,0.2,133,10,0.3,0.3,15,3,-3.06808430587247,0.012
6,2,0.2,143,10,0.3,0.3,15,3,-3.10287447278662,0.012
6,2,0.2,156,10,0.3,0.3,15,3,-3.37402484758326,0.012
6,2,0.2,161,10,0.3,0.3,15,3,-2.80766969995261,0.012
6,2,0.2,170,10,0.3,0.3,15,3,-3.2629510847768,0.012
6,2,0.2,178,10,0.3,0.3,15,3,-2.65663657190376,0.012
6,2,0.2,213,10,0.3,0.3,15,3,-2.82731896737977,0.012
6,2,0.2,244,10,0.3,0.3,15,3,-2.44644712558298,0.012
6,2,0.2,250,10,0.3,0.3,15,3,-2.38026765498387,0.012
6,2,0.2,254,10,0.3,0.3,15,3,-2.67907404371707,0.012
6,2,0.2,59,10,0.3,0.3,15,3,-2.56240373817019,0.014
6,2,0.2,67,10,0.3,0.3,15,3,-3.11851124100602,0.014
6,2,0.2,77,10,0.3,0.3,15,3,-3.23065322989072,0.014
6,2,0.2,120,10,0.3,0.3,15,3,-2.67561511779891,0.014
6,2,0.2,207,10,0.3,0.3,15,3,-3.79111090253676,0.014
6,2,0.2,218,10,0.3,0.3,15,3,-2.67751603676618,0.014
6,2,0.2,72,10,0.3,0.3,15,3,-3.35142695902954,0.016
6,2,0.2,94,10,0.3,0.3,15,3,-3.0384750150792,0.016
6,2,0.2,124,10,0.3,0.3,15,3,-2.74997533364603,0.016
6,2,0.2,154,10,0.3,0.3,15,3,-3.27553883779814,0.016
6,2,0.2,158,10,0.3,0.3,15,3,-2.74935260260736,0.016
6,2,0.2,179,10,0.3,0.3,15,3,-3.00849991194403,0.016
6,2,0.2,188,10,0.3,0.3,15,3,-2.72943838680811,0.016
6,2,0.2,206,10,0.3,0.3,15,3,-3.12687097894684,0.016
6,2,0.2,245,10,0.3,0.3,15,3,-3.03646608222564,0.016
6,2,0.2,249,10,0.3,0.3,15,3,-2.62040160864112,0.016
6,2,0.2,251,10,0.3,0.3,15,3,-3.21682727259076,0.016
6,2,0.2,47,10,0.3,0.3,15,3,-3.13667153525586,0.018
6,2,0.2,61,10,0.3,0.3,15,3,-2.97862529510326,0.018
6,2,0.2,101,10,0.3,0.3,15,3,-3.31394313790167,0.018
6,2,0.2,110,10,0.3,0.3,15,3,-3.6532862896301,0.018
6,2,0.2,134,10,0.3,0.3,15,3,-3.39152282354084,0.018
6,2,0.2,185,10,0.3,0.3,15,3,-2.70638030392402,0.018
6,2,0.2,194,10,0.3,0.3,15,3,-4.28345079235879,0.018
6,2,0.2,223,10,0.3,0.3,15,3,-2.95378217621729,0.018
6,2,0.2,297,10,0.3,0.3,15,3,-2.41447690079755,0.018
6,2,0.2,32,10,0.3,0.3,15,3,-2.87967376677383,0.02
6,2,0.2,50,10,0.3,0.3,15,3,-3.12112264481866,0.02
6,2,0.2,69,10,0.3,0.3,15,3,-1.83536928388335,0.02
6,2,0.2,73,10,0.3,0.3,15,3,-2.97000217696657,0.02
6,2,0.2,98,10,0.3,0.3,15,3,-2.40559188445278,0.02
6,2,0.2,103,10,0.3,0.3,15,3,-2.80294388157256,0.02
6,2,0.2,136,10,0.3,0.3,15,3,-3.0977886976861,0.02
6,2,0.2,139,10,0.3,0.3,15,3,-2.21023054474063,0.02
6,2,0.2,184,10,0.3,0.3,15,3,-2.35850172076616,0.02
6,2,0.2,209,10,0.3,0.3,15,3,-2.97861276701144,0.02
6,2,0.2,224,10,0.3,0.3,15,3,-2.52805660916516,0.02
6,2,0.2,30,10,0.3,0.3,15,3,-3.52420044106623,0.022
6,2,0.2,78,10,0.3,0.3,15,3,-2.95547047534561,0.022
6,2,0.2,87,10,0.3,0.3,15,3,-2.71232251826402,0.022
6,2,0.2,97,10,0.3,0.3,15,3,-2.7894386138,0.022
6,2,0.2,105,10,0.3,0.3,15,3,-3.68290272402419,0.022
6,2,0.2,112,10,0.3,0.3,15,3,-2.92924718294205,0.022
6,2,0.2,174,10,0.3,0.3,15,3,-2.82841659800852,0.022
6,2,0.2,199,10,0.3,0.3,15,3,-2.9186169486014,0.022
6,2,0.2,202,10,0.3,0.3,15,3,-3.00869880584909,0.022
6,2,0.2,232,10,0.3,0.3,15,3,-3.44877766001395,0.022
6,2,0.2,269,10,0.3,0.3,15,3,-2.42790647518578,0.022
6,2,0.2,49,10,0.3,0.3,15,3,-3.17757111532976,0.024
6,2,0.2,76,10,0.3,0.3,15,3,-2.60918251900731,0.024
6,2,0.2,82,10,0.3,0.3,15,3,-3.25567029170878,0.024
6,2,0.2,146,10,0.3,0.3,15,3,-3.61367597243628,0.024
6,2,0.2,25,10,0.3,0.3,15,3,-3.15308329140825,0.026
6,2,0.2,167,10,0.3,0.3,15,3,-2.94842898585077,0.026
6,2,0.2,268,10,0.3,0.3,15,3,-2.64219160797245,0.026
6,2,0.2,273,10,0.3,0.3,15,3,-2.18252991950271,0.026
6,2,0.2,278,10,0.3,0.3,15,3,-3.14515242165984,0.026
6,2,0.2,280,10,0.3,0.3,15,3,-2.58938280288189,0.026
6,2,0.2,283,10,0.3,0.3,15,3,-2.85614815451058,0.026
6,2,0.2,286,10,0.3,0.3,15,3,-3.56939035126743,0.026
6,2,0.2,295,10,0.3,0.3,15,3,-2.63425396607448,0.026
6,2,0.2,9,10,0.3,0.3,15,3,-2.72459066731463,0.028
6,2,0.2,79,10,0.3,0.3,15,3,-1.87178946821379,0.028
6,2,0.2,200,10,0.3,0.3,15,3,-2.49504789761733,0.028
6,2,0.2,54,10,0.3,0.3,15,3,-3.98176137717365,0.03
6,2,0.2,75,10,0.3,0.3,15,3,-3.29832245555724,0.03
6,2,0.2,83,10,0.3,0.3,15,3,-3.1030776923543,0.03
6,2,0.2,148,10,0.3,0.3,15,3,-3.531077965653,0.032
6,2,0.2,180,10,0.3,0.3,15,3,-3.09705544700168,0.032
6,2,0.2,281,10,0.3,0.3,15,3,-3.68428736937724,0.032
6,2,0.2,290,10,0.3,0.3,15,3,-3.35414248187263,0.032
6,2,0.2,292,10,0.3,0.3,15,3,-2.58474034857986,0.032
6,2,0.2,53,10,0.3,0.3,15,3,-3.53132412466763,0.034
6,2,0.2,65,10,0.3,0.3,15,3,-2.06284765603746,0.034
6,2,0.2,92,10,0.3,0.3,15,3,-2.81968549358626,0.034
6,2,0.2,95,10,0.3,0.3,15,3,-2.24425102303641,0.034
6,2,0.2,159,10,0.3,0.3,15,3,-3.33225476688025,0.034
6,2,0.2,227,10,0.3,0.3,15,3,-2.65232925575933,0.034
6,2,0.2,28,10,0.3,0.3,15,3,-1.99676325604247,0.036
6,2,0.2,85,10,0.3,0.3,15,3,-2.66170562357621,0.036
6,2,0.2,150,10,0.3,0.3,15,3,-3.41761247375277,0.036
6,2,0.2,165,10,0.3,0.3,15,3,-3.26285366406591,0.036
6,2,0.2,187,10,0.3,0.3,15,3,-3.32997620703435,0.036
6,2,0.2,33,10,0.3,0.3,15,3,-2.67844254577369,0.038
6,2,0.2,38,10,0.3,0.3,15,3,-2.23986303121856,0.038
6,2,0.2,43,10,0.3,0.3,15,3,-3.09089126510369,0.038
6,2,0.2,114,10,0.3,0.3,15,3,-2.45391387393758,0.038
6,2,0.2,125,10,0.3,0.3,15,3,-1.8793118716834,0.038
6,2,0.2,127,10,0.3,0.3,15,3,-3.25702813015971,0.038
6,2,0.2,195,10,0.3,0.3,15,3,-2.69328803523203,0.038
6,2,0.2,231,10,0.3,0.3,15,3,-3.03534919957565,0.038
6,2,0.2,259,10,0.3,0.3,15,3,-3.20948433364089,0.038
6,2,0.2,277,10,0.3,0.3,15,3,-2.85739708825301,0.038
6,2,0.2,291,10,0.3,0.3,15,3,-3.90772192153781,0.038
6,2,0.2,17,10,0.3,0.3,15,3,-3.68786484316951,0.04
6,2,0.2,20,10,0.3,0.3,15,3,-2.09713313348411,0.04
6,2,0.2,74,10,0.3,0.3,15,3,-3.12390128277767,0.04
6,2,0.2,138,10,0.3,0.3,15,3,-2.57948696449373,0.04
6,2,0.2,198,10,0.3,0.3,15,3,-3.02070022481018,0.04
6,2,0.2,285,10,0.3,0.3,15,3,-2.38069162154741,0.04
6,2,0.2,26,10,0.3,0.3,15,3,-2.89836045721677,0.042
6,2,0.2,93,10,0.3,0.3,15,3,-2.64760779368038,0.042
6,2,0.2,235,10,0.3,0.3,15,3,-2.40432036690657,0.042
6,2,0.2,270,10,0.3,0.3,15,3,-2.99711463375434,0.042
6,2,0.2,2,10,0.3,0.3,15,3,-3.19864292803214,0.044
6,2,0.2,10,10,0.3,0.3,15,3,-2.59617265035078,0.044
6,2,0.2,57,10,0.3,0.3,15,3,-2.29577870466696,0.044
6,2,0.2,91,10,0.3,0.3,15,3,-3.91959671143641,0.044
6,2,0.2,212,10,0.3,0.3,15,3,-2.63716727175026,0.044
6,2,0.2,126,10,0.3,0.3,15,3,-2.44269945254629,0.046
6,2,0.2,189,10,0.3,0.3,15,3,-2.53887053086447,0.046
6,2,0.2,219,10,0.3,0.3,15,3,-3.00968961372195,0.046
6,2,0.2,253,10,0.3,0.3,15,3,-2.27495598948695,0.046
6,2,0.2,1,10,0.3,0.3,15,3,-2.43921650728603,0.048
6,2,0.2,71,10,0.3,0.3,15,3,-2.83006088961517,0.048
6,2,0.2,90,10,0.3,0.3,15,3,-3.29442352914592,0.048
6,2,0.2,102,10,0.3,0.3,15,3,-2.6771331497909,0.048
6,2,0.2,173,10,0.3,0.3,15,3,-2.32231436820913,0.048
6,2,0.2,228,10,0.3,0.3,15,3,-2.6363177174357,0.048
6,2,0.2,16,10,0.3,0.3,15,3,-2.94114452092055,0.05
6,2,0.2,131,10,0.3,0.3,15,3,-2.85111755634478,0.05
6,2,0.2,196,10,0.3,0.3,15,3,-3.03853588457056,0.05
6,2,0.2,255,10,0.3,0.3,15,3,-2.11688016203641,0.05
6,2,0.2,288,10,0.3,0.3,15,3,-2.37256488313929,0.05
6,2,0.2,300,10,0.3,0.3,15,3,-2.32586782306777,0.05
6,2,0.2,7,10,0.3,0.3,15,3,-2.94171368547165,0.052
6,2,0.2,89,10,0.3,0.3,15,3,-2.8349189592671,0.052
6,2,0.2,145,10,0.3,0.3,15,3,-3.22337350576592,0.052
6,2,0.2,171,10,0.3,0.3,15,3,-2.91322405275784,0.052
6,2,0.2,181,10,0.3,0.3,15,3,-2.19684129006419,0.052
6,2,0.2,182,10,0.3,0.3,15,3,-3.01946631442809,0.052
6,2,0.2,221,10,0.3,0.3,15,3,-3.07146900026189,0.052
6,2,0.2,222,10,0.3,0.3,15,3,-1.87142366456573,0.052
6,2,0.2,238,10,0.3,0.3,15,3,-1.74998464638162,0.052
6,2,0.2,122,10,0.3,0.3,15,3,-3.57218746762371,0.054
6,2,0.2,128,10,0.3,0.3,15,3,-2.91510346841034,0.054
6,2,0.2,284,10,0.3,0.3,15,3,-1.82474917015713,0.054
6,2,0.2,298,10,0.3,0.3,15,3,-3.32568159706284,0.054
6,2,0.2,220,10,0.3,0.3,15,3,-3.30884668517757,0.056
6,2,0.2,226,10,0.3,0.3,15,3,-2.3774712218694,0.056
6,2,0.2,239,10,0.3,0.3,15,3,-3.26845748583651,0.056
6,2,0.2,263,10,0.3,0.3,15,3,-2.81170035619974,0.056
6,2,0.2,267,10,0.3,0.3,15,3,-4.15452657492787,0.056
6,2,0.2,296,10,0.3,0.3,15,3,-3.5196809411255,0.056
6,2,0.2,18,10,0.3,0.3,15,3,-2.10472924793623,0.058
6,2,0.2,142,10,0.3,0.3,15,3,-2.38857843784277,0.058
6,2,0.2,151,10,0.3,0.3,15,3,-2.345493765567,0.058
6,2,0.2,157,10,0.3,0.3,15,3,-4.00501713482268,0.058
6,2,0.2,197,10,0.3,0.3,15,3,-2.2201730403076,0.058
6,2,0.2,210,10,0.3,0.3,15,3,-1.88981606711423,0.058
6,2,0.2,275,10,0.3,0.3,15,3,-2.79193653589829,0.058
6,2,0.2,287,10,0.3,0.3,15,3,-3.83970128860255,0.058
6,2,0.2,299,10,0.3,0.3,15,3,-2.90946713433806,0.058
6,2,0.2,123,10,0.3,0.3,15,3,-3.32513779581402,0.06
6,2,0.2,140,10,0.3,0.3,15,3,-2.5686202964026,0.06
6,2,0.2,168,10,0.3,0.3,15,3,-1.07697543600435,0.06
6,2,0.2,162,10,0.3,0.3,15,3,-2.87481410356261,0.064
6,2,0.2,183,10,0.3,0.3,15,3,-3.69558906682693,0.064
6,2,0.2,96,10,0.3,0.3,15,3,-3.72657823831744,0.066
6,2,0.2,108,10,0.3,0.3,15,3,-2.61650672744102,0.066
6,2,0.2,116,10,0.3,0.3,15,3,-2.6054861265381,0.066
6,2,0.2,14,10,0.3,0.3,15,3,-2.31029236216082,0.068
6,2,0.2,193,10,0.3,0.3,15,3,-2.14633410631532,0.068
6,2,0.2,201,10,0.3,0.3,15,3,-2.45742750632965,0.068
6,2,0.2,111,10,0.3,0.3,15,3,-2.39000220108068,0.072
6,2,0.2,118,10,0.3,0.3,15,3,-3.13950899434147,0.072
6,2,0.2,234,10,0.3,0.3,15,3,-2.288174202047,0.072
6,2,0.2,84,10,0.3,0.3,15,3,-3.80763265669796,0.074
6,2,0.2,240,10,0.3,0.3,15,3,-2.98555244382197,0.074
6,2,0.2,242,10,0.3,0.3,15,3,-3.29088882948244,0.074
6,2,0.2,27,10,0.3,0.3,15,3,-2.77349374591915,0.084
6,2,0.2,155,10,0.3,0.3,15,3,-1.53735178384088,0.256
