"nGroupT","nGroupC","sdC","iteration","meanC","ef","rho","sampleSize","idSD","coef","boot_pval"
6,2,0.2,73,10,0,0.3,6,3,-1.29707577884304,0.02
6,2,0.2,472,10,0,0.3,6,3,-2.18333093941652,0.022
6,2,0.2,68,10,0,0.3,6,3,2.67380895626437,0.026
6,2,0.2,456,10,0,0.3,6,3,1.09839803415306,0.028
6,2,0.2,259,10,0,0.3,6,3,1.0875255083786,0.036
6,2,0.2,192,10,0,0.3,6,3,1.30259810840303,0.038
6,2,0.2,294,10,0,0.3,6,3,-1.0041561296336,0.042
6,2,0.2,11,10,0,0.3,6,3,-1.71644206466468,0.044
6,2,0.2,174,10,0,0.3,6,3,-1.17604045200207,0.048
6,2,0.2,287,10,0,0.3,6,3,2.26953408928946,0.048
6,2,0.2,308,10,0,0.3,6,3,-1.58970955423874,0.05
6,2,0.2,52,10,0,0.3,6,3,-1.78782858169768,0.052
6,2,0.2,403,10,0,0.3,6,3,1.8837822679393,0.054
6,2,0.2,462,10,0,0.3,6,3,-1.98782502851444,0.054
6,2,0.2,161,10,0,0.3,6,3,1.89596418080595,0.058
6,2,0.2,367,10,0,0.3,6,3,-1.71107945220834,0.06
6,2,0.2,207,10,0,0.3,6,3,-1.08524579405631,0.062
6,2,0.2,127,10,0,0.3,6,3,1.53683962763111,0.064
6,2,0.2,258,10,0,0.3,6,3,1.27102094102287,0.064
6,2,0.2,170,10,0,0.3,6,3,-1.71823931844364,0.066
6,2,0.2,329,10,0,0.3,6,3,-1.62811179380108,0.066
6,2,0.2,418,10,0,0.3,6,3,-2.68501937920979,0.066
6,2,0.2,185,10,0,0.3,6,3,-0.846321208095389,0.068
6,2,0.2,172,10,0,0.3,6,3,-1.64449395642302,0.07
6,2,0.2,286,10,0,0.3,6,3,-1.58026879303486,0.07
6,2,0.2,458,10,0,0.3,6,3,-1.05528090242208,0.07
6,2,0.2,214,10,0,0.3,6,3,-1.44769362611993,0.072
6,2,0.2,474,10,0,0.3,6,3,1.73364586763941,0.074
6,2,0.2,65,10,0,0.3,6,3,-1.11368081048002,0.076
6,2,0.2,297,10,0,0.3,6,3,0.895194392533938,0.076
6,2,0.2,47,10,0,0.3,6,3,1.04113002902133,0.078
6,2,0.2,72,10,0,0.3,6,3,1.23995574059816,0.078
6,2,0.2,163,10,0,0.3,6,3,-1.4194328543129,0.078
6,2,0.2,313,10,0,0.3,6,3,1.28654045825201,0.078
6,2,0.2,356,10,0,0.3,6,3,1.28784343902535,0.078
6,2,0.2,128,10,0,0.3,6,3,-1.00209461738305,0.08
6,2,0.2,290,10,0,0.3,6,3,-1.68113990692308,0.08
6,2,0.2,96,10,0,0.3,6,3,-0.867946230664529,0.082
6,2,0.2,188,10,0,0.3,6,3,0.774798541475548,0.082
6,2,0.2,315,10,0,0.3,6,3,1.33986252052475,0.082
6,2,0.2,396,10,0,0.3,6,3,1.67974006865458,0.082
6,2,0.2,358,10,0,0.3,6,3,1.02905942014024,0.084
6,2,0.2,317,10,0,0.3,6,3,-1.36125226648934,0.086
6,2,0.2,441,10,0,0.3,6,3,-1.01144934065201,0.09
6,2,0.2,3,10,0,0.3,6,3,0.942524902252273,0.092
6,2,0.2,300,10,0,0.3,6,3,0.929767308268737,0.092
6,2,0.2,103,10,0,0.3,6,3,1.31386824341885,0.094
6,2,0.2,215,10,0,0.3,6,3,1.69616867078821,0.094
6,2,0.2,257,10,0,0.3,6,3,-1.42856336775932,0.094
6,2,0.2,415,10,0,0.3,6,3,-0.832776607081485,0.096
6,2,0.2,492,10,0,0.3,6,3,1.56974271217626,0.098
6,2,0.2,500,10,0,0.3,6,3,1.28238861228419,0.098
6,2,0.2,86,10,0,0.3,6,3,-0.777680870948814,0.1
6,2,0.2,146,10,0,0.3,6,3,-1.60081126060771,0.1
6,2,0.2,369,10,0,0.3,6,3,1.30493967987468,0.102
6,2,0.2,475,10,0,0.3,6,3,2.08651691147682,0.102
6,2,0.2,180,10,0,0.3,6,3,0.9327570417679,0.104
6,2,0.2,260,10,0,0.3,6,3,-1.432535579888,0.104
6,2,0.2,50,10,0,0.3,6,3,1.02143340930303,0.108
6,2,0.2,467,10,0,0.3,6,3,-1.42535795687854,0.108
6,2,0.2,335,10,0,0.3,6,3,-1.26072499071091,0.11
6,2,0.2,83,10,0,0.3,6,3,-1.18284431840604,0.112
6,2,0.2,122,10,0,0.3,6,3,1.48282931529613,0.112
6,2,0.2,344,10,0,0.3,6,3,-1.01095915914402,0.112
6,2,0.2,359,10,0,0.3,6,3,1.88669932755855,0.112
6,2,0.2,220,10,0,0.3,6,3,1.20244638648785,0.114
6,2,0.2,223,10,0,0.3,6,3,-1.13545220699245,0.114
6,2,0.2,354,10,0,0.3,6,3,-0.742790627321426,0.114
6,2,0.2,114,10,0,0.3,6,3,-1.01007880649243,0.116
6,2,0.2,120,10,0,0.3,6,3,1.47736978275685,0.118
6,2,0.2,213,10,0,0.3,6,3,-0.968142503086654,0.118
6,2,0.2,21,10,0,0.3,6,3,1.36244968840197,0.12
6,2,0.2,493,10,0,0.3,6,3,1.09691182560852,0.12
6,2,0.2,137,10,0,0.3,6,3,-1.8700410059474,0.122
6,2,0.2,143,10,0,0.3,6,3,1.4128898497504,0.122
6,2,0.2,379,10,0,0.3,6,3,-1.2106989788337,0.122
6,2,0.2,104,10,0,0.3,6,3,-1.32290882127475,0.124
6,2,0.2,459,10,0,0.3,6,3,-1.09146429555446,0.124
6,2,0.2,60,10,0,0.3,6,3,-0.760434497448045,0.126
6,2,0.2,164,10,0,0.3,6,3,-0.846784929312207,0.126
6,2,0.2,320,10,0,0.3,6,3,-1.50386179339554,0.126
6,2,0.2,384,10,0,0.3,6,3,-1.78074111111926,0.126
6,2,0.2,401,10,0,0.3,6,3,1.52141974123845,0.128
6,2,0.2,112,10,0,0.3,6,3,1.46121763446595,0.13
6,2,0.2,289,10,0,0.3,6,3,-1.04992723550916,0.13
6,2,0.2,160,10,0,0.3,6,3,1.02396726701514,0.134
6,2,0.2,208,10,0,0.3,6,3,-1.33959995312057,0.134
6,2,0.2,372,10,0,0.3,6,3,-1.08112238879187,0.134
6,2,0.2,186,10,0,0.3,6,3,1.04883130862837,0.136
6,2,0.2,221,10,0,0.3,6,3,-1.18408528328209,0.138
6,2,0.2,157,10,0,0.3,6,3,-1.2322349915259,0.14
6,2,0.2,57,10,0,0.3,6,3,-0.757519663973625,0.142
6,2,0.2,301,10,0,0.3,6,3,0.630935444231625,0.142
6,2,0.2,69,10,0,0.3,6,3,-0.94322914895082,0.146
6,2,0.2,121,10,0,0.3,6,3,-1.41149707792212,0.146
6,2,0.2,133,10,0,0.3,6,3,-1.04653625020029,0.146
6,2,0.2,206,10,0,0.3,6,3,-0.558795458605317,0.146
6,2,0.2,48,10,0,0.3,6,3,-1.28212721703204,0.148
6,2,0.2,476,10,0,0.3,6,3,-0.934231235654011,0.148
6,2,0.2,58,10,0,0.3,6,3,-1.06444016630954,0.15
6,2,0.2,169,10,0,0.3,6,3,0.898764152872701,0.154
6,2,0.2,10,10,0,0.3,6,3,1.25736806360567,0.156
6,2,0.2,74,10,0,0.3,6,3,-0.822442164273468,0.156
6,2,0.2,284,10,0,0.3,6,3,-1.24312118123228,0.156
6,2,0.2,154,10,0,0.3,6,3,1.06990775332093,0.158
6,2,0.2,345,10,0,0.3,6,3,0.954756290534249,0.158
6,2,0.2,410,10,0,0.3,6,3,0.712383171845289,0.158
6,2,0.2,75,10,0,0.3,6,3,0.697972974163378,0.16
6,2,0.2,235,10,0,0.3,6,3,1.123059644573,0.16
6,2,0.2,8,10,0,0.3,6,3,-1.1195485350971,0.162
6,2,0.2,310,10,0,0.3,6,3,-1.31651202086971,0.166
6,2,0.2,392,10,0,0.3,6,3,-1.04050795496323,0.166
6,2,0.2,438,10,0,0.3,6,3,-0.993516608499192,0.17
6,2,0.2,306,10,0,0.3,6,3,-0.643162801899649,0.172
6,2,0.2,460,10,0,0.3,6,3,-0.899862192986888,0.172
6,2,0.2,479,10,0,0.3,6,3,0.818652028071114,0.172
6,2,0.2,110,10,0,0.3,6,3,1.01343378290449,0.174
6,2,0.2,219,10,0,0.3,6,3,-1.34120082705678,0.176
6,2,0.2,409,10,0,0.3,6,3,1.00853938366146,0.176
6,2,0.2,102,10,0,0.3,6,3,-1.31906572451459,0.178
6,2,0.2,212,10,0,0.3,6,3,1.09301354359235,0.178
6,2,0.2,273,10,0,0.3,6,3,-0.805718612729606,0.178
6,2,0.2,481,10,0,0.3,6,3,1.27507365704423,0.178
6,2,0.2,368,10,0,0.3,6,3,1.31987524409288,0.196
6,2,0.2,314,10,0,0.3,6,3,0.976631852567124,0.198
6,2,0.2,55,10,0,0.3,6,3,-1.11905477087191,0.2
6,2,0.2,378,10,0,0.3,6,3,-1.17790304177871,0.204
6,2,0.2,451,10,0,0.3,6,3,0.951610648803012,0.206
6,2,0.2,263,10,0,0.3,6,3,-0.929660528588698,0.212
6,2,0.2,444,10,0,0.3,6,3,0.726818090705422,0.214
6,2,0.2,59,10,0,0.3,6,3,0.964043841265124,0.216
6,2,0.2,248,10,0,0.3,6,3,-0.855806755860272,0.216
6,2,0.2,261,10,0,0.3,6,3,-0.672366681953378,0.218
6,2,0.2,24,10,0,0.3,6,3,-0.690588284603251,0.22
6,2,0.2,132,10,0,0.3,6,3,-0.93660909824095,0.22
6,2,0.2,194,10,0,0.3,6,3,-0.834324562517651,0.22
6,2,0.2,413,10,0,0.3,6,3,-0.657045997743552,0.222
6,2,0.2,417,10,0,0.3,6,3,0.880657106405152,0.222
6,2,0.2,37,10,0,0.3,6,3,-0.48501694359453,0.226
6,2,0.2,420,10,0,0.3,6,3,-1.05790943698346,0.228
6,2,0.2,238,10,0,0.3,6,3,0.833077411196143,0.232
6,2,0.2,281,10,0,0.3,6,3,-0.793058928586447,0.232
6,2,0.2,469,10,0,0.3,6,3,0.805003150881134,0.232
6,2,0.2,17,10,0,0.3,6,3,1.13176503737066,0.236
6,2,0.2,394,10,0,0.3,6,3,0.768691384798132,0.236
6,2,0.2,230,10,0,0.3,6,3,0.96861723731962,0.24
6,2,0.2,173,10,0,0.3,6,3,0.633987760836618,0.242
6,2,0.2,252,10,0,0.3,6,3,0.710531183164903,0.246
6,2,0.2,357,10,0,0.3,6,3,1.29258181473372,0.246
6,2,0.2,397,10,0,0.3,6,3,-0.692363212277201,0.246
6,2,0.2,341,10,0,0.3,6,3,0.725274592165505,0.254
6,2,0.2,463,10,0,0.3,6,3,0.659546633754729,0.254
6,2,0.2,124,10,0,0.3,6,3,-0.687107865053719,0.256
6,2,0.2,351,10,0,0.3,6,3,0.645072711982152,0.258
6,2,0.2,6,10,0,0.3,6,3,-1.94296658074265,0.262
6,2,0.2,22,10,0,0.3,6,3,0.830029941811517,0.266
6,2,0.2,267,10,0,0.3,6,3,-0.493493270132689,0.266
6,2,0.2,236,10,0,0.3,6,3,-0.730605618015034,0.27
6,2,0.2,464,10,0,0.3,6,3,0.549562621417124,0.272
6,2,0.2,242,10,0,0.3,6,3,-0.633501926556335,0.274
6,2,0.2,211,10,0,0.3,6,3,0.725926034276227,0.278
6,2,0.2,360,10,0,0.3,6,3,-0.557688041380942,0.278
6,2,0.2,92,10,0,0.3,6,3,-0.427386202512736,0.28
6,2,0.2,94,10,0,0.3,6,3,-0.675209017844793,0.28
6,2,0.2,28,10,0,0.3,6,3,-0.530261309767297,0.284
6,2,0.2,293,10,0,0.3,6,3,0.679015865887635,0.284
6,2,0.2,303,10,0,0.3,6,3,0.459237302899709,0.284
6,2,0.2,30,10,0,0.3,6,3,0.514141018817412,0.286
6,2,0.2,66,10,0,0.3,6,3,0.643202892637902,0.286
6,2,0.2,330,10,0,0.3,6,3,-0.692085335037888,0.286
6,2,0.2,264,10,0,0.3,6,3,0.728314202248498,0.288
6,2,0.2,339,10,0,0.3,6,3,-0.649489319806946,0.288
6,2,0.2,279,10,0,0.3,6,3,0.339623772741589,0.294
6,2,0.2,111,10,0,0.3,6,3,0.989932826342653,0.298
6,2,0.2,178,10,0,0.3,6,3,-0.577982956180279,0.298
6,2,0.2,465,10,0,0.3,6,3,-1.03455400303017,0.3
6,2,0.2,254,10,0,0.3,6,3,0.486669163442031,0.304
6,2,0.2,461,10,0,0.3,6,3,-1.01619499031244,0.31
6,2,0.2,85,10,0,0.3,6,3,0.380645176060057,0.314
6,2,0.2,498,10,0,0.3,6,3,-0.449235081295029,0.314
6,2,0.2,203,10,0,0.3,6,3,-0.655499000752542,0.32
6,2,0.2,87,10,0,0.3,6,3,0.639736804199458,0.322
6,2,0.2,190,10,0,0.3,6,3,-0.643177382725355,0.326
6,2,0.2,99,10,0,0.3,6,3,-0.681404509930616,0.33
6,2,0.2,63,10,0,0.3,6,3,-1.09574593206455,0.334
6,2,0.2,171,10,0,0.3,6,3,0.375359957900997,0.346
6,2,0.2,445,10,0,0.3,6,3,-0.720910112599654,0.346
6,2,0.2,168,10,0,0.3,6,3,0.385607566229538,0.348
6,2,0.2,80,10,0,0.3,6,3,0.883353116512524,0.352
6,2,0.2,419,10,0,0.3,6,3,1.38728737334574,0.354
6,2,0.2,338,10,0,0.3,6,3,0.690396229933413,0.356
6,2,0.2,429,10,0,0.3,6,3,0.689158944740939,0.358
6,2,0.2,151,10,0,0.3,6,3,-0.366494996367834,0.362
6,2,0.2,326,10,0,0.3,6,3,-0.815826219693292,0.364
6,2,0.2,491,10,0,0.3,6,3,-0.551508698404632,0.364
6,2,0.2,383,10,0,0.3,6,3,1.21551737584383,0.366
6,2,0.2,27,10,0,0.3,6,3,-0.996141256310892,0.372
6,2,0.2,198,10,0,0.3,6,3,0.496857360484427,0.374
6,2,0.2,471,10,0,0.3,6,3,0.382938311013163,0.376
6,2,0.2,496,10,0,0.3,6,3,0.546201208177962,0.376
6,2,0.2,67,10,0,0.3,6,3,-0.441021372083725,0.378
6,2,0.2,382,10,0,0.3,6,3,-0.558618868902698,0.378
6,2,0.2,265,10,0,0.3,6,3,-0.75501677192355,0.386
6,2,0.2,274,10,0,0.3,6,3,-0.243783519379605,0.388
6,2,0.2,448,10,0,0.3,6,3,0.412602236541488,0.39
6,2,0.2,41,10,0,0.3,6,3,-1.13071700251041,0.392
6,2,0.2,251,10,0,0.3,6,3,0.841838016816013,0.394
6,2,0.2,343,10,0,0.3,6,3,-0.720972028012312,0.394
6,2,0.2,483,10,0,0.3,6,3,-0.424658456894093,0.394
6,2,0.2,399,10,0,0.3,6,3,0.539602658853653,0.398
6,2,0.2,426,10,0,0.3,6,3,-0.548198783855923,0.398
6,2,0.2,129,10,0,0.3,6,3,-0.561914426968656,0.4
6,2,0.2,35,10,0,0.3,6,3,0.632483148270722,0.404
6,2,0.2,205,10,0,0.3,6,3,0.314470248998248,0.406
6,2,0.2,44,10,0,0.3,6,3,0.494086126594738,0.41
6,2,0.2,135,10,0,0.3,6,3,-0.533054505856001,0.41
6,2,0.2,299,10,0,0.3,6,3,-0.291979074454446,0.414
6,2,0.2,324,10,0,0.3,6,3,0.54522416912593,0.418
6,2,0.2,113,10,0,0.3,6,3,-1.26017927800152,0.422
6,2,0.2,177,10,0,0.3,6,3,-0.979081978054893,0.426
6,2,0.2,387,10,0,0.3,6,3,0.55173314687795,0.428
6,2,0.2,405,10,0,0.3,6,3,-0.646176610828775,0.43
6,2,0.2,435,10,0,0.3,6,3,0.639161420113254,0.43
6,2,0.2,189,10,0,0.3,6,3,-0.385862247518702,0.432
6,2,0.2,247,10,0,0.3,6,3,-0.854253316111709,0.432
6,2,0.2,473,10,0,0.3,6,3,-0.274216693263895,0.432
6,2,0.2,145,10,0,0.3,6,3,-0.561608010295942,0.436
6,2,0.2,246,10,0,0.3,6,3,-0.618982165785752,0.438
6,2,0.2,427,10,0,0.3,6,3,-0.54852847748873,0.44
6,2,0.2,45,10,0,0.3,6,3,0.39122587660637,0.442
6,2,0.2,406,10,0,0.3,6,3,-0.391507162601187,0.442
6,2,0.2,380,10,0,0.3,6,3,0.820806148108147,0.45
6,2,0.2,108,10,0,0.3,6,3,0.426541930514986,0.456
6,2,0.2,38,10,0,0.3,6,3,1.01984374177792,0.462
6,2,0.2,446,10,0,0.3,6,3,-0.520572090169139,0.462
6,2,0.2,226,10,0,0.3,6,3,0.388426301562987,0.464
6,2,0.2,241,10,0,0.3,6,3,0.631812200444699,0.468
6,2,0.2,26,10,0,0.3,6,3,0.680471141036577,0.47
6,2,0.2,350,10,0,0.3,6,3,0.279160344377601,0.476
6,2,0.2,237,10,0,0.3,6,3,0.552870660037115,0.478
6,2,0.2,250,10,0,0.3,6,3,0.626842479304685,0.478
6,2,0.2,33,10,0,0.3,6,3,0.222536562711582,0.48
6,2,0.2,244,10,0,0.3,6,3,0.781236686712845,0.48
6,2,0.2,5,10,0,0.3,6,3,0.411875563454743,0.484
6,2,0.2,430,10,0,0.3,6,3,0.218201021906282,0.484
6,2,0.2,183,10,0,0.3,6,3,-0.511864979024921,0.486
6,2,0.2,115,10,0,0.3,6,3,-1.52910624979751,0.492
6,2,0.2,437,10,0,0.3,6,3,-0.903838425065345,0.494
6,2,0.2,36,10,0,0.3,6,3,-0.457320422666015,0.496
6,2,0.2,421,10,0,0.3,6,3,-1.27251453017735,0.496
6,2,0.2,156,10,0,0.3,6,3,-0.254536940402033,0.502
6,2,0.2,482,10,0,0.3,6,3,-1.31042468395273,0.504
6,2,0.2,162,10,0,0.3,6,3,0.961793168604316,0.506
6,2,0.2,428,10,0,0.3,6,3,0.418175310257425,0.514
6,2,0.2,478,10,0,0.3,6,3,0.53354052857739,0.52
6,2,0.2,197,10,0,0.3,6,3,0.712503429521206,0.524
6,2,0.2,182,10,0,0.3,6,3,0.408063341686699,0.526
6,2,0.2,2,10,0,0.3,6,3,0.590327791894907,0.528
6,2,0.2,400,10,0,0.3,6,3,1.22815939059282,0.532
6,2,0.2,193,10,0,0.3,6,3,0.200468163367503,0.534
6,2,0.2,271,10,0,0.3,6,3,0.524074636587443,0.534
6,2,0.2,298,10,0,0.3,6,3,-0.483702344120985,0.534
6,2,0.2,352,10,0,0.3,6,3,0.823390158584687,0.534
6,2,0.2,255,10,0,0.3,6,3,-1.48808183826299,0.538
6,2,0.2,4,10,0,0.3,6,3,0.357860510177517,0.54
6,2,0.2,291,10,0,0.3,6,3,0.541228666770735,0.542
6,2,0.2,39,10,0,0.3,6,3,0.360533342340716,0.548
6,2,0.2,407,10,0,0.3,6,3,-0.244981515844671,0.548
6,2,0.2,277,10,0,0.3,6,3,-1.05542451826042,0.55
6,2,0.2,362,10,0,0.3,6,3,-0.359910431167123,0.552
6,2,0.2,485,10,0,0.3,6,3,0.282591220421267,0.568
6,2,0.2,216,10,0,0.3,6,3,-0.465586387804166,0.57
6,2,0.2,217,10,0,0.3,6,3,-0.873446818689928,0.57
6,2,0.2,353,10,0,0.3,6,3,0.574823128520478,0.576
6,2,0.2,29,10,0,0.3,6,3,1.01804307924814,0.578
6,2,0.2,272,10,0,0.3,6,3,-0.322016720014005,0.584
6,2,0.2,40,10,0,0.3,6,3,0.444484954205279,0.59
6,2,0.2,116,10,0,0.3,6,3,-1.27968988451076,0.596
6,2,0.2,204,10,0,0.3,6,3,-0.500179426665341,0.596
6,2,0.2,311,10,0,0.3,6,3,0.820296922520185,0.596
6,2,0.2,159,10,0,0.3,6,3,-0.96001198184922,0.598
6,2,0.2,425,10,0,0.3,6,3,-0.239196012410957,0.598
6,2,0.2,484,10,0,0.3,6,3,0.328621914981085,0.598
6,2,0.2,25,10,0,0.3,6,3,0.308083187208524,0.602
6,2,0.2,79,10,0,0.3,6,3,0.34197595466847,0.602
6,2,0.2,270,10,0,0.3,6,3,-0.710771997878112,0.602
6,2,0.2,436,10,0,0.3,6,3,-0.387624678684261,0.604
6,2,0.2,136,10,0,0.3,6,3,-0.404900834145479,0.606
6,2,0.2,95,10,0,0.3,6,3,-0.927529627219116,0.608
6,2,0.2,100,10,0,0.3,6,3,0.152592974049639,0.608
6,2,0.2,149,10,0,0.3,6,3,0.442560944223175,0.608
6,2,0.2,93,10,0,0.3,6,3,-0.213211411373692,0.61
6,2,0.2,78,10,0,0.3,6,3,0.306272786760303,0.612
6,2,0.2,234,10,0,0.3,6,3,1.13379931465289,0.612
6,2,0.2,452,10,0,0.3,6,3,-0.528841681604121,0.612
6,2,0.2,377,10,0,0.3,6,3,0.271756042855884,0.614
6,2,0.2,488,10,0,0.3,6,3,0.589958533710217,0.614
6,2,0.2,490,10,0,0.3,6,3,0.551951208129253,0.614
6,2,0.2,280,10,0,0.3,6,3,1.04490348130611,0.616
6,2,0.2,337,10,0,0.3,6,3,-0.871236846543411,0.616
6,2,0.2,487,10,0,0.3,6,3,0.49204536047182,0.618
6,2,0.2,231,10,0,0.3,6,3,0.392183480068525,0.62
6,2,0.2,118,10,0,0.3,6,3,-0.747746933584892,0.624
6,2,0.2,243,10,0,0.3,6,3,1.23804540624667,0.63
6,2,0.2,249,10,0,0.3,6,3,-0.682475073021152,0.63
6,2,0.2,349,10,0,0.3,6,3,-0.255491804488003,0.63
6,2,0.2,16,10,0,0.3,6,3,-0.291298646260401,0.632
6,2,0.2,412,10,0,0.3,6,3,-0.22981734593597,0.632
6,2,0.2,23,10,0,0.3,6,3,0.49564566705422,0.634
6,2,0.2,109,10,0,0.3,6,3,-0.190097210516882,0.634
6,2,0.2,285,10,0,0.3,6,3,-0.231743903465883,0.638
6,2,0.2,18,10,0,0.3,6,3,-0.360135856843044,0.64
6,2,0.2,90,10,0,0.3,6,3,-0.4422760854182,0.64
6,2,0.2,134,10,0,0.3,6,3,-0.135848835244389,0.64
6,2,0.2,268,10,0,0.3,6,3,-0.293568407307248,0.64
6,2,0.2,200,10,0,0.3,6,3,0.739488118315791,0.642
6,2,0.2,316,10,0,0.3,6,3,0.780419127213008,0.642
6,2,0.2,62,10,0,0.3,6,3,0.85571676334979,0.644
6,2,0.2,166,10,0,0.3,6,3,0.515543566547308,0.646
6,2,0.2,422,10,0,0.3,6,3,-0.301092936185569,0.65
6,2,0.2,494,10,0,0.3,6,3,-0.677484149157806,0.65
6,2,0.2,390,10,0,0.3,6,3,-0.357461298978109,0.656
6,2,0.2,450,10,0,0.3,6,3,0.421677109279244,0.656
6,2,0.2,489,10,0,0.3,6,3,0.596523056146111,0.658
6,2,0.2,148,10,0,0.3,6,3,-0.357830032246,0.66
6,2,0.2,365,10,0,0.3,6,3,0.614886044902761,0.662
6,2,0.2,440,10,0,0.3,6,3,-0.546846794941956,0.662
6,2,0.2,61,10,0,0.3,6,3,-0.404433339389527,0.666
6,2,0.2,140,10,0,0.3,6,3,-0.501081466720763,0.666
6,2,0.2,318,10,0,0.3,6,3,0.272333386186915,0.666
6,2,0.2,447,10,0,0.3,6,3,-0.337155881403191,0.668
6,2,0.2,152,10,0,0.3,6,3,1.10538993372387,0.672
6,2,0.2,14,10,0,0.3,6,3,-0.24850346411975,0.674
6,2,0.2,31,10,0,0.3,6,3,-0.333003832661632,0.674
6,2,0.2,105,10,0,0.3,6,3,0.434205760845941,0.674
6,2,0.2,295,10,0,0.3,6,3,-0.410470231527597,0.674
6,2,0.2,91,10,0,0.3,6,3,-0.26524102831263,0.676
6,2,0.2,342,10,0,0.3,6,3,0.501483399890105,0.676
6,2,0.2,376,10,0,0.3,6,3,0.539762335069213,0.676
6,2,0.2,54,10,0,0.3,6,3,0.866347352826153,0.678
6,2,0.2,416,10,0,0.3,6,3,-0.511421103967194,0.682
6,2,0.2,19,10,0,0.3,6,3,-0.235835651118094,0.684
6,2,0.2,228,10,0,0.3,6,3,-0.362141868283231,0.684
6,2,0.2,199,10,0,0.3,6,3,-0.205539004543766,0.688
6,2,0.2,123,10,0,0.3,6,3,0.492889819946612,0.69
6,2,0.2,245,10,0,0.3,6,3,-0.382069112626425,0.69
6,2,0.2,7,10,0,0.3,6,3,-0.245113764611119,0.692
6,2,0.2,70,10,0,0.3,6,3,-0.179337135227485,0.692
6,2,0.2,56,10,0,0.3,6,3,0.221883695901738,0.694
6,2,0.2,15,10,0,0.3,6,3,0.27887284264429,0.696
6,2,0.2,307,10,0,0.3,6,3,0.743181451754737,0.696
6,2,0.2,13,10,0,0.3,6,3,-0.22139646508839,0.698
6,2,0.2,46,10,0,0.3,6,3,-0.529541505200768,0.698
6,2,0.2,155,10,0,0.3,6,3,0.286275009683692,0.702
6,2,0.2,150,10,0,0.3,6,3,-0.527612418244786,0.704
6,2,0.2,131,10,0,0.3,6,3,0.359439632931412,0.706
6,2,0.2,348,10,0,0.3,6,3,-0.510208055964398,0.706
6,2,0.2,88,10,0,0.3,6,3,-0.408867015492291,0.71
6,2,0.2,51,10,0,0.3,6,3,0.310797786849889,0.712
6,2,0.2,305,10,0,0.3,6,3,-0.618927016584792,0.712
6,2,0.2,321,10,0,0.3,6,3,0.252930888331662,0.712
6,2,0.2,76,10,0,0.3,6,3,0.620531357458532,0.716
6,2,0.2,187,10,0,0.3,6,3,-0.309251319011764,0.716
6,2,0.2,288,10,0,0.3,6,3,-0.416831326575647,0.716
6,2,0.2,82,10,0,0.3,6,3,0.121641577729719,0.718
6,2,0.2,201,10,0,0.3,6,3,-0.595566857626352,0.72
6,2,0.2,477,10,0,0.3,6,3,0.253499378044722,0.72
6,2,0.2,276,10,0,0.3,6,3,-0.329731471242184,0.722
6,2,0.2,333,10,0,0.3,6,3,0.207941957041101,0.722
6,2,0.2,486,10,0,0.3,6,3,0.266572586118031,0.722
6,2,0.2,179,10,0,0.3,6,3,-0.332205884246719,0.724
6,2,0.2,81,10,0,0.3,6,3,0.24650803104231,0.726
6,2,0.2,340,10,0,0.3,6,3,0.460718774311317,0.73
6,2,0.2,12,10,0,0.3,6,3,-0.209823956832935,0.734
6,2,0.2,433,10,0,0.3,6,3,0.529257917727506,0.736
6,2,0.2,468,10,0,0.3,6,3,0.216944371319101,0.736
6,2,0.2,117,10,0,0.3,6,3,-0.259303436045855,0.738
6,2,0.2,126,10,0,0.3,6,3,-0.287566127038531,0.74
6,2,0.2,388,10,0,0.3,6,3,0.276091929659316,0.742
6,2,0.2,453,10,0,0.3,6,3,0.248036240848563,0.742
6,2,0.2,239,10,0,0.3,6,3,-0.248186923444621,0.748
6,2,0.2,262,10,0,0.3,6,3,-0.235430852524757,0.748
6,2,0.2,97,10,0,0.3,6,3,0.242351273698432,0.75
6,2,0.2,49,10,0,0.3,6,3,0.138277675904618,0.752
6,2,0.2,328,10,0,0.3,6,3,-0.354715814244571,0.754
6,2,0.2,361,10,0,0.3,6,3,0.288342816987637,0.756
6,2,0.2,414,10,0,0.3,6,3,0.210595639671482,0.756
6,2,0.2,302,10,0,0.3,6,3,-0.260829709387394,0.758
6,2,0.2,363,10,0,0.3,6,3,-0.268361668221047,0.758
6,2,0.2,191,10,0,0.3,6,3,-0.147343277616528,0.76
6,2,0.2,64,10,0,0.3,6,3,0.362637581210862,0.762
6,2,0.2,141,10,0,0.3,6,3,-0.1106520246218,0.762
6,2,0.2,210,10,0,0.3,6,3,0.257820304058043,0.762
6,2,0.2,424,10,0,0.3,6,3,0.437222462263435,0.762
6,2,0.2,292,10,0,0.3,6,3,0.409194302166128,0.764
6,2,0.2,364,10,0,0.3,6,3,0.114605413977841,0.764
6,2,0.2,395,10,0,0.3,6,3,0.236661680763717,0.764
6,2,0.2,470,10,0,0.3,6,3,0.309759102606932,0.764
6,2,0.2,282,10,0,0.3,6,3,0.293242263986855,0.766
6,2,0.2,404,10,0,0.3,6,3,-0.277854918398162,0.766
6,2,0.2,229,10,0,0.3,6,3,-0.107448443791213,0.768
6,2,0.2,336,10,0,0.3,6,3,0.162773400166031,0.77
6,2,0.2,455,10,0,0.3,6,3,-0.150014844912931,0.77
6,2,0.2,266,10,0,0.3,6,3,-0.311736925104867,0.774
6,2,0.2,275,10,0,0.3,6,3,-0.176347420876084,0.774
6,2,0.2,371,10,0,0.3,6,3,0.298658149932322,0.774
6,2,0.2,334,10,0,0.3,6,3,-0.202434129871421,0.776
6,2,0.2,202,10,0,0.3,6,3,0.163730869564432,0.78
6,2,0.2,432,10,0,0.3,6,3,-0.203905723096568,0.78
6,2,0.2,195,10,0,0.3,6,3,-0.133023752834333,0.788
6,2,0.2,355,10,0,0.3,6,3,0.223680986533537,0.79
6,2,0.2,130,10,0,0.3,6,3,-0.247319177960435,0.792
6,2,0.2,232,10,0,0.3,6,3,0.231587121816233,0.792
6,2,0.2,240,10,0,0.3,6,3,0.22583349210359,0.798
6,2,0.2,375,10,0,0.3,6,3,0.323896707901241,0.798
6,2,0.2,227,10,0,0.3,6,3,0.152151787461747,0.8
6,2,0.2,347,10,0,0.3,6,3,0.25413396581888,0.802
6,2,0.2,309,10,0,0.3,6,3,-0.224874061155674,0.804
6,2,0.2,158,10,0,0.3,6,3,0.104591672918872,0.806
6,2,0.2,393,10,0,0.3,6,3,-0.346515559065068,0.81
6,2,0.2,20,10,0,0.3,6,3,-0.275462861927963,0.824
6,2,0.2,366,10,0,0.3,6,3,-0.0875069393919716,0.824
6,2,0.2,119,10,0,0.3,6,3,-0.24687710519413,0.826
6,2,0.2,184,10,0,0.3,6,3,-0.285660651014638,0.826
6,2,0.2,209,10,0,0.3,6,3,-0.318784356829553,0.826
6,2,0.2,386,10,0,0.3,6,3,-0.0883009346340486,0.83
6,2,0.2,253,10,0,0.3,6,3,0.205379993961429,0.832
6,2,0.2,374,10,0,0.3,6,3,-0.177640639760455,0.834
6,2,0.2,385,10,0,0.3,6,3,0.233168211349209,0.834
6,2,0.2,9,10,0,0.3,6,3,0.0406827679724699,0.836
6,2,0.2,398,10,0,0.3,6,3,-0.21527086153921,0.838
6,2,0.2,101,10,0,0.3,6,3,0.120331039791949,0.84
6,2,0.2,139,10,0,0.3,6,3,-0.153934217989359,0.84
6,2,0.2,331,10,0,0.3,6,3,-0.0655517149238563,0.84
6,2,0.2,346,10,0,0.3,6,3,-0.209431000169673,0.842
6,2,0.2,42,10,0,0.3,6,3,-0.149969105491806,0.844
6,2,0.2,411,10,0,0.3,6,3,0.15516112648811,0.844
6,2,0.2,278,10,0,0.3,6,3,-0.142300717803977,0.848
6,2,0.2,322,10,0,0.3,6,3,0.0541206088462047,0.85
6,2,0.2,138,10,0,0.3,6,3,0.0642467138131906,0.852
6,2,0.2,175,10,0,0.3,6,3,0.0871342175620669,0.852
6,2,0.2,408,10,0,0.3,6,3,0.156698691571393,0.854
6,2,0.2,153,10,0,0.3,6,3,0.177342329294817,0.856
6,2,0.2,402,10,0,0.3,6,3,-0.132598320510112,0.864
6,2,0.2,431,10,0,0.3,6,3,-0.104676032191207,0.864
6,2,0.2,495,10,0,0.3,6,3,0.037916323315585,0.864
6,2,0.2,106,10,0,0.3,6,3,0.184871065731357,0.866
6,2,0.2,269,10,0,0.3,6,3,-0.0808603390590861,0.876
6,2,0.2,327,10,0,0.3,6,3,-0.116436075279552,0.876
6,2,0.2,89,10,0,0.3,6,3,0.0620737299413463,0.878
6,2,0.2,53,10,0,0.3,6,3,-0.0836491806042545,0.882
6,2,0.2,283,10,0,0.3,6,3,0.086338734171477,0.882
6,2,0.2,84,10,0,0.3,6,3,-0.0635461433608953,0.884
6,2,0.2,176,10,0,0.3,6,3,0.142480743523549,0.884
6,2,0.2,256,10,0,0.3,6,3,-0.080952622808951,0.884
6,2,0.2,443,10,0,0.3,6,3,-0.0442731931530886,0.884
6,2,0.2,480,10,0,0.3,6,3,-0.0604948987590319,0.886
6,2,0.2,142,10,0,0.3,6,3,0.0756821031506263,0.894
6,2,0.2,34,10,0,0.3,6,3,-0.0707818898655432,0.898
6,2,0.2,434,10,0,0.3,6,3,-0.147048588946745,0.9
6,2,0.2,466,10,0,0.3,6,3,0.0419779730321466,0.9
6,2,0.2,332,10,0,0.3,6,3,0.0497396763559266,0.904
6,2,0.2,196,10,0,0.3,6,3,0.0681384844773447,0.908
6,2,0.2,71,10,0,0.3,6,3,0.106972177784911,0.914
6,2,0.2,389,10,0,0.3,6,3,0.0533106516685109,0.914
6,2,0.2,323,10,0,0.3,6,3,0.0803004757194685,0.918
6,2,0.2,373,10,0,0.3,6,3,0.0817638170937585,0.918
6,2,0.2,304,10,0,0.3,6,3,-0.0533103782827595,0.924
6,2,0.2,165,10,0,0.3,6,3,-0.0214274884014856,0.926
6,2,0.2,296,10,0,0.3,6,3,0.0498139739853229,0.93
6,2,0.2,449,10,0,0.3,6,3,-0.0815575334772802,0.93
6,2,0.2,439,10,0,0.3,6,3,-0.0491044174530089,0.934
6,2,0.2,32,10,0,0.3,6,3,0.0679376789134949,0.938
6,2,0.2,181,10,0,0.3,6,3,0.0403144347606883,0.938
6,2,0.2,381,10,0,0.3,6,3,-0.0480272652381188,0.938
6,2,0.2,442,10,0,0.3,6,3,-0.0633988066772702,0.95
6,2,0.2,225,10,0,0.3,6,3,-0.0915428123213928,0.952
6,2,0.2,224,10,0,0.3,6,3,0.0232966242062105,0.958
6,2,0.2,77,10,0,0.3,6,3,-0.0244306660495113,0.96
6,2,0.2,218,10,0,0.3,6,3,0.0409037998348936,0.96
6,2,0.2,107,10,0,0.3,6,3,0.024229069292744,0.964
6,2,0.2,167,10,0,0.3,6,3,0.031100869187668,0.964
6,2,0.2,233,10,0,0.3,6,3,-0.0350268902523112,0.964
6,2,0.2,312,10,0,0.3,6,3,0.0357588395245614,0.964
6,2,0.2,43,10,0,0.3,6,3,0.0348773590012286,0.97
6,2,0.2,319,10,0,0.3,6,3,-0.0577498965002974,0.972
6,2,0.2,497,10,0,0.3,6,3,-0.0142388968916976,0.972
6,2,0.2,147,10,0,0.3,6,3,0.0135924804034175,0.974
6,2,0.2,125,10,0,0.3,6,3,0.0145371282371514,0.976
6,2,0.2,457,10,0,0.3,6,3,-0.0189135071753981,0.976
6,2,0.2,144,10,0,0.3,6,3,-0.0172858954519768,0.982
6,2,0.2,454,10,0,0.3,6,3,-0.0237596674366216,0.988
6,2,0.2,222,10,0,0.3,6,3,0.00595510248280107,0.99
6,2,0.2,325,10,0,0.3,6,3,0.0067146422623523,0.992
6,2,0.2,391,10,0,0.3,6,3,0.0100176168097335,0.992
6,2,0.2,1,10,0,0.3,6,3,-0.0157547750342815,0.994
6,2,0.2,423,10,0,0.3,6,3,0.00792500876426061,0.994
6,2,0.2,499,10,0,0.3,6,3,-0.00159312932413513,0.994
6,2,0.2,370,10,0,0.3,6,3,-0.00303935388288323,0.996
6,2,0.2,98,10,0,0.3,6,3,2.02592853497663e-05,1
6,2,0.2,218,10,0,0.3,7,3,-1.65064346412618,0.032
6,2,0.2,12,10,0,0.3,7,3,-1.97918139679683,0.036
6,2,0.2,341,10,0,0.3,7,3,-1.20946591526089,0.04
6,2,0.2,204,10,0,0.3,7,3,-1.29532296816055,0.042
6,2,0.2,477,10,0,0.3,7,3,-0.913019900830847,0.048
6,2,0.2,85,10,0,0.3,7,3,-1.36685492701531,0.052
6,2,0.2,484,10,0,0.3,7,3,1.73187140138739,0.052
6,2,0.2,86,10,0,0.3,7,3,-2.2869782955367,0.054
6,2,0.2,101,10,0,0.3,7,3,1.92979744827323,0.058
6,2,0.2,125,10,0,0.3,7,3,1.54635689443651,0.058
6,2,0.2,179,10,0,0.3,7,3,1.65374195552761,0.058
6,2,0.2,243,10,0,0.3,7,3,1.66388737403304,0.058
6,2,0.2,393,10,0,0.3,7,3,-1.23638746187186,0.058
6,2,0.2,445,10,0,0.3,7,3,-1.54303583659444,0.058
6,2,0.2,240,10,0,0.3,7,3,1.75084914021525,0.06
6,2,0.2,110,10,0,0.3,7,3,-1.10576116259625,0.062
6,2,0.2,182,10,0,0.3,7,3,1.71952469224493,0.062
6,2,0.2,258,10,0,0.3,7,3,-1.66818737206577,0.064
6,2,0.2,315,10,0,0.3,7,3,-1.02642057761571,0.068
6,2,0.2,388,10,0,0.3,7,3,-1.0143660022957,0.068
6,2,0.2,473,10,0,0.3,7,3,-2.34739020901844,0.068
6,2,0.2,45,10,0,0.3,7,3,-1.59066776518918,0.074
6,2,0.2,256,10,0,0.3,7,3,-1.55769046633009,0.076
6,2,0.2,158,10,0,0.3,7,3,1.35076468033611,0.082
6,2,0.2,276,10,0,0.3,7,3,1.32214867858258,0.082
6,2,0.2,143,10,0,0.3,7,3,-1.23140271382081,0.084
6,2,0.2,205,10,0,0.3,7,3,1.15228692678045,0.086
6,2,0.2,250,10,0,0.3,7,3,-1.58692020399792,0.09
6,2,0.2,376,10,0,0.3,7,3,2.04155004507871,0.09
6,2,0.2,458,10,0,0.3,7,3,-1.18108502461376,0.09
6,2,0.2,56,10,0,0.3,7,3,1.71395110518694,0.092
6,2,0.2,430,10,0,0.3,7,3,-1.25311999167812,0.092
6,2,0.2,43,10,0,0.3,7,3,1.36389202744078,0.094
6,2,0.2,230,10,0,0.3,7,3,1.65449606227142,0.094
6,2,0.2,296,10,0,0.3,7,3,-0.904500674647977,0.094
6,2,0.2,418,10,0,0.3,7,3,1.48312506295301,0.094
6,2,0.2,60,10,0,0.3,7,3,1.23473834490025,0.096
6,2,0.2,84,10,0,0.3,7,3,-0.836431814264671,0.096
6,2,0.2,113,10,0,0.3,7,3,0.805275520894781,0.098
6,2,0.2,221,10,0,0.3,7,3,-0.870028407596436,0.1
6,2,0.2,65,10,0,0.3,7,3,1.38513042244509,0.102
6,2,0.2,378,10,0,0.3,7,3,1.01031344580329,0.102
6,2,0.2,74,10,0,0.3,7,3,1.10800621570726,0.106
6,2,0.2,83,10,0,0.3,7,3,-0.526506359627774,0.108
6,2,0.2,355,10,0,0.3,7,3,-1.42524779693397,0.108
6,2,0.2,436,10,0,0.3,7,3,-1.36179319751196,0.108
6,2,0.2,136,10,0,0.3,7,3,-1.70750209945487,0.114
6,2,0.2,255,10,0,0.3,7,3,1.35663491618087,0.114
6,2,0.2,199,10,0,0.3,7,3,0.831836562336207,0.116
6,2,0.2,372,10,0,0.3,7,3,1.07895690977497,0.116
6,2,0.2,409,10,0,0.3,7,3,-1.16810721822114,0.116
6,2,0.2,77,10,0,0.3,7,3,-1.1365808226237,0.118
6,2,0.2,214,10,0,0.3,7,3,-1.1459644680148,0.118
6,2,0.2,262,10,0,0.3,7,3,1.67573784643983,0.118
6,2,0.2,82,10,0,0.3,7,3,0.82166695544322,0.12
6,2,0.2,288,10,0,0.3,7,3,-0.600600548808757,0.12
6,2,0.2,106,10,0,0.3,7,3,-1.13043892810501,0.122
6,2,0.2,229,10,0,0.3,7,3,-1.0589777783747,0.122
6,2,0.2,415,10,0,0.3,7,3,1.15136032437715,0.122
6,2,0.2,451,10,0,0.3,7,3,1.14049865170733,0.122
6,2,0.2,494,10,0,0.3,7,3,-1.54529238140168,0.122
6,2,0.2,116,10,0,0.3,7,3,1.13317061875881,0.124
6,2,0.2,192,10,0,0.3,7,3,1.4688079844891,0.124
6,2,0.2,337,10,0,0.3,7,3,-0.802476163923728,0.124
6,2,0.2,440,10,0,0.3,7,3,-0.586011362124424,0.124
6,2,0.2,269,10,0,0.3,7,3,-1.39177446929847,0.126
6,2,0.2,30,10,0,0.3,7,3,0.970319992525617,0.13
6,2,0.2,278,10,0,0.3,7,3,-1.08369250742834,0.13
6,2,0.2,478,10,0,0.3,7,3,0.848613128893163,0.13
6,2,0.2,90,10,0,0.3,7,3,-0.938592843799142,0.132
6,2,0.2,55,10,0,0.3,7,3,1.17428133549387,0.134
6,2,0.2,68,10,0,0.3,7,3,-1.59197761863805,0.134
6,2,0.2,98,10,0,0.3,7,3,-1.30289845291077,0.134
6,2,0.2,368,10,0,0.3,7,3,-1.56752760086948,0.134
6,2,0.2,404,10,0,0.3,7,3,0.827678045535436,0.134
6,2,0.2,142,10,0,0.3,7,3,-1.12013008885813,0.136
6,2,0.2,399,10,0,0.3,7,3,-1.12347202344452,0.138
6,2,0.2,37,10,0,0.3,7,3,1.10125585821484,0.14
6,2,0.2,481,10,0,0.3,7,3,-0.867695020476788,0.14
6,2,0.2,63,10,0,0.3,7,3,0.782789808214318,0.142
6,2,0.2,385,10,0,0.3,7,3,-1.238304143806,0.142
6,2,0.2,402,10,0,0.3,7,3,1.53317783543463,0.142
6,2,0.2,452,10,0,0.3,7,3,-0.815566487588029,0.142
6,2,0.2,381,10,0,0.3,7,3,0.609230764443538,0.146
6,2,0.2,217,10,0,0.3,7,3,-0.783087141207034,0.148
6,2,0.2,44,10,0,0.3,7,3,-0.881853660482136,0.15
6,2,0.2,69,10,0,0.3,7,3,0.714853961013176,0.15
6,2,0.2,311,10,0,0.3,7,3,-0.577421287281879,0.15
6,2,0.2,321,10,0,0.3,7,3,-1.34343108994702,0.15
6,2,0.2,457,10,0,0.3,7,3,0.959714527038187,0.156
6,2,0.2,52,10,0,0.3,7,3,0.619519695677212,0.158
6,2,0.2,99,10,0,0.3,7,3,-0.834540817955855,0.158
6,2,0.2,429,10,0,0.3,7,3,-0.555172667686918,0.158
6,2,0.2,446,10,0,0.3,7,3,0.482551890019778,0.158
6,2,0.2,127,10,0,0.3,7,3,0.79821608239385,0.16
6,2,0.2,222,10,0,0.3,7,3,0.530304863227201,0.16
6,2,0.2,479,10,0,0.3,7,3,-1.03834223851948,0.166
6,2,0.2,51,10,0,0.3,7,3,-1.24444312782231,0.168
6,2,0.2,283,10,0,0.3,7,3,0.961354318394513,0.168
6,2,0.2,332,10,0,0.3,7,3,-0.55011897188146,0.168
6,2,0.2,453,10,0,0.3,7,3,0.810310752170409,0.168
6,2,0.2,153,10,0,0.3,7,3,0.789415315236965,0.17
6,2,0.2,257,10,0,0.3,7,3,0.729697001115142,0.17
6,2,0.2,195,10,0,0.3,7,3,0.683019875242223,0.174
6,2,0.2,248,10,0,0.3,7,3,0.524925417932707,0.174
6,2,0.2,59,10,0,0.3,7,3,0.427061137888842,0.176
6,2,0.2,26,10,0,0.3,7,3,0.856155622005133,0.178
6,2,0.2,31,10,0,0.3,7,3,-0.630554002327642,0.18
6,2,0.2,175,10,0,0.3,7,3,1.02989976659683,0.18
6,2,0.2,363,10,0,0.3,7,3,0.53095707399882,0.18
6,2,0.2,216,10,0,0.3,7,3,0.553780051708145,0.182
6,2,0.2,264,10,0,0.3,7,3,0.566757589470342,0.182
6,2,0.2,331,10,0,0.3,7,3,1.01771811605207,0.184
6,2,0.2,194,10,0,0.3,7,3,-1.0843699971098,0.188
6,2,0.2,251,10,0,0.3,7,3,-0.644105379322639,0.19
6,2,0.2,301,10,0,0.3,7,3,0.765877097126975,0.19
6,2,0.2,24,10,0,0.3,7,3,-0.47174495616801,0.192
6,2,0.2,1,10,0,0.3,7,3,-0.710819081008481,0.194
6,2,0.2,126,10,0,0.3,7,3,-0.562405423486183,0.194
6,2,0.2,293,10,0,0.3,7,3,-0.770182826400855,0.2
6,2,0.2,15,10,0,0.3,7,3,-0.736965732461556,0.202
6,2,0.2,19,10,0,0.3,7,3,-0.60288682166771,0.202
6,2,0.2,491,10,0,0.3,7,3,0.4766025778288,0.202
6,2,0.2,140,10,0,0.3,7,3,-1.17858452234611,0.204
6,2,0.2,162,10,0,0.3,7,3,-1.249529134217,0.204
6,2,0.2,253,10,0,0.3,7,3,0.440121929993069,0.204
6,2,0.2,208,10,0,0.3,7,3,0.612703909080068,0.212
6,2,0.2,412,10,0,0.3,7,3,0.598029767036536,0.214
6,2,0.2,268,10,0,0.3,7,3,-1.1349691675627,0.216
6,2,0.2,306,10,0,0.3,7,3,0.63663724964934,0.22
6,2,0.2,47,10,0,0.3,7,3,0.465064566442351,0.222
6,2,0.2,119,10,0,0.3,7,3,-0.862580994036875,0.222
6,2,0.2,123,10,0,0.3,7,3,-0.724539546295205,0.222
6,2,0.2,170,10,0,0.3,7,3,0.97493834984229,0.224
6,2,0.2,407,10,0,0.3,7,3,-1.06000290961873,0.226
6,2,0.2,183,10,0,0.3,7,3,-1.0712309467288,0.228
6,2,0.2,245,10,0,0.3,7,3,0.701904449544628,0.23
6,2,0.2,330,10,0,0.3,7,3,-0.799963908288163,0.23
6,2,0.2,387,10,0,0.3,7,3,-0.694903231462803,0.23
6,2,0.2,242,10,0,0.3,7,3,-0.636656206110587,0.234
6,2,0.2,279,10,0,0.3,7,3,1.47192905230563,0.234
6,2,0.2,108,10,0,0.3,7,3,0.756220199044407,0.236
6,2,0.2,462,10,0,0.3,7,3,0.763747962782958,0.236
6,2,0.2,379,10,0,0.3,7,3,-0.244743257508674,0.24
6,2,0.2,149,10,0,0.3,7,3,-0.930814335463936,0.242
6,2,0.2,425,10,0,0.3,7,3,0.934529729029066,0.244
6,2,0.2,359,10,0,0.3,7,3,-0.413442612683838,0.246
6,2,0.2,58,10,0,0.3,7,3,0.612776618517756,0.248
6,2,0.2,472,10,0,0.3,7,3,0.573883215467674,0.248
6,2,0.2,438,10,0,0.3,7,3,0.665946751122391,0.25
6,2,0.2,236,10,0,0.3,7,3,-0.810808182258114,0.26
6,2,0.2,370,10,0,0.3,7,3,0.55019770361065,0.262
6,2,0.2,201,10,0,0.3,7,3,0.606459832452657,0.27
6,2,0.2,305,10,0,0.3,7,3,-1.15212695266234,0.27
6,2,0.2,386,10,0,0.3,7,3,-0.283739562417082,0.27
6,2,0.2,57,10,0,0.3,7,3,0.450679898991837,0.272
6,2,0.2,177,10,0,0.3,7,3,0.638744214594652,0.276
6,2,0.2,271,10,0,0.3,7,3,-0.926928880432399,0.276
6,2,0.2,289,10,0,0.3,7,3,-0.625072149677351,0.276
6,2,0.2,319,10,0,0.3,7,3,0.679381624356722,0.276
6,2,0.2,209,10,0,0.3,7,3,0.488377060689373,0.278
6,2,0.2,38,10,0,0.3,7,3,0.509627705719282,0.28
6,2,0.2,246,10,0,0.3,7,3,-0.530442234340398,0.28
6,2,0.2,447,10,0,0.3,7,3,0.388129606421245,0.28
6,2,0.2,188,10,0,0.3,7,3,-0.665360469806501,0.284
6,2,0.2,249,10,0,0.3,7,3,-0.577673019785493,0.288
6,2,0.2,131,10,0,0.3,7,3,-1.01800536966365,0.292
6,2,0.2,9,10,0,0.3,7,3,-0.319615564520831,0.296
6,2,0.2,135,10,0,0.3,7,3,1.12246166529943,0.296
6,2,0.2,13,10,0,0.3,7,3,0.519739782821347,0.298
6,2,0.2,196,10,0,0.3,7,3,0.534929901748256,0.298
6,2,0.2,367,10,0,0.3,7,3,-0.469806843249614,0.3
6,2,0.2,485,10,0,0.3,7,3,0.480192072488961,0.3
6,2,0.2,79,10,0,0.3,7,3,-0.539603728816729,0.304
6,2,0.2,433,10,0,0.3,7,3,0.49454049020548,0.304
6,2,0.2,488,10,0,0.3,7,3,-0.675711857235882,0.308
6,2,0.2,223,10,0,0.3,7,3,-0.572705644294615,0.312
6,2,0.2,426,10,0,0.3,7,3,-0.619168455222876,0.314
6,2,0.2,64,10,0,0.3,7,3,-1.10475455885472,0.316
6,2,0.2,375,10,0,0.3,7,3,0.81219825853222,0.318
6,2,0.2,50,10,0,0.3,7,3,-0.322152172465564,0.322
6,2,0.2,360,10,0,0.3,7,3,-0.932773689546593,0.322
6,2,0.2,428,10,0,0.3,7,3,-0.74310196116906,0.324
6,2,0.2,464,10,0,0.3,7,3,0.45011766140334,0.33
6,2,0.2,273,10,0,0.3,7,3,-0.616161235396021,0.334
6,2,0.2,231,10,0,0.3,7,3,0.520747368253467,0.336
6,2,0.2,17,10,0,0.3,7,3,-0.505993683252655,0.338
6,2,0.2,197,10,0,0.3,7,3,0.547868581759275,0.342
6,2,0.2,499,10,0,0.3,7,3,0.668050382355091,0.344
6,2,0.2,334,10,0,0.3,7,3,0.769325611720603,0.348
6,2,0.2,366,10,0,0.3,7,3,0.965572830451322,0.35
6,2,0.2,235,10,0,0.3,7,3,-0.313572121753111,0.364
6,2,0.2,427,10,0,0.3,7,3,-0.571463692419769,0.364
6,2,0.2,272,10,0,0.3,7,3,-0.510620565615568,0.372
6,2,0.2,435,10,0,0.3,7,3,0.618739363745192,0.372
6,2,0.2,225,10,0,0.3,7,3,0.379505993163434,0.374
6,2,0.2,93,10,0,0.3,7,3,-0.45351096530888,0.376
6,2,0.2,439,10,0,0.3,7,3,0.878367687279592,0.378
6,2,0.2,219,10,0,0.3,7,3,0.684807013934545,0.38
6,2,0.2,357,10,0,0.3,7,3,-0.366495708915011,0.382
6,2,0.2,339,10,0,0.3,7,3,1.1675686742727,0.384
6,2,0.2,328,10,0,0.3,7,3,0.865788771328539,0.386
6,2,0.2,410,10,0,0.3,7,3,-0.671704511574234,0.386
6,2,0.2,495,10,0,0.3,7,3,0.866969631481766,0.388
6,2,0.2,239,10,0,0.3,7,3,-0.58123887771643,0.394
6,2,0.2,161,10,0,0.3,7,3,-0.683864132321929,0.396
6,2,0.2,139,10,0,0.3,7,3,-0.343003939597878,0.4
6,2,0.2,371,10,0,0.3,7,3,0.710944848789808,0.408
6,2,0.2,207,10,0,0.3,7,3,0.746389423829555,0.418
6,2,0.2,405,10,0,0.3,7,3,0.416218433821939,0.418
6,2,0.2,73,10,0,0.3,7,3,0.819620707560659,0.422
6,2,0.2,349,10,0,0.3,7,3,-0.306236217783749,0.424
6,2,0.2,300,10,0,0.3,7,3,-1.25059722087306,0.43
6,2,0.2,392,10,0,0.3,7,3,0.389788977916055,0.432
6,2,0.2,486,10,0,0.3,7,3,-0.853150927202734,0.432
6,2,0.2,53,10,0,0.3,7,3,0.547780564538499,0.436
6,2,0.2,76,10,0,0.3,7,3,1.39326893440696,0.442
6,2,0.2,16,10,0,0.3,7,3,-0.555861485935623,0.444
6,2,0.2,130,10,0,0.3,7,3,0.286602113767913,0.444
6,2,0.2,164,10,0,0.3,7,3,-1.11633550655228,0.444
6,2,0.2,397,10,0,0.3,7,3,-0.795720924726623,0.444
6,2,0.2,354,10,0,0.3,7,3,-1.17955742378186,0.446
6,2,0.2,176,10,0,0.3,7,3,0.379963464505948,0.448
6,2,0.2,344,10,0,0.3,7,3,0.899469010437713,0.45
6,2,0.2,468,10,0,0.3,7,3,0.361029104332232,0.452
6,2,0.2,120,10,0,0.3,7,3,-0.384393257636134,0.456
6,2,0.2,252,10,0,0.3,7,3,-0.204046151617149,0.456
6,2,0.2,480,10,0,0.3,7,3,0.46389681676331,0.456
6,2,0.2,129,10,0,0.3,7,3,0.679702635699527,0.458
6,2,0.2,227,10,0,0.3,7,3,-0.30554298510711,0.458
6,2,0.2,432,10,0,0.3,7,3,-0.515858722545602,0.458
6,2,0.2,496,10,0,0.3,7,3,0.696324228745368,0.458
6,2,0.2,34,10,0,0.3,7,3,-0.350503003098709,0.464
6,2,0.2,310,10,0,0.3,7,3,0.282077772286669,0.468
6,2,0.2,141,10,0,0.3,7,3,0.446051857176826,0.474
6,2,0.2,338,10,0,0.3,7,3,-0.244235926673269,0.474
6,2,0.2,377,10,0,0.3,7,3,-0.522799407730133,0.478
6,2,0.2,144,10,0,0.3,7,3,0.406545891425623,0.482
6,2,0.2,303,10,0,0.3,7,3,0.403653894159078,0.482
6,2,0.2,364,10,0,0.3,7,3,-0.563073176329709,0.482
6,2,0.2,104,10,0,0.3,7,3,0.883322779735607,0.486
6,2,0.2,114,10,0,0.3,7,3,0.358079391436462,0.486
6,2,0.2,455,10,0,0.3,7,3,-0.625851396476406,0.488
6,2,0.2,87,10,0,0.3,7,3,0.970600208830604,0.49
6,2,0.2,224,10,0,0.3,7,3,-0.480378336742461,0.492
6,2,0.2,391,10,0,0.3,7,3,0.339309205461319,0.492
6,2,0.2,316,10,0,0.3,7,3,0.420695655683716,0.494
6,2,0.2,335,10,0,0.3,7,3,-0.400315938145042,0.494
6,2,0.2,14,10,0,0.3,7,3,0.359861715846961,0.496
6,2,0.2,434,10,0,0.3,7,3,0.445018801991893,0.5
6,2,0.2,398,10,0,0.3,7,3,1.00993962005657,0.51
6,2,0.2,322,10,0,0.3,7,3,-0.461839843633754,0.512
6,2,0.2,454,10,0,0.3,7,3,0.785380379642504,0.512
6,2,0.2,89,10,0,0.3,7,3,0.696309102912181,0.516
6,2,0.2,100,10,0,0.3,7,3,-0.341415412514067,0.518
6,2,0.2,281,10,0,0.3,7,3,0.251350675617601,0.518
6,2,0.2,342,10,0,0.3,7,3,0.474466567146351,0.518
6,2,0.2,61,10,0,0.3,7,3,-0.332598820405849,0.52
6,2,0.2,215,10,0,0.3,7,3,-0.541303962872234,0.52
6,2,0.2,117,10,0,0.3,7,3,-0.289296258050371,0.524
6,2,0.2,467,10,0,0.3,7,3,-0.632478584812048,0.528
6,2,0.2,286,10,0,0.3,7,3,-0.670211205994093,0.53
6,2,0.2,487,10,0,0.3,7,3,-0.759584733250563,0.532
6,2,0.2,450,10,0,0.3,7,3,0.228218880472667,0.534
6,2,0.2,497,10,0,0.3,7,3,0.44131174500319,0.538
6,2,0.2,287,10,0,0.3,7,3,0.919894157876996,0.542
6,2,0.2,390,10,0,0.3,7,3,0.59790613744471,0.544
6,2,0.2,431,10,0,0.3,7,3,-0.151235462591444,0.546
6,2,0.2,67,10,0,0.3,7,3,-0.413244808313294,0.548
6,2,0.2,80,10,0,0.3,7,3,0.202047876300753,0.55
6,2,0.2,132,10,0,0.3,7,3,0.483450425061164,0.55
6,2,0.2,121,10,0,0.3,7,3,0.629649621086315,0.552
6,2,0.2,284,10,0,0.3,7,3,-1.03685511407795,0.552
6,2,0.2,352,10,0,0.3,7,3,-0.265658596238751,0.552
6,2,0.2,247,10,0,0.3,7,3,-0.539790035241793,0.554
6,2,0.2,351,10,0,0.3,7,3,0.738314799732194,0.554
6,2,0.2,290,10,0,0.3,7,3,0.498369477283006,0.556
6,2,0.2,441,10,0,0.3,7,3,0.35499531640329,0.56
6,2,0.2,155,10,0,0.3,7,3,-0.567781582636883,0.564
6,2,0.2,40,10,0,0.3,7,3,-0.556797003032415,0.566
6,2,0.2,324,10,0,0.3,7,3,0.690508030343636,0.566
6,2,0.2,358,10,0,0.3,7,3,0.390542031092792,0.566
6,2,0.2,442,10,0,0.3,7,3,0.602151912531497,0.566
6,2,0.2,260,10,0,0.3,7,3,-1.17633493707891,0.57
6,2,0.2,275,10,0,0.3,7,3,-0.170624507815091,0.57
6,2,0.2,309,10,0,0.3,7,3,-0.403532933049178,0.57
6,2,0.2,313,10,0,0.3,7,3,0.455199565661417,0.574
6,2,0.2,419,10,0,0.3,7,3,0.459387776518469,0.578
6,2,0.2,20,10,0,0.3,7,3,-0.449900003636913,0.58
6,2,0.2,145,10,0,0.3,7,3,-0.336328668806829,0.58
6,2,0.2,437,10,0,0.3,7,3,1.05198985823702,0.582
6,2,0.2,456,10,0,0.3,7,3,0.3409000057122,0.582
6,2,0.2,160,10,0,0.3,7,3,-0.235196186453862,0.586
6,2,0.2,39,10,0,0.3,7,3,-0.759680270523774,0.59
6,2,0.2,189,10,0,0.3,7,3,1.10440569811152,0.59
6,2,0.2,72,10,0,0.3,7,3,-0.623710675190296,0.592
6,2,0.2,241,10,0,0.3,7,3,0.393744393055272,0.598
6,2,0.2,266,10,0,0.3,7,3,-0.383572757613109,0.598
6,2,0.2,422,10,0,0.3,7,3,0.404964979226975,0.604
6,2,0.2,382,10,0,0.3,7,3,-0.371607873610685,0.606
6,2,0.2,461,10,0,0.3,7,3,-0.898798517438934,0.606
6,2,0.2,389,10,0,0.3,7,3,-0.19591244362465,0.608
6,2,0.2,206,10,0,0.3,7,3,0.545941411768155,0.61
6,2,0.2,133,10,0,0.3,7,3,-0.630385663777702,0.612
6,2,0.2,416,10,0,0.3,7,3,-0.525397275536875,0.612
6,2,0.2,124,10,0,0.3,7,3,0.634024484366904,0.616
6,2,0.2,2,10,0,0.3,7,3,-0.930199156381946,0.618
6,2,0.2,171,10,0,0.3,7,3,0.359233861891937,0.618
6,2,0.2,109,10,0,0.3,7,3,-0.709163432498372,0.62
6,2,0.2,329,10,0,0.3,7,3,-0.354164263093196,0.62
6,2,0.2,232,10,0,0.3,7,3,0.452215633911408,0.622
6,2,0.2,318,10,0,0.3,7,3,-0.587995062565767,0.622
6,2,0.2,122,10,0,0.3,7,3,0.179875291743514,0.624
6,2,0.2,413,10,0,0.3,7,3,0.854926042738583,0.626
6,2,0.2,198,10,0,0.3,7,3,-0.595364676948122,0.628
6,2,0.2,469,10,0,0.3,7,3,0.924895122631,0.628
6,2,0.2,180,10,0,0.3,7,3,-1.01296156149439,0.63
6,2,0.2,25,10,0,0.3,7,3,0.653488782841691,0.632
6,2,0.2,320,10,0,0.3,7,3,0.16806722253196,0.632
6,2,0.2,466,10,0,0.3,7,3,0.847118925271531,0.632
6,2,0.2,482,10,0,0.3,7,3,0.258657045085357,0.632
6,2,0.2,211,10,0,0.3,7,3,-0.644388832228003,0.634
6,2,0.2,401,10,0,0.3,7,3,-0.257128717067559,0.636
6,2,0.2,28,10,0,0.3,7,3,-0.846934755932693,0.638
6,2,0.2,336,10,0,0.3,7,3,0.317261542535647,0.638
6,2,0.2,172,10,0,0.3,7,3,0.297953029494664,0.64
6,2,0.2,200,10,0,0.3,7,3,0.582740201743661,0.64
6,2,0.2,489,10,0,0.3,7,3,-0.245025309398841,0.64
6,2,0.2,373,10,0,0.3,7,3,-0.524915736824767,0.644
6,2,0.2,226,10,0,0.3,7,3,0.263078432422788,0.646
6,2,0.2,304,10,0,0.3,7,3,0.882227328807318,0.646
6,2,0.2,156,10,0,0.3,7,3,0.177167552220681,0.648
6,2,0.2,185,10,0,0.3,7,3,-0.56595378525077,0.648
6,2,0.2,91,10,0,0.3,7,3,-0.68102603211014,0.65
6,2,0.2,62,10,0,0.3,7,3,-0.354175880255468,0.652
6,2,0.2,340,10,0,0.3,7,3,0.725779714861659,0.652
6,2,0.2,420,10,0,0.3,7,3,0.748886691993732,0.652
6,2,0.2,449,10,0,0.3,7,3,0.902931767498956,0.658
6,2,0.2,365,10,0,0.3,7,3,-0.547382877354067,0.662
6,2,0.2,22,10,0,0.3,7,3,-0.357864749416166,0.664
6,2,0.2,92,10,0,0.3,7,3,-0.144487291128144,0.664
6,2,0.2,295,10,0,0.3,7,3,0.510372912336749,0.664
6,2,0.2,298,10,0,0.3,7,3,-0.261259670000697,0.664
6,2,0.2,88,10,0,0.3,7,3,-0.312824700770676,0.666
6,2,0.2,181,10,0,0.3,7,3,0.553520872466805,0.666
6,2,0.2,228,10,0,0.3,7,3,0.897124502089696,0.668
6,2,0.2,29,10,0,0.3,7,3,0.549873520031156,0.67
6,2,0.2,159,10,0,0.3,7,3,0.560277265866461,0.67
6,2,0.2,97,10,0,0.3,7,3,-0.302547396741545,0.672
6,2,0.2,146,10,0,0.3,7,3,0.683060360422928,0.672
6,2,0.2,147,10,0,0.3,7,3,0.265753926559626,0.674
6,2,0.2,178,10,0,0.3,7,3,-0.31584305791344,0.674
6,2,0.2,270,10,0,0.3,7,3,0.72593062986985,0.674
6,2,0.2,346,10,0,0.3,7,3,0.326600433370118,0.674
6,2,0.2,42,10,0,0.3,7,3,0.484792083556698,0.676
6,2,0.2,103,10,0,0.3,7,3,0.224911255202699,0.68
6,2,0.2,314,10,0,0.3,7,3,-0.194858869561443,0.68
6,2,0.2,476,10,0,0.3,7,3,0.435741777722939,0.68
6,2,0.2,168,10,0,0.3,7,3,-0.335931739149459,0.684
6,2,0.2,299,10,0,0.3,7,3,-0.721198840764202,0.684
6,2,0.2,350,10,0,0.3,7,3,-0.25531128637823,0.684
6,2,0.2,267,10,0,0.3,7,3,-0.777731953181245,0.688
6,2,0.2,33,10,0,0.3,7,3,0.234993292537951,0.69
6,2,0.2,307,10,0,0.3,7,3,-0.452266536139575,0.692
6,2,0.2,81,10,0,0.3,7,3,-0.296078395802795,0.694
6,2,0.2,138,10,0,0.3,7,3,0.455970623896576,0.696
6,2,0.2,234,10,0,0.3,7,3,-0.185687095953199,0.696
6,2,0.2,111,10,0,0.3,7,3,0.315805211364221,0.698
6,2,0.2,423,10,0,0.3,7,3,-0.164878920757616,0.698
6,2,0.2,102,10,0,0.3,7,3,0.447168642389784,0.7
6,2,0.2,70,10,0,0.3,7,3,-0.744509484918922,0.702
6,2,0.2,493,10,0,0.3,7,3,-0.430518438363379,0.702
6,2,0.2,193,10,0,0.3,7,3,-0.152586598872603,0.706
6,2,0.2,244,10,0,0.3,7,3,-0.418968172027746,0.706
6,2,0.2,369,10,0,0.3,7,3,0.361815395710181,0.706
6,2,0.2,362,10,0,0.3,7,3,0.235831083183911,0.708
6,2,0.2,414,10,0,0.3,7,3,-0.318045528600379,0.708
6,2,0.2,94,10,0,0.3,7,3,0.442575660050323,0.71
6,2,0.2,190,10,0,0.3,7,3,-0.375276125718841,0.712
6,2,0.2,184,10,0,0.3,7,3,0.270901249752399,0.716
6,2,0.2,459,10,0,0.3,7,3,-0.389895408734048,0.716
6,2,0.2,66,10,0,0.3,7,3,0.228889055709232,0.72
6,2,0.2,297,10,0,0.3,7,3,0.431538093626472,0.724
6,2,0.2,78,10,0,0.3,7,3,-0.238135874546941,0.726
6,2,0.2,137,10,0,0.3,7,3,0.274475156749247,0.726
6,2,0.2,238,10,0,0.3,7,3,0.409346410511063,0.728
6,2,0.2,265,10,0,0.3,7,3,-0.216246626899448,0.728
6,2,0.2,384,10,0,0.3,7,3,0.259066152249602,0.728
6,2,0.2,48,10,0,0.3,7,3,0.176611740203981,0.73
6,2,0.2,154,10,0,0.3,7,3,-0.150619147449248,0.732
6,2,0.2,294,10,0,0.3,7,3,-0.397971227072247,0.734
6,2,0.2,374,10,0,0.3,7,3,0.445587542424761,0.738
6,2,0.2,280,10,0,0.3,7,3,-0.188157074664474,0.744
6,2,0.2,347,10,0,0.3,7,3,-0.198527469952751,0.744
6,2,0.2,424,10,0,0.3,7,3,-0.352339603010392,0.744
6,2,0.2,302,10,0,0.3,7,3,0.437092713398158,0.746
6,2,0.2,395,10,0,0.3,7,3,-0.319067193689278,0.746
6,2,0.2,5,10,0,0.3,7,3,-0.151557078851198,0.752
6,2,0.2,213,10,0,0.3,7,3,-0.0986741337016213,0.756
6,2,0.2,212,10,0,0.3,7,3,0.320894530127617,0.76
6,2,0.2,343,10,0,0.3,7,3,0.240997104260089,0.762
6,2,0.2,400,10,0,0.3,7,3,-0.420202392978922,0.764
6,2,0.2,4,10,0,0.3,7,3,0.259168498252393,0.766
6,2,0.2,202,10,0,0.3,7,3,-0.27609943043899,0.768
6,2,0.2,443,10,0,0.3,7,3,-0.344962013580528,0.768
6,2,0.2,166,10,0,0.3,7,3,-0.0806862542864337,0.776
6,2,0.2,474,10,0,0.3,7,3,-0.178109877086996,0.776
6,2,0.2,35,10,0,0.3,7,3,-0.0998259856251593,0.78
6,2,0.2,8,10,0,0.3,7,3,-0.276469953507871,0.786
6,2,0.2,463,10,0,0.3,7,3,0.123027500137852,0.798
6,2,0.2,411,10,0,0.3,7,3,0.27142763131323,0.8
6,2,0.2,163,10,0,0.3,7,3,0.129278213721363,0.802
6,2,0.2,71,10,0,0.3,7,3,-0.263305738486736,0.804
6,2,0.2,148,10,0,0.3,7,3,0.190463071397232,0.804
6,2,0.2,157,10,0,0.3,7,3,-0.184475384857592,0.804
6,2,0.2,448,10,0,0.3,7,3,0.157597299777706,0.804
6,2,0.2,475,10,0,0.3,7,3,0.234971969211813,0.806
6,2,0.2,115,10,0,0.3,7,3,-0.147391762389162,0.808
6,2,0.2,326,10,0,0.3,7,3,0.239752220186489,0.808
6,2,0.2,327,10,0,0.3,7,3,-0.23526015293595,0.808
6,2,0.2,490,10,0,0.3,7,3,-0.101394649831263,0.81
6,2,0.2,277,10,0,0.3,7,3,0.121328615571855,0.814
6,2,0.2,95,10,0,0.3,7,3,-0.210130347229381,0.816
6,2,0.2,261,10,0,0.3,7,3,0.237230276357735,0.82
6,2,0.2,263,10,0,0.3,7,3,0.310132100522139,0.822
6,2,0.2,220,10,0,0.3,7,3,-0.0993216464843556,0.826
6,2,0.2,7,10,0,0.3,7,3,-0.316819571901618,0.828
6,2,0.2,32,10,0,0.3,7,3,0.0901784346646082,0.828
6,2,0.2,6,10,0,0.3,7,3,-0.103052604291975,0.83
6,2,0.2,21,10,0,0.3,7,3,0.237489749609296,0.83
6,2,0.2,187,10,0,0.3,7,3,0.0827921931630726,0.83
6,2,0.2,333,10,0,0.3,7,3,0.101916945177209,0.832
6,2,0.2,356,10,0,0.3,7,3,0.147274527754121,0.832
6,2,0.2,151,10,0,0.3,7,3,-0.152058488581844,0.836
6,2,0.2,394,10,0,0.3,7,3,0.124334408930764,0.836
6,2,0.2,492,10,0,0.3,7,3,-0.125816236400965,0.836
6,2,0.2,292,10,0,0.3,7,3,-0.119810196926693,0.842
6,2,0.2,470,10,0,0.3,7,3,-0.205188219710408,0.844
6,2,0.2,498,10,0,0.3,7,3,0.122432104867329,0.848
6,2,0.2,403,10,0,0.3,7,3,0.162890579621973,0.858
6,2,0.2,465,10,0,0.3,7,3,0.115820908778716,0.86
6,2,0.2,128,10,0,0.3,7,3,-0.0600824819702268,0.868
6,2,0.2,186,10,0,0.3,7,3,0.193682537681525,0.868
6,2,0.2,421,10,0,0.3,7,3,-0.0919448249877632,0.874
6,2,0.2,3,10,0,0.3,7,3,0.0949147968162833,0.876
6,2,0.2,353,10,0,0.3,7,3,-0.0909439452610172,0.876
6,2,0.2,112,10,0,0.3,7,3,-0.180823481992547,0.88
6,2,0.2,460,10,0,0.3,7,3,0.0892767876675862,0.884
6,2,0.2,105,10,0,0.3,7,3,0.0714444260595428,0.886
6,2,0.2,345,10,0,0.3,7,3,0.10969391151275,0.886
6,2,0.2,383,10,0,0.3,7,3,0.110280084156756,0.888
6,2,0.2,471,10,0,0.3,7,3,0.0786898464961041,0.89
6,2,0.2,406,10,0,0.3,7,3,0.129799957012494,0.898
6,2,0.2,173,10,0,0.3,7,3,-0.122246647034643,0.9
6,2,0.2,317,10,0,0.3,7,3,-0.0903901209787534,0.9
6,2,0.2,27,10,0,0.3,7,3,-0.0703339238717717,0.902
6,2,0.2,325,10,0,0.3,7,3,-0.0691404080805,0.908
6,2,0.2,308,10,0,0.3,7,3,0.0653996446546046,0.91
6,2,0.2,210,10,0,0.3,7,3,0.0878710316113995,0.912
6,2,0.2,237,10,0,0.3,7,3,-0.0736060780416778,0.914
6,2,0.2,118,10,0,0.3,7,3,0.0323926303477151,0.918
6,2,0.2,285,10,0,0.3,7,3,0.0425719920979759,0.922
6,2,0.2,396,10,0,0.3,7,3,0.040768252410686,0.926
6,2,0.2,408,10,0,0.3,7,3,-0.0361136094091421,0.928
6,2,0.2,23,10,0,0.3,7,3,0.0668713687305456,0.938
6,2,0.2,46,10,0,0.3,7,3,0.0374436601476305,0.938
6,2,0.2,41,10,0,0.3,7,3,0.029154931319141,0.94
6,2,0.2,18,10,0,0.3,7,3,0.0335239829288128,0.946
6,2,0.2,417,10,0,0.3,7,3,-0.0434800561347686,0.946
6,2,0.2,348,10,0,0.3,7,3,0.0402463538067082,0.95
6,2,0.2,274,10,0,0.3,7,3,-0.0352894541358069,0.952
6,2,0.2,500,10,0,0.3,7,3,0.025681359714298,0.956
6,2,0.2,203,10,0,0.3,7,3,0.0492943241934256,0.958
6,2,0.2,291,10,0,0.3,7,3,0.0231110339517784,0.96
6,2,0.2,134,10,0,0.3,7,3,-0.0255732701022566,0.962
6,2,0.2,380,10,0,0.3,7,3,0.0298926905379631,0.962
6,2,0.2,169,10,0,0.3,7,3,-0.0195654044977971,0.964
6,2,0.2,259,10,0,0.3,7,3,-0.0223439244374504,0.964
6,2,0.2,312,10,0,0.3,7,3,0.0218946706196448,0.966
6,2,0.2,444,10,0,0.3,7,3,0.033897810205417,0.97
6,2,0.2,152,10,0,0.3,7,3,0.0202848608041393,0.972
6,2,0.2,174,10,0,0.3,7,3,-0.0142200029172841,0.972
6,2,0.2,282,10,0,0.3,7,3,-0.016311237623114,0.972
6,2,0.2,323,10,0,0.3,7,3,-0.024033895308321,0.972
6,2,0.2,483,10,0,0.3,7,3,-0.0176238382823897,0.972
6,2,0.2,54,10,0,0.3,7,3,0.0335829896288544,0.974
6,2,0.2,96,10,0,0.3,7,3,0.0187779100915577,0.978
6,2,0.2,10,10,0,0.3,7,3,0.0180017982025618,0.98
6,2,0.2,254,10,0,0.3,7,3,-0.0237253713141001,0.98
6,2,0.2,107,10,0,0.3,7,3,-0.0194765781748174,0.982
6,2,0.2,233,10,0,0.3,7,3,-0.00651029384863477,0.982
6,2,0.2,49,10,0,0.3,7,3,0.00614424569130279,0.984
6,2,0.2,167,10,0,0.3,7,3,0.0136929884657775,0.984
6,2,0.2,150,10,0,0.3,7,3,0.00622835460725923,0.986
6,2,0.2,36,10,0,0.3,7,3,0.0249393345139879,0.99
6,2,0.2,165,10,0,0.3,7,3,0.0260378950225402,0.99
6,2,0.2,191,10,0,0.3,7,3,-0.0297124713750634,0.99
6,2,0.2,75,10,0,0.3,7,3,0.0107996365551912,0.992
6,2,0.2,11,10,0,0.3,7,3,-0.00311505675014701,0.994
6,2,0.2,361,10,0,0.3,7,3,0.00813846599740486,0.994
6,2,0.2,159,10,0,0.3,8,3,-1.89325595990934,0.018
6,2,0.2,404,10,0,0.3,8,3,0.967698659912969,0.018
6,2,0.2,421,10,0,0.3,8,3,1.53915729001352,0.028
6,2,0.2,407,10,0,0.3,8,3,1.44895408420425,0.036
6,2,0.2,81,10,0,0.3,8,3,-1.48884299019741,0.038
6,2,0.2,477,10,0,0.3,8,3,1.86198328021962,0.042
6,2,0.2,92,10,0,0.3,8,3,2.00986119125929,0.044
6,2,0.2,481,10,0,0.3,8,3,-1.50084612419744,0.046
6,2,0.2,230,10,0,0.3,8,3,-1.56450872188597,0.048
6,2,0.2,491,10,0,0.3,8,3,-1.26426005302065,0.048
6,2,0.2,54,10,0,0.3,8,3,1.40677134024386,0.052
6,2,0.2,285,10,0,0.3,8,3,1.24875333877057,0.052
6,2,0.2,291,10,0,0.3,8,3,-1.13118917282634,0.052
6,2,0.2,67,10,0,0.3,8,3,1.80091550383219,0.054
6,2,0.2,113,10,0,0.3,8,3,1.44606970555142,0.054
6,2,0.2,223,10,0,0.3,8,3,1.58469416162725,0.056
6,2,0.2,261,10,0,0.3,8,3,0.921930709351216,0.056
6,2,0.2,490,10,0,0.3,8,3,0.926628509792607,0.056
6,2,0.2,243,10,0,0.3,8,3,-1.87980850617856,0.058
6,2,0.2,305,10,0,0.3,8,3,-0.972818585156119,0.058
6,2,0.2,386,10,0,0.3,8,3,-1.45234328702873,0.058
6,2,0.2,464,10,0,0.3,8,3,0.784778561967471,0.06
6,2,0.2,15,10,0,0.3,8,3,-1.25417784208008,0.066
6,2,0.2,447,10,0,0.3,8,3,1.44232415295315,0.066
6,2,0.2,316,10,0,0.3,8,3,-0.964875164192591,0.068
6,2,0.2,336,10,0,0.3,8,3,1.01368439943323,0.068
6,2,0.2,368,10,0,0.3,8,3,-1.17080051821011,0.068
6,2,0.2,237,10,0,0.3,8,3,1.34214775452241,0.07
6,2,0.2,222,10,0,0.3,8,3,1.36385378495737,0.072
6,2,0.2,454,10,0,0.3,8,3,-0.588830643250731,0.078
6,2,0.2,451,10,0,0.3,8,3,1.51616558744905,0.08
6,2,0.2,122,10,0,0.3,8,3,-1.07037903790589,0.082
6,2,0.2,213,10,0,0.3,8,3,1.70944158068383,0.084
6,2,0.2,239,10,0,0.3,8,3,1.33541315081047,0.084
6,2,0.2,259,10,0,0.3,8,3,1.90596827713162,0.084
6,2,0.2,413,10,0,0.3,8,3,-1.00621627795715,0.084
6,2,0.2,342,10,0,0.3,8,3,1.15997677189725,0.086
6,2,0.2,150,10,0,0.3,8,3,-0.331897411434284,0.088
6,2,0.2,188,10,0,0.3,8,3,1.12031163447412,0.088
6,2,0.2,55,10,0,0.3,8,3,0.854734638974605,0.092
6,2,0.2,403,10,0,0.3,8,3,1.197064820149,0.092
6,2,0.2,479,10,0,0.3,8,3,-1.43472088506383,0.092
6,2,0.2,380,10,0,0.3,8,3,-0.504611806869946,0.094
6,2,0.2,110,10,0,0.3,8,3,1.31165139944551,0.096
6,2,0.2,203,10,0,0.3,8,3,1.50456250934323,0.096
6,2,0.2,321,10,0,0.3,8,3,-0.789515809529775,0.096
6,2,0.2,143,10,0,0.3,8,3,1.70634880226856,0.098
6,2,0.2,276,10,0,0.3,8,3,1.10076978658597,0.098
6,2,0.2,287,10,0,0.3,8,3,0.842394992842429,0.098
6,2,0.2,129,10,0,0.3,8,3,-0.696755190179402,0.1
6,2,0.2,281,10,0,0.3,8,3,-0.832705604915105,0.102
6,2,0.2,343,10,0,0.3,8,3,0.957472360484417,0.102
6,2,0.2,98,10,0,0.3,8,3,-0.875689326138854,0.104
6,2,0.2,127,10,0,0.3,8,3,1.35355652636724,0.104
6,2,0.2,196,10,0,0.3,8,3,1.47434455515705,0.104
6,2,0.2,123,10,0,0.3,8,3,0.936603800040274,0.106
6,2,0.2,220,10,0,0.3,8,3,0.623857526604553,0.106
6,2,0.2,25,10,0,0.3,8,3,-0.892231476434375,0.108
6,2,0.2,91,10,0,0.3,8,3,0.859360029719852,0.108
6,2,0.2,224,10,0,0.3,8,3,0.946767514771551,0.108
6,2,0.2,329,10,0,0.3,8,3,-1.25600626261792,0.11
6,2,0.2,51,10,0,0.3,8,3,-1.03064420883894,0.114
6,2,0.2,155,10,0,0.3,8,3,-0.783309050212239,0.114
6,2,0.2,197,10,0,0.3,8,3,-1.02762761986367,0.114
6,2,0.2,236,10,0,0.3,8,3,-0.958815803558963,0.114
6,2,0.2,417,10,0,0.3,8,3,1.4045629963866,0.116
6,2,0.2,192,10,0,0.3,8,3,0.733313544812233,0.118
6,2,0.2,69,10,0,0.3,8,3,1.20862839813759,0.12
6,2,0.2,56,10,0,0.3,8,3,-1.06341482504843,0.122
6,2,0.2,70,10,0,0.3,8,3,1.28845505889424,0.122
6,2,0.2,411,10,0,0.3,8,3,-1.1939336167502,0.122
6,2,0.2,435,10,0,0.3,8,3,0.578686671498929,0.126
6,2,0.2,111,10,0,0.3,8,3,-0.867155198203392,0.128
6,2,0.2,420,10,0,0.3,8,3,-0.759651696000986,0.128
6,2,0.2,6,10,0,0.3,8,3,-0.893599955593629,0.13
6,2,0.2,97,10,0,0.3,8,3,-0.407889156377848,0.13
6,2,0.2,187,10,0,0.3,8,3,0.934717676081959,0.13
6,2,0.2,179,10,0,0.3,8,3,0.99037654924112,0.132
6,2,0.2,360,10,0,0.3,8,3,1.07242189393736,0.132
6,2,0.2,487,10,0,0.3,8,3,0.963874819959244,0.132
6,2,0.2,480,10,0,0.3,8,3,0.781021045054075,0.134
6,2,0.2,78,10,0,0.3,8,3,-1.00539169202688,0.136
6,2,0.2,215,10,0,0.3,8,3,1.12981715029144,0.136
6,2,0.2,247,10,0,0.3,8,3,-1.02413828230047,0.138
6,2,0.2,263,10,0,0.3,8,3,0.850687548600604,0.138
6,2,0.2,278,10,0,0.3,8,3,-0.888424430081983,0.138
6,2,0.2,402,10,0,0.3,8,3,1.32217026196412,0.138
6,2,0.2,494,10,0,0.3,8,3,-1.36560212978384,0.138
6,2,0.2,12,10,0,0.3,8,3,0.582059794780292,0.14
6,2,0.2,193,10,0,0.3,8,3,-1.23114643730324,0.14
6,2,0.2,489,10,0,0.3,8,3,0.457049775879113,0.14
6,2,0.2,332,10,0,0.3,8,3,0.754957212303935,0.142
6,2,0.2,367,10,0,0.3,8,3,0.888115542324016,0.144
6,2,0.2,453,10,0,0.3,8,3,0.931288845980134,0.144
6,2,0.2,166,10,0,0.3,8,3,-0.785215008946579,0.148
6,2,0.2,186,10,0,0.3,8,3,-0.879192654352693,0.148
6,2,0.2,251,10,0,0.3,8,3,-0.847521239323953,0.148
6,2,0.2,257,10,0,0.3,8,3,0.651755393965601,0.148
6,2,0.2,317,10,0,0.3,8,3,1.04437827626441,0.148
6,2,0.2,23,10,0,0.3,8,3,-0.688008746882531,0.15
6,2,0.2,44,10,0,0.3,8,3,1.33399383896773,0.15
6,2,0.2,214,10,0,0.3,8,3,-0.969131979915147,0.152
6,2,0.2,318,10,0,0.3,8,3,-0.566477624484008,0.152
6,2,0.2,374,10,0,0.3,8,3,-0.955112284772099,0.152
6,2,0.2,476,10,0,0.3,8,3,0.797168432036045,0.152
6,2,0.2,104,10,0,0.3,8,3,1.09009521121911,0.156
6,2,0.2,40,10,0,0.3,8,3,0.959694470564074,0.162
6,2,0.2,53,10,0,0.3,8,3,0.480502344025751,0.162
6,2,0.2,313,10,0,0.3,8,3,0.625507580110423,0.164
6,2,0.2,319,10,0,0.3,8,3,-0.795958653644107,0.164
6,2,0.2,424,10,0,0.3,8,3,0.913513765828725,0.166
6,2,0.2,125,10,0,0.3,8,3,-0.779385614356926,0.168
6,2,0.2,290,10,0,0.3,8,3,-0.516737931189652,0.17
6,2,0.2,351,10,0,0.3,8,3,0.816648058803054,0.17
6,2,0.2,273,10,0,0.3,8,3,0.511390682353266,0.172
6,2,0.2,105,10,0,0.3,8,3,-0.606627206623841,0.174
6,2,0.2,396,10,0,0.3,8,3,-1.19768752483537,0.174
6,2,0.2,36,10,0,0.3,8,3,0.578142129157129,0.176
6,2,0.2,165,10,0,0.3,8,3,1.18951606354253,0.176
6,2,0.2,394,10,0,0.3,8,3,-0.543493180225653,0.176
6,2,0.2,77,10,0,0.3,8,3,-0.701485445453699,0.178
6,2,0.2,171,10,0,0.3,8,3,1.03260964477315,0.178
6,2,0.2,327,10,0,0.3,8,3,-1.01132796182546,0.178
6,2,0.2,339,10,0,0.3,8,3,0.872489585967855,0.178
6,2,0.2,414,10,0,0.3,8,3,0.772719278606246,0.18
6,2,0.2,459,10,0,0.3,8,3,-0.49371720992761,0.18
6,2,0.2,45,10,0,0.3,8,3,0.449358551328686,0.182
6,2,0.2,200,10,0,0.3,8,3,-0.683082149252613,0.182
6,2,0.2,355,10,0,0.3,8,3,0.826870584685821,0.184
6,2,0.2,57,10,0,0.3,8,3,-0.305505789979776,0.188
6,2,0.2,106,10,0,0.3,8,3,0.566886837439512,0.19
6,2,0.2,168,10,0,0.3,8,3,-0.72581837900961,0.196
6,2,0.2,365,10,0,0.3,8,3,0.18706333723361,0.196
6,2,0.2,157,10,0,0.3,8,3,-1.30936325446274,0.204
6,2,0.2,320,10,0,0.3,8,3,0.878063339447806,0.206
6,2,0.2,465,10,0,0.3,8,3,0.306910600766173,0.206
6,2,0.2,337,10,0,0.3,8,3,0.791391598332297,0.208
6,2,0.2,13,10,0,0.3,8,3,-0.992044421422349,0.212
6,2,0.2,457,10,0,0.3,8,3,-0.431468577310341,0.214
6,2,0.2,467,10,0,0.3,8,3,0.234030078735231,0.214
6,2,0.2,429,10,0,0.3,8,3,-0.753133785456981,0.216
6,2,0.2,8,10,0,0.3,8,3,-0.4854263660078,0.218
6,2,0.2,244,10,0,0.3,8,3,-0.705382508814949,0.218
6,2,0.2,50,10,0,0.3,8,3,-0.549317565935581,0.22
6,2,0.2,37,10,0,0.3,8,3,-0.720254282693958,0.222
6,2,0.2,267,10,0,0.3,8,3,-0.223526068840329,0.23
6,2,0.2,423,10,0,0.3,8,3,-1.54084875346695,0.238
6,2,0.2,30,10,0,0.3,8,3,-0.666342878825304,0.24
6,2,0.2,35,10,0,0.3,8,3,-0.666488648552075,0.24
6,2,0.2,94,10,0,0.3,8,3,0.733077013594283,0.242
6,2,0.2,115,10,0,0.3,8,3,-1.2552312217631,0.242
6,2,0.2,33,10,0,0.3,8,3,0.630089115002932,0.244
6,2,0.2,71,10,0,0.3,8,3,0.644785272978794,0.244
6,2,0.2,60,10,0,0.3,8,3,0.469389865418918,0.252
6,2,0.2,61,10,0,0.3,8,3,0.525594256121451,0.252
6,2,0.2,229,10,0,0.3,8,3,-0.683677174829512,0.254
6,2,0.2,93,10,0,0.3,8,3,-0.749569033458044,0.258
6,2,0.2,289,10,0,0.3,8,3,-0.831565876338345,0.258
6,2,0.2,399,10,0,0.3,8,3,-0.796378303497278,0.264
6,2,0.2,235,10,0,0.3,8,3,0.870795015453297,0.27
6,2,0.2,68,10,0,0.3,8,3,1.22466948716783,0.274
6,2,0.2,330,10,0,0.3,8,3,-1.03795673646979,0.274
6,2,0.2,488,10,0,0.3,8,3,0.331718175881463,0.274
6,2,0.2,309,10,0,0.3,8,3,-0.865086608697538,0.276
6,2,0.2,328,10,0,0.3,8,3,0.734480594877738,0.276
6,2,0.2,441,10,0,0.3,8,3,-0.589923460812372,0.276
6,2,0.2,108,10,0,0.3,8,3,1.06684066470305,0.278
6,2,0.2,190,10,0,0.3,8,3,0.709174694729512,0.278
6,2,0.2,65,10,0,0.3,8,3,1.14334906608352,0.28
6,2,0.2,175,10,0,0.3,8,3,-0.403399864734638,0.28
6,2,0.2,493,10,0,0.3,8,3,-0.806776654847397,0.28
6,2,0.2,4,10,0,0.3,8,3,-0.493680269603004,0.282
6,2,0.2,74,10,0,0.3,8,3,0.705595645618132,0.288
6,2,0.2,16,10,0,0.3,8,3,0.830829802036959,0.292
6,2,0.2,252,10,0,0.3,8,3,-0.692126523421308,0.292
6,2,0.2,199,10,0,0.3,8,3,0.458738233510729,0.294
6,2,0.2,426,10,0,0.3,8,3,0.911486775288807,0.296
6,2,0.2,471,10,0,0.3,8,3,-0.885249815311596,0.296
6,2,0.2,384,10,0,0.3,8,3,0.539270695365275,0.298
6,2,0.2,59,10,0,0.3,8,3,0.42312104140214,0.3
6,2,0.2,304,10,0,0.3,8,3,0.47350871867755,0.3
6,2,0.2,293,10,0,0.3,8,3,-0.463717381988516,0.306
6,2,0.2,416,10,0,0.3,8,3,-0.952993779085119,0.308
6,2,0.2,474,10,0,0.3,8,3,0.845340413219219,0.308
6,2,0.2,364,10,0,0.3,8,3,1.15651400603903,0.312
6,2,0.2,83,10,0,0.3,8,3,0.864581646107695,0.314
6,2,0.2,189,10,0,0.3,8,3,1.23895701361687,0.316
6,2,0.2,31,10,0,0.3,8,3,0.954850884295581,0.322
6,2,0.2,102,10,0,0.3,8,3,-0.745695842070603,0.326
6,2,0.2,331,10,0,0.3,8,3,-1.04264477047187,0.326
6,2,0.2,362,10,0,0.3,8,3,-0.939504610749367,0.332
6,2,0.2,325,10,0,0.3,8,3,-0.455118950645243,0.334
6,2,0.2,356,10,0,0.3,8,3,-0.503997887184823,0.334
6,2,0.2,361,10,0,0.3,8,3,0.556326761377932,0.334
6,2,0.2,9,10,0,0.3,8,3,0.560852374797747,0.336
6,2,0.2,43,10,0,0.3,8,3,0.326934876076479,0.336
6,2,0.2,277,10,0,0.3,8,3,-0.556421645982454,0.336
6,2,0.2,206,10,0,0.3,8,3,-0.387176102937502,0.34
6,2,0.2,308,10,0,0.3,8,3,-1.0457296624933,0.342
6,2,0.2,381,10,0,0.3,8,3,0.584799634137823,0.35
6,2,0.2,397,10,0,0.3,8,3,-0.656489144905976,0.354
6,2,0.2,496,10,0,0.3,8,3,1.17119799489575,0.354
6,2,0.2,346,10,0,0.3,8,3,-0.454001024677268,0.356
6,2,0.2,388,10,0,0.3,8,3,0.49101806334761,0.356
6,2,0.2,456,10,0,0.3,8,3,0.67229496011953,0.356
6,2,0.2,406,10,0,0.3,8,3,-0.527229920105725,0.366
6,2,0.2,3,10,0,0.3,8,3,-0.408152306362467,0.368
6,2,0.2,432,10,0,0.3,8,3,0.619254501932375,0.372
6,2,0.2,253,10,0,0.3,8,3,0.595792613989403,0.376
6,2,0.2,495,10,0,0.3,8,3,0.41795047623242,0.376
6,2,0.2,359,10,0,0.3,8,3,-0.409438579605137,0.39
6,2,0.2,353,10,0,0.3,8,3,0.605927773913123,0.396
6,2,0.2,58,10,0,0.3,8,3,0.792639222228274,0.402
6,2,0.2,34,10,0,0.3,8,3,0.492840474596733,0.412
6,2,0.2,1,10,0,0.3,8,3,0.447522660592711,0.414
6,2,0.2,250,10,0,0.3,8,3,-0.313851958211245,0.414
6,2,0.2,492,10,0,0.3,8,3,0.332925115622771,0.416
6,2,0.2,32,10,0,0.3,8,3,0.898830871166581,0.42
6,2,0.2,194,10,0,0.3,8,3,-0.520024714372369,0.42
6,2,0.2,485,10,0,0.3,8,3,-0.315680510558963,0.424
6,2,0.2,269,10,0,0.3,8,3,-0.399895707278205,0.432
6,2,0.2,17,10,0,0.3,8,3,0.309107646756445,0.444
6,2,0.2,410,10,0,0.3,8,3,0.448097137917188,0.45
6,2,0.2,209,10,0,0.3,8,3,-0.331808612038373,0.452
6,2,0.2,246,10,0,0.3,8,3,-0.345630664781396,0.452
6,2,0.2,41,10,0,0.3,8,3,0.646362264556132,0.458
6,2,0.2,255,10,0,0.3,8,3,-0.572642441376956,0.464
6,2,0.2,154,10,0,0.3,8,3,-0.508526358139079,0.466
6,2,0.2,274,10,0,0.3,8,3,0.376573800497056,0.468
6,2,0.2,300,10,0,0.3,8,3,-0.356280057040067,0.468
6,2,0.2,412,10,0,0.3,8,3,-0.286360814661975,0.47
6,2,0.2,48,10,0,0.3,8,3,0.486571178866683,0.474
6,2,0.2,303,10,0,0.3,8,3,-0.773274930814608,0.474
6,2,0.2,7,10,0,0.3,8,3,-0.311808889808617,0.478
6,2,0.2,116,10,0,0.3,8,3,-0.386916621423126,0.478
6,2,0.2,84,10,0,0.3,8,3,0.737830221487087,0.482
6,2,0.2,225,10,0,0.3,8,3,0.581220853529544,0.482
6,2,0.2,135,10,0,0.3,8,3,-1.17173802790913,0.484
6,2,0.2,216,10,0,0.3,8,3,0.128665619649411,0.492
6,2,0.2,338,10,0,0.3,8,3,-0.390479185315257,0.496
6,2,0.2,301,10,0,0.3,8,3,-0.688543320063275,0.502
6,2,0.2,282,10,0,0.3,8,3,-0.303778505836249,0.504
6,2,0.2,221,10,0,0.3,8,3,-0.32454258910019,0.506
6,2,0.2,232,10,0,0.3,8,3,-0.233764707405868,0.506
6,2,0.2,433,10,0,0.3,8,3,-0.560352928584877,0.51
6,2,0.2,153,10,0,0.3,8,3,-0.19338924668881,0.512
6,2,0.2,21,10,0,0.3,8,3,0.677929998745356,0.514
6,2,0.2,2,10,0,0.3,8,3,-0.259726285100953,0.518
6,2,0.2,219,10,0,0.3,8,3,0.296791881168645,0.518
6,2,0.2,126,10,0,0.3,8,3,-0.477331717831191,0.522
6,2,0.2,299,10,0,0.3,8,3,-0.392876247603482,0.522
6,2,0.2,422,10,0,0.3,8,3,0.677217103843816,0.522
6,2,0.2,449,10,0,0.3,8,3,-0.274513429370444,0.522
6,2,0.2,117,10,0,0.3,8,3,-0.427141272168882,0.526
6,2,0.2,275,10,0,0.3,8,3,-0.700467061536443,0.526
6,2,0.2,183,10,0,0.3,8,3,-0.550970223856837,0.536
6,2,0.2,212,10,0,0.3,8,3,0.766199209572051,0.536
6,2,0.2,260,10,0,0.3,8,3,-0.417095223170747,0.536
6,2,0.2,344,10,0,0.3,8,3,-0.88185956690134,0.536
6,2,0.2,363,10,0,0.3,8,3,0.242163552822262,0.536
6,2,0.2,379,10,0,0.3,8,3,0.656726470568458,0.536
6,2,0.2,64,10,0,0.3,8,3,0.894599800528539,0.54
6,2,0.2,322,10,0,0.3,8,3,0.459448807477742,0.544
6,2,0.2,409,10,0,0.3,8,3,0.498139951142207,0.548
6,2,0.2,211,10,0,0.3,8,3,0.386942676220315,0.55
6,2,0.2,466,10,0,0.3,8,3,0.596840697794732,0.554
6,2,0.2,349,10,0,0.3,8,3,-1.06400463932633,0.556
6,2,0.2,152,10,0,0.3,8,3,-0.476869455704588,0.564
6,2,0.2,207,10,0,0.3,8,3,0.348248279755381,0.564
6,2,0.2,139,10,0,0.3,8,3,-0.434070766934042,0.566
6,2,0.2,148,10,0,0.3,8,3,0.36993393683511,0.566
6,2,0.2,226,10,0,0.3,8,3,0.892931766000174,0.566
6,2,0.2,347,10,0,0.3,8,3,-0.242966987543184,0.566
6,2,0.2,472,10,0,0.3,8,3,-0.654330617531599,0.566
6,2,0.2,358,10,0,0.3,8,3,-0.229306922885655,0.568
6,2,0.2,249,10,0,0.3,8,3,-0.711301349982392,0.574
6,2,0.2,370,10,0,0.3,8,3,0.361112908002667,0.574
6,2,0.2,95,10,0,0.3,8,3,0.892438375860593,0.576
6,2,0.2,455,10,0,0.3,8,3,0.602904461959156,0.578
6,2,0.2,210,10,0,0.3,8,3,0.391985652847069,0.58
6,2,0.2,172,10,0,0.3,8,3,0.423218446760302,0.582
6,2,0.2,228,10,0,0.3,8,3,0.515836463882181,0.582
6,2,0.2,440,10,0,0.3,8,3,0.340384794117455,0.582
6,2,0.2,158,10,0,0.3,8,3,0.572696791554193,0.584
6,2,0.2,173,10,0,0.3,8,3,0.910409319731428,0.584
6,2,0.2,134,10,0,0.3,8,3,0.96988410580505,0.588
6,2,0.2,389,10,0,0.3,8,3,0.195650823353475,0.588
6,2,0.2,446,10,0,0.3,8,3,0.374638941524637,0.59
6,2,0.2,167,10,0,0.3,8,3,-0.334770686252881,0.594
6,2,0.2,500,10,0,0.3,8,3,-0.277574498099767,0.594
6,2,0.2,49,10,0,0.3,8,3,-0.339220060995672,0.596
6,2,0.2,107,10,0,0.3,8,3,0.821380012883822,0.596
6,2,0.2,198,10,0,0.3,8,3,-0.336664315348372,0.596
6,2,0.2,373,10,0,0.3,8,3,-0.414605444571777,0.596
6,2,0.2,27,10,0,0.3,8,3,-0.883512477756057,0.598
6,2,0.2,62,10,0,0.3,8,3,0.561540405934522,0.598
6,2,0.2,335,10,0,0.3,8,3,-0.427625860126795,0.6
6,2,0.2,272,10,0,0.3,8,3,0.766968178641406,0.602
6,2,0.2,86,10,0,0.3,8,3,-0.595363230406917,0.604
6,2,0.2,99,10,0,0.3,8,3,-0.235505586229579,0.606
6,2,0.2,112,10,0,0.3,8,3,0.698179888627237,0.606
6,2,0.2,350,10,0,0.3,8,3,-0.390162349223658,0.606
6,2,0.2,366,10,0,0.3,8,3,0.281102493109785,0.606
6,2,0.2,334,10,0,0.3,8,3,-0.770696562254699,0.608
6,2,0.2,82,10,0,0.3,8,3,-0.417013529093595,0.61
6,2,0.2,5,10,0,0.3,8,3,-0.337604018773362,0.612
6,2,0.2,142,10,0,0.3,8,3,-0.414544010669346,0.612
6,2,0.2,357,10,0,0.3,8,3,0.575346469607041,0.616
6,2,0.2,499,10,0,0.3,8,3,0.459137271997548,0.616
6,2,0.2,419,10,0,0.3,8,3,-0.694950020171149,0.618
6,2,0.2,24,10,0,0.3,8,3,-0.552497421774149,0.622
6,2,0.2,233,10,0,0.3,8,3,-0.251919629615742,0.622
6,2,0.2,151,10,0,0.3,8,3,-0.479549690777645,0.624
6,2,0.2,307,10,0,0.3,8,3,-0.760629666354561,0.626
6,2,0.2,452,10,0,0.3,8,3,-0.564657577561064,0.628
6,2,0.2,138,10,0,0.3,8,3,0.698998331216018,0.632
6,2,0.2,227,10,0,0.3,8,3,-0.584889647343857,0.632
6,2,0.2,52,10,0,0.3,8,3,0.654420173618632,0.634
6,2,0.2,201,10,0,0.3,8,3,0.310037814958889,0.634
6,2,0.2,202,10,0,0.3,8,3,-0.269129706548767,0.634
6,2,0.2,439,10,0,0.3,8,3,-0.531846825553743,0.634
6,2,0.2,473,10,0,0.3,8,3,0.684581515753905,0.634
6,2,0.2,130,10,0,0.3,8,3,0.261153088927585,0.636
6,2,0.2,497,10,0,0.3,8,3,-0.493455297168424,0.636
6,2,0.2,437,10,0,0.3,8,3,-0.86800503325091,0.64
6,2,0.2,119,10,0,0.3,8,3,-0.228121874159001,0.644
6,2,0.2,180,10,0,0.3,8,3,-0.575162512416284,0.644
6,2,0.2,341,10,0,0.3,8,3,-0.819773055711238,0.644
6,2,0.2,415,10,0,0.3,8,3,-0.404568737272371,0.644
6,2,0.2,137,10,0,0.3,8,3,-0.405610413703585,0.65
6,2,0.2,164,10,0,0.3,8,3,0.124758635321143,0.65
6,2,0.2,302,10,0,0.3,8,3,0.294503281617693,0.65
6,2,0.2,312,10,0,0.3,8,3,-0.968794067940934,0.654
6,2,0.2,121,10,0,0.3,8,3,0.323622852150152,0.656
6,2,0.2,128,10,0,0.3,8,3,0.211424937415302,0.656
6,2,0.2,295,10,0,0.3,8,3,-0.588501298245234,0.656
6,2,0.2,177,10,0,0.3,8,3,-0.560283353539745,0.658
6,2,0.2,262,10,0,0.3,8,3,-0.299210133070005,0.662
6,2,0.2,425,10,0,0.3,8,3,-0.20981589079301,0.662
6,2,0.2,486,10,0,0.3,8,3,-0.253844038870568,0.662
6,2,0.2,72,10,0,0.3,8,3,-0.231892916910624,0.664
6,2,0.2,354,10,0,0.3,8,3,0.189386094864204,0.664
6,2,0.2,475,10,0,0.3,8,3,0.556164202381524,0.664
6,2,0.2,96,10,0,0.3,8,3,-0.535071265771421,0.666
6,2,0.2,315,10,0,0.3,8,3,0.385953867736703,0.668
6,2,0.2,461,10,0,0.3,8,3,0.22423535032857,0.668
6,2,0.2,14,10,0,0.3,8,3,0.297637746696068,0.67
6,2,0.2,306,10,0,0.3,8,3,-0.653433823147395,0.672
6,2,0.2,161,10,0,0.3,8,3,0.303983610682337,0.676
6,2,0.2,405,10,0,0.3,8,3,-0.427824515668846,0.676
6,2,0.2,369,10,0,0.3,8,3,-0.275804612514492,0.678
6,2,0.2,372,10,0,0.3,8,3,0.314048557270411,0.678
6,2,0.2,80,10,0,0.3,8,3,-0.467272068091205,0.68
6,2,0.2,39,10,0,0.3,8,3,-0.513852916558278,0.682
6,2,0.2,430,10,0,0.3,8,3,0.557867513084574,0.684
6,2,0.2,241,10,0,0.3,8,3,0.315155693634239,0.686
6,2,0.2,264,10,0,0.3,8,3,0.274813365440082,0.686
6,2,0.2,286,10,0,0.3,8,3,-0.404721632744952,0.688
6,2,0.2,63,10,0,0.3,8,3,-0.570242341169063,0.69
6,2,0.2,195,10,0,0.3,8,3,-0.178050335751294,0.69
6,2,0.2,234,10,0,0.3,8,3,0.637946729491205,0.69
6,2,0.2,470,10,0,0.3,8,3,-0.354314084338341,0.69
6,2,0.2,176,10,0,0.3,8,3,0.299628418699456,0.694
6,2,0.2,145,10,0,0.3,8,3,0.404891411925604,0.696
6,2,0.2,392,10,0,0.3,8,3,0.551751296241548,0.698
6,2,0.2,46,10,0,0.3,8,3,-0.145153687940478,0.7
6,2,0.2,231,10,0,0.3,8,3,0.305902557287169,0.7
6,2,0.2,375,10,0,0.3,8,3,0.213018401558116,0.702
6,2,0.2,482,10,0,0.3,8,3,-0.162107657214648,0.708
6,2,0.2,391,10,0,0.3,8,3,-0.229459375888212,0.71
6,2,0.2,254,10,0,0.3,8,3,0.386916633631245,0.712
6,2,0.2,184,10,0,0.3,8,3,0.345669196642973,0.714
6,2,0.2,217,10,0,0.3,8,3,-0.337769189153903,0.714
6,2,0.2,294,10,0,0.3,8,3,0.32810652436126,0.716
6,2,0.2,401,10,0,0.3,8,3,-0.124977830876929,0.716
6,2,0.2,378,10,0,0.3,8,3,-0.210215821868502,0.718
6,2,0.2,385,10,0,0.3,8,3,0.319436052972492,0.718
6,2,0.2,444,10,0,0.3,8,3,-0.26246730560257,0.718
6,2,0.2,73,10,0,0.3,8,3,-0.409853205235009,0.722
6,2,0.2,146,10,0,0.3,8,3,0.113720013576483,0.722
6,2,0.2,266,10,0,0.3,8,3,0.526412475627154,0.724
6,2,0.2,296,10,0,0.3,8,3,0.339724011351024,0.724
6,2,0.2,87,10,0,0.3,8,3,-0.304351078439453,0.728
6,2,0.2,181,10,0,0.3,8,3,0.444865112045278,0.728
6,2,0.2,445,10,0,0.3,8,3,-0.296880801605795,0.728
6,2,0.2,76,10,0,0.3,8,3,-0.239046497088168,0.73
6,2,0.2,431,10,0,0.3,8,3,-0.235776107924835,0.73
6,2,0.2,132,10,0,0.3,8,3,-0.269442450266268,0.734
6,2,0.2,283,10,0,0.3,8,3,-0.313587024726473,0.734
6,2,0.2,284,10,0,0.3,8,3,0.242024600951481,0.734
6,2,0.2,124,10,0,0.3,8,3,0.286216763872545,0.736
6,2,0.2,133,10,0,0.3,8,3,0.288659363058827,0.736
6,2,0.2,140,10,0,0.3,8,3,-0.250713379803813,0.736
6,2,0.2,297,10,0,0.3,8,3,-0.324053915494972,0.736
6,2,0.2,185,10,0,0.3,8,3,0.152115379216809,0.738
6,2,0.2,88,10,0,0.3,8,3,-0.433318480098137,0.742
6,2,0.2,382,10,0,0.3,8,3,0.271403784251618,0.742
6,2,0.2,42,10,0,0.3,8,3,-0.112682340644426,0.748
6,2,0.2,280,10,0,0.3,8,3,0.155995394581026,0.748
6,2,0.2,333,10,0,0.3,8,3,0.404133371119258,0.75
6,2,0.2,390,10,0,0.3,8,3,-0.196820915466333,0.758
6,2,0.2,28,10,0,0.3,8,3,0.179313368329304,0.762
6,2,0.2,20,10,0,0.3,8,3,0.192502856896198,0.764
6,2,0.2,400,10,0,0.3,8,3,-0.330155931545534,0.768
6,2,0.2,340,10,0,0.3,8,3,-0.296263885708839,0.77
6,2,0.2,345,10,0,0.3,8,3,-0.222968318099305,0.77
6,2,0.2,103,10,0,0.3,8,3,0.173000476435874,0.772
6,2,0.2,265,10,0,0.3,8,3,0.16474441399302,0.772
6,2,0.2,484,10,0,0.3,8,3,0.111891554599367,0.772
6,2,0.2,170,10,0,0.3,8,3,-0.114472820864592,0.774
6,2,0.2,279,10,0,0.3,8,3,0.132525818492269,0.774
6,2,0.2,79,10,0,0.3,8,3,0.144333259707537,0.776
6,2,0.2,109,10,0,0.3,8,3,-0.210126221513406,0.776
6,2,0.2,376,10,0,0.3,8,3,-0.113977230942766,0.78
6,2,0.2,442,10,0,0.3,8,3,0.103904605880786,0.784
6,2,0.2,450,10,0,0.3,8,3,-0.366055688111999,0.784
6,2,0.2,377,10,0,0.3,8,3,0.189985122813823,0.79
6,2,0.2,178,10,0,0.3,8,3,-0.102822857984648,0.796
6,2,0.2,292,10,0,0.3,8,3,-0.190247021082627,0.798
6,2,0.2,371,10,0,0.3,8,3,0.225390883377912,0.802
6,2,0.2,101,10,0,0.3,8,3,0.183610219539929,0.804
6,2,0.2,120,10,0,0.3,8,3,0.136726725920965,0.808
6,2,0.2,100,10,0,0.3,8,3,0.138920332438175,0.81
6,2,0.2,147,10,0,0.3,8,3,0.161994959181413,0.81
6,2,0.2,310,10,0,0.3,8,3,-0.185308266225775,0.81
6,2,0.2,22,10,0,0.3,8,3,0.142030894795539,0.812
6,2,0.2,248,10,0,0.3,8,3,-0.130032804697265,0.812
6,2,0.2,271,10,0,0.3,8,3,-0.110893898345068,0.814
6,2,0.2,131,10,0,0.3,8,3,0.120304475356136,0.818
6,2,0.2,427,10,0,0.3,8,3,0.138617156774103,0.82
6,2,0.2,19,10,0,0.3,8,3,-0.0935158579348467,0.824
6,2,0.2,469,10,0,0.3,8,3,0.113593029834931,0.828
6,2,0.2,268,10,0,0.3,8,3,0.160907369031065,0.83
6,2,0.2,478,10,0,0.3,8,3,0.20523150481884,0.83
6,2,0.2,498,10,0,0.3,8,3,-0.109999561097567,0.832
6,2,0.2,242,10,0,0.3,8,3,0.136066191712871,0.834
6,2,0.2,118,10,0,0.3,8,3,0.177701701189932,0.836
6,2,0.2,114,10,0,0.3,8,3,0.227817283757901,0.838
6,2,0.2,218,10,0,0.3,8,3,-0.141875917829651,0.838
6,2,0.2,408,10,0,0.3,8,3,0.163371012786911,0.838
6,2,0.2,141,10,0,0.3,8,3,0.150535589056346,0.84
6,2,0.2,149,10,0,0.3,8,3,0.107424406356444,0.84
6,2,0.2,174,10,0,0.3,8,3,0.160410970682705,0.84
6,2,0.2,208,10,0,0.3,8,3,-0.0390533876640404,0.84
6,2,0.2,398,10,0,0.3,8,3,0.19042406285115,0.842
6,2,0.2,10,10,0,0.3,8,3,0.245905203182019,0.844
6,2,0.2,418,10,0,0.3,8,3,0.116546149235177,0.844
6,2,0.2,156,10,0,0.3,8,3,0.155425931000934,0.846
6,2,0.2,245,10,0,0.3,8,3,-0.0663004237658527,0.848
6,2,0.2,393,10,0,0.3,8,3,-0.216487598971895,0.848
6,2,0.2,136,10,0,0.3,8,3,-0.128610527997182,0.852
6,2,0.2,89,10,0,0.3,8,3,-0.0656067351461331,0.854
6,2,0.2,205,10,0,0.3,8,3,-0.0965886084900944,0.858
6,2,0.2,162,10,0,0.3,8,3,0.0645059772165553,0.862
6,2,0.2,448,10,0,0.3,8,3,0.201538403939708,0.862
6,2,0.2,90,10,0,0.3,8,3,-0.0564704203525253,0.868
6,2,0.2,270,10,0,0.3,8,3,-0.129624459501372,0.868
6,2,0.2,38,10,0,0.3,8,3,-0.073833812759375,0.87
6,2,0.2,462,10,0,0.3,8,3,0.0966685706470969,0.874
6,2,0.2,204,10,0,0.3,8,3,-0.0792032194887895,0.88
6,2,0.2,169,10,0,0.3,8,3,-0.060253735882128,0.884
6,2,0.2,324,10,0,0.3,8,3,-0.0587396956052828,0.884
6,2,0.2,240,10,0,0.3,8,3,-0.0567108139991603,0.886
6,2,0.2,288,10,0,0.3,8,3,-0.078259180392223,0.89
6,2,0.2,47,10,0,0.3,8,3,-0.0800719793720646,0.894
6,2,0.2,298,10,0,0.3,8,3,-0.104206571996741,0.894
6,2,0.2,434,10,0,0.3,8,3,-0.07175068056128,0.894
6,2,0.2,443,10,0,0.3,8,3,-0.0636244492037861,0.894
6,2,0.2,323,10,0,0.3,8,3,0.0728728653419637,0.896
6,2,0.2,238,10,0,0.3,8,3,0.0671637600745214,0.902
6,2,0.2,311,10,0,0.3,8,3,-0.0717585454269738,0.91
6,2,0.2,18,10,0,0.3,8,3,0.103905625149366,0.912
6,2,0.2,326,10,0,0.3,8,3,0.116706251642995,0.912
6,2,0.2,314,10,0,0.3,8,3,0.062645073130227,0.914
6,2,0.2,85,10,0,0.3,8,3,0.0400462329584172,0.916
6,2,0.2,182,10,0,0.3,8,3,-0.046446413038467,0.916
6,2,0.2,75,10,0,0.3,8,3,0.0326013105714367,0.918
6,2,0.2,258,10,0,0.3,8,3,0.0777107106761719,0.92
6,2,0.2,383,10,0,0.3,8,3,-0.107156455539382,0.92
6,2,0.2,387,10,0,0.3,8,3,0.0531256174955104,0.922
6,2,0.2,463,10,0,0.3,8,3,-0.158987722659418,0.924
6,2,0.2,348,10,0,0.3,8,3,0.0606918417407201,0.934
6,2,0.2,29,10,0,0.3,8,3,-0.0549086944449755,0.938
6,2,0.2,460,10,0,0.3,8,3,-0.057821397986487,0.938
6,2,0.2,458,10,0,0.3,8,3,0.0719410264121052,0.94
6,2,0.2,11,10,0,0.3,8,3,-0.0472994890548648,0.944
6,2,0.2,163,10,0,0.3,8,3,0.0317005606326859,0.944
6,2,0.2,66,10,0,0.3,8,3,-0.0363351422071503,0.948
6,2,0.2,428,10,0,0.3,8,3,0.0355284122736066,0.95
6,2,0.2,352,10,0,0.3,8,3,0.0328339109310321,0.954
6,2,0.2,160,10,0,0.3,8,3,0.0379544348522529,0.96
6,2,0.2,26,10,0,0.3,8,3,-0.0416360201944883,0.966
6,2,0.2,468,10,0,0.3,8,3,0.0492953106225684,0.966
6,2,0.2,256,10,0,0.3,8,3,0.0117095981718762,0.972
6,2,0.2,191,10,0,0.3,8,3,0.0147241875102964,0.974
6,2,0.2,483,10,0,0.3,8,3,-0.0127054943520761,0.976
6,2,0.2,395,10,0,0.3,8,3,0.0156280698936371,0.978
6,2,0.2,144,10,0,0.3,8,3,0.00330361467561602,0.986
6,2,0.2,436,10,0,0.3,8,3,0.00913148693859966,0.986
6,2,0.2,438,10,0,0.3,8,3,-0.0077437347730438,0.99
6,2,0.2,421,10,0,0.3,9,3,-0.953700369342783,0.012
6,2,0.2,170,10,0,0.3,9,3,-1.47257835437003,0.034
6,2,0.2,404,10,0,0.3,9,3,-1.10881882664759,0.036
6,2,0.2,410,10,0,0.3,9,3,-0.861072358400691,0.038
6,2,0.2,419,10,0,0.3,9,3,-1.43298772304544,0.04
6,2,0.2,92,10,0,0.3,9,3,1.61089083067907,0.042
6,2,0.2,384,10,0,0.3,9,3,-0.961780482727647,0.042
6,2,0.2,7,10,0,0.3,9,3,-1.23613189454423,0.044
6,2,0.2,279,10,0,0.3,9,3,1.6202690923287,0.044
6,2,0.2,126,10,0,0.3,9,3,-2.02658998498572,0.046
6,2,0.2,41,10,0,0.3,9,3,1.68336440850254,0.05
6,2,0.2,103,10,0,0.3,9,3,1.45865757920384,0.05
6,2,0.2,461,10,0,0.3,9,3,-2.34867828176391,0.052
6,2,0.2,38,10,0,0.3,9,3,1.47854259439788,0.054
6,2,0.2,162,10,0,0.3,9,3,-1.11641155991452,0.054
6,2,0.2,451,10,0,0.3,9,3,0.591978522237383,0.056
6,2,0.2,102,10,0,0.3,9,3,-1.85017784158762,0.062
6,2,0.2,3,10,0,0.3,9,3,1.27089369580295,0.066
6,2,0.2,169,10,0,0.3,9,3,-1.12667235295382,0.066
6,2,0.2,234,10,0,0.3,9,3,1.05980023402537,0.066
6,2,0.2,101,10,0,0.3,9,3,1.70216967916366,0.068
6,2,0.2,417,10,0,0.3,9,3,-1.82427927274964,0.068
6,2,0.2,87,10,0,0.3,9,3,-1.22482887665817,0.07
6,2,0.2,1,10,0,0.3,9,3,1.44541438974414,0.072
6,2,0.2,192,10,0,0.3,9,3,1.56487948590834,0.072
6,2,0.2,165,10,0,0.3,9,3,-1.38225730413927,0.074
6,2,0.2,219,10,0,0.3,9,3,1.35885833052751,0.074
6,2,0.2,440,10,0,0.3,9,3,1.11059903986003,0.074
6,2,0.2,302,10,0,0.3,9,3,-1.12764013823332,0.076
6,2,0.2,231,10,0,0.3,9,3,1.73440495399024,0.078
6,2,0.2,415,10,0,0.3,9,3,-1.09466536627548,0.082
6,2,0.2,46,10,0,0.3,9,3,1.20221416548915,0.084
6,2,0.2,387,10,0,0.3,9,3,-1.50228584965507,0.084
6,2,0.2,452,10,0,0.3,9,3,-1.1701518260565,0.084
6,2,0.2,438,10,0,0.3,9,3,1.21538201644023,0.086
6,2,0.2,481,10,0,0.3,9,3,-0.928766821355197,0.086
6,2,0.2,30,10,0,0.3,9,3,-0.495406347536232,0.09
6,2,0.2,94,10,0,0.3,9,3,-0.639737747974607,0.09
6,2,0.2,50,10,0,0.3,9,3,1.319205668443,0.098
6,2,0.2,151,10,0,0.3,9,3,-0.97416322558351,0.102
6,2,0.2,368,10,0,0.3,9,3,-0.817544372574758,0.102
6,2,0.2,435,10,0,0.3,9,3,1.04525837087812,0.102
6,2,0.2,120,10,0,0.3,9,3,0.687783309216826,0.104
6,2,0.2,175,10,0,0.3,9,3,1.0495940720545,0.104
6,2,0.2,329,10,0,0.3,9,3,1.10163523087138,0.104
6,2,0.2,409,10,0,0.3,9,3,0.457787946822236,0.104
6,2,0.2,6,10,0,0.3,9,3,1.46680070731165,0.106
6,2,0.2,215,10,0,0.3,9,3,-1.03074073114675,0.106
6,2,0.2,480,10,0,0.3,9,3,-0.761435489963958,0.108
6,2,0.2,483,10,0,0.3,9,3,-1.07565707771116,0.108
6,2,0.2,77,10,0,0.3,9,3,1.22796389244266,0.11
6,2,0.2,135,10,0,0.3,9,3,-0.722407210091433,0.112
6,2,0.2,405,10,0,0.3,9,3,-0.562715599022823,0.112
6,2,0.2,221,10,0,0.3,9,3,-1.48779628005337,0.114
6,2,0.2,261,10,0,0.3,9,3,0.629372769702456,0.114
6,2,0.2,228,10,0,0.3,9,3,0.784127937821381,0.12
6,2,0.2,59,10,0,0.3,9,3,0.598340607612471,0.122
6,2,0.2,176,10,0,0.3,9,3,0.74010246929663,0.122
6,2,0.2,497,10,0,0.3,9,3,0.925187876334064,0.122
6,2,0.2,143,10,0,0.3,9,3,-0.53933639436687,0.124
6,2,0.2,153,10,0,0.3,9,3,1.13023441334911,0.126
6,2,0.2,212,10,0,0.3,9,3,0.791205185801402,0.126
6,2,0.2,49,10,0,0.3,9,3,0.733611645678764,0.128
6,2,0.2,83,10,0,0.3,9,3,-0.772621158517268,0.128
6,2,0.2,86,10,0,0.3,9,3,1.28384445020265,0.128
6,2,0.2,139,10,0,0.3,9,3,-0.670463213172866,0.128
6,2,0.2,412,10,0,0.3,9,3,0.949703767210167,0.128
6,2,0.2,308,10,0,0.3,9,3,-1.16699242878829,0.13
6,2,0.2,475,10,0,0.3,9,3,-0.973606872849558,0.13
6,2,0.2,31,10,0,0.3,9,3,-1.02688374726208,0.132
6,2,0.2,172,10,0,0.3,9,3,0.853642743128177,0.132
6,2,0.2,305,10,0,0.3,9,3,1.01101024546176,0.132
6,2,0.2,449,10,0,0.3,9,3,-1.01328681814576,0.132
6,2,0.2,5,10,0,0.3,9,3,0.98317923807079,0.138
6,2,0.2,485,10,0,0.3,9,3,1.09119345507855,0.138
6,2,0.2,194,10,0,0.3,9,3,-0.302256864353808,0.14
6,2,0.2,296,10,0,0.3,9,3,0.586688268556202,0.14
6,2,0.2,336,10,0,0.3,9,3,-1.03142633333385,0.14
6,2,0.2,378,10,0,0.3,9,3,-0.396870172850896,0.142
6,2,0.2,381,10,0,0.3,9,3,-0.496332317615924,0.142
6,2,0.2,128,10,0,0.3,9,3,-1.03338353746449,0.144
6,2,0.2,340,10,0,0.3,9,3,-1.18983397320508,0.144
6,2,0.2,428,10,0,0.3,9,3,-0.704088632733828,0.144
6,2,0.2,258,10,0,0.3,9,3,0.466901182552476,0.146
6,2,0.2,432,10,0,0.3,9,3,-0.842988274463153,0.146
6,2,0.2,401,10,0,0.3,9,3,-1.04317435248097,0.148
6,2,0.2,152,10,0,0.3,9,3,0.639896597506862,0.15
6,2,0.2,190,10,0,0.3,9,3,0.826694452150093,0.15
6,2,0.2,238,10,0,0.3,9,3,0.853886169413698,0.15
6,2,0.2,255,10,0,0.3,9,3,-0.979188909945719,0.152
6,2,0.2,227,10,0,0.3,9,3,0.513104928022187,0.154
6,2,0.2,159,10,0,0.3,9,3,1.41979753225766,0.156
6,2,0.2,341,10,0,0.3,9,3,-0.946776075464044,0.156
6,2,0.2,81,10,0,0.3,9,3,-0.798337931119448,0.158
6,2,0.2,494,10,0,0.3,9,3,1.15855287741476,0.158
6,2,0.2,295,10,0,0.3,9,3,-0.584490656921986,0.162
6,2,0.2,36,10,0,0.3,9,3,1.11117101806059,0.164
6,2,0.2,141,10,0,0.3,9,3,0.460399501813299,0.166
6,2,0.2,157,10,0,0.3,9,3,0.421229194016888,0.166
6,2,0.2,251,10,0,0.3,9,3,-0.503368341186189,0.166
6,2,0.2,189,10,0,0.3,9,3,1.07024240441291,0.168
6,2,0.2,89,10,0,0.3,9,3,0.601235142307303,0.17
6,2,0.2,90,10,0,0.3,9,3,-0.786457926547143,0.17
6,2,0.2,232,10,0,0.3,9,3,-1.09875943648615,0.17
6,2,0.2,358,10,0,0.3,9,3,1.01393773284497,0.17
6,2,0.2,148,10,0,0.3,9,3,0.787093923846697,0.172
6,2,0.2,205,10,0,0.3,9,3,0.549128872331806,0.172
6,2,0.2,386,10,0,0.3,9,3,-0.923645977428976,0.172
6,2,0.2,484,10,0,0.3,9,3,0.825365532196798,0.174
6,2,0.2,154,10,0,0.3,9,3,-0.710787835662529,0.176
6,2,0.2,468,10,0,0.3,9,3,-1.14838622950211,0.178
6,2,0.2,470,10,0,0.3,9,3,0.652240111824142,0.178
6,2,0.2,117,10,0,0.3,9,3,0.778773907579335,0.186
6,2,0.2,317,10,0,0.3,9,3,0.61333365200008,0.186
6,2,0.2,244,10,0,0.3,9,3,0.662205947219036,0.188
6,2,0.2,211,10,0,0.3,9,3,0.722429521205044,0.19
6,2,0.2,253,10,0,0.3,9,3,-0.553615161755118,0.19
6,2,0.2,37,10,0,0.3,9,3,0.899047618801461,0.192
6,2,0.2,466,10,0,0.3,9,3,0.726200989340526,0.198
6,2,0.2,266,10,0,0.3,9,3,0.57912734402808,0.202
6,2,0.2,223,10,0,0.3,9,3,-0.47329473327963,0.204
6,2,0.2,319,10,0,0.3,9,3,0.469110086662084,0.206
6,2,0.2,96,10,0,0.3,9,3,-1.00243983976014,0.208
6,2,0.2,26,10,0,0.3,9,3,-0.612137594159975,0.21
6,2,0.2,60,10,0,0.3,9,3,0.95476366938334,0.21
6,2,0.2,199,10,0,0.3,9,3,0.869688714999768,0.21
6,2,0.2,315,10,0,0.3,9,3,-0.697031607236767,0.212
6,2,0.2,473,10,0,0.3,9,3,0.595187460792374,0.212
6,2,0.2,113,10,0,0.3,9,3,1.03462978125438,0.218
6,2,0.2,269,10,0,0.3,9,3,-0.949907648348159,0.218
6,2,0.2,33,10,0,0.3,9,3,-0.381564333401087,0.22
6,2,0.2,350,10,0,0.3,9,3,0.443877763477502,0.226
6,2,0.2,288,10,0,0.3,9,3,0.535208935025111,0.228
6,2,0.2,379,10,0,0.3,9,3,0.776252436749871,0.228
6,2,0.2,145,10,0,0.3,9,3,0.434718725819039,0.23
6,2,0.2,355,10,0,0.3,9,3,-0.702362763448406,0.23
6,2,0.2,48,10,0,0.3,9,3,-0.853174249781688,0.236
6,2,0.2,346,10,0,0.3,9,3,0.707996057219987,0.236
6,2,0.2,376,10,0,0.3,9,3,-0.695113006791075,0.236
6,2,0.2,91,10,0,0.3,9,3,-0.466007406909597,0.24
6,2,0.2,345,10,0,0.3,9,3,-0.602610504658344,0.24
6,2,0.2,377,10,0,0.3,9,3,-1.07928265114398,0.24
6,2,0.2,339,10,0,0.3,9,3,0.899109080668069,0.242
6,2,0.2,414,10,0,0.3,9,3,0.429155818859641,0.242
6,2,0.2,13,10,0,0.3,9,3,1.22203767517422,0.244
6,2,0.2,43,10,0,0.3,9,3,-0.356454392726846,0.244
6,2,0.2,124,10,0,0.3,9,3,0.614547493414534,0.248
6,2,0.2,430,10,0,0.3,9,3,0.548000873440714,0.25
6,2,0.2,298,10,0,0.3,9,3,-0.87547572322822,0.252
6,2,0.2,353,10,0,0.3,9,3,-0.479077820649337,0.252
6,2,0.2,313,10,0,0.3,9,3,0.357594625553901,0.254
6,2,0.2,437,10,0,0.3,9,3,-0.673383762785136,0.254
6,2,0.2,499,10,0,0.3,9,3,-0.436017046764306,0.254
6,2,0.2,118,10,0,0.3,9,3,-0.333593562832931,0.256
6,2,0.2,392,10,0,0.3,9,3,-0.983609503783896,0.26
6,2,0.2,8,10,0,0.3,9,3,0.838953847543394,0.262
6,2,0.2,76,10,0,0.3,9,3,-0.706661091205689,0.266
6,2,0.2,100,10,0,0.3,9,3,-0.621442385727164,0.266
6,2,0.2,482,10,0,0.3,9,3,0.669406383474865,0.27
6,2,0.2,349,10,0,0.3,9,3,0.351532174065255,0.274
6,2,0.2,23,10,0,0.3,9,3,1.29362545569572,0.276
6,2,0.2,201,10,0,0.3,9,3,0.525640864852278,0.276
6,2,0.2,119,10,0,0.3,9,3,-1.15863964496847,0.278
6,2,0.2,347,10,0,0.3,9,3,0.479828532452274,0.28
6,2,0.2,459,10,0,0.3,9,3,0.462114326216522,0.28
6,2,0.2,196,10,0,0.3,9,3,-0.866961472082181,0.282
6,2,0.2,263,10,0,0.3,9,3,-0.659867395163729,0.284
6,2,0.2,290,10,0,0.3,9,3,0.38038057095352,0.286
6,2,0.2,418,10,0,0.3,9,3,-0.573005692467859,0.286
6,2,0.2,477,10,0,0.3,9,3,-0.56331363652464,0.292
6,2,0.2,18,10,0,0.3,9,3,-0.460796780882646,0.294
6,2,0.2,142,10,0,0.3,9,3,-0.612358400782114,0.294
6,2,0.2,463,10,0,0.3,9,3,-0.387412805209209,0.3
6,2,0.2,53,10,0,0.3,9,3,0.201395614092803,0.302
6,2,0.2,493,10,0,0.3,9,3,-0.589764158216383,0.302
6,2,0.2,309,10,0,0.3,9,3,-0.420849578522677,0.306
6,2,0.2,291,10,0,0.3,9,3,0.380192566412518,0.308
6,2,0.2,311,10,0,0.3,9,3,-0.898670687504847,0.308
6,2,0.2,123,10,0,0.3,9,3,-0.459984920036277,0.31
6,2,0.2,360,10,0,0.3,9,3,0.33929469105837,0.31
6,2,0.2,436,10,0,0.3,9,3,-0.771544462821794,0.31
6,2,0.2,433,10,0,0.3,9,3,0.577761918150827,0.314
6,2,0.2,198,10,0,0.3,9,3,-0.660023723126983,0.316
6,2,0.2,65,10,0,0.3,9,3,0.3561550196886,0.318
6,2,0.2,10,10,0,0.3,9,3,-0.383306624435335,0.32
6,2,0.2,11,10,0,0.3,9,3,0.783104229109199,0.32
6,2,0.2,20,10,0,0.3,9,3,0.241534460570932,0.322
6,2,0.2,442,10,0,0.3,9,3,0.624740618158597,0.322
6,2,0.2,333,10,0,0.3,9,3,0.50072566248781,0.324
6,2,0.2,150,10,0,0.3,9,3,0.610907987280285,0.328
6,2,0.2,363,10,0,0.3,9,3,0.247820106337656,0.328
6,2,0.2,161,10,0,0.3,9,3,-0.36233423229973,0.33
6,2,0.2,218,10,0,0.3,9,3,0.45215752836566,0.334
6,2,0.2,330,10,0,0.3,9,3,0.421832391477665,0.336
6,2,0.2,197,10,0,0.3,9,3,0.449868167047356,0.34
6,2,0.2,167,10,0,0.3,9,3,-0.784172581344592,0.344
6,2,0.2,262,10,0,0.3,9,3,-0.314205672034262,0.35
6,2,0.2,310,10,0,0.3,9,3,-0.426822624660758,0.35
6,2,0.2,24,10,0,0.3,9,3,-0.345597472653964,0.356
6,2,0.2,332,10,0,0.3,9,3,-0.483037765562273,0.358
6,2,0.2,427,10,0,0.3,9,3,0.445724798217441,0.36
6,2,0.2,82,10,0,0.3,9,3,0.911504026959221,0.366
6,2,0.2,247,10,0,0.3,9,3,-0.371541676678987,0.366
6,2,0.2,275,10,0,0.3,9,3,0.785679117908444,0.366
6,2,0.2,299,10,0,0.3,9,3,-0.30484831194255,0.368
6,2,0.2,144,10,0,0.3,9,3,-0.499912508823797,0.37
6,2,0.2,320,10,0,0.3,9,3,0.407701007821373,0.372
6,2,0.2,374,10,0,0.3,9,3,-0.22892171495792,0.372
6,2,0.2,395,10,0,0.3,9,3,0.336141720140859,0.372
6,2,0.2,241,10,0,0.3,9,3,0.424760490838281,0.374
6,2,0.2,420,10,0,0.3,9,3,0.4437409654509,0.376
6,2,0.2,398,10,0,0.3,9,3,-0.23515698077432,0.38
6,2,0.2,2,10,0,0.3,9,3,0.633117070508206,0.382
6,2,0.2,406,10,0,0.3,9,3,-0.425146504236409,0.384
6,2,0.2,491,10,0,0.3,9,3,0.360322606376258,0.386
6,2,0.2,252,10,0,0.3,9,3,0.256135797793462,0.39
6,2,0.2,58,10,0,0.3,9,3,-0.422220803711809,0.394
6,2,0.2,9,10,0,0.3,9,3,-0.80758702309501,0.396
6,2,0.2,137,10,0,0.3,9,3,0.463004806396839,0.398
6,2,0.2,146,10,0,0.3,9,3,0.554967010299492,0.4
6,2,0.2,220,10,0,0.3,9,3,-0.677634617696469,0.402
6,2,0.2,382,10,0,0.3,9,3,-0.30929928219706,0.402
6,2,0.2,426,10,0,0.3,9,3,-0.537731344750426,0.408
6,2,0.2,446,10,0,0.3,9,3,0.438539108877592,0.412
6,2,0.2,337,10,0,0.3,9,3,-0.232880387151937,0.416
6,2,0.2,369,10,0,0.3,9,3,0.469143805414802,0.418
6,2,0.2,84,10,0,0.3,9,3,1.04758189540496,0.43
6,2,0.2,122,10,0,0.3,9,3,-0.354756293314068,0.43
6,2,0.2,314,10,0,0.3,9,3,0.852847019294984,0.432
6,2,0.2,367,10,0,0.3,9,3,-0.181298236380087,0.434
6,2,0.2,72,10,0,0.3,9,3,-0.314673105196931,0.438
6,2,0.2,323,10,0,0.3,9,3,-0.290754197908797,0.438
6,2,0.2,372,10,0,0.3,9,3,-0.339959161566355,0.44
6,2,0.2,257,10,0,0.3,9,3,-0.478044657718272,0.448
6,2,0.2,478,10,0,0.3,9,3,0.304511385691598,0.448
6,2,0.2,45,10,0,0.3,9,3,0.822914317317952,0.454
6,2,0.2,19,10,0,0.3,9,3,0.295303440973953,0.456
6,2,0.2,284,10,0,0.3,9,3,0.288620709408974,0.458
6,2,0.2,184,10,0,0.3,9,3,0.296548774216006,0.462
6,2,0.2,276,10,0,0.3,9,3,0.370650769398395,0.464
6,2,0.2,361,10,0,0.3,9,3,-0.410909570782991,0.466
6,2,0.2,324,10,0,0.3,9,3,0.861380106579446,0.47
6,2,0.2,327,10,0,0.3,9,3,1.12559897655049,0.47
6,2,0.2,106,10,0,0.3,9,3,-0.703959858445046,0.474
6,2,0.2,274,10,0,0.3,9,3,-0.578283648194599,0.476
6,2,0.2,443,10,0,0.3,9,3,-0.897683372782865,0.488
6,2,0.2,471,10,0,0.3,9,3,1.38915590266708,0.488
6,2,0.2,22,10,0,0.3,9,3,0.236346551905939,0.49
6,2,0.2,486,10,0,0.3,9,3,-0.317053324158678,0.49
6,2,0.2,272,10,0,0.3,9,3,0.237559744483747,0.494
6,2,0.2,62,10,0,0.3,9,3,0.300643457978595,0.498
6,2,0.2,195,10,0,0.3,9,3,0.489391332826784,0.5
6,2,0.2,224,10,0,0.3,9,3,-0.210026959119006,0.5
6,2,0.2,177,10,0,0.3,9,3,-0.48422303140552,0.502
6,2,0.2,487,10,0,0.3,9,3,0.393270417239677,0.516
6,2,0.2,496,10,0,0.3,9,3,0.647040561609089,0.518
6,2,0.2,364,10,0,0.3,9,3,-1.02297416161218,0.52
6,2,0.2,57,10,0,0.3,9,3,0.159540492599433,0.522
6,2,0.2,448,10,0,0.3,9,3,-0.225167735403346,0.524
6,2,0.2,488,10,0,0.3,9,3,0.265589316092701,0.524
6,2,0.2,393,10,0,0.3,9,3,0.532192826693716,0.532
6,2,0.2,297,10,0,0.3,9,3,0.538368161742881,0.542
6,2,0.2,307,10,0,0.3,9,3,-0.688945769463857,0.546
6,2,0.2,343,10,0,0.3,9,3,0.274348760045342,0.548
6,2,0.2,439,10,0,0.3,9,3,-0.272034868100604,0.548
6,2,0.2,399,10,0,0.3,9,3,-0.827898710092711,0.55
6,2,0.2,413,10,0,0.3,9,3,0.384108162915368,0.554
6,2,0.2,495,10,0,0.3,9,3,-0.59804324206641,0.558
6,2,0.2,289,10,0,0.3,9,3,0.71917936511494,0.56
6,2,0.2,294,10,0,0.3,9,3,-0.223469726108874,0.564
6,2,0.2,216,10,0,0.3,9,3,-0.206486981558669,0.566
6,2,0.2,425,10,0,0.3,9,3,0.165612103957812,0.566
6,2,0.2,180,10,0,0.3,9,3,0.192570510164387,0.568
6,2,0.2,182,10,0,0.3,9,3,-0.26614375585828,0.568
6,2,0.2,250,10,0,0.3,9,3,0.561083958874605,0.568
6,2,0.2,331,10,0,0.3,9,3,-0.470815733570959,0.568
6,2,0.2,351,10,0,0.3,9,3,-0.304539767996857,0.57
6,2,0.2,95,10,0,0.3,9,3,-0.202363672192718,0.572
6,2,0.2,400,10,0,0.3,9,3,0.263619774099283,0.574
6,2,0.2,93,10,0,0.3,9,3,-0.52209895782002,0.576
6,2,0.2,97,10,0,0.3,9,3,-0.421310978199699,0.576
6,2,0.2,396,10,0,0.3,9,3,-0.454973236704234,0.576
6,2,0.2,107,10,0,0.3,9,3,0.187699165670807,0.582
6,2,0.2,388,10,0,0.3,9,3,-0.420130045054378,0.584
6,2,0.2,25,10,0,0.3,9,3,0.333186776827262,0.586
6,2,0.2,248,10,0,0.3,9,3,-0.513527279928525,0.586
6,2,0.2,352,10,0,0.3,9,3,0.45220480408932,0.586
6,2,0.2,464,10,0,0.3,9,3,0.628985862598626,0.586
6,2,0.2,80,10,0,0.3,9,3,-0.423790831508029,0.588
6,2,0.2,467,10,0,0.3,9,3,0.704864453445367,0.588
6,2,0.2,186,10,0,0.3,9,3,0.575803848785114,0.594
6,2,0.2,304,10,0,0.3,9,3,-0.558564955863687,0.594
6,2,0.2,318,10,0,0.3,9,3,0.237842361702661,0.596
6,2,0.2,111,10,0,0.3,9,3,-0.186663370665826,0.598
6,2,0.2,191,10,0,0.3,9,3,-0.734509186380706,0.6
6,2,0.2,348,10,0,0.3,9,3,0.31897420860912,0.6
6,2,0.2,88,10,0,0.3,9,3,-0.291341433984968,0.602
6,2,0.2,422,10,0,0.3,9,3,0.129836695232427,0.602
6,2,0.2,321,10,0,0.3,9,3,0.304962973605228,0.604
6,2,0.2,479,10,0,0.3,9,3,-0.443876423212089,0.606
6,2,0.2,75,10,0,0.3,9,3,0.509442050802335,0.608
6,2,0.2,178,10,0,0.3,9,3,-0.983550940643056,0.612
6,2,0.2,78,10,0,0.3,9,3,-0.731843547356789,0.616
6,2,0.2,265,10,0,0.3,9,3,-0.317439217670227,0.616
6,2,0.2,47,10,0,0.3,9,3,0.477567015524897,0.62
6,2,0.2,344,10,0,0.3,9,3,-0.514712592563626,0.62
6,2,0.2,354,10,0,0.3,9,3,-0.853070251861425,0.62
6,2,0.2,71,10,0,0.3,9,3,-0.0651524546996427,0.624
6,2,0.2,322,10,0,0.3,9,3,0.383430389934546,0.624
6,2,0.2,229,10,0,0.3,9,3,-0.432231039945691,0.626
6,2,0.2,208,10,0,0.3,9,3,-0.416190684799119,0.628
6,2,0.2,233,10,0,0.3,9,3,-0.325840060765444,0.628
6,2,0.2,188,10,0,0.3,9,3,0.902251703867194,0.63
6,2,0.2,356,10,0,0.3,9,3,0.287875438906894,0.63
6,2,0.2,362,10,0,0.3,9,3,-0.212333068116976,0.636
6,2,0.2,292,10,0,0.3,9,3,0.0812308428611175,0.64
6,2,0.2,391,10,0,0.3,9,3,-0.140627230407375,0.64
6,2,0.2,74,10,0,0.3,9,3,0.404780377109546,0.642
6,2,0.2,240,10,0,0.3,9,3,-0.430236677561197,0.642
6,2,0.2,158,10,0,0.3,9,3,0.380537010504611,0.646
6,2,0.2,366,10,0,0.3,9,3,0.534305562806423,0.646
6,2,0.2,130,10,0,0.3,9,3,0.296268812847018,0.648
6,2,0.2,187,10,0,0.3,9,3,0.704366775515524,0.648
6,2,0.2,44,10,0,0.3,9,3,0.50702022797077,0.65
6,2,0.2,116,10,0,0.3,9,3,0.332820954322273,0.65
6,2,0.2,207,10,0,0.3,9,3,-0.285176025162912,0.65
6,2,0.2,217,10,0,0.3,9,3,-0.247441745308549,0.65
6,2,0.2,35,10,0,0.3,9,3,0.633988995870254,0.652
6,2,0.2,73,10,0,0.3,9,3,-0.183648298932951,0.652
6,2,0.2,458,10,0,0.3,9,3,0.520672221057993,0.654
6,2,0.2,110,10,0,0.3,9,3,0.165057415500627,0.658
6,2,0.2,246,10,0,0.3,9,3,0.446032889405245,0.666
6,2,0.2,70,10,0,0.3,9,3,-0.281141868901045,0.668
6,2,0.2,109,10,0,0.3,9,3,-0.388855880070565,0.668
6,2,0.2,335,10,0,0.3,9,3,0.225538732903317,0.67
6,2,0.2,173,10,0,0.3,9,3,-0.307959539403015,0.672
6,2,0.2,213,10,0,0.3,9,3,0.138477784190087,0.672
6,2,0.2,429,10,0,0.3,9,3,0.402338252637037,0.672
6,2,0.2,61,10,0,0.3,9,3,-0.564634983241916,0.674
6,2,0.2,416,10,0,0.3,9,3,0.412371062490962,0.674
6,2,0.2,156,10,0,0.3,9,3,0.196984164142179,0.676
6,2,0.2,243,10,0,0.3,9,3,0.465871822159073,0.676
6,2,0.2,312,10,0,0.3,9,3,0.706940350372889,0.676
6,2,0.2,40,10,0,0.3,9,3,0.280340979133797,0.68
6,2,0.2,54,10,0,0.3,9,3,0.414022333541112,0.68
6,2,0.2,282,10,0,0.3,9,3,0.135797422117605,0.682
6,2,0.2,457,10,0,0.3,9,3,0.344540560400588,0.682
6,2,0.2,267,10,0,0.3,9,3,-0.105185832800203,0.686
6,2,0.2,286,10,0,0.3,9,3,0.119042761067107,0.686
6,2,0.2,383,10,0,0.3,9,3,0.347946198140704,0.688
6,2,0.2,98,10,0,0.3,9,3,0.126907321442019,0.69
6,2,0.2,160,10,0,0.3,9,3,-0.241059761226552,0.692
6,2,0.2,375,10,0,0.3,9,3,-0.32589598645805,0.692
6,2,0.2,4,10,0,0.3,9,3,0.36931199473193,0.694
6,2,0.2,138,10,0,0.3,9,3,0.300354389680763,0.694
6,2,0.2,27,10,0,0.3,9,3,-0.264085394691733,0.696
6,2,0.2,450,10,0,0.3,9,3,0.318761599286432,0.696
6,2,0.2,68,10,0,0.3,9,3,-0.541326654093865,0.698
6,2,0.2,214,10,0,0.3,9,3,0.55424986481799,0.698
6,2,0.2,306,10,0,0.3,9,3,0.213008534351616,0.698
6,2,0.2,460,10,0,0.3,9,3,0.440628195691033,0.698
6,2,0.2,225,10,0,0.3,9,3,-0.33287211246838,0.7
6,2,0.2,402,10,0,0.3,9,3,0.265112314357026,0.708
6,2,0.2,441,10,0,0.3,9,3,0.343350053044645,0.71
6,2,0.2,300,10,0,0.3,9,3,0.357551767975167,0.712
6,2,0.2,357,10,0,0.3,9,3,-0.197718223138992,0.714
6,2,0.2,489,10,0,0.3,9,3,-0.221341032395372,0.716
6,2,0.2,183,10,0,0.3,9,3,0.532905350227026,0.718
6,2,0.2,462,10,0,0.3,9,3,-0.105494801839939,0.718
6,2,0.2,63,10,0,0.3,9,3,-0.352210578949865,0.72
6,2,0.2,174,10,0,0.3,9,3,0.263485303705437,0.724
6,2,0.2,147,10,0,0.3,9,3,0.182432786380105,0.728
6,2,0.2,359,10,0,0.3,9,3,-0.098128662804271,0.728
6,2,0.2,236,10,0,0.3,9,3,-0.246562482664615,0.73
6,2,0.2,181,10,0,0.3,9,3,-0.344831230385978,0.732
6,2,0.2,500,10,0,0.3,9,3,-0.124528629916597,0.732
6,2,0.2,193,10,0,0.3,9,3,0.464166762086393,0.738
6,2,0.2,447,10,0,0.3,9,3,0.336155876505217,0.738
6,2,0.2,12,10,0,0.3,9,3,0.300941657694949,0.74
6,2,0.2,51,10,0,0.3,9,3,0.183011266272786,0.74
6,2,0.2,99,10,0,0.3,9,3,0.297658618719595,0.742
6,2,0.2,385,10,0,0.3,9,3,-0.305670944090139,0.742
6,2,0.2,434,10,0,0.3,9,3,0.321107944938575,0.744
6,2,0.2,498,10,0,0.3,9,3,-0.398678365137272,0.744
6,2,0.2,222,10,0,0.3,9,3,0.278353204650159,0.746
6,2,0.2,476,10,0,0.3,9,3,0.236238017047498,0.746
6,2,0.2,16,10,0,0.3,9,3,0.200945396155163,0.748
6,2,0.2,185,10,0,0.3,9,3,0.293897744252291,0.748
6,2,0.2,69,10,0,0.3,9,3,0.0740847245172347,0.75
6,2,0.2,108,10,0,0.3,9,3,0.206238175857266,0.752
6,2,0.2,133,10,0,0.3,9,3,-0.15971592409673,0.752
6,2,0.2,303,10,0,0.3,9,3,-0.108003800513956,0.752
6,2,0.2,67,10,0,0.3,9,3,-0.343107272123717,0.754
6,2,0.2,301,10,0,0.3,9,3,-0.211369311051811,0.756
6,2,0.2,114,10,0,0.3,9,3,-0.130151554370627,0.758
6,2,0.2,163,10,0,0.3,9,3,0.287348969137355,0.758
6,2,0.2,278,10,0,0.3,9,3,0.388735864245831,0.758
6,2,0.2,164,10,0,0.3,9,3,0.239408977494833,0.76
6,2,0.2,104,10,0,0.3,9,3,-0.250652839773124,0.762
6,2,0.2,129,10,0,0.3,9,3,0.286586521692129,0.762
6,2,0.2,245,10,0,0.3,9,3,-0.140000405048369,0.762
6,2,0.2,365,10,0,0.3,9,3,0.286355989359294,0.762
6,2,0.2,285,10,0,0.3,9,3,-0.15906799010645,0.764
6,2,0.2,105,10,0,0.3,9,3,-0.29377063874233,0.77
6,2,0.2,342,10,0,0.3,9,3,0.285828569203687,0.77
6,2,0.2,85,10,0,0.3,9,3,-0.228711752832481,0.772
6,2,0.2,179,10,0,0.3,9,3,-0.24296812808592,0.772
6,2,0.2,64,10,0,0.3,9,3,0.116133512188412,0.774
6,2,0.2,403,10,0,0.3,9,3,0.216983753001216,0.774
6,2,0.2,492,10,0,0.3,9,3,-0.350013184158769,0.774
6,2,0.2,55,10,0,0.3,9,3,-0.118457962075155,0.78
6,2,0.2,121,10,0,0.3,9,3,-0.266537945690374,0.78
6,2,0.2,17,10,0,0.3,9,3,0.104889500359803,0.79
6,2,0.2,203,10,0,0.3,9,3,-0.131929954104521,0.79
6,2,0.2,237,10,0,0.3,9,3,-0.203232096063829,0.792
6,2,0.2,408,10,0,0.3,9,3,-0.0762291030373206,0.792
6,2,0.2,431,10,0,0.3,9,3,-0.138774348386193,0.792
6,2,0.2,21,10,0,0.3,9,3,0.115477558684404,0.794
6,2,0.2,210,10,0,0.3,9,3,-0.380699052160026,0.794
6,2,0.2,380,10,0,0.3,9,3,-0.261444441369321,0.794
6,2,0.2,249,10,0,0.3,9,3,0.156945992462738,0.798
6,2,0.2,316,10,0,0.3,9,3,-0.174283385717587,0.802
6,2,0.2,15,10,0,0.3,9,3,-0.0790291133612584,0.804
6,2,0.2,273,10,0,0.3,9,3,0.0832581766533735,0.804
6,2,0.2,389,10,0,0.3,9,3,-0.0860545912773887,0.804
6,2,0.2,423,10,0,0.3,9,3,0.16232746116728,0.804
6,2,0.2,264,10,0,0.3,9,3,0.142046676371649,0.806
6,2,0.2,338,10,0,0.3,9,3,0.180172438787991,0.806
6,2,0.2,281,10,0,0.3,9,3,0.166042751407474,0.808
6,2,0.2,465,10,0,0.3,9,3,-0.143392129652113,0.81
6,2,0.2,155,10,0,0.3,9,3,-0.277368071225226,0.814
6,2,0.2,469,10,0,0.3,9,3,0.093536843857521,0.816
6,2,0.2,268,10,0,0.3,9,3,-0.204673884443707,0.822
6,2,0.2,280,10,0,0.3,9,3,0.1007614146354,0.826
6,2,0.2,206,10,0,0.3,9,3,-0.116323322405918,0.836
6,2,0.2,454,10,0,0.3,9,3,-0.107446881241117,0.838
6,2,0.2,34,10,0,0.3,9,3,0.0692075547916033,0.848
6,2,0.2,472,10,0,0.3,9,3,-0.113067087475571,0.85
6,2,0.2,254,10,0,0.3,9,3,0.0929170150610048,0.852
6,2,0.2,453,10,0,0.3,9,3,0.122205693429862,0.852
6,2,0.2,168,10,0,0.3,9,3,0.0619569558749333,0.854
6,2,0.2,28,10,0,0.3,9,3,-0.103461306995428,0.86
6,2,0.2,140,10,0,0.3,9,3,-0.0733782525547042,0.86
6,2,0.2,125,10,0,0.3,9,3,0.0374480079965736,0.864
6,2,0.2,132,10,0,0.3,9,3,-0.136989887802741,0.864
6,2,0.2,277,10,0,0.3,9,3,0.135307325397378,0.868
6,2,0.2,239,10,0,0.3,9,3,-0.120425425524985,0.872
6,2,0.2,270,10,0,0.3,9,3,-0.116403796117851,0.872
6,2,0.2,445,10,0,0.3,9,3,-0.0994829659272511,0.874
6,2,0.2,271,10,0,0.3,9,3,0.133044950225752,0.876
6,2,0.2,39,10,0,0.3,9,3,-0.140028058850504,0.878
6,2,0.2,328,10,0,0.3,9,3,-0.0863297181666098,0.878
6,2,0.2,334,10,0,0.3,9,3,-0.0667722532775201,0.878
6,2,0.2,394,10,0,0.3,9,3,0.0941092593175483,0.878
6,2,0.2,136,10,0,0.3,9,3,-0.106150576958896,0.88
6,2,0.2,283,10,0,0.3,9,3,0.0756157784639697,0.886
6,2,0.2,131,10,0,0.3,9,3,-0.0656024313050807,0.894
6,2,0.2,115,10,0,0.3,9,3,-0.0431700748476374,0.896
6,2,0.2,202,10,0,0.3,9,3,0.0781482400307709,0.898
6,2,0.2,424,10,0,0.3,9,3,-0.0465439585651382,0.898
6,2,0.2,52,10,0,0.3,9,3,0.0617897402699725,0.902
6,2,0.2,204,10,0,0.3,9,3,-0.127298763099532,0.904
6,2,0.2,166,10,0,0.3,9,3,0.0745874793356904,0.906
6,2,0.2,230,10,0,0.3,9,3,-0.112000662874948,0.906
6,2,0.2,56,10,0,0.3,9,3,-0.0912716825432653,0.908
6,2,0.2,373,10,0,0.3,9,3,0.0528438188806604,0.908
6,2,0.2,259,10,0,0.3,9,3,-0.0348367458898053,0.91
6,2,0.2,411,10,0,0.3,9,3,-0.034083186970463,0.91
6,2,0.2,209,10,0,0.3,9,3,0.0667179806928004,0.912
6,2,0.2,256,10,0,0.3,9,3,0.0408251550177283,0.912
6,2,0.2,287,10,0,0.3,9,3,0.0871729444852747,0.92
6,2,0.2,444,10,0,0.3,9,3,0.0498865846187471,0.92
6,2,0.2,235,10,0,0.3,9,3,-0.0480249001981576,0.93
6,2,0.2,32,10,0,0.3,9,3,0.0536507760163261,0.934
6,2,0.2,326,10,0,0.3,9,3,0.0322344732848592,0.934
6,2,0.2,455,10,0,0.3,9,3,0.0573422489616178,0.934
6,2,0.2,456,10,0,0.3,9,3,-0.0405001949582982,0.936
6,2,0.2,390,10,0,0.3,9,3,0.0382128725350697,0.942
6,2,0.2,407,10,0,0.3,9,3,0.0564914254539985,0.942
6,2,0.2,260,10,0,0.3,9,3,-0.0202232866466545,0.944
6,2,0.2,242,10,0,0.3,9,3,-0.0371649019048164,0.946
6,2,0.2,490,10,0,0.3,9,3,-0.0305399031311424,0.95
6,2,0.2,134,10,0,0.3,9,3,-0.0366547525950978,0.954
6,2,0.2,66,10,0,0.3,9,3,0.0152598082696329,0.956
6,2,0.2,200,10,0,0.3,9,3,0.0249220211202328,0.958
6,2,0.2,397,10,0,0.3,9,3,-0.0368345251307574,0.958
6,2,0.2,370,10,0,0.3,9,3,-0.0297649163273377,0.96
6,2,0.2,171,10,0,0.3,9,3,-0.022280757668824,0.966
6,2,0.2,127,10,0,0.3,9,3,0.0190898960410095,0.968
6,2,0.2,149,10,0,0.3,9,3,-0.013449243918501,0.97
6,2,0.2,325,10,0,0.3,9,3,0.0218854332661635,0.97
6,2,0.2,79,10,0,0.3,9,3,0.0232482953259705,0.976
6,2,0.2,474,10,0,0.3,9,3,-0.00688243346451145,0.98
6,2,0.2,371,10,0,0.3,9,3,0.00946993418108377,0.982
6,2,0.2,14,10,0,0.3,9,3,-0.00573917780357647,0.986
6,2,0.2,226,10,0,0.3,9,3,-0.0261927035545,0.986
6,2,0.2,293,10,0,0.3,9,3,-0.0328209283177614,0.986
6,2,0.2,42,10,0,0.3,9,3,0.00245485907410625,0.992
6,2,0.2,112,10,0,0.3,9,3,0.00285401898710802,0.994
6,2,0.2,29,10,0,0.3,9,3,-0.00418963140791107,0.996
6,2,0.2,23,10,0,0.3,10,3,1.58873726247614,0.012
6,2,0.2,171,10,0,0.3,10,3,2.43102768540365,0.02
6,2,0.2,85,10,0,0.3,10,3,1.0118622120344,0.026
6,2,0.2,335,10,0,0.3,10,3,1.33599651584728,0.026
6,2,0.2,98,10,0,0.3,10,3,1.40606654579312,0.028
6,2,0.2,372,10,0,0.3,10,3,-1.19924118355911,0.032
6,2,0.2,174,10,0,0.3,10,3,1.57670975095564,0.034
6,2,0.2,226,10,0,0.3,10,3,-0.631474675418815,0.036
6,2,0.2,415,10,0,0.3,10,3,-0.892796265487448,0.038
6,2,0.2,454,10,0,0.3,10,3,1.04683125805241,0.042
6,2,0.2,123,10,0,0.3,10,3,-1.00478565680817,0.044
6,2,0.2,74,10,0,0.3,10,3,-1.38860667912249,0.046
6,2,0.2,330,10,0,0.3,10,3,1.48198347591946,0.046
6,2,0.2,399,10,0,0.3,10,3,-1.42131221981427,0.046
6,2,0.2,447,10,0,0.3,10,3,-1.72854158760103,0.05
6,2,0.2,250,10,0,0.3,10,3,-1.28167976888278,0.054
6,2,0.2,86,10,0,0.3,10,3,-1.94371300059353,0.058
6,2,0.2,169,10,0,0.3,10,3,-1.09163672442392,0.058
6,2,0.2,329,10,0,0.3,10,3,1.07122745140086,0.058
6,2,0.2,451,10,0,0.3,10,3,1.27841549129931,0.058
6,2,0.2,2,10,0,0.3,10,3,1.55650838173582,0.062
6,2,0.2,14,10,0,0.3,10,3,-1.25479707711156,0.062
6,2,0.2,60,10,0,0.3,10,3,1.22444414542227,0.062
6,2,0.2,478,10,0,0.3,10,3,0.937260905954986,0.062
6,2,0.2,199,10,0,0.3,10,3,1.04533107503266,0.064
6,2,0.2,275,10,0,0.3,10,3,-1.22168539135299,0.066
6,2,0.2,132,10,0,0.3,10,3,1.65390008448765,0.068
6,2,0.2,291,10,0,0.3,10,3,-1.06505216985673,0.07
6,2,0.2,221,10,0,0.3,10,3,-1.06385782959151,0.072
6,2,0.2,411,10,0,0.3,10,3,-1.01636778172215,0.072
6,2,0.2,466,10,0,0.3,10,3,-0.701265207804823,0.072
6,2,0.2,162,10,0,0.3,10,3,-1.49781461483411,0.074
6,2,0.2,333,10,0,0.3,10,3,-0.860728708273513,0.076
6,2,0.2,41,10,0,0.3,10,3,-1.4843692289418,0.078
6,2,0.2,444,10,0,0.3,10,3,-0.718653406983179,0.078
6,2,0.2,324,10,0,0.3,10,3,-0.793551635756103,0.082
6,2,0.2,497,10,0,0.3,10,3,0.759804308751569,0.082
6,2,0.2,179,10,0,0.3,10,3,1.32654997633688,0.084
6,2,0.2,308,10,0,0.3,10,3,1.0054382600531,0.084
6,2,0.2,499,10,0,0.3,10,3,0.613851614603078,0.084
6,2,0.2,55,10,0,0.3,10,3,-1.52384153473358,0.086
6,2,0.2,145,10,0,0.3,10,3,0.932134975664383,0.088
6,2,0.2,274,10,0,0.3,10,3,0.968945297084616,0.088
6,2,0.2,277,10,0,0.3,10,3,-1.12250326963621,0.09
6,2,0.2,351,10,0,0.3,10,3,-0.989274929993485,0.09
6,2,0.2,62,10,0,0.3,10,3,0.656727566747833,0.092
6,2,0.2,271,10,0,0.3,10,3,-0.826289659157197,0.092
6,2,0.2,357,10,0,0.3,10,3,-0.368444333741365,0.092
6,2,0.2,127,10,0,0.3,10,3,1.20152120005011,0.094
6,2,0.2,340,10,0,0.3,10,3,1.34363966532709,0.094
6,2,0.2,358,10,0,0.3,10,3,0.991608170345614,0.094
6,2,0.2,19,10,0,0.3,10,3,-0.859506202896142,0.096
6,2,0.2,58,10,0,0.3,10,3,-1.34645229725876,0.098
6,2,0.2,84,10,0,0.3,10,3,-1.1902827401185,0.1
6,2,0.2,93,10,0,0.3,10,3,-1.07648101614961,0.1
6,2,0.2,28,10,0,0.3,10,3,1.18985772221771,0.102
6,2,0.2,338,10,0,0.3,10,3,1.21367091212949,0.102
6,2,0.2,10,10,0,0.3,10,3,-1.08205821452862,0.106
6,2,0.2,112,10,0,0.3,10,3,0.920980000271157,0.106
6,2,0.2,314,10,0,0.3,10,3,-1.4017520982288,0.108
6,2,0.2,349,10,0,0.3,10,3,-1.12842389096767,0.108
6,2,0.2,416,10,0,0.3,10,3,-1.03325025879485,0.108
6,2,0.2,474,10,0,0.3,10,3,-0.864009692616236,0.108
6,2,0.2,206,10,0,0.3,10,3,0.818587780544021,0.11
6,2,0.2,471,10,0,0.3,10,3,1.2833290586702,0.11
6,2,0.2,418,10,0,0.3,10,3,-0.970462364714308,0.114
6,2,0.2,457,10,0,0.3,10,3,-0.977517099037954,0.114
6,2,0.2,465,10,0,0.3,10,3,-1.02905552290454,0.114
6,2,0.2,276,10,0,0.3,10,3,0.671421014485134,0.116
6,2,0.2,175,10,0,0.3,10,3,0.828590168388757,0.118
6,2,0.2,293,10,0,0.3,10,3,-1.06527765153245,0.118
6,2,0.2,126,10,0,0.3,10,3,0.929108382202628,0.122
6,2,0.2,161,10,0,0.3,10,3,-0.929213936871832,0.122
6,2,0.2,181,10,0,0.3,10,3,-1.43021058982754,0.122
6,2,0.2,344,10,0,0.3,10,3,0.770568624963346,0.122
6,2,0.2,16,10,0,0.3,10,3,-1.34962684586185,0.124
6,2,0.2,105,10,0,0.3,10,3,-0.897826564942733,0.124
6,2,0.2,310,10,0,0.3,10,3,0.987383175897321,0.124
6,2,0.2,377,10,0,0.3,10,3,-0.925784555329074,0.128
6,2,0.2,188,10,0,0.3,10,3,0.478377391714673,0.13
6,2,0.2,222,10,0,0.3,10,3,-0.871224881714454,0.13
6,2,0.2,339,10,0,0.3,10,3,0.893318986593385,0.13
6,2,0.2,287,10,0,0.3,10,3,-0.803734935105155,0.132
6,2,0.2,311,10,0,0.3,10,3,0.587270293070759,0.132
6,2,0.2,12,10,0,0.3,10,3,-1.01228442016645,0.136
6,2,0.2,235,10,0,0.3,10,3,0.566786042962718,0.136
6,2,0.2,452,10,0,0.3,10,3,1.01485792649891,0.136
6,2,0.2,228,10,0,0.3,10,3,0.792236605769261,0.138
6,2,0.2,477,10,0,0.3,10,3,-1.11222965417394,0.138
6,2,0.2,256,10,0,0.3,10,3,0.795670917897979,0.14
6,2,0.2,44,10,0,0.3,10,3,-0.569370131634685,0.142
6,2,0.2,195,10,0,0.3,10,3,-0.310435539095295,0.142
6,2,0.2,472,10,0,0.3,10,3,-1.0510442178113,0.142
6,2,0.2,134,10,0,0.3,10,3,-0.904275208983449,0.144
6,2,0.2,259,10,0,0.3,10,3,0.854481555753949,0.144
6,2,0.2,298,10,0,0.3,10,3,-1.11705376027322,0.144
6,2,0.2,347,10,0,0.3,10,3,0.663172386563645,0.144
6,2,0.2,201,10,0,0.3,10,3,0.460470344234324,0.146
6,2,0.2,485,10,0,0.3,10,3,-0.935819435228467,0.146
6,2,0.2,436,10,0,0.3,10,3,-0.86153663764884,0.148
6,2,0.2,82,10,0,0.3,10,3,-0.846291277991213,0.15
6,2,0.2,92,10,0,0.3,10,3,-0.956545712792689,0.15
6,2,0.2,442,10,0,0.3,10,3,0.850782984839356,0.15
6,2,0.2,17,10,0,0.3,10,3,0.726185426995897,0.152
6,2,0.2,290,10,0,0.3,10,3,-0.901137325336379,0.152
6,2,0.2,233,10,0,0.3,10,3,-0.894272099768557,0.154
6,2,0.2,299,10,0,0.3,10,3,-0.658399756354925,0.154
6,2,0.2,470,10,0,0.3,10,3,-0.746387040470864,0.158
6,2,0.2,486,10,0,0.3,10,3,0.792327439405511,0.158
6,2,0.2,75,10,0,0.3,10,3,-0.611895436772556,0.16
6,2,0.2,99,10,0,0.3,10,3,-0.768057819665131,0.16
6,2,0.2,121,10,0,0.3,10,3,0.782673878918416,0.16
6,2,0.2,166,10,0,0.3,10,3,-0.818661134462616,0.16
6,2,0.2,423,10,0,0.3,10,3,-0.805271198677531,0.16
6,2,0.2,286,10,0,0.3,10,3,0.506215385310753,0.162
6,2,0.2,303,10,0,0.3,10,3,-0.576953701445859,0.162
6,2,0.2,498,10,0,0.3,10,3,0.692158884213455,0.162
6,2,0.2,428,10,0,0.3,10,3,-0.911348512076643,0.164
6,2,0.2,1,10,0,0.3,10,3,-1.00338888389771,0.166
6,2,0.2,21,10,0,0.3,10,3,-0.918998251560538,0.166
6,2,0.2,147,10,0,0.3,10,3,0.822965429447891,0.166
6,2,0.2,260,10,0,0.3,10,3,-0.352256602062567,0.166
6,2,0.2,176,10,0,0.3,10,3,0.548527057192416,0.168
6,2,0.2,489,10,0,0.3,10,3,0.562096846778815,0.168
6,2,0.2,198,10,0,0.3,10,3,0.587773363599723,0.17
6,2,0.2,453,10,0,0.3,10,3,-0.406273261362941,0.17
6,2,0.2,408,10,0,0.3,10,3,0.724201748290426,0.172
6,2,0.2,150,10,0,0.3,10,3,-0.48836629430005,0.174
6,2,0.2,302,10,0,0.3,10,3,-0.66641271463746,0.174
6,2,0.2,389,10,0,0.3,10,3,-0.671224802932443,0.174
6,2,0.2,34,10,0,0.3,10,3,-1.06774453450868,0.176
6,2,0.2,481,10,0,0.3,10,3,-1.36294236180365,0.176
6,2,0.2,72,10,0,0.3,10,3,1.06044355502161,0.178
6,2,0.2,313,10,0,0.3,10,3,0.461853856946675,0.178
6,2,0.2,51,10,0,0.3,10,3,0.800446248288381,0.18
6,2,0.2,386,10,0,0.3,10,3,-0.99616252539775,0.18
6,2,0.2,200,10,0,0.3,10,3,-0.657375892320857,0.182
6,2,0.2,40,10,0,0.3,10,3,0.75219779610569,0.184
6,2,0.2,400,10,0,0.3,10,3,0.812292643808036,0.184
6,2,0.2,429,10,0,0.3,10,3,-0.358102153492098,0.184
6,2,0.2,115,10,0,0.3,10,3,-0.640778157428514,0.186
6,2,0.2,48,10,0,0.3,10,3,-0.742822791065294,0.19
6,2,0.2,272,10,0,0.3,10,3,-1.14168435715365,0.19
6,2,0.2,47,10,0,0.3,10,3,0.686664703674779,0.192
6,2,0.2,107,10,0,0.3,10,3,0.461720771796223,0.194
6,2,0.2,488,10,0,0.3,10,3,0.883186470819169,0.196
6,2,0.2,237,10,0,0.3,10,3,-0.643850827629649,0.198
6,2,0.2,32,10,0,0.3,10,3,-0.376815704207445,0.2
6,2,0.2,396,10,0,0.3,10,3,0.559529117212151,0.2
6,2,0.2,113,10,0,0.3,10,3,-0.492997947070734,0.204
6,2,0.2,316,10,0,0.3,10,3,0.477998294180878,0.206
6,2,0.2,156,10,0,0.3,10,3,0.664688776497798,0.208
6,2,0.2,104,10,0,0.3,10,3,0.499700255048225,0.212
6,2,0.2,475,10,0,0.3,10,3,-0.924749542675443,0.214
6,2,0.2,50,10,0,0.3,10,3,0.960094104277715,0.216
6,2,0.2,343,10,0,0.3,10,3,0.553888017631834,0.22
6,2,0.2,398,10,0,0.3,10,3,-0.642811598553806,0.222
6,2,0.2,446,10,0,0.3,10,3,0.569917533018014,0.224
6,2,0.2,116,10,0,0.3,10,3,0.356279156727879,0.234
6,2,0.2,197,10,0,0.3,10,3,0.240092357272772,0.238
6,2,0.2,431,10,0,0.3,10,3,-0.665002527386577,0.24
6,2,0.2,300,10,0,0.3,10,3,-0.274408160450434,0.242
6,2,0.2,438,10,0,0.3,10,3,-0.471866320440142,0.244
6,2,0.2,33,10,0,0.3,10,3,1.04369717663752,0.246
6,2,0.2,73,10,0,0.3,10,3,0.727293653840718,0.246
6,2,0.2,130,10,0,0.3,10,3,-0.612862120164607,0.248
6,2,0.2,208,10,0,0.3,10,3,-0.638167410930834,0.248
6,2,0.2,374,10,0,0.3,10,3,-0.381711015648676,0.25
6,2,0.2,81,10,0,0.3,10,3,-0.260981255448257,0.256
6,2,0.2,170,10,0,0.3,10,3,-0.461106947028298,0.256
6,2,0.2,46,10,0,0.3,10,3,-0.363910395495708,0.258
6,2,0.2,225,10,0,0.3,10,3,0.530653076623281,0.258
6,2,0.2,267,10,0,0.3,10,3,-0.84450935674397,0.26
6,2,0.2,491,10,0,0.3,10,3,-0.365966650889192,0.26
6,2,0.2,422,10,0,0.3,10,3,-0.619532226142013,0.262
6,2,0.2,419,10,0,0.3,10,3,0.323420337509674,0.264
6,2,0.2,39,10,0,0.3,10,3,0.884999922096739,0.27
6,2,0.2,336,10,0,0.3,10,3,0.455355892384517,0.27
6,2,0.2,66,10,0,0.3,10,3,0.60266879509166,0.274
6,2,0.2,405,10,0,0.3,10,3,-0.803978246918035,0.274
6,2,0.2,417,10,0,0.3,10,3,0.422519063788201,0.276
6,2,0.2,213,10,0,0.3,10,3,0.406195669543052,0.28
6,2,0.2,61,10,0,0.3,10,3,0.632289424055728,0.286
6,2,0.2,190,10,0,0.3,10,3,0.569480412475855,0.292
6,2,0.2,412,10,0,0.3,10,3,0.901231223136904,0.296
6,2,0.2,301,10,0,0.3,10,3,0.355525359281046,0.298
6,2,0.2,288,10,0,0.3,10,3,-1.14224184377227,0.3
6,2,0.2,219,10,0,0.3,10,3,0.259556393137842,0.304
6,2,0.2,215,10,0,0.3,10,3,0.391743399770519,0.308
6,2,0.2,463,10,0,0.3,10,3,0.467091566605092,0.308
6,2,0.2,289,10,0,0.3,10,3,-0.44611327502372,0.314
6,2,0.2,366,10,0,0.3,10,3,-0.379882176344438,0.314
6,2,0.2,254,10,0,0.3,10,3,0.623773757581517,0.316
6,2,0.2,141,10,0,0.3,10,3,-0.455010817569786,0.318
6,2,0.2,297,10,0,0.3,10,3,-0.452926585439997,0.318
6,2,0.2,77,10,0,0.3,10,3,-0.467684002774689,0.32
6,2,0.2,205,10,0,0.3,10,3,0.231892951188144,0.32
6,2,0.2,20,10,0,0.3,10,3,0.561886970665967,0.322
6,2,0.2,345,10,0,0.3,10,3,-0.328744078643496,0.322
6,2,0.2,43,10,0,0.3,10,3,0.471353090585382,0.328
6,2,0.2,87,10,0,0.3,10,3,-0.762808251680354,0.334
6,2,0.2,182,10,0,0.3,10,3,-0.477174311471629,0.338
6,2,0.2,129,10,0,0.3,10,3,-0.360377884664047,0.342
6,2,0.2,212,10,0,0.3,10,3,0.348280724526063,0.354
6,2,0.2,243,10,0,0.3,10,3,-0.614158860817469,0.354
6,2,0.2,178,10,0,0.3,10,3,0.419200827649775,0.366
6,2,0.2,360,10,0,0.3,10,3,0.265354376575601,0.366
6,2,0.2,109,10,0,0.3,10,3,0.643894309992078,0.374
6,2,0.2,402,10,0,0.3,10,3,0.398631244989872,0.374
6,2,0.2,218,10,0,0.3,10,3,0.247628849667194,0.376
6,2,0.2,406,10,0,0.3,10,3,-0.266169903555522,0.378
6,2,0.2,369,10,0,0.3,10,3,-0.521834270118973,0.38
6,2,0.2,280,10,0,0.3,10,3,0.508617719155581,0.386
6,2,0.2,378,10,0,0.3,10,3,-0.396409826471569,0.386
6,2,0.2,192,10,0,0.3,10,3,0.77367972208819,0.396
6,2,0.2,144,10,0,0.3,10,3,0.279609464684484,0.412
6,2,0.2,294,10,0,0.3,10,3,-1.41821490379209,0.412
6,2,0.2,7,10,0,0.3,10,3,0.552012124691316,0.414
6,2,0.2,94,10,0,0.3,10,3,0.891088214944261,0.414
6,2,0.2,65,10,0,0.3,10,3,0.278046367481551,0.426
6,2,0.2,476,10,0,0.3,10,3,0.936861862546749,0.436
6,2,0.2,49,10,0,0.3,10,3,-0.541204041797414,0.442
6,2,0.2,307,10,0,0.3,10,3,0.673923456970442,0.442
6,2,0.2,390,10,0,0.3,10,3,0.611352850321168,0.442
6,2,0.2,318,10,0,0.3,10,3,-0.676604483508072,0.446
6,2,0.2,352,10,0,0.3,10,3,0.374323982398352,0.446
6,2,0.2,68,10,0,0.3,10,3,-0.291970879588746,0.448
6,2,0.2,434,10,0,0.3,10,3,1.06274664199611,0.45
6,2,0.2,441,10,0,0.3,10,3,0.618825873238222,0.45
6,2,0.2,5,10,0,0.3,10,3,0.425654484731922,0.46
6,2,0.2,312,10,0,0.3,10,3,0.492440593340859,0.46
6,2,0.2,38,10,0,0.3,10,3,-0.269700133404911,0.464
6,2,0.2,69,10,0,0.3,10,3,0.337736893427945,0.464
6,2,0.2,456,10,0,0.3,10,3,0.511046450995877,0.464
6,2,0.2,125,10,0,0.3,10,3,-0.786355776462472,0.466
6,2,0.2,155,10,0,0.3,10,3,-0.246818622891226,0.466
6,2,0.2,245,10,0,0.3,10,3,0.261251465312824,0.468
6,2,0.2,321,10,0,0.3,10,3,0.246894089759195,0.468
6,2,0.2,281,10,0,0.3,10,3,-0.605311206372249,0.476
6,2,0.2,363,10,0,0.3,10,3,-0.954916895242036,0.478
6,2,0.2,124,10,0,0.3,10,3,-0.469982771360549,0.48
6,2,0.2,323,10,0,0.3,10,3,0.223235087492213,0.48
6,2,0.2,159,10,0,0.3,10,3,0.375909303960015,0.482
6,2,0.2,167,10,0,0.3,10,3,0.293264646961717,0.484
6,2,0.2,376,10,0,0.3,10,3,-0.312115205944878,0.484
6,2,0.2,387,10,0,0.3,10,3,-0.521483866912803,0.484
6,2,0.2,143,10,0,0.3,10,3,0.199764508016671,0.492
6,2,0.2,414,10,0,0.3,10,3,-0.43547092023644,0.492
6,2,0.2,359,10,0,0.3,10,3,-0.277438413569797,0.494
6,2,0.2,459,10,0,0.3,10,3,0.298792285066185,0.494
6,2,0.2,381,10,0,0.3,10,3,-0.523229285950976,0.496
6,2,0.2,480,10,0,0.3,10,3,-0.850204777674492,0.5
6,2,0.2,30,10,0,0.3,10,3,-0.258426843802596,0.512
6,2,0.2,110,10,0,0.3,10,3,0.304613329662118,0.512
6,2,0.2,368,10,0,0.3,10,3,-0.325014418662164,0.512
6,2,0.2,490,10,0,0.3,10,3,-0.528194899604188,0.512
6,2,0.2,100,10,0,0.3,10,3,0.473557483789676,0.52
6,2,0.2,187,10,0,0.3,10,3,-0.325677510778348,0.52
6,2,0.2,385,10,0,0.3,10,3,0.452770034699313,0.52
6,2,0.2,216,10,0,0.3,10,3,0.312856825054695,0.522
6,2,0.2,493,10,0,0.3,10,3,-0.191333949841493,0.522
6,2,0.2,71,10,0,0.3,10,3,-0.401482961568348,0.524
6,2,0.2,54,10,0,0.3,10,3,-0.286735740143456,0.528
6,2,0.2,425,10,0,0.3,10,3,-0.248391563535336,0.528
6,2,0.2,59,10,0,0.3,10,3,0.539454075724422,0.53
6,2,0.2,184,10,0,0.3,10,3,-0.327488817287445,0.53
6,2,0.2,227,10,0,0.3,10,3,0.38285692904347,0.534
6,2,0.2,435,10,0,0.3,10,3,0.662421870131737,0.538
6,2,0.2,209,10,0,0.3,10,3,0.296504592706412,0.54
6,2,0.2,269,10,0,0.3,10,3,0.560184407684972,0.54
6,2,0.2,391,10,0,0.3,10,3,1.11870154677217,0.54
6,2,0.2,337,10,0,0.3,10,3,0.130649988947113,0.542
6,2,0.2,118,10,0,0.3,10,3,0.337770557233426,0.548
6,2,0.2,397,10,0,0.3,10,3,-0.361340597062423,0.548
6,2,0.2,327,10,0,0.3,10,3,0.712927305724236,0.55
6,2,0.2,149,10,0,0.3,10,3,-0.552473044134473,0.554
6,2,0.2,265,10,0,0.3,10,3,0.144762518817231,0.556
6,2,0.2,177,10,0,0.3,10,3,0.451431757451587,0.562
6,2,0.2,413,10,0,0.3,10,3,-0.525958718160496,0.562
6,2,0.2,461,10,0,0.3,10,3,0.530083338144266,0.564
6,2,0.2,407,10,0,0.3,10,3,0.312081646351231,0.568
6,2,0.2,392,10,0,0.3,10,3,0.301295077401534,0.57
6,2,0.2,142,10,0,0.3,10,3,-0.411077604962458,0.572
6,2,0.2,279,10,0,0.3,10,3,-0.222459775381196,0.576
6,2,0.2,29,10,0,0.3,10,3,-0.163476988129787,0.578
6,2,0.2,185,10,0,0.3,10,3,0.215413211473276,0.58
6,2,0.2,437,10,0,0.3,10,3,-0.408212343923481,0.58
6,2,0.2,88,10,0,0.3,10,3,-0.797995749289299,0.59
6,2,0.2,361,10,0,0.3,10,3,-0.866853715906558,0.59
6,2,0.2,273,10,0,0.3,10,3,0.287913316363642,0.592
6,2,0.2,122,10,0,0.3,10,3,-0.977155558551658,0.596
6,2,0.2,128,10,0,0.3,10,3,0.481757748464844,0.596
6,2,0.2,304,10,0,0.3,10,3,0.279240882623469,0.596
6,2,0.2,325,10,0,0.3,10,3,0.709038537828803,0.598
6,2,0.2,193,10,0,0.3,10,3,-0.801338025881762,0.6
6,2,0.2,309,10,0,0.3,10,3,0.787353246293065,0.6
6,2,0.2,443,10,0,0.3,10,3,0.699439253619403,0.6
6,2,0.2,146,10,0,0.3,10,3,0.769984659855368,0.606
6,2,0.2,375,10,0,0.3,10,3,-0.785647887567279,0.608
6,2,0.2,78,10,0,0.3,10,3,0.260620916066813,0.612
6,2,0.2,258,10,0,0.3,10,3,-0.319701549081088,0.612
6,2,0.2,119,10,0,0.3,10,3,0.258700390665439,0.614
6,2,0.2,236,10,0,0.3,10,3,0.418265563451001,0.614
6,2,0.2,158,10,0,0.3,10,3,0.875285339470196,0.616
6,2,0.2,315,10,0,0.3,10,3,0.495137696443294,0.616
6,2,0.2,240,10,0,0.3,10,3,-0.543100361075375,0.618
6,2,0.2,257,10,0,0.3,10,3,-0.63648716984639,0.62
6,2,0.2,341,10,0,0.3,10,3,0.775701209267908,0.62
6,2,0.2,42,10,0,0.3,10,3,-0.281181483437763,0.622
6,2,0.2,409,10,0,0.3,10,3,0.633004531725646,0.622
6,2,0.2,326,10,0,0.3,10,3,-0.27425992607661,0.624
6,2,0.2,484,10,0,0.3,10,3,-0.252349080098327,0.626
6,2,0.2,80,10,0,0.3,10,3,-0.611261093296406,0.628
6,2,0.2,241,10,0,0.3,10,3,0.415956542271289,0.63
6,2,0.2,101,10,0,0.3,10,3,-0.28802499686293,0.632
6,2,0.2,247,10,0,0.3,10,3,0.417819941982685,0.632
6,2,0.2,384,10,0,0.3,10,3,0.568637057261981,0.634
6,2,0.2,53,10,0,0.3,10,3,-0.132809731270925,0.636
6,2,0.2,268,10,0,0.3,10,3,-0.279792009058525,0.636
6,2,0.2,483,10,0,0.3,10,3,0.465502668833921,0.636
6,2,0.2,9,10,0,0.3,10,3,0.235535016914156,0.638
6,2,0.2,90,10,0,0.3,10,3,-0.329138054622177,0.638
6,2,0.2,353,10,0,0.3,10,3,0.318344162957203,0.638
6,2,0.2,404,10,0,0.3,10,3,-0.479762883609823,0.638
6,2,0.2,202,10,0,0.3,10,3,-0.509595389045643,0.646
6,2,0.2,210,10,0,0.3,10,3,-0.595024339488987,0.646
6,2,0.2,232,10,0,0.3,10,3,-0.33183075394183,0.648
6,2,0.2,283,10,0,0.3,10,3,0.341469746474814,0.648
6,2,0.2,458,10,0,0.3,10,3,0.496756181770877,0.648
6,2,0.2,220,10,0,0.3,10,3,0.438244002670075,0.65
6,2,0.2,31,10,0,0.3,10,3,0.288269409450777,0.654
6,2,0.2,270,10,0,0.3,10,3,0.540192640594739,0.654
6,2,0.2,427,10,0,0.3,10,3,-0.500436885704772,0.656
6,2,0.2,106,10,0,0.3,10,3,0.284210255196797,0.658
6,2,0.2,231,10,0,0.3,10,3,-0.176257477855245,0.66
6,2,0.2,348,10,0,0.3,10,3,-0.512125566904757,0.662
6,2,0.2,108,10,0,0.3,10,3,-0.176313575747429,0.664
6,2,0.2,248,10,0,0.3,10,3,0.380088240388403,0.664
6,2,0.2,332,10,0,0.3,10,3,-0.425048882307493,0.664
6,2,0.2,350,10,0,0.3,10,3,0.474493353452232,0.664
6,2,0.2,56,10,0,0.3,10,3,0.330998725599301,0.666
6,2,0.2,217,10,0,0.3,10,3,-0.146552052331657,0.666
6,2,0.2,296,10,0,0.3,10,3,0.447494669072285,0.666
6,2,0.2,342,10,0,0.3,10,3,0.586711468738059,0.666
6,2,0.2,320,10,0,0.3,10,3,0.555719602221558,0.668
6,2,0.2,322,10,0,0.3,10,3,-0.244134577799514,0.668
6,2,0.2,45,10,0,0.3,10,3,0.45507766027805,0.672
6,2,0.2,295,10,0,0.3,10,3,-0.256470906971913,0.672
6,2,0.2,487,10,0,0.3,10,3,-0.327782636890873,0.672
6,2,0.2,430,10,0,0.3,10,3,0.219947422670941,0.674
6,2,0.2,439,10,0,0.3,10,3,-0.450358009156588,0.674
6,2,0.2,131,10,0,0.3,10,3,-0.188460118303198,0.676
6,2,0.2,25,10,0,0.3,10,3,-0.384955646146494,0.678
6,2,0.2,13,10,0,0.3,10,3,-0.495318726144035,0.68
6,2,0.2,163,10,0,0.3,10,3,0.199625869531388,0.68
6,2,0.2,334,10,0,0.3,10,3,0.154205812197233,0.68
6,2,0.2,305,10,0,0.3,10,3,0.579653449955799,0.682
6,2,0.2,249,10,0,0.3,10,3,-0.25932097857978,0.684
6,2,0.2,173,10,0,0.3,10,3,-0.491319819373558,0.686
6,2,0.2,331,10,0,0.3,10,3,0.191704405602792,0.692
6,2,0.2,3,10,0,0.3,10,3,-0.443303667053385,0.694
6,2,0.2,83,10,0,0.3,10,3,-0.243490347889633,0.694
6,2,0.2,136,10,0,0.3,10,3,-0.283750084021619,0.694
6,2,0.2,238,10,0,0.3,10,3,0.33719095406974,0.694
6,2,0.2,35,10,0,0.3,10,3,-0.154390589191905,0.696
6,2,0.2,203,10,0,0.3,10,3,-0.159559583167351,0.696
6,2,0.2,445,10,0,0.3,10,3,0.266682219583913,0.696
6,2,0.2,154,10,0,0.3,10,3,-0.391606424391171,0.698
6,2,0.2,383,10,0,0.3,10,3,0.298906852214515,0.698
6,2,0.2,319,10,0,0.3,10,3,-0.491189611670166,0.7
6,2,0.2,194,10,0,0.3,10,3,0.171024445392504,0.702
6,2,0.2,168,10,0,0.3,10,3,0.233446658953397,0.704
6,2,0.2,191,10,0,0.3,10,3,-0.3490921378243,0.704
6,2,0.2,282,10,0,0.3,10,3,-0.306537186205276,0.704
6,2,0.2,4,10,0,0.3,10,3,0.456536097356008,0.706
6,2,0.2,421,10,0,0.3,10,3,0.366051316806647,0.706
6,2,0.2,214,10,0,0.3,10,3,0.192035040366392,0.708
6,2,0.2,204,10,0,0.3,10,3,-0.418528953557427,0.71
6,2,0.2,433,10,0,0.3,10,3,-0.442576143966534,0.71
6,2,0.2,255,10,0,0.3,10,3,0.178981521177718,0.712
6,2,0.2,426,10,0,0.3,10,3,0.320045237677135,0.712
6,2,0.2,261,10,0,0.3,10,3,-0.185089744552897,0.716
6,2,0.2,306,10,0,0.3,10,3,0.27286019095601,0.716
6,2,0.2,284,10,0,0.3,10,3,0.20846985549872,0.718
6,2,0.2,356,10,0,0.3,10,3,-0.343087749051961,0.718
6,2,0.2,52,10,0,0.3,10,3,0.286072320599402,0.72
6,2,0.2,102,10,0,0.3,10,3,0.29522385910164,0.726
6,2,0.2,346,10,0,0.3,10,3,-0.100071852501969,0.726
6,2,0.2,464,10,0,0.3,10,3,0.309273704314194,0.726
6,2,0.2,492,10,0,0.3,10,3,0.177918018684949,0.728
6,2,0.2,362,10,0,0.3,10,3,-0.247606349679472,0.73
6,2,0.2,18,10,0,0.3,10,3,0.246079126615342,0.732
6,2,0.2,137,10,0,0.3,10,3,-0.0952858317243965,0.732
6,2,0.2,239,10,0,0.3,10,3,0.277588192584432,0.732
6,2,0.2,266,10,0,0.3,10,3,-0.389223718529905,0.732
6,2,0.2,114,10,0,0.3,10,3,-0.141832002325174,0.734
6,2,0.2,117,10,0,0.3,10,3,0.313417124383676,0.734
6,2,0.2,164,10,0,0.3,10,3,-0.306323719151465,0.734
6,2,0.2,153,10,0,0.3,10,3,0.36132379221479,0.736
6,2,0.2,157,10,0,0.3,10,3,-0.15524756720319,0.736
6,2,0.2,224,10,0,0.3,10,3,-0.118180926174034,0.738
6,2,0.2,140,10,0,0.3,10,3,0.142810663839327,0.74
6,2,0.2,24,10,0,0.3,10,3,-0.299675011835404,0.742
6,2,0.2,420,10,0,0.3,10,3,0.336424256286762,0.742
6,2,0.2,242,10,0,0.3,10,3,0.143694252090427,0.744
6,2,0.2,371,10,0,0.3,10,3,0.209303798267371,0.744
6,2,0.2,468,10,0,0.3,10,3,0.162701085605391,0.748
6,2,0.2,138,10,0,0.3,10,3,-0.18767339951043,0.75
6,2,0.2,211,10,0,0.3,10,3,-0.247479468028047,0.75
6,2,0.2,473,10,0,0.3,10,3,0.189992337907427,0.75
6,2,0.2,467,10,0,0.3,10,3,0.054503046136233,0.754
6,2,0.2,165,10,0,0.3,10,3,-0.227331054204257,0.756
6,2,0.2,328,10,0,0.3,10,3,0.135209502146097,0.756
6,2,0.2,27,10,0,0.3,10,3,-0.11812180386687,0.758
6,2,0.2,292,10,0,0.3,10,3,-0.320972558783552,0.758
6,2,0.2,395,10,0,0.3,10,3,-0.157738372716068,0.758
6,2,0.2,495,10,0,0.3,10,3,-0.242070087256934,0.758
6,2,0.2,8,10,0,0.3,10,3,0.286203342226742,0.764
6,2,0.2,172,10,0,0.3,10,3,-0.139913662917934,0.764
6,2,0.2,317,10,0,0.3,10,3,0.267072856038794,0.766
6,2,0.2,455,10,0,0.3,10,3,0.147387918095006,0.766
6,2,0.2,57,10,0,0.3,10,3,0.143692742496228,0.768
6,2,0.2,120,10,0,0.3,10,3,-0.143267176497517,0.768
6,2,0.2,449,10,0,0.3,10,3,0.145050007683835,0.776
6,2,0.2,89,10,0,0.3,10,3,0.220952333977635,0.78
6,2,0.2,253,10,0,0.3,10,3,-0.0998873150767565,0.78
6,2,0.2,183,10,0,0.3,10,3,-0.106884608891107,0.782
6,2,0.2,223,10,0,0.3,10,3,-0.211152355164387,0.782
6,2,0.2,460,10,0,0.3,10,3,0.228618721201371,0.784
6,2,0.2,380,10,0,0.3,10,3,-0.281799504419524,0.788
6,2,0.2,70,10,0,0.3,10,3,0.134157226485598,0.792
6,2,0.2,373,10,0,0.3,10,3,-0.209698741049039,0.792
6,2,0.2,382,10,0,0.3,10,3,-0.163932951855656,0.792
6,2,0.2,388,10,0,0.3,10,3,0.347672471599651,0.792
6,2,0.2,500,10,0,0.3,10,3,0.222560819648152,0.792
6,2,0.2,424,10,0,0.3,10,3,0.196976586877668,0.794
6,2,0.2,251,10,0,0.3,10,3,0.0677006209901094,0.798
6,2,0.2,229,10,0,0.3,10,3,0.0571503050852868,0.8
6,2,0.2,263,10,0,0.3,10,3,0.224357909613047,0.802
6,2,0.2,135,10,0,0.3,10,3,-0.0545119814889858,0.814
6,2,0.2,432,10,0,0.3,10,3,-0.0938721976278316,0.818
6,2,0.2,36,10,0,0.3,10,3,-0.0308743725131251,0.82
6,2,0.2,152,10,0,0.3,10,3,0.0650154381260393,0.82
6,2,0.2,6,10,0,0.3,10,3,-0.187126521528484,0.822
6,2,0.2,365,10,0,0.3,10,3,0.134708261214854,0.822
6,2,0.2,79,10,0,0.3,10,3,-0.187713909924184,0.824
6,2,0.2,264,10,0,0.3,10,3,0.200468319893446,0.83
6,2,0.2,37,10,0,0.3,10,3,0.105402580931809,0.832
6,2,0.2,139,10,0,0.3,10,3,-0.0859103192659347,0.84
6,2,0.2,11,10,0,0.3,10,3,-0.112435550146643,0.848
6,2,0.2,403,10,0,0.3,10,3,0.176138396152623,0.85
6,2,0.2,234,10,0,0.3,10,3,0.0571962209621688,0.858
6,2,0.2,67,10,0,0.3,10,3,-0.114944888313858,0.866
6,2,0.2,76,10,0,0.3,10,3,-0.103563630334946,0.866
6,2,0.2,410,10,0,0.3,10,3,0.0612162981918516,0.868
6,2,0.2,393,10,0,0.3,10,3,-0.152848793267253,0.874
6,2,0.2,278,10,0,0.3,10,3,-0.0521351295031707,0.884
6,2,0.2,207,10,0,0.3,10,3,0.0665861176260023,0.89
6,2,0.2,469,10,0,0.3,10,3,0.124597957212615,0.89
6,2,0.2,285,10,0,0.3,10,3,-0.127379047184718,0.892
6,2,0.2,196,10,0,0.3,10,3,-0.0572831133055729,0.894
6,2,0.2,262,10,0,0.3,10,3,-0.0897889343835061,0.894
6,2,0.2,482,10,0,0.3,10,3,-0.0521664732413569,0.894
6,2,0.2,252,10,0,0.3,10,3,0.111034722423227,0.908
6,2,0.2,189,10,0,0.3,10,3,0.0612095166291056,0.91
6,2,0.2,448,10,0,0.3,10,3,0.0517207951775731,0.914
6,2,0.2,394,10,0,0.3,10,3,0.0525667904169609,0.916
6,2,0.2,367,10,0,0.3,10,3,-0.0489885379121517,0.918
6,2,0.2,370,10,0,0.3,10,3,-0.0492530314498083,0.922
6,2,0.2,401,10,0,0.3,10,3,-0.0720954586114146,0.932
6,2,0.2,440,10,0,0.3,10,3,0.0642123906869188,0.932
6,2,0.2,95,10,0,0.3,10,3,-0.029081072729781,0.934
6,2,0.2,111,10,0,0.3,10,3,0.0688120857243462,0.934
6,2,0.2,354,10,0,0.3,10,3,-0.0329794582447676,0.934
6,2,0.2,450,10,0,0.3,10,3,-0.033918484772812,0.934
6,2,0.2,151,10,0,0.3,10,3,0.051101115197298,0.938
6,2,0.2,244,10,0,0.3,10,3,0.056477523853772,0.94
6,2,0.2,494,10,0,0.3,10,3,-0.0404615947036575,0.944
6,2,0.2,148,10,0,0.3,10,3,-0.0444479511956786,0.946
6,2,0.2,180,10,0,0.3,10,3,0.0304851383498033,0.946
6,2,0.2,96,10,0,0.3,10,3,-0.0346365276922427,0.948
6,2,0.2,462,10,0,0.3,10,3,0.0377588764175982,0.948
6,2,0.2,15,10,0,0.3,10,3,0.0497873481858164,0.952
6,2,0.2,364,10,0,0.3,10,3,-0.04316283699319,0.954
6,2,0.2,246,10,0,0.3,10,3,0.0241436066522738,0.956
6,2,0.2,379,10,0,0.3,10,3,0.023652799416908,0.958
6,2,0.2,22,10,0,0.3,10,3,-0.0090941697344249,0.96
6,2,0.2,479,10,0,0.3,10,3,0.0359794255775228,0.96
6,2,0.2,355,10,0,0.3,10,3,-0.0213474797999424,0.964
6,2,0.2,230,10,0,0.3,10,3,0.0228226944365417,0.966
6,2,0.2,97,10,0,0.3,10,3,0.0324555248287481,0.968
6,2,0.2,133,10,0,0.3,10,3,0.012708365373868,0.968
6,2,0.2,496,10,0,0.3,10,3,-0.0173899741030255,0.974
6,2,0.2,160,10,0,0.3,10,3,0.0200084807660517,0.978
6,2,0.2,64,10,0,0.3,10,3,0.0418493852998552,0.98
6,2,0.2,63,10,0,0.3,10,3,-0.0147574012864311,0.988
6,2,0.2,186,10,0,0.3,10,3,0.00561610462821704,0.994
6,2,0.2,26,10,0,0.3,10,3,-0.00490244788787209,0.996
6,2,0.2,103,10,0,0.3,10,3,-0.000589637654968556,0.998
6,2,0.2,91,10,0,0.3,10,3,-0.000567076601583949,1
6,2,0.2,359,10,0,0.3,11,3,1.04487910189135,0.018
6,2,0.2,119,10,0,0.3,11,3,1.26901904819815,0.034
6,2,0.2,444,10,0,0.3,11,3,1.14200927343521,0.034
6,2,0.2,60,10,0,0.3,11,3,1.41847371869829,0.036
6,2,0.2,120,10,0,0.3,11,3,1.08123435817984,0.036
6,2,0.2,8,10,0,0.3,11,3,-2.06688429891435,0.038
6,2,0.2,487,10,0,0.3,11,3,-0.87038190712488,0.04
6,2,0.2,82,10,0,0.3,11,3,-1.29443133647231,0.044
6,2,0.2,274,10,0,0.3,11,3,1.11125370390158,0.044
6,2,0.2,419,10,0,0.3,11,3,0.87782930561508,0.044
6,2,0.2,449,10,0,0.3,11,3,1.72211417073987,0.044
6,2,0.2,436,10,0,0.3,11,3,-1.15210619056299,0.046
6,2,0.2,469,10,0,0.3,11,3,0.649815057880545,0.046
6,2,0.2,140,10,0,0.3,11,3,-1.72098403023716,0.048
6,2,0.2,404,10,0,0.3,11,3,-1.63042283178007,0.052
6,2,0.2,281,10,0,0.3,11,3,1.19657631880142,0.056
6,2,0.2,395,10,0,0.3,11,3,-1.54617819380866,0.056
6,2,0.2,496,10,0,0.3,11,3,1.14285023684619,0.056
6,2,0.2,257,10,0,0.3,11,3,-1.52150419940628,0.058
6,2,0.2,453,10,0,0.3,11,3,1.65170578076811,0.058
6,2,0.2,3,10,0,0.3,11,3,1.62959781735606,0.06
6,2,0.2,388,10,0,0.3,11,3,0.925070651634002,0.062
6,2,0.2,167,10,0,0.3,11,3,1.0206523125577,0.064
6,2,0.2,233,10,0,0.3,11,3,-1.18904760457517,0.064
6,2,0.2,477,10,0,0.3,11,3,1.05867256460689,0.068
6,2,0.2,484,10,0,0.3,11,3,1.1942989013003,0.068
6,2,0.2,373,10,0,0.3,11,3,-0.801003331945822,0.07
6,2,0.2,70,10,0,0.3,11,3,-1.04261115367447,0.072
6,2,0.2,145,10,0,0.3,11,3,-1.36173638770296,0.072
6,2,0.2,193,10,0,0.3,11,3,0.985026443645381,0.072
6,2,0.2,452,10,0,0.3,11,3,-1.04649718953939,0.072
6,2,0.2,207,10,0,0.3,11,3,1.05300187358966,0.074
6,2,0.2,248,10,0,0.3,11,3,-1.40898925591119,0.074
6,2,0.2,218,10,0,0.3,11,3,1.38057391143133,0.076
6,2,0.2,138,10,0,0.3,11,3,-1.380758393539,0.078
6,2,0.2,332,10,0,0.3,11,3,1.07671582638682,0.08
6,2,0.2,474,10,0,0.3,11,3,1.07893287491467,0.08
6,2,0.2,139,10,0,0.3,11,3,-1.27776619253629,0.082
6,2,0.2,146,10,0,0.3,11,3,1.10069194939464,0.082
6,2,0.2,411,10,0,0.3,11,3,-0.492056622211663,0.082
6,2,0.2,492,10,0,0.3,11,3,0.64523008231501,0.082
6,2,0.2,12,10,0,0.3,11,3,1.10691620376795,0.084
6,2,0.2,84,10,0,0.3,11,3,1.17394410904024,0.084
6,2,0.2,295,10,0,0.3,11,3,-1.19498990740595,0.084
6,2,0.2,33,10,0,0.3,11,3,-0.74844718678392,0.086
6,2,0.2,335,10,0,0.3,11,3,1.11578818048051,0.086
6,2,0.2,132,10,0,0.3,11,3,0.94191270347838,0.088
6,2,0.2,155,10,0,0.3,11,3,0.985107532756018,0.092
6,2,0.2,173,10,0,0.3,11,3,0.888944263511689,0.092
6,2,0.2,217,10,0,0.3,11,3,0.790480825724075,0.092
6,2,0.2,367,10,0,0.3,11,3,1.24164147439734,0.092
6,2,0.2,375,10,0,0.3,11,3,-1.51779499900604,0.092
6,2,0.2,45,10,0,0.3,11,3,0.96004595201677,0.096
6,2,0.2,101,10,0,0.3,11,3,-1.2779708118241,0.096
6,2,0.2,242,10,0,0.3,11,3,-0.794698338331358,0.096
6,2,0.2,285,10,0,0.3,11,3,1.15846086001343,0.096
6,2,0.2,31,10,0,0.3,11,3,0.963515389306622,0.098
6,2,0.2,351,10,0,0.3,11,3,0.951793670036494,0.098
6,2,0.2,228,10,0,0.3,11,3,0.791593972908657,0.1
6,2,0.2,253,10,0,0.3,11,3,-0.866561210339057,0.1
6,2,0.2,194,10,0,0.3,11,3,0.910209469700874,0.102
6,2,0.2,362,10,0,0.3,11,3,0.865359297450112,0.102
6,2,0.2,23,10,0,0.3,11,3,0.848122187521625,0.104
6,2,0.2,197,10,0,0.3,11,3,1.09418881853583,0.104
6,2,0.2,230,10,0,0.3,11,3,0.803441679183464,0.108
6,2,0.2,238,10,0,0.3,11,3,-0.948184640620354,0.108
6,2,0.2,290,10,0,0.3,11,3,-1.03228856999516,0.108
6,2,0.2,356,10,0,0.3,11,3,0.680986554423583,0.108
6,2,0.2,406,10,0,0.3,11,3,0.829652917722967,0.108
6,2,0.2,224,10,0,0.3,11,3,0.668484585474317,0.11
6,2,0.2,66,10,0,0.3,11,3,0.681839896076781,0.112
6,2,0.2,81,10,0,0.3,11,3,0.885219480914373,0.112
6,2,0.2,112,10,0,0.3,11,3,-0.889649239565443,0.112
6,2,0.2,268,10,0,0.3,11,3,1.39470584954736,0.112
6,2,0.2,363,10,0,0.3,11,3,1.03765459806851,0.112
6,2,0.2,424,10,0,0.3,11,3,0.580631609667478,0.114
6,2,0.2,334,10,0,0.3,11,3,0.635626205244535,0.116
6,2,0.2,371,10,0,0.3,11,3,0.731251310518076,0.116
6,2,0.2,209,10,0,0.3,11,3,0.679946239790553,0.118
6,2,0.2,302,10,0,0.3,11,3,1.28050923898405,0.118
6,2,0.2,355,10,0,0.3,11,3,-0.810876383847244,0.118
6,2,0.2,458,10,0,0.3,11,3,-0.82438043679025,0.118
6,2,0.2,342,10,0,0.3,11,3,-0.566479044466263,0.12
6,2,0.2,114,10,0,0.3,11,3,0.646099145903236,0.122
6,2,0.2,291,10,0,0.3,11,3,-0.96393255800615,0.124
6,2,0.2,354,10,0,0.3,11,3,-0.850590184846425,0.124
6,2,0.2,384,10,0,0.3,11,3,-1.0549812502646,0.124
6,2,0.2,96,10,0,0.3,11,3,-0.718713542383824,0.126
6,2,0.2,353,10,0,0.3,11,3,-0.848794180995242,0.128
6,2,0.2,370,10,0,0.3,11,3,0.737300791908808,0.128
6,2,0.2,379,10,0,0.3,11,3,0.522562699704054,0.128
6,2,0.2,392,10,0,0.3,11,3,-0.798281161500114,0.128
6,2,0.2,445,10,0,0.3,11,3,0.79492714832466,0.13
6,2,0.2,177,10,0,0.3,11,3,-0.587407178517537,0.132
6,2,0.2,429,10,0,0.3,11,3,-0.811135312008389,0.132
6,2,0.2,476,10,0,0.3,11,3,-0.890263422151634,0.134
6,2,0.2,187,10,0,0.3,11,3,0.282160734768155,0.136
6,2,0.2,338,10,0,0.3,11,3,-0.859828430977728,0.136
6,2,0.2,441,10,0,0.3,11,3,-0.816294917576386,0.136
6,2,0.2,473,10,0,0.3,11,3,0.53773943565372,0.136
6,2,0.2,245,10,0,0.3,11,3,0.709981719091388,0.138
6,2,0.2,426,10,0,0.3,11,3,1.37132838256665,0.138
6,2,0.2,212,10,0,0.3,11,3,-0.585313650336531,0.14
6,2,0.2,184,10,0,0.3,11,3,-0.536249250336823,0.144
6,2,0.2,262,10,0,0.3,11,3,0.531673260794207,0.144
6,2,0.2,10,10,0,0.3,11,3,1.24584018535273,0.146
6,2,0.2,46,10,0,0.3,11,3,0.921484073768539,0.146
6,2,0.2,425,10,0,0.3,11,3,0.665007191138443,0.146
6,2,0.2,383,10,0,0.3,11,3,0.776640360483327,0.148
6,2,0.2,188,10,0,0.3,11,3,-0.631751919616846,0.15
6,2,0.2,14,10,0,0.3,11,3,-0.813161934806743,0.152
6,2,0.2,47,10,0,0.3,11,3,0.367037486871141,0.154
6,2,0.2,74,10,0,0.3,11,3,-0.341113844642422,0.154
6,2,0.2,417,10,0,0.3,11,3,0.526080824791677,0.154
6,2,0.2,113,10,0,0.3,11,3,-0.678413333720982,0.158
6,2,0.2,243,10,0,0.3,11,3,-0.783669053976979,0.158
6,2,0.2,466,10,0,0.3,11,3,0.377151682341378,0.158
6,2,0.2,499,10,0,0.3,11,3,0.85130595672436,0.158
6,2,0.2,13,10,0,0.3,11,3,-0.599218388180788,0.16
6,2,0.2,183,10,0,0.3,11,3,-0.490390395118027,0.162
6,2,0.2,247,10,0,0.3,11,3,-0.368022375189241,0.164
6,2,0.2,397,10,0,0.3,11,3,-0.279853061134531,0.164
6,2,0.2,447,10,0,0.3,11,3,-0.497733762793501,0.164
6,2,0.2,11,10,0,0.3,11,3,-0.652304244257891,0.166
6,2,0.2,127,10,0,0.3,11,3,-0.856708833818004,0.166
6,2,0.2,237,10,0,0.3,11,3,-0.602507142837993,0.166
6,2,0.2,286,10,0,0.3,11,3,0.424109597263623,0.17
6,2,0.2,491,10,0,0.3,11,3,0.685298448355866,0.17
6,2,0.2,189,10,0,0.3,11,3,0.746225861726344,0.172
6,2,0.2,226,10,0,0.3,11,3,0.944050381908312,0.172
6,2,0.2,311,10,0,0.3,11,3,0.831313117348088,0.174
6,2,0.2,339,10,0,0.3,11,3,-1.04957025011456,0.178
6,2,0.2,349,10,0,0.3,11,3,-0.414721767871953,0.178
6,2,0.2,5,10,0,0.3,11,3,0.59684796154761,0.18
6,2,0.2,141,10,0,0.3,11,3,1.44278471089319,0.182
6,2,0.2,77,10,0,0.3,11,3,-0.525308870752895,0.184
6,2,0.2,85,10,0,0.3,11,3,0.802250648246428,0.186
6,2,0.2,365,10,0,0.3,11,3,-0.571504528659631,0.186
6,2,0.2,108,10,0,0.3,11,3,-0.416031092903523,0.188
6,2,0.2,438,10,0,0.3,11,3,-0.408383052765743,0.188
6,2,0.2,213,10,0,0.3,11,3,0.386986086661182,0.192
6,2,0.2,407,10,0,0.3,11,3,0.697224799950249,0.192
6,2,0.2,387,10,0,0.3,11,3,0.697688042047844,0.194
6,2,0.2,459,10,0,0.3,11,3,-0.704270393492948,0.206
6,2,0.2,92,10,0,0.3,11,3,0.483183377797332,0.212
6,2,0.2,202,10,0,0.3,11,3,0.531716783503214,0.212
6,2,0.2,312,10,0,0.3,11,3,0.72656245720728,0.212
6,2,0.2,481,10,0,0.3,11,3,0.250708639261688,0.216
6,2,0.2,151,10,0,0.3,11,3,0.389894782892327,0.218
6,2,0.2,380,10,0,0.3,11,3,-0.497397348942059,0.218
6,2,0.2,111,10,0,0.3,11,3,0.6199387553593,0.222
6,2,0.2,464,10,0,0.3,11,3,-0.331432002870685,0.222
6,2,0.2,402,10,0,0.3,11,3,0.317173506672901,0.226
6,2,0.2,343,10,0,0.3,11,3,0.646843473957375,0.228
6,2,0.2,161,10,0,0.3,11,3,1.12962777945944,0.236
6,2,0.2,494,10,0,0.3,11,3,0.485653691039658,0.236
6,2,0.2,68,10,0,0.3,11,3,-0.469289923772521,0.24
6,2,0.2,178,10,0,0.3,11,3,-0.331942874017244,0.244
6,2,0.2,322,10,0,0.3,11,3,-0.592143701753884,0.244
6,2,0.2,20,10,0,0.3,11,3,-0.838673067620817,0.248
6,2,0.2,307,10,0,0.3,11,3,-0.52380770193659,0.248
6,2,0.2,321,10,0,0.3,11,3,-0.370188979858341,0.248
6,2,0.2,126,10,0,0.3,11,3,1.03394994134609,0.25
6,2,0.2,7,10,0,0.3,11,3,-0.53171935671665,0.258
6,2,0.2,252,10,0,0.3,11,3,0.651164440181844,0.26
6,2,0.2,55,10,0,0.3,11,3,0.556692580764974,0.262
6,2,0.2,204,10,0,0.3,11,3,-0.322051016561772,0.262
6,2,0.2,284,10,0,0.3,11,3,-0.854355068247685,0.266
6,2,0.2,390,10,0,0.3,11,3,-0.47988286234451,0.266
6,2,0.2,400,10,0,0.3,11,3,0.461580001114754,0.268
6,2,0.2,75,10,0,0.3,11,3,0.372602029960433,0.27
6,2,0.2,416,10,0,0.3,11,3,0.610524231338616,0.276
6,2,0.2,215,10,0,0.3,11,3,-0.326016143375455,0.278
6,2,0.2,49,10,0,0.3,11,3,-0.81056200187291,0.282
6,2,0.2,418,10,0,0.3,11,3,-0.812589011867431,0.286
6,2,0.2,462,10,0,0.3,11,3,-0.419693424523388,0.286
6,2,0.2,234,10,0,0.3,11,3,-0.451500107460362,0.288
6,2,0.2,465,10,0,0.3,11,3,0.474564209716448,0.288
6,2,0.2,191,10,0,0.3,11,3,0.547342986767575,0.292
6,2,0.2,292,10,0,0.3,11,3,0.220615523375386,0.292
6,2,0.2,256,10,0,0.3,11,3,-0.581836271900897,0.294
6,2,0.2,434,10,0,0.3,11,3,-0.388667744879285,0.294
6,2,0.2,137,10,0,0.3,11,3,-0.268005974209188,0.298
6,2,0.2,144,10,0,0.3,11,3,0.932149049204156,0.302
6,2,0.2,76,10,0,0.3,11,3,-0.309760799428688,0.306
6,2,0.2,232,10,0,0.3,11,3,0.53795720168398,0.306
6,2,0.2,298,10,0,0.3,11,3,0.378456388705615,0.306
6,2,0.2,90,10,0,0.3,11,3,-0.443968359795434,0.308
6,2,0.2,26,10,0,0.3,11,3,-0.375085280149762,0.31
6,2,0.2,171,10,0,0.3,11,3,-0.434441515245652,0.31
6,2,0.2,219,10,0,0.3,11,3,-0.62950043358876,0.312
6,2,0.2,42,10,0,0.3,11,3,-1.01881945534257,0.314
6,2,0.2,386,10,0,0.3,11,3,-0.641807540967676,0.314
6,2,0.2,239,10,0,0.3,11,3,-1.30996318196483,0.318
6,2,0.2,299,10,0,0.3,11,3,-0.860698205524642,0.318
6,2,0.2,6,10,0,0.3,11,3,-0.285814150746404,0.322
6,2,0.2,410,10,0,0.3,11,3,-0.588156217967537,0.328
6,2,0.2,67,10,0,0.3,11,3,-0.228050331501464,0.332
6,2,0.2,94,10,0,0.3,11,3,-0.453807433856383,0.332
6,2,0.2,50,10,0,0.3,11,3,0.629158106606894,0.334
6,2,0.2,83,10,0,0.3,11,3,-0.243968674903982,0.334
6,2,0.2,61,10,0,0.3,11,3,-0.386760012305757,0.336
6,2,0.2,270,10,0,0.3,11,3,-0.700703706804461,0.336
6,2,0.2,271,10,0,0.3,11,3,0.414964095099265,0.34
6,2,0.2,333,10,0,0.3,11,3,-0.579838845729086,0.34
6,2,0.2,156,10,0,0.3,11,3,-0.368337875276012,0.348
6,2,0.2,398,10,0,0.3,11,3,0.602319371302968,0.35
6,2,0.2,152,10,0,0.3,11,3,0.35655962139964,0.354
6,2,0.2,153,10,0,0.3,11,3,0.48607546959272,0.354
6,2,0.2,297,10,0,0.3,11,3,-0.222473703129509,0.364
6,2,0.2,316,10,0,0.3,11,3,-0.614956374153479,0.364
6,2,0.2,277,10,0,0.3,11,3,-0.31021168730436,0.366
6,2,0.2,308,10,0,0.3,11,3,0.268027321496277,0.368
6,2,0.2,16,10,0,0.3,11,3,0.572756176941255,0.37
6,2,0.2,485,10,0,0.3,11,3,0.377475111631185,0.37
6,2,0.2,73,10,0,0.3,11,3,-0.296266148949314,0.372
6,2,0.2,276,10,0,0.3,11,3,-0.521005579033897,0.374
6,2,0.2,420,10,0,0.3,11,3,0.489770518091831,0.376
6,2,0.2,48,10,0,0.3,11,3,-0.908967448927825,0.378
6,2,0.2,34,10,0,0.3,11,3,-0.431207251351907,0.38
6,2,0.2,27,10,0,0.3,11,3,0.313646339221378,0.382
6,2,0.2,314,10,0,0.3,11,3,0.548373842243734,0.388
6,2,0.2,149,10,0,0.3,11,3,0.419632164999996,0.398
6,2,0.2,143,10,0,0.3,11,3,-0.384048712109774,0.402
6,2,0.2,79,10,0,0.3,11,3,-0.309065713950218,0.406
6,2,0.2,200,10,0,0.3,11,3,-0.893974911822227,0.41
6,2,0.2,430,10,0,0.3,11,3,-0.812739403674954,0.41
6,2,0.2,378,10,0,0.3,11,3,-0.67070720028093,0.414
6,2,0.2,86,10,0,0.3,11,3,-0.408643376727753,0.418
6,2,0.2,154,10,0,0.3,11,3,-0.42720811287532,0.418
6,2,0.2,483,10,0,0.3,11,3,-0.508938094863566,0.42
6,2,0.2,17,10,0,0.3,11,3,-0.242334062682716,0.422
6,2,0.2,57,10,0,0.3,11,3,0.284582022494305,0.426
6,2,0.2,329,10,0,0.3,11,3,-0.627387834381267,0.426
6,2,0.2,372,10,0,0.3,11,3,-0.464612779559786,0.43
6,2,0.2,431,10,0,0.3,11,3,0.285337808079021,0.43
6,2,0.2,214,10,0,0.3,11,3,0.238742080756992,0.432
6,2,0.2,1,10,0,0.3,11,3,-0.663134780910582,0.434
6,2,0.2,88,10,0,0.3,11,3,0.664035547347368,0.434
6,2,0.2,32,10,0,0.3,11,3,0.700792587534465,0.436
6,2,0.2,275,10,0,0.3,11,3,-0.606595620107555,0.444
6,2,0.2,385,10,0,0.3,11,3,0.324705606346669,0.444
6,2,0.2,326,10,0,0.3,11,3,0.306766454671248,0.446
6,2,0.2,56,10,0,0.3,11,3,0.195641650174821,0.45
6,2,0.2,220,10,0,0.3,11,3,0.288187633845212,0.45
6,2,0.2,104,10,0,0.3,11,3,-0.405080174567445,0.452
6,2,0.2,427,10,0,0.3,11,3,-0.211016730584504,0.452
6,2,0.2,369,10,0,0.3,11,3,-0.332641849574202,0.456
6,2,0.2,78,10,0,0.3,11,3,0.284346286111173,0.468
6,2,0.2,102,10,0,0.3,11,3,0.955701015546026,0.468
6,2,0.2,255,10,0,0.3,11,3,0.361184115450612,0.48
6,2,0.2,192,10,0,0.3,11,3,-0.437463291159219,0.482
6,2,0.2,350,10,0,0.3,11,3,-0.783902630180535,0.482
6,2,0.2,327,10,0,0.3,11,3,0.531723547789198,0.484
6,2,0.2,133,10,0,0.3,11,3,0.79509619314905,0.486
6,2,0.2,389,10,0,0.3,11,3,-0.286014958815059,0.488
6,2,0.2,310,10,0,0.3,11,3,0.985040629600235,0.492
6,2,0.2,455,10,0,0.3,11,3,-0.391095414113835,0.496
6,2,0.2,160,10,0,0.3,11,3,0.739703542117041,0.502
6,2,0.2,261,10,0,0.3,11,3,-0.332195758301054,0.502
6,2,0.2,130,10,0,0.3,11,3,-0.621583038116995,0.508
6,2,0.2,352,10,0,0.3,11,3,-0.140235614206375,0.51
6,2,0.2,21,10,0,0.3,11,3,0.730213247052205,0.514
6,2,0.2,62,10,0,0.3,11,3,0.302088961950119,0.514
6,2,0.2,118,10,0,0.3,11,3,-0.404800679316708,0.518
6,2,0.2,169,10,0,0.3,11,3,0.496772768639147,0.518
6,2,0.2,259,10,0,0.3,11,3,0.216955557580604,0.518
6,2,0.2,121,10,0,0.3,11,3,-0.24240085470592,0.522
6,2,0.2,235,10,0,0.3,11,3,-0.56816443353614,0.522
6,2,0.2,304,10,0,0.3,11,3,-0.241235797111699,0.528
6,2,0.2,320,10,0,0.3,11,3,-0.326531151058674,0.528
6,2,0.2,231,10,0,0.3,11,3,-0.315565858251205,0.53
6,2,0.2,95,10,0,0.3,11,3,-0.521401898128659,0.532
6,2,0.2,396,10,0,0.3,11,3,0.209136531277579,0.532
6,2,0.2,318,10,0,0.3,11,3,0.309116275847202,0.536
6,2,0.2,24,10,0,0.3,11,3,-0.573845211244674,0.538
6,2,0.2,399,10,0,0.3,11,3,-0.258565797311945,0.542
6,2,0.2,401,10,0,0.3,11,3,-0.367117018622594,0.544
6,2,0.2,348,10,0,0.3,11,3,0.230552041452256,0.554
6,2,0.2,205,10,0,0.3,11,3,-0.756877698735934,0.564
6,2,0.2,211,10,0,0.3,11,3,-0.937539273157142,0.564
6,2,0.2,435,10,0,0.3,11,3,0.837776365458865,0.566
6,2,0.2,97,10,0,0.3,11,3,0.217196983284481,0.568
6,2,0.2,325,10,0,0.3,11,3,0.850571883617221,0.57
6,2,0.2,174,10,0,0.3,11,3,0.458172850183672,0.576
6,2,0.2,249,10,0,0.3,11,3,-0.336736689698114,0.576
6,2,0.2,403,10,0,0.3,11,3,0.201819573657247,0.576
6,2,0.2,116,10,0,0.3,11,3,-0.235762417661817,0.578
6,2,0.2,289,10,0,0.3,11,3,0.577644669211196,0.578
6,2,0.2,39,10,0,0.3,11,3,0.349819599855863,0.58
6,2,0.2,43,10,0,0.3,11,3,0.457076885339063,0.582
6,2,0.2,44,10,0,0.3,11,3,0.315480055489928,0.584
6,2,0.2,382,10,0,0.3,11,3,0.1614786323602,0.586
6,2,0.2,80,10,0,0.3,11,3,0.319568935184918,0.588
6,2,0.2,186,10,0,0.3,11,3,0.158680634855472,0.588
6,2,0.2,246,10,0,0.3,11,3,-0.253890945598471,0.588
6,2,0.2,190,10,0,0.3,11,3,0.502235368986248,0.59
6,2,0.2,303,10,0,0.3,11,3,-0.260321314124184,0.59
6,2,0.2,480,10,0,0.3,11,3,0.292906253232474,0.592
6,2,0.2,30,10,0,0.3,11,3,-0.410090408392591,0.594
6,2,0.2,463,10,0,0.3,11,3,0.330209834140931,0.594
6,2,0.2,345,10,0,0.3,11,3,-0.331985358673364,0.596
6,2,0.2,131,10,0,0.3,11,3,0.666971938599744,0.608
6,2,0.2,164,10,0,0.3,11,3,0.342763764759724,0.614
6,2,0.2,414,10,0,0.3,11,3,0.459001154693112,0.616
6,2,0.2,475,10,0,0.3,11,3,-1.12227700463242,0.616
6,2,0.2,305,10,0,0.3,11,3,-0.655249852187268,0.618
6,2,0.2,165,10,0,0.3,11,3,-0.298133194668566,0.622
6,2,0.2,176,10,0,0.3,11,3,-0.150812367974254,0.622
6,2,0.2,91,10,0,0.3,11,3,-0.410503392354173,0.628
6,2,0.2,124,10,0,0.3,11,3,-0.462984267520113,0.628
6,2,0.2,293,10,0,0.3,11,3,-0.147617279906285,0.628
6,2,0.2,300,10,0,0.3,11,3,-0.39182877443622,0.628
6,2,0.2,72,10,0,0.3,11,3,0.510908438840517,0.632
6,2,0.2,498,10,0,0.3,11,3,0.185611477943155,0.632
6,2,0.2,315,10,0,0.3,11,3,-0.578158215372071,0.634
6,2,0.2,198,10,0,0.3,11,3,-0.564497207501887,0.636
6,2,0.2,280,10,0,0.3,11,3,-0.22999357513055,0.636
6,2,0.2,381,10,0,0.3,11,3,-0.645355488051052,0.636
6,2,0.2,405,10,0,0.3,11,3,-0.264264719239009,0.636
6,2,0.2,269,10,0,0.3,11,3,0.473447882771694,0.638
6,2,0.2,482,10,0,0.3,11,3,0.582044595705526,0.638
6,2,0.2,37,10,0,0.3,11,3,-0.31918330200665,0.64
6,2,0.2,374,10,0,0.3,11,3,0.376212424338917,0.64
6,2,0.2,181,10,0,0.3,11,3,0.579326577893596,0.642
6,2,0.2,244,10,0,0.3,11,3,0.167646257492152,0.642
6,2,0.2,341,10,0,0.3,11,3,-0.280837395977869,0.642
6,2,0.2,208,10,0,0.3,11,3,0.767781705721092,0.646
6,2,0.2,443,10,0,0.3,11,3,-0.368597700384328,0.648
6,2,0.2,36,10,0,0.3,11,3,-0.487135792926665,0.65
6,2,0.2,433,10,0,0.3,11,3,-0.423887519335693,0.65
6,2,0.2,105,10,0,0.3,11,3,-0.160943346152465,0.652
6,2,0.2,294,10,0,0.3,11,3,0.138567742270681,0.652
6,2,0.2,377,10,0,0.3,11,3,0.466212699986841,0.652
6,2,0.2,115,10,0,0.3,11,3,0.126266723710529,0.654
6,2,0.2,272,10,0,0.3,11,3,-0.602407628930905,0.654
6,2,0.2,59,10,0,0.3,11,3,-0.259257874651809,0.656
6,2,0.2,64,10,0,0.3,11,3,-0.6207496760872,0.656
6,2,0.2,500,10,0,0.3,11,3,-0.422740856666451,0.656
6,2,0.2,250,10,0,0.3,11,3,0.210273132780458,0.658
6,2,0.2,432,10,0,0.3,11,3,0.509019173129445,0.66
6,2,0.2,195,10,0,0.3,11,3,0.349554519588196,0.666
6,2,0.2,490,10,0,0.3,11,3,0.306682745303476,0.668
6,2,0.2,136,10,0,0.3,11,3,-0.49453487037718,0.67
6,2,0.2,180,10,0,0.3,11,3,0.321809092772156,0.67
6,2,0.2,488,10,0,0.3,11,3,0.209256944453159,0.67
6,2,0.2,38,10,0,0.3,11,3,0.334332470183114,0.672
6,2,0.2,168,10,0,0.3,11,3,0.140418910345318,0.672
6,2,0.2,201,10,0,0.3,11,3,-0.484988945686524,0.676
6,2,0.2,216,10,0,0.3,11,3,0.371831672698619,0.676
6,2,0.2,461,10,0,0.3,11,3,0.649146038295953,0.676
6,2,0.2,71,10,0,0.3,11,3,-0.114143636576529,0.678
6,2,0.2,89,10,0,0.3,11,3,-0.587539503557622,0.678
6,2,0.2,125,10,0,0.3,11,3,-0.651612862048097,0.678
6,2,0.2,225,10,0,0.3,11,3,-0.422016226885319,0.68
6,2,0.2,263,10,0,0.3,11,3,-0.285916921515849,0.68
6,2,0.2,422,10,0,0.3,11,3,0.255993132687621,0.68
6,2,0.2,210,10,0,0.3,11,3,0.360410401079662,0.682
6,2,0.2,236,10,0,0.3,11,3,-0.13656352225874,0.682
6,2,0.2,486,10,0,0.3,11,3,-0.137032414590266,0.682
6,2,0.2,468,10,0,0.3,11,3,0.485163511153843,0.684
6,2,0.2,357,10,0,0.3,11,3,-0.658488150495515,0.688
6,2,0.2,437,10,0,0.3,11,3,-0.134419106511274,0.688
6,2,0.2,347,10,0,0.3,11,3,-0.322848276195771,0.69
6,2,0.2,98,10,0,0.3,11,3,0.204230063786753,0.692
6,2,0.2,35,10,0,0.3,11,3,-0.365045643531687,0.696
6,2,0.2,109,10,0,0.3,11,3,0.294231038674098,0.696
6,2,0.2,440,10,0,0.3,11,3,0.160358431664946,0.696
6,2,0.2,110,10,0,0.3,11,3,0.105517921105019,0.698
6,2,0.2,336,10,0,0.3,11,3,-0.277854348329555,0.698
6,2,0.2,301,10,0,0.3,11,3,-0.113873088858185,0.7
6,2,0.2,408,10,0,0.3,11,3,0.397758251914496,0.7
6,2,0.2,28,10,0,0.3,11,3,-0.232535540886175,0.708
6,2,0.2,65,10,0,0.3,11,3,0.246285720874539,0.708
6,2,0.2,495,10,0,0.3,11,3,0.302778060003277,0.708
6,2,0.2,258,10,0,0.3,11,3,0.145920456081456,0.71
6,2,0.2,206,10,0,0.3,11,3,-0.502957116533423,0.716
6,2,0.2,179,10,0,0.3,11,3,0.166844979406051,0.718
6,2,0.2,460,10,0,0.3,11,3,0.400760450378471,0.718
6,2,0.2,142,10,0,0.3,11,3,-0.183567398404278,0.72
6,2,0.2,412,10,0,0.3,11,3,-0.211378681289347,0.724
6,2,0.2,317,10,0,0.3,11,3,0.181785042993653,0.726
6,2,0.2,22,10,0,0.3,11,3,-0.185184292857826,0.728
6,2,0.2,368,10,0,0.3,11,3,-0.267649203189933,0.73
6,2,0.2,472,10,0,0.3,11,3,-0.169985726075453,0.73
6,2,0.2,306,10,0,0.3,11,3,-0.18090901432933,0.742
6,2,0.2,394,10,0,0.3,11,3,0.208457606787931,0.742
6,2,0.2,107,10,0,0.3,11,3,-0.0981065840639133,0.748
6,2,0.2,4,10,0,0.3,11,3,0.217409760779049,0.75
6,2,0.2,52,10,0,0.3,11,3,-0.131292502466835,0.75
6,2,0.2,313,10,0,0.3,11,3,-0.102272999842143,0.75
6,2,0.2,364,10,0,0.3,11,3,0.208201374076936,0.75
6,2,0.2,456,10,0,0.3,11,3,-0.180685152536483,0.752
6,2,0.2,222,10,0,0.3,11,3,0.234790600562008,0.754
6,2,0.2,309,10,0,0.3,11,3,0.122830913734248,0.754
6,2,0.2,170,10,0,0.3,11,3,0.25572958505208,0.756
6,2,0.2,182,10,0,0.3,11,3,-0.0842123572745663,0.756
6,2,0.2,287,10,0,0.3,11,3,0.116249791211857,0.756
6,2,0.2,296,10,0,0.3,11,3,-0.134366109951486,0.758
6,2,0.2,51,10,0,0.3,11,3,0.152190775726694,0.762
6,2,0.2,324,10,0,0.3,11,3,-0.206739725716773,0.762
6,2,0.2,25,10,0,0.3,11,3,0.237207760956323,0.764
6,2,0.2,489,10,0,0.3,11,3,0.171045840906373,0.766
6,2,0.2,159,10,0,0.3,11,3,-0.213101833814108,0.768
6,2,0.2,273,10,0,0.3,11,3,0.220744738605504,0.768
6,2,0.2,360,10,0,0.3,11,3,-0.509904020803958,0.77
6,2,0.2,448,10,0,0.3,11,3,0.181016836098621,0.772
6,2,0.2,283,10,0,0.3,11,3,0.211727176670848,0.774
6,2,0.2,451,10,0,0.3,11,3,0.155802666425558,0.774
6,2,0.2,69,10,0,0.3,11,3,0.185491051277324,0.778
6,2,0.2,421,10,0,0.3,11,3,-0.168927057157958,0.778
6,2,0.2,135,10,0,0.3,11,3,-0.12656550227166,0.78
6,2,0.2,172,10,0,0.3,11,3,0.157177065658175,0.78
6,2,0.2,18,10,0,0.3,11,3,0.114989134391294,0.794
6,2,0.2,467,10,0,0.3,11,3,-0.15401927534495,0.794
6,2,0.2,150,10,0,0.3,11,3,-0.155200733897374,0.796
6,2,0.2,265,10,0,0.3,11,3,-0.139167963940309,0.798
6,2,0.2,185,10,0,0.3,11,3,0.227454439936281,0.8
6,2,0.2,260,10,0,0.3,11,3,0.16713839082837,0.8
6,2,0.2,457,10,0,0.3,11,3,-0.122142829022408,0.8
6,2,0.2,196,10,0,0.3,11,3,-0.161374382781474,0.802
6,2,0.2,148,10,0,0.3,11,3,0.201844793781135,0.804
6,2,0.2,376,10,0,0.3,11,3,-0.222608878330135,0.804
6,2,0.2,254,10,0,0.3,11,3,-0.191404638697009,0.812
6,2,0.2,2,10,0,0.3,11,3,0.0977608603618876,0.816
6,2,0.2,251,10,0,0.3,11,3,0.0622615997762637,0.818
6,2,0.2,123,10,0,0.3,11,3,-0.167468294936015,0.824
6,2,0.2,221,10,0,0.3,11,3,-0.185122826307435,0.824
6,2,0.2,240,10,0,0.3,11,3,0.0860693147010636,0.826
6,2,0.2,454,10,0,0.3,11,3,-0.123004308207214,0.83
6,2,0.2,241,10,0,0.3,11,3,0.142657618413693,0.838
6,2,0.2,106,10,0,0.3,11,3,-0.0909599932606966,0.844
6,2,0.2,157,10,0,0.3,11,3,-0.149475559568373,0.844
6,2,0.2,439,10,0,0.3,11,3,0.0776483825417245,0.844
6,2,0.2,470,10,0,0.3,11,3,-0.09087943940483,0.844
6,2,0.2,229,10,0,0.3,11,3,-0.14923309205156,0.846
6,2,0.2,344,10,0,0.3,11,3,-0.0642037230032884,0.846
6,2,0.2,53,10,0,0.3,11,3,-0.232110053352585,0.848
6,2,0.2,361,10,0,0.3,11,3,-0.122181631409148,0.854
6,2,0.2,497,10,0,0.3,11,3,-0.0893649843887658,0.856
6,2,0.2,128,10,0,0.3,11,3,0.0817989926599694,0.862
6,2,0.2,282,10,0,0.3,11,3,-0.134104865258536,0.862
6,2,0.2,100,10,0,0.3,11,3,-0.10405251498463,0.864
6,2,0.2,162,10,0,0.3,11,3,0.0626275684681161,0.864
6,2,0.2,175,10,0,0.3,11,3,0.104947078467973,0.864
6,2,0.2,223,10,0,0.3,11,3,0.105614904897692,0.868
6,2,0.2,15,10,0,0.3,11,3,0.0674549607032873,0.872
6,2,0.2,366,10,0,0.3,11,3,-0.0690991289758927,0.874
6,2,0.2,328,10,0,0.3,11,3,0.119588897904976,0.876
6,2,0.2,9,10,0,0.3,11,3,0.0603249393443548,0.882
6,2,0.2,393,10,0,0.3,11,3,-0.118084595970231,0.882
6,2,0.2,54,10,0,0.3,11,3,0.0307212048452357,0.886
6,2,0.2,323,10,0,0.3,11,3,0.0863652008792997,0.892
6,2,0.2,93,10,0,0.3,11,3,0.0742342622116894,0.9
6,2,0.2,471,10,0,0.3,11,3,0.0992889953988652,0.91
6,2,0.2,442,10,0,0.3,11,3,0.119326522455538,0.912
6,2,0.2,117,10,0,0.3,11,3,-0.116155530342894,0.914
6,2,0.2,278,10,0,0.3,11,3,-0.0403614789449591,0.92
6,2,0.2,330,10,0,0.3,11,3,0.0655212272866663,0.922
6,2,0.2,331,10,0,0.3,11,3,-0.0332975923844003,0.922
6,2,0.2,58,10,0,0.3,11,3,-0.0412960592271645,0.924
6,2,0.2,423,10,0,0.3,11,3,0.0848763978506497,0.924
6,2,0.2,446,10,0,0.3,11,3,0.0410222691850777,0.926
6,2,0.2,29,10,0,0.3,11,3,0.0626751822097447,0.928
6,2,0.2,166,10,0,0.3,11,3,-0.038742626760552,0.93
6,2,0.2,415,10,0,0.3,11,3,-0.0462045060597518,0.93
6,2,0.2,203,10,0,0.3,11,3,0.0253841948853051,0.932
6,2,0.2,409,10,0,0.3,11,3,-0.054154318850749,0.936
6,2,0.2,478,10,0,0.3,11,3,-0.052983156163549,0.936
6,2,0.2,227,10,0,0.3,11,3,0.0601116412537408,0.938
6,2,0.2,340,10,0,0.3,11,3,-0.0493687226167765,0.94
6,2,0.2,391,10,0,0.3,11,3,-0.0290776205305576,0.942
6,2,0.2,413,10,0,0.3,11,3,0.0282329741257854,0.942
6,2,0.2,288,10,0,0.3,11,3,0.0385023811315364,0.944
6,2,0.2,450,10,0,0.3,11,3,0.030201578920753,0.944
6,2,0.2,19,10,0,0.3,11,3,0.0146755316035012,0.948
6,2,0.2,99,10,0,0.3,11,3,-0.0377663286659811,0.948
6,2,0.2,122,10,0,0.3,11,3,0.0296855925687396,0.948
6,2,0.2,358,10,0,0.3,11,3,0.0350150906315605,0.952
6,2,0.2,264,10,0,0.3,11,3,-0.0253585616300995,0.956
6,2,0.2,267,10,0,0.3,11,3,0.0273844173132147,0.956
6,2,0.2,337,10,0,0.3,11,3,-0.0185151279985689,0.966
6,2,0.2,346,10,0,0.3,11,3,0.0341624251230996,0.966
6,2,0.2,103,10,0,0.3,11,3,-0.0260087428257236,0.968
6,2,0.2,147,10,0,0.3,11,3,-0.0154829151411207,0.974
6,2,0.2,158,10,0,0.3,11,3,0.0128263664580857,0.974
6,2,0.2,266,10,0,0.3,11,3,0.00985225441257853,0.978
6,2,0.2,279,10,0,0.3,11,3,0.0212144903102569,0.98
6,2,0.2,63,10,0,0.3,11,3,0.0188227035715443,0.984
6,2,0.2,479,10,0,0.3,11,3,-0.00873406400725685,0.984
6,2,0.2,41,10,0,0.3,11,3,-0.00770042950082939,0.986
6,2,0.2,129,10,0,0.3,11,3,0.00684327321175715,0.988
6,2,0.2,163,10,0,0.3,11,3,-0.0155729886238305,0.99
6,2,0.2,199,10,0,0.3,11,3,-0.00484352127909915,0.99
6,2,0.2,87,10,0,0.3,11,3,0.00312285198398854,0.992
6,2,0.2,319,10,0,0.3,11,3,0.0149508582962312,0.992
6,2,0.2,40,10,0,0.3,11,3,0.00181310191408102,0.994
6,2,0.2,134,10,0,0.3,11,3,0.00407694417000926,0.994
6,2,0.2,428,10,0,0.3,11,3,-0.00262332003623555,0.996
6,2,0.2,493,10,0,0.3,11,3,-0.00243023509037243,0.998
6,2,0.2,72,10,0,0.3,12,3,1.1619021463149,0.018
6,2,0.2,302,10,0,0.3,12,3,-1.95097665122213,0.026
6,2,0.2,479,10,0,0.3,12,3,0.789011349514738,0.034
6,2,0.2,402,10,0,0.3,12,3,1.09901325163688,0.036
6,2,0.2,106,10,0,0.3,12,3,1.8008523808125,0.038
6,2,0.2,121,10,0,0.3,12,3,0.85082595885865,0.046
6,2,0.2,47,10,0,0.3,12,3,1.41150467289805,0.052
6,2,0.2,363,10,0,0.3,12,3,0.866963153452929,0.052
6,2,0.2,376,10,0,0.3,12,3,-0.797569142694556,0.056
6,2,0.2,228,10,0,0.3,12,3,-0.957021548128779,0.058
6,2,0.2,261,10,0,0.3,12,3,-0.880519728663359,0.058
6,2,0.2,434,10,0,0.3,12,3,-1.08025408738101,0.058
6,2,0.2,48,10,0,0.3,12,3,-1.31791412887134,0.06
6,2,0.2,150,10,0,0.3,12,3,-1.04347894831466,0.06
6,2,0.2,90,10,0,0.3,12,3,0.737858695731035,0.062
6,2,0.2,94,10,0,0.3,12,3,-1.14726498814068,0.062
6,2,0.2,381,10,0,0.3,12,3,-0.773935494280238,0.062
6,2,0.2,478,10,0,0.3,12,3,-0.934587437604762,0.062
6,2,0.2,284,10,0,0.3,12,3,1.06334872980591,0.068
6,2,0.2,203,10,0,0.3,12,3,0.658909958930195,0.07
6,2,0.2,35,10,0,0.3,12,3,1.45476642666284,0.072
6,2,0.2,417,10,0,0.3,12,3,0.695890605269597,0.072
6,2,0.2,165,10,0,0.3,12,3,-0.580821163676205,0.074
6,2,0.2,323,10,0,0.3,12,3,-1.18321027040773,0.074
6,2,0.2,337,10,0,0.3,12,3,-0.860196273016726,0.074
6,2,0.2,16,10,0,0.3,12,3,-0.769969479138723,0.078
6,2,0.2,91,10,0,0.3,12,3,0.914729165570662,0.078
6,2,0.2,217,10,0,0.3,12,3,-1.50990221518308,0.078
6,2,0.2,153,10,0,0.3,12,3,1.15057681422135,0.084
6,2,0.2,105,10,0,0.3,12,3,1.12280016691091,0.088
6,2,0.2,369,10,0,0.3,12,3,-1.31926204126606,0.088
6,2,0.2,120,10,0,0.3,12,3,0.288156083263402,0.09
6,2,0.2,280,10,0,0.3,12,3,0.832192224624663,0.09
6,2,0.2,383,10,0,0.3,12,3,-0.69006623488329,0.09
6,2,0.2,388,10,0,0.3,12,3,-0.721317310473239,0.09
6,2,0.2,63,10,0,0.3,12,3,-0.999923281499747,0.092
6,2,0.2,235,10,0,0.3,12,3,-1.26337570001581,0.092
6,2,0.2,292,10,0,0.3,12,3,0.945194281166351,0.092
6,2,0.2,373,10,0,0.3,12,3,0.79075434505873,0.092
6,2,0.2,15,10,0,0.3,12,3,1.51462047822895,0.094
6,2,0.2,31,10,0,0.3,12,3,0.933335626152228,0.094
6,2,0.2,317,10,0,0.3,12,3,0.887032683292404,0.094
6,2,0.2,348,10,0,0.3,12,3,-0.918710617214515,0.094
6,2,0.2,409,10,0,0.3,12,3,0.852095687473764,0.096
6,2,0.2,33,10,0,0.3,12,3,0.733125853414521,0.098
6,2,0.2,151,10,0,0.3,12,3,0.723160186259264,0.098
6,2,0.2,439,10,0,0.3,12,3,-0.984543300654821,0.098
6,2,0.2,99,10,0,0.3,12,3,0.981894404676694,0.1
6,2,0.2,128,10,0,0.3,12,3,1.06088229469751,0.1
6,2,0.2,143,10,0,0.3,12,3,-0.964205631850774,0.102
6,2,0.2,152,10,0,0.3,12,3,0.475514023796052,0.104
6,2,0.2,371,10,0,0.3,12,3,-0.511784831186759,0.104
6,2,0.2,186,10,0,0.3,12,3,0.738901805323678,0.106
6,2,0.2,269,10,0,0.3,12,3,-1.05276388528819,0.106
6,2,0.2,430,10,0,0.3,12,3,-0.753425343983366,0.106
6,2,0.2,477,10,0,0.3,12,3,-1.19686708278786,0.106
6,2,0.2,133,10,0,0.3,12,3,1.29763483183183,0.108
6,2,0.2,287,10,0,0.3,12,3,0.649683811734576,0.108
6,2,0.2,52,10,0,0.3,12,3,0.518104732945773,0.11
6,2,0.2,312,10,0,0.3,12,3,0.75153939992552,0.11
6,2,0.2,342,10,0,0.3,12,3,0.571152090911568,0.11
6,2,0.2,389,10,0,0.3,12,3,-0.643363103561683,0.11
6,2,0.2,71,10,0,0.3,12,3,-0.452732885268375,0.114
6,2,0.2,339,10,0,0.3,12,3,0.665340103531776,0.114
6,2,0.2,394,10,0,0.3,12,3,-0.843042692091245,0.114
6,2,0.2,4,10,0,0.3,12,3,1.28429297199813,0.116
6,2,0.2,162,10,0,0.3,12,3,-0.969488786649578,0.116
6,2,0.2,285,10,0,0.3,12,3,0.718450194606305,0.116
6,2,0.2,330,10,0,0.3,12,3,0.681566031878418,0.116
6,2,0.2,349,10,0,0.3,12,3,0.535706664123779,0.116
6,2,0.2,355,10,0,0.3,12,3,-1.52483231330294,0.116
6,2,0.2,123,10,0,0.3,12,3,0.664229058407471,0.12
6,2,0.2,248,10,0,0.3,12,3,-0.916495528498842,0.12
6,2,0.2,386,10,0,0.3,12,3,0.51848416791367,0.12
6,2,0.2,252,10,0,0.3,12,3,-0.896127045337522,0.122
6,2,0.2,274,10,0,0.3,12,3,0.618729513370226,0.122
6,2,0.2,131,10,0,0.3,12,3,-1.11920388698434,0.124
6,2,0.2,199,10,0,0.3,12,3,0.83803567412923,0.126
6,2,0.2,267,10,0,0.3,12,3,-0.634092185351847,0.126
6,2,0.2,306,10,0,0.3,12,3,0.817959835515637,0.126
6,2,0.2,272,10,0,0.3,12,3,-0.51141020813057,0.128
6,2,0.2,262,10,0,0.3,12,3,-0.623486852143799,0.13
6,2,0.2,466,10,0,0.3,12,3,0.900775107517319,0.132
6,2,0.2,14,10,0,0.3,12,3,0.860294807454295,0.134
6,2,0.2,69,10,0,0.3,12,3,0.805663403777857,0.134
6,2,0.2,211,10,0,0.3,12,3,-0.911378142018179,0.134
6,2,0.2,117,10,0,0.3,12,3,0.505153920644517,0.136
6,2,0.2,266,10,0,0.3,12,3,0.493081824320086,0.138
6,2,0.2,20,10,0,0.3,12,3,-0.877919845155844,0.142
6,2,0.2,30,10,0,0.3,12,3,0.637300606595431,0.142
6,2,0.2,247,10,0,0.3,12,3,-0.826437181599118,0.142
6,2,0.2,191,10,0,0.3,12,3,0.853361272844722,0.144
6,2,0.2,171,10,0,0.3,12,3,0.797128731140418,0.148
6,2,0.2,205,10,0,0.3,12,3,0.69220689231571,0.148
6,2,0.2,224,10,0,0.3,12,3,0.839293159979491,0.148
6,2,0.2,53,10,0,0.3,12,3,-1.09097787368816,0.15
6,2,0.2,179,10,0,0.3,12,3,0.589699399971693,0.15
6,2,0.2,399,10,0,0.3,12,3,-0.861032966837513,0.152
6,2,0.2,485,10,0,0.3,12,3,0.87422611916935,0.154
6,2,0.2,310,10,0,0.3,12,3,-0.518933911033514,0.156
6,2,0.2,166,10,0,0.3,12,3,-0.444483862756613,0.158
6,2,0.2,260,10,0,0.3,12,3,-0.718365067655185,0.16
6,2,0.2,300,10,0,0.3,12,3,0.689036648752875,0.16
6,2,0.2,435,10,0,0.3,12,3,0.521454624726886,0.164
6,2,0.2,218,10,0,0.3,12,3,-0.504678298300206,0.166
6,2,0.2,448,10,0,0.3,12,3,-0.435458597772822,0.166
6,2,0.2,461,10,0,0.3,12,3,-0.771531164423266,0.166
6,2,0.2,225,10,0,0.3,12,3,0.451930048065378,0.168
6,2,0.2,333,10,0,0.3,12,3,-0.658633055047289,0.17
6,2,0.2,380,10,0,0.3,12,3,0.776691825559226,0.178
6,2,0.2,38,10,0,0.3,12,3,-0.289145086846844,0.182
6,2,0.2,83,10,0,0.3,12,3,0.840426575415137,0.184
6,2,0.2,281,10,0,0.3,12,3,-0.421203092354574,0.184
6,2,0.2,257,10,0,0.3,12,3,-0.628047143506052,0.186
6,2,0.2,222,10,0,0.3,12,3,-0.442572253189411,0.19
6,2,0.2,482,10,0,0.3,12,3,-0.5037650548378,0.19
6,2,0.2,58,10,0,0.3,12,3,0.284757362761979,0.196
6,2,0.2,73,10,0,0.3,12,3,0.528124471257087,0.198
6,2,0.2,170,10,0,0.3,12,3,-0.549782257291952,0.198
6,2,0.2,36,10,0,0.3,12,3,-0.321788181646951,0.202
6,2,0.2,114,10,0,0.3,12,3,0.954322682192014,0.202
6,2,0.2,250,10,0,0.3,12,3,0.294239931578204,0.202
6,2,0.2,177,10,0,0.3,12,3,0.711182685931334,0.206
6,2,0.2,393,10,0,0.3,12,3,-0.49601283365547,0.208
6,2,0.2,491,10,0,0.3,12,3,0.547154942203036,0.212
6,2,0.2,5,10,0,0.3,12,3,0.591135253783136,0.218
6,2,0.2,134,10,0,0.3,12,3,0.640677505308588,0.218
6,2,0.2,318,10,0,0.3,12,3,0.37401256527636,0.22
6,2,0.2,427,10,0,0.3,12,3,0.539366858017161,0.22
6,2,0.2,101,10,0,0.3,12,3,0.897363608893897,0.222
6,2,0.2,313,10,0,0.3,12,3,0.741831728490126,0.224
6,2,0.2,107,10,0,0.3,12,3,0.689433081009582,0.228
6,2,0.2,27,10,0,0.3,12,3,-1.20879477236932,0.23
6,2,0.2,95,10,0,0.3,12,3,-0.543687108303061,0.23
6,2,0.2,163,10,0,0.3,12,3,-0.44332581289612,0.23
6,2,0.2,236,10,0,0.3,12,3,0.529032652326805,0.23
6,2,0.2,396,10,0,0.3,12,3,-0.465285367769468,0.23
6,2,0.2,416,10,0,0.3,12,3,0.451921337736792,0.23
6,2,0.2,19,10,0,0.3,12,3,0.19286343955892,0.234
6,2,0.2,296,10,0,0.3,12,3,-0.548109179314565,0.234
6,2,0.2,227,10,0,0.3,12,3,0.574264470270236,0.24
6,2,0.2,200,10,0,0.3,12,3,0.289258743236786,0.244
6,2,0.2,326,10,0,0.3,12,3,-0.372563588737137,0.244
6,2,0.2,419,10,0,0.3,12,3,-0.384384221374063,0.244
6,2,0.2,132,10,0,0.3,12,3,-0.612252790688473,0.252
6,2,0.2,440,10,0,0.3,12,3,0.53624161593595,0.252
6,2,0.2,358,10,0,0.3,12,3,0.52399386862183,0.258
6,2,0.2,12,10,0,0.3,12,3,0.648473822131933,0.26
6,2,0.2,78,10,0,0.3,12,3,-0.617151537811452,0.26
6,2,0.2,102,10,0,0.3,12,3,-0.511448190002312,0.262
6,2,0.2,268,10,0,0.3,12,3,0.800760311618319,0.268
6,2,0.2,305,10,0,0.3,12,3,-0.425149386200985,0.268
6,2,0.2,410,10,0,0.3,12,3,0.507466282107231,0.268
6,2,0.2,240,10,0,0.3,12,3,-0.498614163019056,0.27
6,2,0.2,470,10,0,0.3,12,3,-0.219490549197218,0.27
6,2,0.2,29,10,0,0.3,12,3,0.333234291183857,0.272
6,2,0.2,34,10,0,0.3,12,3,-0.50459662507447,0.272
6,2,0.2,442,10,0,0.3,12,3,0.492721641199779,0.272
6,2,0.2,190,10,0,0.3,12,3,0.489971915530816,0.29
6,2,0.2,238,10,0,0.3,12,3,0.499986132903729,0.29
6,2,0.2,438,10,0,0.3,12,3,0.428372316872299,0.29
6,2,0.2,115,10,0,0.3,12,3,0.532169471671239,0.298
6,2,0.2,175,10,0,0.3,12,3,0.439488435594029,0.3
6,2,0.2,366,10,0,0.3,12,3,0.394527320724251,0.3
6,2,0.2,141,10,0,0.3,12,3,0.38612769328202,0.302
6,2,0.2,350,10,0,0.3,12,3,0.61726221078618,0.302
6,2,0.2,418,10,0,0.3,12,3,-0.441550610971092,0.304
6,2,0.2,426,10,0,0.3,12,3,-0.686087729906035,0.314
6,2,0.2,480,10,0,0.3,12,3,0.664871307042773,0.314
6,2,0.2,433,10,0,0.3,12,3,-0.322561498649094,0.316
6,2,0.2,49,10,0,0.3,12,3,-0.572780946206166,0.322
6,2,0.2,294,10,0,0.3,12,3,0.444652744820019,0.322
6,2,0.2,60,10,0,0.3,12,3,0.42588232322143,0.324
6,2,0.2,80,10,0,0.3,12,3,-0.525868986600557,0.324
6,2,0.2,173,10,0,0.3,12,3,-0.286462412449623,0.324
6,2,0.2,85,10,0,0.3,12,3,-0.4650662425436,0.332
6,2,0.2,496,10,0,0.3,12,3,0.528664259504581,0.334
6,2,0.2,311,10,0,0.3,12,3,-0.494928226734174,0.34
6,2,0.2,368,10,0,0.3,12,3,0.581380279502582,0.342
6,2,0.2,246,10,0,0.3,12,3,-0.372919891136576,0.344
6,2,0.2,429,10,0,0.3,12,3,0.342529456141989,0.348
6,2,0.2,56,10,0,0.3,12,3,-0.619182217804507,0.35
6,2,0.2,194,10,0,0.3,12,3,0.194421193125038,0.352
6,2,0.2,212,10,0,0.3,12,3,0.537571178912373,0.354
6,2,0.2,10,10,0,0.3,12,3,-0.325078096982025,0.356
6,2,0.2,265,10,0,0.3,12,3,0.915852471575505,0.356
6,2,0.2,155,10,0,0.3,12,3,0.610087068675426,0.36
6,2,0.2,210,10,0,0.3,12,3,0.193318929576066,0.368
6,2,0.2,468,10,0,0.3,12,3,0.884709785499297,0.368
6,2,0.2,126,10,0,0.3,12,3,0.431549375772363,0.37
6,2,0.2,65,10,0,0.3,12,3,-0.587149377286835,0.374
6,2,0.2,108,10,0,0.3,12,3,0.874279496788319,0.378
6,2,0.2,450,10,0,0.3,12,3,-0.310673310611378,0.378
6,2,0.2,180,10,0,0.3,12,3,-0.462973757454705,0.386
6,2,0.2,338,10,0,0.3,12,3,0.586775383049911,0.386
6,2,0.2,331,10,0,0.3,12,3,0.474273613482097,0.39
6,2,0.2,457,10,0,0.3,12,3,0.238649853943684,0.39
6,2,0.2,223,10,0,0.3,12,3,-0.233230543748306,0.396
6,2,0.2,209,10,0,0.3,12,3,0.304854409992885,0.4
6,2,0.2,316,10,0,0.3,12,3,-0.491593964597428,0.414
6,2,0.2,188,10,0,0.3,12,3,0.386357478764126,0.418
6,2,0.2,253,10,0,0.3,12,3,-0.508024596140018,0.418
6,2,0.2,385,10,0,0.3,12,3,0.875876788141824,0.418
6,2,0.2,462,10,0,0.3,12,3,0.17679425807853,0.42
6,2,0.2,70,10,0,0.3,12,3,0.377289481755554,0.424
6,2,0.2,37,10,0,0.3,12,3,-0.376024548692357,0.43
6,2,0.2,147,10,0,0.3,12,3,-0.496754325274679,0.438
6,2,0.2,277,10,0,0.3,12,3,0.638758319590579,0.444
6,2,0.2,460,10,0,0.3,12,3,0.689619305183527,0.45
6,2,0.2,187,10,0,0.3,12,3,0.291104886414587,0.452
6,2,0.2,387,10,0,0.3,12,3,0.319432100440224,0.452
6,2,0.2,446,10,0,0.3,12,3,0.212874019955393,0.456
6,2,0.2,454,10,0,0.3,12,3,-0.350270576691798,0.474
6,2,0.2,3,10,0,0.3,12,3,-0.81398143394145,0.476
6,2,0.2,22,10,0,0.3,12,3,0.410392107382137,0.478
6,2,0.2,160,10,0,0.3,12,3,-0.623284809339225,0.478
6,2,0.2,293,10,0,0.3,12,3,0.447393747043748,0.478
6,2,0.2,8,10,0,0.3,12,3,-0.155693471232013,0.48
6,2,0.2,273,10,0,0.3,12,3,0.874417115185565,0.482
6,2,0.2,249,10,0,0.3,12,3,0.543031874958842,0.484
6,2,0.2,184,10,0,0.3,12,3,0.205314809393286,0.488
6,2,0.2,415,10,0,0.3,12,3,0.298565311710149,0.492
6,2,0.2,138,10,0,0.3,12,3,-0.442244864202053,0.494
6,2,0.2,425,10,0,0.3,12,3,0.449403473173476,0.5
6,2,0.2,494,10,0,0.3,12,3,0.40337697011492,0.502
6,2,0.2,390,10,0,0.3,12,3,0.423906924631865,0.51
6,2,0.2,493,10,0,0.3,12,3,-0.455578047854488,0.512
6,2,0.2,100,10,0,0.3,12,3,0.328565964870194,0.514
6,2,0.2,315,10,0,0.3,12,3,-0.42316608231053,0.514
6,2,0.2,57,10,0,0.3,12,3,0.349706802548013,0.516
6,2,0.2,459,10,0,0.3,12,3,0.250497355783494,0.516
6,2,0.2,176,10,0,0.3,12,3,-0.3115994035021,0.52
6,2,0.2,324,10,0,0.3,12,3,-0.318443373662035,0.52
6,2,0.2,377,10,0,0.3,12,3,-0.946443320256833,0.524
6,2,0.2,411,10,0,0.3,12,3,-0.548387083390281,0.526
6,2,0.2,55,10,0,0.3,12,3,-0.200030828653723,0.528
6,2,0.2,219,10,0,0.3,12,3,-0.775057717600333,0.528
6,2,0.2,286,10,0,0.3,12,3,0.262468634127515,0.53
6,2,0.2,2,10,0,0.3,12,3,-0.282870613698407,0.532
6,2,0.2,291,10,0,0.3,12,3,-0.213623255703766,0.534
6,2,0.2,321,10,0,0.3,12,3,0.58265525287473,0.534
6,2,0.2,327,10,0,0.3,12,3,-0.224712956072295,0.534
6,2,0.2,404,10,0,0.3,12,3,-0.533490204329212,0.534
6,2,0.2,237,10,0,0.3,12,3,-0.314790472473277,0.536
6,2,0.2,374,10,0,0.3,12,3,-0.642925559216536,0.536
6,2,0.2,264,10,0,0.3,12,3,-0.472515751450146,0.54
6,2,0.2,1,10,0,0.3,12,3,0.704052330366437,0.544
6,2,0.2,208,10,0,0.3,12,3,0.339807215845326,0.544
6,2,0.2,87,10,0,0.3,12,3,-0.241448055468283,0.546
6,2,0.2,412,10,0,0.3,12,3,0.318505026067527,0.546
6,2,0.2,234,10,0,0.3,12,3,-0.332063849065435,0.548
6,2,0.2,61,10,0,0.3,12,3,0.300119314064546,0.552
6,2,0.2,467,10,0,0.3,12,3,-0.472035350345436,0.554
6,2,0.2,32,10,0,0.3,12,3,0.302988758684677,0.558
6,2,0.2,98,10,0,0.3,12,3,0.45577924502345,0.568
6,2,0.2,167,10,0,0.3,12,3,-0.20655710662723,0.568
6,2,0.2,307,10,0,0.3,12,3,-0.47388437208275,0.568
6,2,0.2,193,10,0,0.3,12,3,-0.744143608433006,0.57
6,2,0.2,122,10,0,0.3,12,3,-0.931680958994349,0.572
6,2,0.2,207,10,0,0.3,12,3,-0.977830566114136,0.572
6,2,0.2,93,10,0,0.3,12,3,0.913000934949622,0.574
6,2,0.2,41,10,0,0.3,12,3,0.270247920838642,0.576
6,2,0.2,428,10,0,0.3,12,3,0.287927072831849,0.576
6,2,0.2,445,10,0,0.3,12,3,-0.282525874272181,0.576
6,2,0.2,469,10,0,0.3,12,3,0.315660850295387,0.576
6,2,0.2,336,10,0,0.3,12,3,-0.315923563505748,0.578
6,2,0.2,367,10,0,0.3,12,3,-0.391219821937909,0.578
6,2,0.2,230,10,0,0.3,12,3,0.73288723209572,0.58
6,2,0.2,24,10,0,0.3,12,3,-0.429404409884228,0.584
6,2,0.2,42,10,0,0.3,12,3,0.446434723960181,0.586
6,2,0.2,44,10,0,0.3,12,3,-0.144361167109679,0.588
6,2,0.2,66,10,0,0.3,12,3,-0.733674573026775,0.588
6,2,0.2,288,10,0,0.3,12,3,-0.392385446251382,0.588
6,2,0.2,328,10,0,0.3,12,3,0.318192353544021,0.59
6,2,0.2,23,10,0,0.3,12,3,0.1904970970497,0.594
6,2,0.2,432,10,0,0.3,12,3,0.71935921014267,0.594
6,2,0.2,464,10,0,0.3,12,3,0.391870677645556,0.594
6,2,0.2,437,10,0,0.3,12,3,0.33874790919009,0.596
6,2,0.2,471,10,0,0.3,12,3,0.154049398945148,0.596
6,2,0.2,322,10,0,0.3,12,3,0.363446950934474,0.598
6,2,0.2,68,10,0,0.3,12,3,0.273646923991151,0.6
6,2,0.2,341,10,0,0.3,12,3,-0.306750229800713,0.6
6,2,0.2,320,10,0,0.3,12,3,-0.53234438875657,0.604
6,2,0.2,319,10,0,0.3,12,3,0.810122347737433,0.606
6,2,0.2,64,10,0,0.3,12,3,-0.696964331652453,0.608
6,2,0.2,174,10,0,0.3,12,3,0.178389473480564,0.616
6,2,0.2,347,10,0,0.3,12,3,-0.552379163235742,0.616
6,2,0.2,422,10,0,0.3,12,3,-0.510064122000045,0.616
6,2,0.2,84,10,0,0.3,12,3,-0.268322899697978,0.618
6,2,0.2,220,10,0,0.3,12,3,-0.719164109795628,0.62
6,2,0.2,82,10,0,0.3,12,3,-0.631618391092076,0.624
6,2,0.2,254,10,0,0.3,12,3,0.539190709579998,0.624
6,2,0.2,40,10,0,0.3,12,3,0.556266253206758,0.626
6,2,0.2,233,10,0,0.3,12,3,-0.20400174767309,0.626
6,2,0.2,145,10,0,0.3,12,3,0.278200782512044,0.628
6,2,0.2,483,10,0,0.3,12,3,-0.264925311934775,0.628
6,2,0.2,452,10,0,0.3,12,3,-0.663029906842468,0.63
6,2,0.2,92,10,0,0.3,12,3,0.263149714396548,0.632
6,2,0.2,159,10,0,0.3,12,3,0.214555831522574,0.632
6,2,0.2,6,10,0,0.3,12,3,-0.116958597795673,0.634
6,2,0.2,345,10,0,0.3,12,3,-0.43908319420666,0.634
6,2,0.2,395,10,0,0.3,12,3,0.310569280247904,0.636
6,2,0.2,295,10,0,0.3,12,3,0.384105650885687,0.638
6,2,0.2,136,10,0,0.3,12,3,0.402746129525582,0.64
6,2,0.2,214,10,0,0.3,12,3,0.634952489160099,0.64
6,2,0.2,259,10,0,0.3,12,3,0.170154196895282,0.64
6,2,0.2,357,10,0,0.3,12,3,0.487230329029728,0.642
6,2,0.2,497,10,0,0.3,12,3,-0.172845701549562,0.648
6,2,0.2,232,10,0,0.3,12,3,0.268351273484228,0.65
6,2,0.2,276,10,0,0.3,12,3,-0.430951762704183,0.65
6,2,0.2,443,10,0,0.3,12,3,0.383536180102567,0.65
6,2,0.2,463,10,0,0.3,12,3,-0.447610583846398,0.658
6,2,0.2,226,10,0,0.3,12,3,0.742399039120698,0.66
6,2,0.2,154,10,0,0.3,12,3,0.121134851212844,0.662
6,2,0.2,157,10,0,0.3,12,3,0.130760422969928,0.662
6,2,0.2,204,10,0,0.3,12,3,0.47479013439883,0.662
6,2,0.2,449,10,0,0.3,12,3,0.191684044525289,0.662
6,2,0.2,25,10,0,0.3,12,3,-0.584657111932898,0.664
6,2,0.2,289,10,0,0.3,12,3,-0.475940095688259,0.664
6,2,0.2,370,10,0,0.3,12,3,0.366621746697547,0.664
6,2,0.2,498,10,0,0.3,12,3,0.238908507923867,0.664
6,2,0.2,11,10,0,0.3,12,3,0.394907113037704,0.666
6,2,0.2,481,10,0,0.3,12,3,-0.247727962264264,0.666
6,2,0.2,192,10,0,0.3,12,3,-0.28241075907215,0.668
6,2,0.2,490,10,0,0.3,12,3,-0.253069170640487,0.67
6,2,0.2,275,10,0,0.3,12,3,-0.670866987509754,0.672
6,2,0.2,351,10,0,0.3,12,3,-0.64275972036711,0.674
6,2,0.2,375,10,0,0.3,12,3,-0.259531765295122,0.674
6,2,0.2,185,10,0,0.3,12,3,0.506190231585975,0.678
6,2,0.2,384,10,0,0.3,12,3,0.150730971017595,0.678
6,2,0.2,62,10,0,0.3,12,3,0.614039517595444,0.682
6,2,0.2,13,10,0,0.3,12,3,0.157233794605702,0.686
6,2,0.2,309,10,0,0.3,12,3,0.265843241939535,0.686
6,2,0.2,444,10,0,0.3,12,3,0.238427836597964,0.688
6,2,0.2,500,10,0,0.3,12,3,0.147586934145437,0.688
6,2,0.2,196,10,0,0.3,12,3,0.469548872763312,0.692
6,2,0.2,270,10,0,0.3,12,3,-0.345147494754258,0.692
6,2,0.2,423,10,0,0.3,12,3,-0.374536389371031,0.692
6,2,0.2,279,10,0,0.3,12,3,0.199296919411978,0.694
6,2,0.2,77,10,0,0.3,12,3,0.272595026942952,0.696
6,2,0.2,74,10,0,0.3,12,3,-0.252396428134432,0.698
6,2,0.2,137,10,0,0.3,12,3,-0.330142434229401,0.698
6,2,0.2,158,10,0,0.3,12,3,-0.445082073696284,0.698
6,2,0.2,213,10,0,0.3,12,3,0.195527364062315,0.698
6,2,0.2,130,10,0,0.3,12,3,0.455643265924749,0.7
6,2,0.2,362,10,0,0.3,12,3,-0.277602747766224,0.7
6,2,0.2,379,10,0,0.3,12,3,-0.0761118769974303,0.7
6,2,0.2,484,10,0,0.3,12,3,0.325116974228365,0.702
6,2,0.2,9,10,0,0.3,12,3,0.34181331042808,0.704
6,2,0.2,335,10,0,0.3,12,3,0.277801449475163,0.704
6,2,0.2,392,10,0,0.3,12,3,0.246914799050899,0.704
6,2,0.2,343,10,0,0.3,12,3,0.148265242205753,0.706
6,2,0.2,303,10,0,0.3,12,3,0.326112072725778,0.708
6,2,0.2,391,10,0,0.3,12,3,0.137242906840044,0.708
6,2,0.2,492,10,0,0.3,12,3,0.20658882169684,0.71
6,2,0.2,382,10,0,0.3,12,3,0.219134366541738,0.712
6,2,0.2,398,10,0,0.3,12,3,-0.159012296239894,0.712
6,2,0.2,414,10,0,0.3,12,3,-0.176737589620814,0.712
6,2,0.2,189,10,0,0.3,12,3,-0.297693434013667,0.714
6,2,0.2,244,10,0,0.3,12,3,0.182858365200843,0.716
6,2,0.2,164,10,0,0.3,12,3,0.453983914701894,0.72
6,2,0.2,352,10,0,0.3,12,3,0.217912962490828,0.72
6,2,0.2,441,10,0,0.3,12,3,0.172854299452354,0.722
6,2,0.2,332,10,0,0.3,12,3,-0.259795649438075,0.724
6,2,0.2,407,10,0,0.3,12,3,-0.0879524419923428,0.724
6,2,0.2,46,10,0,0.3,12,3,-0.275826105359045,0.726
6,2,0.2,201,10,0,0.3,12,3,-0.238466771987589,0.728
6,2,0.2,243,10,0,0.3,12,3,-0.313954915604825,0.728
6,2,0.2,344,10,0,0.3,12,3,0.303675378716378,0.728
6,2,0.2,149,10,0,0.3,12,3,-0.193363369964288,0.73
6,2,0.2,420,10,0,0.3,12,3,0.206012529920855,0.73
6,2,0.2,308,10,0,0.3,12,3,-0.147695707570705,0.732
6,2,0.2,45,10,0,0.3,12,3,-0.169778042178109,0.736
6,2,0.2,405,10,0,0.3,12,3,0.17347374047668,0.736
6,2,0.2,59,10,0,0.3,12,3,-0.19372671958314,0.738
6,2,0.2,334,10,0,0.3,12,3,-0.195866735380719,0.738
6,2,0.2,421,10,0,0.3,12,3,-0.166042594729191,0.738
6,2,0.2,216,10,0,0.3,12,3,0.182096167082591,0.742
6,2,0.2,472,10,0,0.3,12,3,-0.320933938743138,0.742
6,2,0.2,499,10,0,0.3,12,3,-0.162984463399226,0.742
6,2,0.2,67,10,0,0.3,12,3,0.19286806504951,0.744
6,2,0.2,139,10,0,0.3,12,3,0.292993982854995,0.744
6,2,0.2,453,10,0,0.3,12,3,-0.174116183335002,0.744
6,2,0.2,360,10,0,0.3,12,3,0.165868729549857,0.746
6,2,0.2,197,10,0,0.3,12,3,0.10828018070103,0.752
6,2,0.2,146,10,0,0.3,12,3,0.308031653350952,0.754
6,2,0.2,7,10,0,0.3,12,3,-0.099372984072005,0.756
6,2,0.2,111,10,0,0.3,12,3,0.0837031360086939,0.758
6,2,0.2,245,10,0,0.3,12,3,0.189093977059599,0.758
6,2,0.2,297,10,0,0.3,12,3,0.0587671252226016,0.76
6,2,0.2,356,10,0,0.3,12,3,-0.25255834854832,0.76
6,2,0.2,359,10,0,0.3,12,3,0.186479624265331,0.76
6,2,0.2,43,10,0,0.3,12,3,0.184027882474595,0.766
6,2,0.2,263,10,0,0.3,12,3,-0.134020026626018,0.768
6,2,0.2,88,10,0,0.3,12,3,-0.16520075073575,0.772
6,2,0.2,241,10,0,0.3,12,3,-0.163161335918886,0.772
6,2,0.2,116,10,0,0.3,12,3,0.220706816808956,0.776
6,2,0.2,178,10,0,0.3,12,3,-0.183084902119873,0.776
6,2,0.2,89,10,0,0.3,12,3,-0.175681320778295,0.778
6,2,0.2,109,10,0,0.3,12,3,-0.0783042454872032,0.78
6,2,0.2,172,10,0,0.3,12,3,0.119243534095887,0.78
6,2,0.2,255,10,0,0.3,12,3,-0.173492498699034,0.782
6,2,0.2,329,10,0,0.3,12,3,0.136483771431699,0.782
6,2,0.2,124,10,0,0.3,12,3,0.212185310048199,0.784
6,2,0.2,118,10,0,0.3,12,3,-0.135333006372065,0.786
6,2,0.2,474,10,0,0.3,12,3,-0.18410529280834,0.786
6,2,0.2,17,10,0,0.3,12,3,0.0875264566342651,0.794
6,2,0.2,86,10,0,0.3,12,3,-0.19321018645465,0.794
6,2,0.2,271,10,0,0.3,12,3,0.0979381192422295,0.796
6,2,0.2,110,10,0,0.3,12,3,0.128594313426248,0.798
6,2,0.2,112,10,0,0.3,12,3,0.159910596031978,0.798
6,2,0.2,125,10,0,0.3,12,3,-0.100218080215711,0.798
6,2,0.2,408,10,0,0.3,12,3,0.102878497539876,0.798
6,2,0.2,458,10,0,0.3,12,3,-0.166473180279411,0.798
6,2,0.2,50,10,0,0.3,12,3,0.16038512849974,0.8
6,2,0.2,103,10,0,0.3,12,3,-0.135835586428897,0.8
6,2,0.2,365,10,0,0.3,12,3,0.1223353196456,0.802
6,2,0.2,397,10,0,0.3,12,3,-0.0886749460792942,0.802
6,2,0.2,283,10,0,0.3,12,3,-0.100440409661303,0.804
6,2,0.2,299,10,0,0.3,12,3,0.0643899463673847,0.804
6,2,0.2,301,10,0,0.3,12,3,0.152131363624108,0.804
6,2,0.2,431,10,0,0.3,12,3,-0.117906323715715,0.804
6,2,0.2,258,10,0,0.3,12,3,-0.187125358673939,0.808
6,2,0.2,278,10,0,0.3,12,3,-0.154069833555866,0.808
6,2,0.2,256,10,0,0.3,12,3,0.114206710111233,0.812
6,2,0.2,476,10,0,0.3,12,3,0.0880545567557078,0.814
6,2,0.2,451,10,0,0.3,12,3,-0.14706456621073,0.82
6,2,0.2,364,10,0,0.3,12,3,-0.178395845885149,0.824
6,2,0.2,340,10,0,0.3,12,3,0.161733693927061,0.826
6,2,0.2,346,10,0,0.3,12,3,-0.210313319612197,0.828
6,2,0.2,455,10,0,0.3,12,3,0.0936905158814056,0.828
6,2,0.2,475,10,0,0.3,12,3,0.152824635029361,0.832
6,2,0.2,39,10,0,0.3,12,3,0.13002032470726,0.834
6,2,0.2,113,10,0,0.3,12,3,0.169507052526541,0.84
6,2,0.2,148,10,0,0.3,12,3,-0.0953310722848357,0.84
6,2,0.2,361,10,0,0.3,12,3,-0.0724351107897689,0.84
6,2,0.2,436,10,0,0.3,12,3,0.0919782364269963,0.844
6,2,0.2,144,10,0,0.3,12,3,0.0951096756955678,0.846
6,2,0.2,378,10,0,0.3,12,3,-0.111413938314172,0.846
6,2,0.2,198,10,0,0.3,12,3,-0.169722655500635,0.85
6,2,0.2,314,10,0,0.3,12,3,-0.112026862100635,0.85
6,2,0.2,76,10,0,0.3,12,3,0.124691608042468,0.854
6,2,0.2,290,10,0,0.3,12,3,0.112312319980134,0.854
6,2,0.2,465,10,0,0.3,12,3,-0.0903466604690095,0.856
6,2,0.2,304,10,0,0.3,12,3,0.0429973751336377,0.86
6,2,0.2,298,10,0,0.3,12,3,-0.0626381960032916,0.862
6,2,0.2,282,10,0,0.3,12,3,-0.0554170608544666,0.868
6,2,0.2,495,10,0,0.3,12,3,0.0767743030094152,0.87
6,2,0.2,75,10,0,0.3,12,3,-0.0434803982424512,0.872
6,2,0.2,325,10,0,0.3,12,3,0.0246715077634008,0.872
6,2,0.2,221,10,0,0.3,12,3,-0.0835802700788975,0.876
6,2,0.2,127,10,0,0.3,12,3,0.0622368695065916,0.878
6,2,0.2,413,10,0,0.3,12,3,-0.0823063985780834,0.88
6,2,0.2,229,10,0,0.3,12,3,-0.0595511974607632,0.882
6,2,0.2,195,10,0,0.3,12,3,0.110856684403728,0.888
6,2,0.2,372,10,0,0.3,12,3,-0.0503099150930382,0.892
6,2,0.2,424,10,0,0.3,12,3,0.0881487803474954,0.892
6,2,0.2,129,10,0,0.3,12,3,0.0560105265676043,0.894
6,2,0.2,486,10,0,0.3,12,3,0.0439978706818351,0.894
6,2,0.2,21,10,0,0.3,12,3,-0.0962218109534376,0.898
6,2,0.2,79,10,0,0.3,12,3,-0.0509880286344924,0.9
6,2,0.2,96,10,0,0.3,12,3,-0.0407596669244299,0.9
6,2,0.2,97,10,0,0.3,12,3,-0.0546805317401038,0.9
6,2,0.2,182,10,0,0.3,12,3,0.0738271854126253,0.9
6,2,0.2,403,10,0,0.3,12,3,0.0614394873018682,0.9
6,2,0.2,456,10,0,0.3,12,3,0.044722558178762,0.9
6,2,0.2,400,10,0,0.3,12,3,0.0328402336726299,0.908
6,2,0.2,473,10,0,0.3,12,3,0.039429451420034,0.908
6,2,0.2,161,10,0,0.3,12,3,0.137954829670491,0.912
6,2,0.2,215,10,0,0.3,12,3,-0.0556755021525248,0.914
6,2,0.2,156,10,0,0.3,12,3,-0.073903265390328,0.916
6,2,0.2,169,10,0,0.3,12,3,0.0627587714358526,0.916
6,2,0.2,135,10,0,0.3,12,3,-0.0949012854100033,0.918
6,2,0.2,28,10,0,0.3,12,3,-0.0183033803027115,0.92
6,2,0.2,119,10,0,0.3,12,3,-0.0328584944609815,0.924
6,2,0.2,26,10,0,0.3,12,3,0.0307509637255805,0.93
6,2,0.2,239,10,0,0.3,12,3,0.0196771457923148,0.93
6,2,0.2,406,10,0,0.3,12,3,0.0269243258661334,0.93
6,2,0.2,251,10,0,0.3,12,3,-0.0376796276142954,0.942
6,2,0.2,104,10,0,0.3,12,3,0.0265062979186723,0.948
6,2,0.2,206,10,0,0.3,12,3,-0.0189622977471799,0.948
6,2,0.2,183,10,0,0.3,12,3,-0.0228652652163248,0.95
6,2,0.2,54,10,0,0.3,12,3,-0.0203970093052135,0.96
6,2,0.2,202,10,0,0.3,12,3,-0.0325335137585228,0.962
6,2,0.2,353,10,0,0.3,12,3,-0.0233406150338737,0.966
6,2,0.2,354,10,0,0.3,12,3,0.024732321556769,0.966
6,2,0.2,181,10,0,0.3,12,3,-0.0262820765794913,0.968
6,2,0.2,231,10,0,0.3,12,3,0.0308303741589953,0.97
6,2,0.2,487,10,0,0.3,12,3,-0.0171679248915382,0.972
6,2,0.2,142,10,0,0.3,12,3,0.0210853881473838,0.976
6,2,0.2,51,10,0,0.3,12,3,-0.00896448190547972,0.978
6,2,0.2,81,10,0,0.3,12,3,-0.0290266684866083,0.978
6,2,0.2,18,10,0,0.3,12,3,-0.0265969727014408,0.98
6,2,0.2,168,10,0,0.3,12,3,-0.0105239982296439,0.98
6,2,0.2,242,10,0,0.3,12,3,0.0100138660505991,0.98
6,2,0.2,140,10,0,0.3,12,3,-0.0130224951091691,0.982
6,2,0.2,401,10,0,0.3,12,3,0.0114000436694539,0.984
6,2,0.2,447,10,0,0.3,12,3,-0.00903180499963696,0.99
6,2,0.2,489,10,0,0.3,12,3,-0.00618270826646494,0.99
6,2,0.2,488,10,0,0.3,12,3,0.00220832467343257,1
6,2,0.2,182,10,0,0.3,13,3,1.35616807492946,0.016
6,2,0.2,100,10,0,0.3,13,3,1.67674764607568,0.024
6,2,0.2,187,10,0,0.3,13,3,-0.994776992338672,0.03
6,2,0.2,290,10,0,0.3,13,3,-1.16258356530128,0.032
6,2,0.2,484,10,0,0.3,13,3,-1.31021503250113,0.032
6,2,0.2,142,10,0,0.3,13,3,0.762514623510327,0.038
6,2,0.2,189,10,0,0.3,13,3,-1.09383960636904,0.044
6,2,0.2,347,10,0,0.3,13,3,-1.49500982591059,0.046
6,2,0.2,94,10,0,0.3,13,3,-1.4106757287723,0.052
6,2,0.2,375,10,0,0.3,13,3,-0.981074300020651,0.054
6,2,0.2,384,10,0,0.3,13,3,-0.99909939231091,0.056
6,2,0.2,366,10,0,0.3,13,3,0.925294962451744,0.058
6,2,0.2,88,10,0,0.3,13,3,-0.897711444783653,0.06
6,2,0.2,422,10,0,0.3,13,3,-0.60184040110633,0.06
6,2,0.2,280,10,0,0.3,13,3,-1.10031978790227,0.062
6,2,0.2,358,10,0,0.3,13,3,-1.01792613226658,0.062
6,2,0.2,186,10,0,0.3,13,3,-0.846145765287758,0.066
6,2,0.2,428,10,0,0.3,13,3,1.17438115360875,0.066
6,2,0.2,87,10,0,0.3,13,3,1.19065580459292,0.068
6,2,0.2,472,10,0,0.3,13,3,-1.28872847744086,0.068
6,2,0.2,3,10,0,0.3,13,3,-0.966645171899728,0.07
6,2,0.2,108,10,0,0.3,13,3,-1.32321629513029,0.07
6,2,0.2,209,10,0,0.3,13,3,1.13694812554783,0.07
6,2,0.2,364,10,0,0.3,13,3,-0.641696977012629,0.072
6,2,0.2,395,10,0,0.3,13,3,1.16803760870573,0.074
6,2,0.2,37,10,0,0.3,13,3,-0.734415655671285,0.076
6,2,0.2,405,10,0,0.3,13,3,-0.658943967007872,0.08
6,2,0.2,127,10,0,0.3,13,3,-1.22533312775127,0.082
6,2,0.2,385,10,0,0.3,13,3,0.801378044844114,0.082
6,2,0.2,292,10,0,0.3,13,3,-1.11537757855368,0.086
6,2,0.2,490,10,0,0.3,13,3,-0.605993715242619,0.086
6,2,0.2,373,10,0,0.3,13,3,1.27148058823082,0.088
6,2,0.2,251,10,0,0.3,13,3,1.42697617926595,0.09
6,2,0.2,2,10,0,0.3,13,3,-1.20671898436964,0.092
6,2,0.2,431,10,0,0.3,13,3,0.860596971941931,0.092
6,2,0.2,481,10,0,0.3,13,3,0.67473717100836,0.092
6,2,0.2,289,10,0,0.3,13,3,-0.827108859587781,0.098
6,2,0.2,407,10,0,0.3,13,3,0.891780166602985,0.1
6,2,0.2,16,10,0,0.3,13,3,-0.923697966847783,0.102
6,2,0.2,64,10,0,0.3,13,3,0.815470847389804,0.102
6,2,0.2,227,10,0,0.3,13,3,-0.821523432358589,0.102
6,2,0.2,231,10,0,0.3,13,3,-0.827491863335695,0.102
6,2,0.2,236,10,0,0.3,13,3,1.15792925625703,0.102
6,2,0.2,397,10,0,0.3,13,3,-0.372978506069614,0.102
6,2,0.2,415,10,0,0.3,13,3,0.479391724845954,0.102
6,2,0.2,128,10,0,0.3,13,3,-1.02910607093989,0.104
6,2,0.2,328,10,0,0.3,13,3,-0.888638005197492,0.104
6,2,0.2,483,10,0,0.3,13,3,-0.694026670180108,0.104
6,2,0.2,172,10,0,0.3,13,3,1.02330592604213,0.106
6,2,0.2,315,10,0,0.3,13,3,0.936917816783108,0.106
6,2,0.2,117,10,0,0.3,13,3,1.13311019110884,0.11
6,2,0.2,340,10,0,0.3,13,3,0.772093753357268,0.112
6,2,0.2,202,10,0,0.3,13,3,-0.770627810958445,0.116
6,2,0.2,245,10,0,0.3,13,3,0.828570701637062,0.116
6,2,0.2,500,10,0,0.3,13,3,0.510903164083771,0.118
6,2,0.2,413,10,0,0.3,13,3,-0.874368078642391,0.12
6,2,0.2,489,10,0,0.3,13,3,0.599490313438707,0.12
6,2,0.2,8,10,0,0.3,13,3,0.93092270114289,0.122
6,2,0.2,9,10,0,0.3,13,3,-0.52382046328114,0.122
6,2,0.2,23,10,0,0.3,13,3,0.710318282662797,0.122
6,2,0.2,52,10,0,0.3,13,3,-0.788527429957014,0.122
6,2,0.2,104,10,0,0.3,13,3,0.591486362720275,0.122
6,2,0.2,346,10,0,0.3,13,3,-0.767878486684594,0.122
6,2,0.2,151,10,0,0.3,13,3,0.732107650385871,0.124
6,2,0.2,200,10,0,0.3,13,3,-0.816853968239514,0.124
6,2,0.2,101,10,0,0.3,13,3,0.753170744742732,0.126
6,2,0.2,106,10,0,0.3,13,3,0.715071610095663,0.128
6,2,0.2,173,10,0,0.3,13,3,-0.799848110128721,0.128
6,2,0.2,277,10,0,0.3,13,3,-0.575896723182439,0.128
6,2,0.2,278,10,0,0.3,13,3,0.589673432223947,0.128
6,2,0.2,363,10,0,0.3,13,3,-0.579184849208701,0.128
6,2,0.2,229,10,0,0.3,13,3,-1.03788453453762,0.13
6,2,0.2,265,10,0,0.3,13,3,-1.00283929037042,0.13
6,2,0.2,438,10,0,0.3,13,3,0.908015293929793,0.13
6,2,0.2,10,10,0,0.3,13,3,-0.664649042730304,0.132
6,2,0.2,168,10,0,0.3,13,3,-0.807549902681217,0.134
6,2,0.2,435,10,0,0.3,13,3,-0.523474614555568,0.134
6,2,0.2,93,10,0,0.3,13,3,0.832486301468947,0.136
6,2,0.2,176,10,0,0.3,13,3,-0.738706119035072,0.136
6,2,0.2,71,10,0,0.3,13,3,-0.763419425465685,0.138
6,2,0.2,180,10,0,0.3,13,3,0.562388339576728,0.138
6,2,0.2,299,10,0,0.3,13,3,0.750458233455674,0.138
6,2,0.2,24,10,0,0.3,13,3,0.913723254526644,0.14
6,2,0.2,322,10,0,0.3,13,3,0.810191527317187,0.14
6,2,0.2,140,10,0,0.3,13,3,-0.992257155972652,0.142
6,2,0.2,256,10,0,0.3,13,3,0.595358829270538,0.142
6,2,0.2,136,10,0,0.3,13,3,-1.05227537380881,0.144
6,2,0.2,459,10,0,0.3,13,3,0.679210722468412,0.144
6,2,0.2,477,10,0,0.3,13,3,0.602080919916432,0.146
6,2,0.2,89,10,0,0.3,13,3,0.94663050900229,0.15
6,2,0.2,155,10,0,0.3,13,3,-0.424095691531932,0.15
6,2,0.2,316,10,0,0.3,13,3,0.70116779869204,0.15
6,2,0.2,468,10,0,0.3,13,3,0.812741658841986,0.152
6,2,0.2,45,10,0,0.3,13,3,0.782985306820279,0.154
6,2,0.2,147,10,0,0.3,13,3,0.822205073295379,0.154
6,2,0.2,403,10,0,0.3,13,3,0.846017167998411,0.158
6,2,0.2,96,10,0,0.3,13,3,-0.59284162245865,0.16
6,2,0.2,318,10,0,0.3,13,3,0.601380494706802,0.16
6,2,0.2,41,10,0,0.3,13,3,0.555609886176825,0.162
6,2,0.2,433,10,0,0.3,13,3,0.665656605175883,0.162
6,2,0.2,288,10,0,0.3,13,3,-0.682378278445952,0.164
6,2,0.2,82,10,0,0.3,13,3,0.615879153970212,0.166
6,2,0.2,159,10,0,0.3,13,3,-1.07167760720529,0.166
6,2,0.2,262,10,0,0.3,13,3,-0.782067127128755,0.166
6,2,0.2,272,10,0,0.3,13,3,-0.709449438604963,0.166
6,2,0.2,204,10,0,0.3,13,3,-0.58917982561178,0.168
6,2,0.2,300,10,0,0.3,13,3,0.514712610806498,0.168
6,2,0.2,301,10,0,0.3,13,3,0.912928139592736,0.168
6,2,0.2,398,10,0,0.3,13,3,-0.293601161781254,0.168
6,2,0.2,448,10,0,0.3,13,3,0.43943281905382,0.17
6,2,0.2,423,10,0,0.3,13,3,-0.732591350303778,0.174
6,2,0.2,426,10,0,0.3,13,3,-0.494499448483822,0.174
6,2,0.2,112,10,0,0.3,13,3,-0.881099876615252,0.176
6,2,0.2,246,10,0,0.3,13,3,-0.76660101935272,0.176
6,2,0.2,90,10,0,0.3,13,3,-0.603400201020918,0.178
6,2,0.2,309,10,0,0.3,13,3,0.739891746278886,0.178
6,2,0.2,50,10,0,0.3,13,3,-1.08208209158619,0.18
6,2,0.2,421,10,0,0.3,13,3,-0.63090030136874,0.18
6,2,0.2,449,10,0,0.3,13,3,0.430354501346102,0.18
6,2,0.2,320,10,0,0.3,13,3,0.860735736871362,0.182
6,2,0.2,208,10,0,0.3,13,3,-0.529623854609099,0.186
6,2,0.2,115,10,0,0.3,13,3,0.733142703723303,0.19
6,2,0.2,362,10,0,0.3,13,3,0.810409930995775,0.192
6,2,0.2,462,10,0,0.3,13,3,-0.328211335685296,0.192
6,2,0.2,163,10,0,0.3,13,3,-0.756979957457844,0.194
6,2,0.2,350,10,0,0.3,13,3,0.448701689136101,0.194
6,2,0.2,281,10,0,0.3,13,3,-0.458055107741046,0.198
6,2,0.2,370,10,0,0.3,13,3,-0.202054516974385,0.198
6,2,0.2,440,10,0,0.3,13,3,-0.444540432362516,0.198
6,2,0.2,62,10,0,0.3,13,3,-0.503175653020577,0.204
6,2,0.2,77,10,0,0.3,13,3,0.779030284326382,0.204
6,2,0.2,119,10,0,0.3,13,3,-0.352523578495806,0.208
6,2,0.2,162,10,0,0.3,13,3,0.615964920772512,0.216
6,2,0.2,221,10,0,0.3,13,3,-0.271743860590192,0.216
6,2,0.2,183,10,0,0.3,13,3,-0.390720067598835,0.218
6,2,0.2,219,10,0,0.3,13,3,0.426969076651972,0.22
6,2,0.2,29,10,0,0.3,13,3,-0.475569845060164,0.222
6,2,0.2,197,10,0,0.3,13,3,0.574790266255349,0.222
6,2,0.2,215,10,0,0.3,13,3,-0.501280868041761,0.222
6,2,0.2,220,10,0,0.3,13,3,0.694407557495708,0.23
6,2,0.2,60,10,0,0.3,13,3,0.851326879765651,0.234
6,2,0.2,201,10,0,0.3,13,3,-0.504773947448882,0.234
6,2,0.2,451,10,0,0.3,13,3,-0.446358814256342,0.242
6,2,0.2,260,10,0,0.3,13,3,-0.470350521786656,0.244
6,2,0.2,355,10,0,0.3,13,3,-0.612758591670115,0.244
6,2,0.2,463,10,0,0.3,13,3,-0.385205521162987,0.244
6,2,0.2,195,10,0,0.3,13,3,0.232881282392725,0.246
6,2,0.2,491,10,0,0.3,13,3,-0.782550083661988,0.246
6,2,0.2,496,10,0,0.3,13,3,-0.474404597585362,0.246
6,2,0.2,235,10,0,0.3,13,3,-0.456879053885132,0.248
6,2,0.2,303,10,0,0.3,13,3,-0.805909089020076,0.248
6,2,0.2,81,10,0,0.3,13,3,-0.891437341386137,0.254
6,2,0.2,495,10,0,0.3,13,3,-0.316977244641066,0.254
6,2,0.2,74,10,0,0.3,13,3,0.681691612446286,0.256
6,2,0.2,54,10,0,0.3,13,3,0.491020054765869,0.258
6,2,0.2,268,10,0,0.3,13,3,0.658434132867228,0.258
6,2,0.2,393,10,0,0.3,13,3,0.93580137832177,0.26
6,2,0.2,56,10,0,0.3,13,3,0.428170792218026,0.27
6,2,0.2,17,10,0,0.3,13,3,-0.708375915322137,0.28
6,2,0.2,269,10,0,0.3,13,3,-0.368583387778216,0.286
6,2,0.2,237,10,0,0.3,13,3,0.432350916568197,0.288
6,2,0.2,76,10,0,0.3,13,3,-0.440411110225398,0.29
6,2,0.2,441,10,0,0.3,13,3,-0.557340244614551,0.29
6,2,0.2,110,10,0,0.3,13,3,-0.267446693947988,0.292
6,2,0.2,342,10,0,0.3,13,3,-0.392750261870646,0.292
6,2,0.2,126,10,0,0.3,13,3,0.323507710255541,0.294
6,2,0.2,307,10,0,0.3,13,3,-0.529138190255111,0.294
6,2,0.2,402,10,0,0.3,13,3,-0.900885398916756,0.294
6,2,0.2,121,10,0,0.3,13,3,0.338898723754596,0.296
6,2,0.2,427,10,0,0.3,13,3,0.543006587854109,0.298
6,2,0.2,170,10,0,0.3,13,3,0.349555418419385,0.3
6,2,0.2,298,10,0,0.3,13,3,-0.268512268902441,0.3
6,2,0.2,14,10,0,0.3,13,3,0.637195045996975,0.302
6,2,0.2,185,10,0,0.3,13,3,0.365680181968031,0.316
6,2,0.2,480,10,0,0.3,13,3,-0.395148292674463,0.316
6,2,0.2,232,10,0,0.3,13,3,0.510853283699333,0.32
6,2,0.2,243,10,0,0.3,13,3,-0.629155857531686,0.322
6,2,0.2,38,10,0,0.3,13,3,-1.23911817494164,0.324
6,2,0.2,212,10,0,0.3,13,3,0.447454168696993,0.326
6,2,0.2,339,10,0,0.3,13,3,0.371161348144483,0.332
6,2,0.2,122,10,0,0.3,13,3,-0.351315607522025,0.334
6,2,0.2,498,10,0,0.3,13,3,-0.559067602006593,0.334
6,2,0.2,274,10,0,0.3,13,3,0.383217450091394,0.338
6,2,0.2,224,10,0,0.3,13,3,0.386179461486506,0.34
6,2,0.2,457,10,0,0.3,13,3,-0.444739395128806,0.342
6,2,0.2,359,10,0,0.3,13,3,-0.316835751125581,0.346
6,2,0.2,194,10,0,0.3,13,3,-0.790979887877683,0.348
6,2,0.2,39,10,0,0.3,13,3,-0.841735602228653,0.352
6,2,0.2,85,10,0,0.3,13,3,0.821326925995265,0.352
6,2,0.2,296,10,0,0.3,13,3,0.318412678757568,0.354
6,2,0.2,79,10,0,0.3,13,3,0.366141258172888,0.36
6,2,0.2,36,10,0,0.3,13,3,-0.462441645196918,0.362
6,2,0.2,107,10,0,0.3,13,3,0.402863567010684,0.362
6,2,0.2,166,10,0,0.3,13,3,0.474441571973358,0.364
6,2,0.2,294,10,0,0.3,13,3,-0.609985595872672,0.364
6,2,0.2,351,10,0,0.3,13,3,-0.217833160738707,0.364
6,2,0.2,26,10,0,0.3,13,3,0.469906042503595,0.374
6,2,0.2,238,10,0,0.3,13,3,-0.260935490480506,0.374
6,2,0.2,40,10,0,0.3,13,3,0.74209040248968,0.38
6,2,0.2,439,10,0,0.3,13,3,0.429468263312685,0.384
6,2,0.2,387,10,0,0.3,13,3,0.764313282597385,0.388
6,2,0.2,344,10,0,0.3,13,3,-0.363730855813031,0.39
6,2,0.2,7,10,0,0.3,13,3,-0.438278664855147,0.392
6,2,0.2,75,10,0,0.3,13,3,0.514748440716744,0.392
6,2,0.2,102,10,0,0.3,13,3,-0.693724110031297,0.392
6,2,0.2,383,10,0,0.3,13,3,-1.34341885059305,0.394
6,2,0.2,131,10,0,0.3,13,3,-0.376915244027828,0.396
6,2,0.2,198,10,0,0.3,13,3,0.625489277992784,0.398
6,2,0.2,184,10,0,0.3,13,3,-0.391112592650813,0.402
6,2,0.2,497,10,0,0.3,13,3,-0.561013751631009,0.404
6,2,0.2,217,10,0,0.3,13,3,0.33906343592588,0.406
6,2,0.2,411,10,0,0.3,13,3,-0.481458598812424,0.406
6,2,0.2,20,10,0,0.3,13,3,0.51394288030815,0.41
6,2,0.2,499,10,0,0.3,13,3,-0.284931548099877,0.41
6,2,0.2,338,10,0,0.3,13,3,0.347943341423644,0.412
6,2,0.2,354,10,0,0.3,13,3,-0.36163453757834,0.416
6,2,0.2,61,10,0,0.3,13,3,0.17318436495313,0.418
6,2,0.2,425,10,0,0.3,13,3,-0.31568408890567,0.42
6,2,0.2,171,10,0,0.3,13,3,-0.421540036814434,0.424
6,2,0.2,414,10,0,0.3,13,3,-0.801983853483193,0.43
6,2,0.2,353,10,0,0.3,13,3,-0.606768884356484,0.432
6,2,0.2,356,10,0,0.3,13,3,0.358598465332733,0.436
6,2,0.2,99,10,0,0.3,13,3,0.457531278682438,0.438
6,2,0.2,267,10,0,0.3,13,3,-0.607732613665689,0.438
6,2,0.2,156,10,0,0.3,13,3,-0.284345475876705,0.444
6,2,0.2,148,10,0,0.3,13,3,0.470548660599803,0.446
6,2,0.2,304,10,0,0.3,13,3,0.177325421393931,0.45
6,2,0.2,476,10,0,0.3,13,3,0.385186499510525,0.452
6,2,0.2,424,10,0,0.3,13,3,0.493758498539677,0.454
6,2,0.2,400,10,0,0.3,13,3,-0.406003995248682,0.458
6,2,0.2,133,10,0,0.3,13,3,0.267508133312077,0.462
6,2,0.2,357,10,0,0.3,13,3,-0.544071140776339,0.462
6,2,0.2,130,10,0,0.3,13,3,0.834761014794054,0.464
6,2,0.2,478,10,0,0.3,13,3,0.464218618562001,0.464
6,2,0.2,118,10,0,0.3,13,3,-0.21787068754989,0.468
6,2,0.2,254,10,0,0.3,13,3,-0.710504136695192,0.472
6,2,0.2,258,10,0,0.3,13,3,0.338174292699904,0.472
6,2,0.2,314,10,0,0.3,13,3,0.533993855622896,0.472
6,2,0.2,149,10,0,0.3,13,3,0.282000134320725,0.476
6,2,0.2,388,10,0,0.3,13,3,-0.472869882308487,0.476
6,2,0.2,84,10,0,0.3,13,3,0.326653078332839,0.478
6,2,0.2,321,10,0,0.3,13,3,-0.232932189766728,0.482
6,2,0.2,486,10,0,0.3,13,3,-0.568204345859471,0.486
6,2,0.2,312,10,0,0.3,13,3,0.49343977966231,0.49
6,2,0.2,345,10,0,0.3,13,3,0.18955954056284,0.492
6,2,0.2,482,10,0,0.3,13,3,0.349415047699949,0.492
6,2,0.2,6,10,0,0.3,13,3,-0.143099752709105,0.5
6,2,0.2,293,10,0,0.3,13,3,-0.258662287425238,0.5
6,2,0.2,408,10,0,0.3,13,3,0.395215197162514,0.5
6,2,0.2,409,10,0,0.3,13,3,-0.437106567123976,0.502
6,2,0.2,111,10,0,0.3,13,3,-0.238659572194138,0.506
6,2,0.2,135,10,0,0.3,13,3,0.16785655926742,0.506
6,2,0.2,203,10,0,0.3,13,3,0.549807935724715,0.508
6,2,0.2,114,10,0,0.3,13,3,0.294538136104023,0.51
6,2,0.2,286,10,0,0.3,13,3,0.25618087427199,0.51
6,2,0.2,161,10,0,0.3,13,3,-0.345763686871663,0.518
6,2,0.2,234,10,0,0.3,13,3,0.191529933673479,0.518
6,2,0.2,493,10,0,0.3,13,3,0.282888875101918,0.518
6,2,0.2,1,10,0,0.3,13,3,-0.438802389345227,0.52
6,2,0.2,63,10,0,0.3,13,3,0.143154085305753,0.526
6,2,0.2,105,10,0,0.3,13,3,-0.21457166629736,0.532
6,2,0.2,287,10,0,0.3,13,3,-0.369370452655602,0.532
6,2,0.2,57,10,0,0.3,13,3,0.313447616149546,0.534
6,2,0.2,146,10,0,0.3,13,3,-0.420699734299717,0.534
6,2,0.2,341,10,0,0.3,13,3,0.280369027888412,0.534
6,2,0.2,120,10,0,0.3,13,3,-0.274936027316784,0.536
6,2,0.2,206,10,0,0.3,13,3,-0.429897130737999,0.536
6,2,0.2,250,10,0,0.3,13,3,0.317219627160028,0.536
6,2,0.2,461,10,0,0.3,13,3,0.171878619722179,0.538
6,2,0.2,485,10,0,0.3,13,3,-0.776487974172937,0.542
6,2,0.2,376,10,0,0.3,13,3,0.603835317935307,0.544
6,2,0.2,460,10,0,0.3,13,3,0.270426065495059,0.544
6,2,0.2,58,10,0,0.3,13,3,0.200473786561645,0.546
6,2,0.2,67,10,0,0.3,13,3,-0.557917302792248,0.552
6,2,0.2,226,10,0,0.3,13,3,0.262837576443303,0.56
6,2,0.2,144,10,0,0.3,13,3,0.256595179355458,0.562
6,2,0.2,252,10,0,0.3,13,3,-0.147234891687532,0.562
6,2,0.2,275,10,0,0.3,13,3,0.210371392547955,0.562
6,2,0.2,396,10,0,0.3,13,3,-0.217414264353863,0.562
6,2,0.2,420,10,0,0.3,13,3,-0.310009806289173,0.562
6,2,0.2,249,10,0,0.3,13,3,0.640286581695932,0.564
6,2,0.2,474,10,0,0.3,13,3,-0.246655683010061,0.564
6,2,0.2,225,10,0,0.3,13,3,0.334448557338334,0.566
6,2,0.2,124,10,0,0.3,13,3,0.187356238761822,0.57
6,2,0.2,51,10,0,0.3,13,3,0.256666068380611,0.58
6,2,0.2,125,10,0,0.3,13,3,0.106957544063221,0.58
6,2,0.2,369,10,0,0.3,13,3,0.475156764624671,0.58
6,2,0.2,72,10,0,0.3,13,3,0.533252838386232,0.582
6,2,0.2,109,10,0,0.3,13,3,0.333825541316287,0.582
6,2,0.2,242,10,0,0.3,13,3,0.520005215863193,0.582
6,2,0.2,30,10,0,0.3,13,3,-0.298595736289201,0.584
6,2,0.2,445,10,0,0.3,13,3,0.202789826779934,0.586
6,2,0.2,349,10,0,0.3,13,3,-0.497538418038374,0.588
6,2,0.2,390,10,0,0.3,13,3,-0.162486689128883,0.588
6,2,0.2,55,10,0,0.3,13,3,0.326766103483408,0.59
6,2,0.2,25,10,0,0.3,13,3,0.762781019415939,0.596
6,2,0.2,86,10,0,0.3,13,3,-0.240389333986997,0.596
6,2,0.2,113,10,0,0.3,13,3,0.429763563711987,0.596
6,2,0.2,228,10,0,0.3,13,3,0.179697979693458,0.596
6,2,0.2,365,10,0,0.3,13,3,0.194005459476358,0.598
6,2,0.2,442,10,0,0.3,13,3,-0.704543322452565,0.598
6,2,0.2,470,10,0,0.3,13,3,0.261414530051979,0.602
6,2,0.2,471,10,0,0.3,13,3,-0.248353676428735,0.602
6,2,0.2,207,10,0,0.3,13,3,1.05582238662777,0.604
6,2,0.2,313,10,0,0.3,13,3,-0.553459373637935,0.604
6,2,0.2,392,10,0,0.3,13,3,-0.225619219826427,0.604
6,2,0.2,73,10,0,0.3,13,3,0.135082051888702,0.606
6,2,0.2,92,10,0,0.3,13,3,-0.916135753630471,0.606
6,2,0.2,372,10,0,0.3,13,3,-0.395413888914703,0.608
6,2,0.2,434,10,0,0.3,13,3,-0.167963894019209,0.608
6,2,0.2,35,10,0,0.3,13,3,-0.638795484984882,0.61
6,2,0.2,98,10,0,0.3,13,3,-0.207747472178227,0.61
6,2,0.2,123,10,0,0.3,13,3,-0.342052582328506,0.612
6,2,0.2,464,10,0,0.3,13,3,0.181477527394719,0.616
6,2,0.2,214,10,0,0.3,13,3,0.12518500971305,0.618
6,2,0.2,239,10,0,0.3,13,3,-0.244371752450775,0.618
6,2,0.2,240,10,0,0.3,13,3,-0.345730414755991,0.618
6,2,0.2,330,10,0,0.3,13,3,0.84043740802457,0.618
6,2,0.2,5,10,0,0.3,13,3,0.2354076020344,0.622
6,2,0.2,48,10,0,0.3,13,3,0.632080421675738,0.622
6,2,0.2,302,10,0,0.3,13,3,0.214290049740129,0.624
6,2,0.2,97,10,0,0.3,13,3,-0.486257934227211,0.628
6,2,0.2,248,10,0,0.3,13,3,0.70844123597405,0.63
6,2,0.2,259,10,0,0.3,13,3,-0.344972367914153,0.634
6,2,0.2,12,10,0,0.3,13,3,-0.771415342693075,0.636
6,2,0.2,283,10,0,0.3,13,3,0.805491523472512,0.636
6,2,0.2,271,10,0,0.3,13,3,0.135755786953922,0.64
6,2,0.2,437,10,0,0.3,13,3,0.185089553050375,0.64
6,2,0.2,466,10,0,0.3,13,3,-0.499722880453589,0.64
6,2,0.2,145,10,0,0.3,13,3,-0.439205883327361,0.642
6,2,0.2,327,10,0,0.3,13,3,-0.229718186057397,0.644
6,2,0.2,406,10,0,0.3,13,3,-0.509313869281982,0.644
6,2,0.2,264,10,0,0.3,13,3,0.35681295276305,0.648
6,2,0.2,333,10,0,0.3,13,3,-0.771585528477374,0.648
6,2,0.2,391,10,0,0.3,13,3,-0.473454773645699,0.648
6,2,0.2,178,10,0,0.3,13,3,0.160793309083004,0.65
6,2,0.2,31,10,0,0.3,13,3,0.331383491883514,0.652
6,2,0.2,311,10,0,0.3,13,3,-0.381319719352632,0.652
6,2,0.2,27,10,0,0.3,13,3,0.209061316540243,0.654
6,2,0.2,32,10,0,0.3,13,3,-0.152679931288731,0.654
6,2,0.2,334,10,0,0.3,13,3,0.49452313806708,0.654
6,2,0.2,446,10,0,0.3,13,3,-0.319062067970691,0.656
6,2,0.2,456,10,0,0.3,13,3,-0.165353347163517,0.656
6,2,0.2,193,10,0,0.3,13,3,-0.19559470105159,0.658
6,2,0.2,386,10,0,0.3,13,3,-0.312457835579664,0.658
6,2,0.2,167,10,0,0.3,13,3,-0.223235550237121,0.66
6,2,0.2,138,10,0,0.3,13,3,-0.280543744738566,0.662
6,2,0.2,141,10,0,0.3,13,3,0.157375430330973,0.662
6,2,0.2,447,10,0,0.3,13,3,-0.310751253554429,0.662
6,2,0.2,401,10,0,0.3,13,3,0.208847154452457,0.664
6,2,0.2,469,10,0,0.3,13,3,-0.269028067012101,0.664
6,2,0.2,190,10,0,0.3,13,3,-0.228556715416005,0.668
6,2,0.2,216,10,0,0.3,13,3,0.359301170307845,0.668
6,2,0.2,295,10,0,0.3,13,3,-0.277744119169085,0.672
6,2,0.2,317,10,0,0.3,13,3,0.445799818310178,0.672
6,2,0.2,13,10,0,0.3,13,3,-0.482618679997529,0.676
6,2,0.2,66,10,0,0.3,13,3,-0.308574960537527,0.676
6,2,0.2,137,10,0,0.3,13,3,-0.685684103611464,0.676
6,2,0.2,175,10,0,0.3,13,3,-0.36689536972267,0.676
6,2,0.2,68,10,0,0.3,13,3,-0.292459463571305,0.678
6,2,0.2,158,10,0,0.3,13,3,-0.460065315957564,0.678
6,2,0.2,308,10,0,0.3,13,3,-0.320607096966143,0.68
6,2,0.2,361,10,0,0.3,13,3,0.368392470154049,0.68
6,2,0.2,129,10,0,0.3,13,3,-0.285330954186975,0.682
6,2,0.2,174,10,0,0.3,13,3,0.144169291238768,0.682
6,2,0.2,91,10,0,0.3,13,3,-0.271112936447338,0.684
6,2,0.2,257,10,0,0.3,13,3,-0.209105214220642,0.684
6,2,0.2,15,10,0,0.3,13,3,0.145463614170609,0.686
6,2,0.2,49,10,0,0.3,13,3,0.193036478447596,0.686
6,2,0.2,394,10,0,0.3,13,3,-0.243313702409694,0.686
6,2,0.2,326,10,0,0.3,13,3,0.278673702413556,0.688
6,2,0.2,297,10,0,0.3,13,3,-0.16830716430664,0.696
6,2,0.2,65,10,0,0.3,13,3,-0.396734054195889,0.702
6,2,0.2,19,10,0,0.3,13,3,0.155841408956803,0.704
6,2,0.2,150,10,0,0.3,13,3,0.113171250504166,0.704
6,2,0.2,416,10,0,0.3,13,3,0.291622204559303,0.704
6,2,0.2,430,10,0,0.3,13,3,0.195792797923247,0.704
6,2,0.2,266,10,0,0.3,13,3,-0.246171530042631,0.706
6,2,0.2,324,10,0,0.3,13,3,0.261242706321269,0.706
6,2,0.2,279,10,0,0.3,13,3,-0.0928766219258534,0.712
6,2,0.2,382,10,0,0.3,13,3,-0.17356941010425,0.714
6,2,0.2,43,10,0,0.3,13,3,0.170230406218423,0.72
6,2,0.2,432,10,0,0.3,13,3,-0.249148720815583,0.722
6,2,0.2,218,10,0,0.3,13,3,0.0898818338798151,0.724
6,2,0.2,404,10,0,0.3,13,3,0.304227678330903,0.724
6,2,0.2,42,10,0,0.3,13,3,0.121118935191106,0.726
6,2,0.2,196,10,0,0.3,13,3,-0.216157191244889,0.728
6,2,0.2,377,10,0,0.3,13,3,-0.186001305474292,0.728
6,2,0.2,325,10,0,0.3,13,3,-0.217197528465022,0.734
6,2,0.2,360,10,0,0.3,13,3,0.25571229072483,0.734
6,2,0.2,399,10,0,0.3,13,3,0.294586544598587,0.736
6,2,0.2,139,10,0,0.3,13,3,0.172386128615699,0.738
6,2,0.2,367,10,0,0.3,13,3,-0.243987315225382,0.74
6,2,0.2,83,10,0,0.3,13,3,-0.163137406795244,0.744
6,2,0.2,273,10,0,0.3,13,3,0.194791698297934,0.744
6,2,0.2,368,10,0,0.3,13,3,0.137401557589499,0.746
6,2,0.2,233,10,0,0.3,13,3,-0.141320554482235,0.748
6,2,0.2,282,10,0,0.3,13,3,0.19641771957086,0.752
6,2,0.2,211,10,0,0.3,13,3,0.146420045331723,0.756
6,2,0.2,337,10,0,0.3,13,3,-0.0878612599599364,0.756
6,2,0.2,188,10,0,0.3,13,3,-0.347711988612474,0.76
6,2,0.2,270,10,0,0.3,13,3,-0.274625383558345,0.76
6,2,0.2,18,10,0,0.3,13,3,-0.295533573076085,0.762
6,2,0.2,241,10,0,0.3,13,3,0.193527270995787,0.766
6,2,0.2,21,10,0,0.3,13,3,-0.096660768361545,0.768
6,2,0.2,255,10,0,0.3,13,3,0.284123976407642,0.77
6,2,0.2,305,10,0,0.3,13,3,-0.0557517620846397,0.77
6,2,0.2,492,10,0,0.3,13,3,-0.272084173401055,0.77
6,2,0.2,181,10,0,0.3,13,3,-0.240062001107475,0.776
6,2,0.2,419,10,0,0.3,13,3,0.141132137149327,0.776
6,2,0.2,352,10,0,0.3,13,3,0.168548410031036,0.778
6,2,0.2,213,10,0,0.3,13,3,-0.229264285830993,0.784
6,2,0.2,443,10,0,0.3,13,3,0.118665932122724,0.784
6,2,0.2,179,10,0,0.3,13,3,0.103738208304691,0.786
6,2,0.2,335,10,0,0.3,13,3,-0.183785898144578,0.788
6,2,0.2,177,10,0,0.3,13,3,0.108034733323876,0.792
6,2,0.2,157,10,0,0.3,13,3,-0.157294003215753,0.798
6,2,0.2,276,10,0,0.3,13,3,-0.0822994826038723,0.798
6,2,0.2,284,10,0,0.3,13,3,0.180874803603871,0.802
6,2,0.2,28,10,0,0.3,13,3,0.0956350079107722,0.806
6,2,0.2,192,10,0,0.3,13,3,0.109066740876727,0.81
6,2,0.2,78,10,0,0.3,13,3,-0.0499612857307739,0.814
6,2,0.2,306,10,0,0.3,13,3,0.141592085584563,0.814
6,2,0.2,44,10,0,0.3,13,3,-0.0412402753474908,0.816
6,2,0.2,199,10,0,0.3,13,3,0.0402364471503347,0.818
6,2,0.2,47,10,0,0.3,13,3,-0.0799012138073465,0.82
6,2,0.2,205,10,0,0.3,13,3,0.136718121167462,0.82
6,2,0.2,417,10,0,0.3,13,3,-0.109951300982999,0.82
6,2,0.2,95,10,0,0.3,13,3,0.120138474872334,0.824
6,2,0.2,152,10,0,0.3,13,3,0.12531369634749,0.826
6,2,0.2,371,10,0,0.3,13,3,0.112706226370648,0.828
6,2,0.2,436,10,0,0.3,13,3,-0.122140063137181,0.838
6,2,0.2,69,10,0,0.3,13,3,-0.0794474385377839,0.842
6,2,0.2,467,10,0,0.3,13,3,0.18064620673394,0.842
6,2,0.2,261,10,0,0.3,13,3,0.0748032192582286,0.846
6,2,0.2,33,10,0,0.3,13,3,0.114264740959783,0.848
6,2,0.2,487,10,0,0.3,13,3,-0.0880283168661151,0.848
6,2,0.2,222,10,0,0.3,13,3,0.0964322447051131,0.85
6,2,0.2,348,10,0,0.3,13,3,-0.102159467867381,0.852
6,2,0.2,223,10,0,0.3,13,3,0.105704233614034,0.854
6,2,0.2,153,10,0,0.3,13,3,0.0691998224888266,0.86
6,2,0.2,465,10,0,0.3,13,3,0.0837382208795532,0.862
6,2,0.2,253,10,0,0.3,13,3,-0.0773079584727441,0.868
6,2,0.2,285,10,0,0.3,13,3,-0.0522106249021874,0.868
6,2,0.2,247,10,0,0.3,13,3,-0.0433814166651132,0.87
6,2,0.2,11,10,0,0.3,13,3,-0.105661011999615,0.874
6,2,0.2,332,10,0,0.3,13,3,0.084348804326936,0.878
6,2,0.2,473,10,0,0.3,13,3,-0.0595112509541877,0.878
6,2,0.2,132,10,0,0.3,13,3,-0.0806694902035474,0.88
6,2,0.2,103,10,0,0.3,13,3,-0.0501372760236336,0.884
6,2,0.2,329,10,0,0.3,13,3,-0.0595930476991384,0.886
6,2,0.2,453,10,0,0.3,13,3,0.106871115437656,0.892
6,2,0.2,70,10,0,0.3,13,3,-0.0642034265525524,0.894
6,2,0.2,230,10,0,0.3,13,3,-0.0618245231465835,0.894
6,2,0.2,454,10,0,0.3,13,3,-0.0510110933907981,0.894
6,2,0.2,116,10,0,0.3,13,3,0.0307314424396452,0.896
6,2,0.2,452,10,0,0.3,13,3,0.0758025686545523,0.9
6,2,0.2,154,10,0,0.3,13,3,0.0642663392215468,0.902
6,2,0.2,210,10,0,0.3,13,3,0.0716226074661392,0.902
6,2,0.2,319,10,0,0.3,13,3,-0.0369917627316738,0.902
6,2,0.2,455,10,0,0.3,13,3,-0.0506395054068491,0.902
6,2,0.2,494,10,0,0.3,13,3,-0.0988116974872355,0.904
6,2,0.2,378,10,0,0.3,13,3,-0.0615432854487494,0.906
6,2,0.2,475,10,0,0.3,13,3,0.0603386289462549,0.908
6,2,0.2,444,10,0,0.3,13,3,0.0331917227530312,0.912
6,2,0.2,4,10,0,0.3,13,3,-0.0441920086234404,0.918
6,2,0.2,381,10,0,0.3,13,3,0.0362590551607127,0.918
6,2,0.2,412,10,0,0.3,13,3,0.0417285508653435,0.918
6,2,0.2,53,10,0,0.3,13,3,-0.0476642433009999,0.926
6,2,0.2,310,10,0,0.3,13,3,-0.0445664186885892,0.928
6,2,0.2,410,10,0,0.3,13,3,0.0310507677297096,0.928
6,2,0.2,336,10,0,0.3,13,3,-0.107486284513243,0.93
6,2,0.2,46,10,0,0.3,13,3,0.0422286712869209,0.932
6,2,0.2,331,10,0,0.3,13,3,-0.0472419850078722,0.932
6,2,0.2,374,10,0,0.3,13,3,-0.06385040785662,0.94
6,2,0.2,143,10,0,0.3,13,3,-0.0448765299820764,0.942
6,2,0.2,191,10,0,0.3,13,3,-0.0284376908227557,0.944
6,2,0.2,380,10,0,0.3,13,3,0.0261149722381901,0.944
6,2,0.2,263,10,0,0.3,13,3,-0.0308218261725699,0.946
6,2,0.2,22,10,0,0.3,13,3,0.0163853057632082,0.948
6,2,0.2,323,10,0,0.3,13,3,-0.0250046376143871,0.95
6,2,0.2,429,10,0,0.3,13,3,-0.0491684833945101,0.952
6,2,0.2,59,10,0,0.3,13,3,-0.0185237085397887,0.954
6,2,0.2,160,10,0,0.3,13,3,0.00566940230100954,0.954
6,2,0.2,291,10,0,0.3,13,3,-0.0443391683048446,0.954
6,2,0.2,379,10,0,0.3,13,3,0.0405643854385005,0.954
6,2,0.2,34,10,0,0.3,13,3,-0.0372302083836473,0.958
6,2,0.2,479,10,0,0.3,13,3,-0.0261360344248942,0.958
6,2,0.2,450,10,0,0.3,13,3,-0.0267911243646495,0.96
6,2,0.2,418,10,0,0.3,13,3,-0.0167000839776961,0.968
6,2,0.2,244,10,0,0.3,13,3,-0.0123185360866955,0.978
6,2,0.2,389,10,0,0.3,13,3,0.0116758658795959,0.978
6,2,0.2,488,10,0,0.3,13,3,0.0167746364961943,0.978
6,2,0.2,164,10,0,0.3,13,3,-0.0160197982700652,0.98
6,2,0.2,169,10,0,0.3,13,3,0.00703866740073522,0.984
6,2,0.2,165,10,0,0.3,13,3,-0.00831733447793681,0.99
6,2,0.2,343,10,0,0.3,13,3,0.00274593887675678,0.99
6,2,0.2,134,10,0,0.3,13,3,0.00409810301815128,0.992
6,2,0.2,80,10,0,0.3,13,3,0.00180189150913179,0.998
6,2,0.2,458,10,0,0.3,13,3,-0.00020350068379571,1
6,2,0.2,473,10,0,0.3,14,3,1.80790627098474,0.004
6,2,0.2,208,10,0,0.3,14,3,0.478917131086888,0.012
6,2,0.2,199,10,0,0.3,14,3,-1.49455004324633,0.014
6,2,0.2,167,10,0,0.3,14,3,1.49145816605608,0.018
6,2,0.2,130,10,0,0.3,14,3,1.04248394324989,0.03
6,2,0.2,275,10,0,0.3,14,3,0.701175718960741,0.036
6,2,0.2,499,10,0,0.3,14,3,-1.30812584093965,0.038
6,2,0.2,378,10,0,0.3,14,3,1.1404573595826,0.04
6,2,0.2,160,10,0,0.3,14,3,-1.70185357963072,0.042
6,2,0.2,223,10,0,0.3,14,3,1.44132911231415,0.042
6,2,0.2,246,10,0,0.3,14,3,-1.24393626932442,0.042
6,2,0.2,339,10,0,0.3,14,3,-1.10669095529053,0.042
6,2,0.2,484,10,0,0.3,14,3,0.943359468969447,0.042
6,2,0.2,38,10,0,0.3,14,3,-1.04184842407159,0.048
6,2,0.2,143,10,0,0.3,14,3,1.11561025915478,0.048
6,2,0.2,294,10,0,0.3,14,3,0.71817162644399,0.048
6,2,0.2,417,10,0,0.3,14,3,0.816711155332172,0.048
6,2,0.2,430,10,0,0.3,14,3,-1.00190851877153,0.048
6,2,0.2,462,10,0,0.3,14,3,-1.41585421421829,0.048
6,2,0.2,475,10,0,0.3,14,3,0.909364987427125,0.05
6,2,0.2,231,10,0,0.3,14,3,0.855948090889086,0.052
6,2,0.2,383,10,0,0.3,14,3,0.836931859934964,0.052
6,2,0.2,451,10,0,0.3,14,3,-0.657737872439611,0.052
6,2,0.2,57,10,0,0.3,14,3,-1.52930038153991,0.056
6,2,0.2,217,10,0,0.3,14,3,1.02282356875122,0.056
6,2,0.2,248,10,0,0.3,14,3,-1.07986585635953,0.056
6,2,0.2,54,10,0,0.3,14,3,-0.853621567881987,0.058
6,2,0.2,454,10,0,0.3,14,3,0.804026420354376,0.058
6,2,0.2,156,10,0,0.3,14,3,0.824743240939654,0.06
6,2,0.2,496,10,0,0.3,14,3,-1.47978086066055,0.06
6,2,0.2,17,10,0,0.3,14,3,-1.09503678781002,0.062
6,2,0.2,151,10,0,0.3,14,3,1.49242467298444,0.064
6,2,0.2,64,10,0,0.3,14,3,-0.689353459799236,0.066
6,2,0.2,72,10,0,0.3,14,3,-0.882449844921098,0.066
6,2,0.2,175,10,0,0.3,14,3,-0.453175491949025,0.066
6,2,0.2,324,10,0,0.3,14,3,0.852355389296264,0.066
6,2,0.2,68,10,0,0.3,14,3,-0.786943642178159,0.07
6,2,0.2,298,10,0,0.3,14,3,1.12574921699053,0.072
6,2,0.2,319,10,0,0.3,14,3,-0.84368453747021,0.072
6,2,0.2,100,10,0,0.3,14,3,1.5809568259304,0.076
6,2,0.2,31,10,0,0.3,14,3,-0.946042472959448,0.078
6,2,0.2,67,10,0,0.3,14,3,-0.894652840281481,0.078
6,2,0.2,225,10,0,0.3,14,3,-1.32777796073833,0.078
6,2,0.2,368,10,0,0.3,14,3,1.10059185201473,0.08
6,2,0.2,155,10,0,0.3,14,3,-0.840263991765795,0.082
6,2,0.2,9,10,0,0.3,14,3,0.592893937178872,0.084
6,2,0.2,59,10,0,0.3,14,3,1.06222060840605,0.084
6,2,0.2,78,10,0,0.3,14,3,1.03764075794064,0.084
6,2,0.2,353,10,0,0.3,14,3,1.02326888340318,0.084
6,2,0.2,360,10,0,0.3,14,3,-0.779789346751016,0.084
6,2,0.2,498,10,0,0.3,14,3,-1.40449608277342,0.084
6,2,0.2,1,10,0,0.3,14,3,1.00646468595241,0.086
6,2,0.2,183,10,0,0.3,14,3,1.48450981070303,0.086
6,2,0.2,329,10,0,0.3,14,3,-0.916689440913245,0.086
6,2,0.2,487,10,0,0.3,14,3,0.702222640412799,0.086
6,2,0.2,284,10,0,0.3,14,3,0.695595797140754,0.088
6,2,0.2,43,10,0,0.3,14,3,0.80702446894739,0.09
6,2,0.2,52,10,0,0.3,14,3,-0.81243983443369,0.09
6,2,0.2,321,10,0,0.3,14,3,1.08499452943846,0.09
6,2,0.2,2,10,0,0.3,14,3,-0.688095049972702,0.092
6,2,0.2,396,10,0,0.3,14,3,1.0964502477936,0.094
6,2,0.2,27,10,0,0.3,14,3,-0.606500902567745,0.096
6,2,0.2,126,10,0,0.3,14,3,1.22147932013817,0.096
6,2,0.2,254,10,0,0.3,14,3,-0.956954594434904,0.098
6,2,0.2,489,10,0,0.3,14,3,-1.12985276968956,0.098
6,2,0.2,63,10,0,0.3,14,3,-1.49230340009521,0.1
6,2,0.2,344,10,0,0.3,14,3,-0.800874708269049,0.1
6,2,0.2,402,10,0,0.3,14,3,-0.828350282535609,0.1
6,2,0.2,158,10,0,0.3,14,3,-0.669040515396745,0.102
6,2,0.2,272,10,0,0.3,14,3,1.21342828942329,0.102
6,2,0.2,390,10,0,0.3,14,3,0.964993696883283,0.102
6,2,0.2,393,10,0,0.3,14,3,-0.8252263055208,0.102
6,2,0.2,338,10,0,0.3,14,3,0.674191892964984,0.104
6,2,0.2,320,10,0,0.3,14,3,0.82136865546525,0.106
6,2,0.2,74,10,0,0.3,14,3,-1.35248421687567,0.108
6,2,0.2,87,10,0,0.3,14,3,0.53961968522313,0.108
6,2,0.2,61,10,0,0.3,14,3,0.767585503149377,0.11
6,2,0.2,45,10,0,0.3,14,3,0.637846403765764,0.112
6,2,0.2,432,10,0,0.3,14,3,-0.671820181622763,0.112
6,2,0.2,482,10,0,0.3,14,3,-0.543020811371377,0.112
6,2,0.2,32,10,0,0.3,14,3,-0.850020121980549,0.114
6,2,0.2,129,10,0,0.3,14,3,-0.606021470628832,0.114
6,2,0.2,318,10,0,0.3,14,3,-0.573948126389979,0.114
6,2,0.2,440,10,0,0.3,14,3,0.69092622780903,0.114
6,2,0.2,442,10,0,0.3,14,3,-0.993922035498173,0.114
6,2,0.2,463,10,0,0.3,14,3,0.750972711658335,0.114
6,2,0.2,267,10,0,0.3,14,3,0.520095699157366,0.116
6,2,0.2,60,10,0,0.3,14,3,0.602372941215265,0.118
6,2,0.2,243,10,0,0.3,14,3,0.584891259022896,0.118
6,2,0.2,355,10,0,0.3,14,3,-1.31068037715858,0.118
6,2,0.2,364,10,0,0.3,14,3,-1.10862529054853,0.118
6,2,0.2,468,10,0,0.3,14,3,-0.918419373299287,0.118
6,2,0.2,154,10,0,0.3,14,3,0.668921088413214,0.12
6,2,0.2,282,10,0,0.3,14,3,0.8387849056665,0.124
6,2,0.2,301,10,0,0.3,14,3,-0.756932852282745,0.126
6,2,0.2,411,10,0,0.3,14,3,0.426540257701674,0.126
6,2,0.2,415,10,0,0.3,14,3,0.445273124474369,0.126
6,2,0.2,112,10,0,0.3,14,3,0.526889028020207,0.128
6,2,0.2,312,10,0,0.3,14,3,0.387797370601447,0.128
6,2,0.2,325,10,0,0.3,14,3,-0.677672880353953,0.128
6,2,0.2,251,10,0,0.3,14,3,1.13989126149909,0.13
6,2,0.2,85,10,0,0.3,14,3,-1.21415998340416,0.134
6,2,0.2,306,10,0,0.3,14,3,-0.639870132469326,0.134
6,2,0.2,23,10,0,0.3,14,3,-0.937333313711576,0.136
6,2,0.2,491,10,0,0.3,14,3,-0.437830948990467,0.136
6,2,0.2,308,10,0,0.3,14,3,-0.524868741331034,0.138
6,2,0.2,398,10,0,0.3,14,3,-0.748530139551889,0.138
6,2,0.2,12,10,0,0.3,14,3,-0.61342251936199,0.14
6,2,0.2,40,10,0,0.3,14,3,-0.47789991707694,0.14
6,2,0.2,133,10,0,0.3,14,3,-0.613513810513069,0.142
6,2,0.2,201,10,0,0.3,14,3,-0.795571877255924,0.142
6,2,0.2,286,10,0,0.3,14,3,-0.926483206201084,0.142
6,2,0.2,327,10,0,0.3,14,3,-0.533137269694066,0.142
6,2,0.2,337,10,0,0.3,14,3,0.574671458428185,0.142
6,2,0.2,258,10,0,0.3,14,3,0.80681318295359,0.144
6,2,0.2,397,10,0,0.3,14,3,-0.524287996007899,0.144
6,2,0.2,198,10,0,0.3,14,3,0.94157611574613,0.146
6,2,0.2,480,10,0,0.3,14,3,-0.938556646315647,0.146
6,2,0.2,18,10,0,0.3,14,3,-0.356479114070396,0.148
6,2,0.2,349,10,0,0.3,14,3,0.587037637706175,0.148
6,2,0.2,8,10,0,0.3,14,3,0.856461786262685,0.15
6,2,0.2,184,10,0,0.3,14,3,0.725691649386874,0.15
6,2,0.2,413,10,0,0.3,14,3,-0.587098706549995,0.15
6,2,0.2,455,10,0,0.3,14,3,0.662988099026734,0.15
6,2,0.2,273,10,0,0.3,14,3,0.604150269763153,0.152
6,2,0.2,400,10,0,0.3,14,3,0.775572140149592,0.152
6,2,0.2,152,10,0,0.3,14,3,-0.189525163949753,0.154
6,2,0.2,161,10,0,0.3,14,3,0.481083387212578,0.158
6,2,0.2,187,10,0,0.3,14,3,-0.590412746959203,0.158
6,2,0.2,51,10,0,0.3,14,3,-0.51654399474549,0.16
6,2,0.2,296,10,0,0.3,14,3,-0.391051931721876,0.16
6,2,0.2,362,10,0,0.3,14,3,-0.881006496923362,0.16
6,2,0.2,186,10,0,0.3,14,3,0.236430565819916,0.164
6,2,0.2,80,10,0,0.3,14,3,-0.575004036895933,0.168
6,2,0.2,409,10,0,0.3,14,3,-0.684526186721797,0.168
6,2,0.2,412,10,0,0.3,14,3,-0.474930567592764,0.168
6,2,0.2,70,10,0,0.3,14,3,-0.306540084209473,0.17
6,2,0.2,414,10,0,0.3,14,3,-0.380421469052436,0.172
6,2,0.2,214,10,0,0.3,14,3,-0.491371875606802,0.174
6,2,0.2,370,10,0,0.3,14,3,0.298350209147543,0.174
6,2,0.2,79,10,0,0.3,14,3,0.813490960378743,0.18
6,2,0.2,431,10,0,0.3,14,3,-0.787605402104646,0.18
6,2,0.2,466,10,0,0.3,14,3,-0.495501360973776,0.182
6,2,0.2,71,10,0,0.3,14,3,-0.462012755463377,0.188
6,2,0.2,193,10,0,0.3,14,3,0.633173776941163,0.188
6,2,0.2,335,10,0,0.3,14,3,0.339953830015162,0.19
6,2,0.2,336,10,0,0.3,14,3,-0.578375829827962,0.19
6,2,0.2,361,10,0,0.3,14,3,-0.631210356773352,0.19
6,2,0.2,492,10,0,0.3,14,3,0.563543635778416,0.19
6,2,0.2,94,10,0,0.3,14,3,-0.596483818114507,0.192
6,2,0.2,92,10,0,0.3,14,3,-0.734831004388099,0.196
6,2,0.2,266,10,0,0.3,14,3,0.492273017025099,0.2
6,2,0.2,447,10,0,0.3,14,3,-0.526338352461408,0.202
6,2,0.2,148,10,0,0.3,14,3,0.436725079010927,0.204
6,2,0.2,314,10,0,0.3,14,3,-0.585352019034218,0.204
6,2,0.2,373,10,0,0.3,14,3,-0.520662980579345,0.218
6,2,0.2,330,10,0,0.3,14,3,0.303408485119803,0.222
6,2,0.2,343,10,0,0.3,14,3,-0.595124471480233,0.222
6,2,0.2,422,10,0,0.3,14,3,0.619897249109187,0.224
6,2,0.2,474,10,0,0.3,14,3,-0.587236483681437,0.224
6,2,0.2,15,10,0,0.3,14,3,-0.560617647372538,0.236
6,2,0.2,34,10,0,0.3,14,3,-0.723858201699443,0.242
6,2,0.2,166,10,0,0.3,14,3,-0.475049645655275,0.252
6,2,0.2,107,10,0,0.3,14,3,-0.369920261698752,0.254
6,2,0.2,216,10,0,0.3,14,3,-0.419582195352746,0.256
6,2,0.2,333,10,0,0.3,14,3,-0.315872324691554,0.258
6,2,0.2,195,10,0,0.3,14,3,-0.330791946418742,0.26
6,2,0.2,196,10,0,0.3,14,3,-0.268052028315225,0.26
6,2,0.2,250,10,0,0.3,14,3,-0.397645543845186,0.262
6,2,0.2,242,10,0,0.3,14,3,0.442827625440259,0.266
6,2,0.2,363,10,0,0.3,14,3,0.364185566425618,0.268
6,2,0.2,86,10,0,0.3,14,3,0.281177578377736,0.28
6,2,0.2,356,10,0,0.3,14,3,0.335591342671819,0.284
6,2,0.2,191,10,0,0.3,14,3,-0.253220082203285,0.286
6,2,0.2,82,10,0,0.3,14,3,-0.480706861704078,0.288
6,2,0.2,384,10,0,0.3,14,3,0.810339319431876,0.298
6,2,0.2,103,10,0,0.3,14,3,-0.349686924008722,0.302
6,2,0.2,287,10,0,0.3,14,3,0.469441714377467,0.302
6,2,0.2,420,10,0,0.3,14,3,0.542538470122821,0.308
6,2,0.2,476,10,0,0.3,14,3,-0.384751726193144,0.308
6,2,0.2,134,10,0,0.3,14,3,0.250472907768852,0.31
6,2,0.2,309,10,0,0.3,14,3,-0.370980922661488,0.316
6,2,0.2,5,10,0,0.3,14,3,-0.610387149537047,0.32
6,2,0.2,230,10,0,0.3,14,3,0.496475832602471,0.32
6,2,0.2,395,10,0,0.3,14,3,0.262339200775159,0.32
6,2,0.2,29,10,0,0.3,14,3,-0.524282098046513,0.322
6,2,0.2,41,10,0,0.3,14,3,0.201471878659873,0.322
6,2,0.2,90,10,0,0.3,14,3,0.393982494373944,0.328
6,2,0.2,210,10,0,0.3,14,3,0.324480957237256,0.328
6,2,0.2,142,10,0,0.3,14,3,0.360498599246171,0.334
6,2,0.2,172,10,0,0.3,14,3,-0.453870948091719,0.338
6,2,0.2,366,10,0,0.3,14,3,-0.364206609150841,0.342
6,2,0.2,494,10,0,0.3,14,3,-0.736245852343046,0.346
6,2,0.2,262,10,0,0.3,14,3,-0.421197452392335,0.354
6,2,0.2,114,10,0,0.3,14,3,0.537476047811793,0.358
6,2,0.2,241,10,0,0.3,14,3,-0.535373326378988,0.358
6,2,0.2,371,10,0,0.3,14,3,0.271883901615865,0.36
6,2,0.2,141,10,0,0.3,14,3,0.458650627869503,0.364
6,2,0.2,146,10,0,0.3,14,3,-0.469195875251529,0.364
6,2,0.2,188,10,0,0.3,14,3,-0.198892660908513,0.364
6,2,0.2,121,10,0,0.3,14,3,-0.667309370131164,0.368
6,2,0.2,460,10,0,0.3,14,3,0.359688159337992,0.37
6,2,0.2,10,10,0,0.3,14,3,0.633769760091781,0.372
6,2,0.2,438,10,0,0.3,14,3,0.203705874348856,0.376
6,2,0.2,174,10,0,0.3,14,3,0.894744121924418,0.38
6,2,0.2,437,10,0,0.3,14,3,-0.551319101144315,0.382
6,2,0.2,478,10,0,0.3,14,3,-0.558979899585637,0.382
6,2,0.2,408,10,0,0.3,14,3,-0.506002894611015,0.386
6,2,0.2,42,10,0,0.3,14,3,0.363111060995095,0.388
6,2,0.2,407,10,0,0.3,14,3,0.361196943570548,0.388
6,2,0.2,285,10,0,0.3,14,3,0.251437966515965,0.39
6,2,0.2,315,10,0,0.3,14,3,-0.4800060363809,0.39
6,2,0.2,379,10,0,0.3,14,3,-0.960563697019381,0.392
6,2,0.2,120,10,0,0.3,14,3,-0.219009840964532,0.394
6,2,0.2,365,10,0,0.3,14,3,0.822696546852939,0.398
6,2,0.2,425,10,0,0.3,14,3,-0.205382998739992,0.398
6,2,0.2,458,10,0,0.3,14,3,-0.614466272269482,0.4
6,2,0.2,235,10,0,0.3,14,3,-0.629745410902814,0.402
6,2,0.2,237,10,0,0.3,14,3,-0.174942747262889,0.404
6,2,0.2,56,10,0,0.3,14,3,-0.706058559003282,0.406
6,2,0.2,181,10,0,0.3,14,3,0.158978859748714,0.406
6,2,0.2,247,10,0,0.3,14,3,0.318558984889876,0.408
6,2,0.2,26,10,0,0.3,14,3,-0.368808256009828,0.41
6,2,0.2,88,10,0,0.3,14,3,0.421621756015753,0.412
6,2,0.2,105,10,0,0.3,14,3,-0.356406660142113,0.414
6,2,0.2,259,10,0,0.3,14,3,-0.227527928612261,0.414
6,2,0.2,449,10,0,0.3,14,3,-0.284492628797437,0.414
6,2,0.2,102,10,0,0.3,14,3,-0.407711954246508,0.422
6,2,0.2,404,10,0,0.3,14,3,0.629436112954693,0.422
6,2,0.2,28,10,0,0.3,14,3,0.615306656631532,0.424
6,2,0.2,136,10,0,0.3,14,3,0.330226181255142,0.424
6,2,0.2,53,10,0,0.3,14,3,0.459840770579973,0.426
6,2,0.2,293,10,0,0.3,14,3,-0.163747903467225,0.43
6,2,0.2,387,10,0,0.3,14,3,-0.663067337084129,0.43
6,2,0.2,249,10,0,0.3,14,3,0.23939452021051,0.434
6,2,0.2,367,10,0,0.3,14,3,-0.395051172224527,0.444
6,2,0.2,263,10,0,0.3,14,3,-0.324101597003789,0.446
6,2,0.2,220,10,0,0.3,14,3,0.440344684681349,0.448
6,2,0.2,346,10,0,0.3,14,3,-0.362681844456915,0.448
6,2,0.2,171,10,0,0.3,14,3,-0.429861562408405,0.45
6,2,0.2,300,10,0,0.3,14,3,0.463391602669645,0.454
6,2,0.2,253,10,0,0.3,14,3,-0.423714748322396,0.456
6,2,0.2,426,10,0,0.3,14,3,0.491166485304689,0.458
6,2,0.2,3,10,0,0.3,14,3,-0.615558922765359,0.468
6,2,0.2,485,10,0,0.3,14,3,0.3735118095193,0.468
6,2,0.2,297,10,0,0.3,14,3,-0.176178800667856,0.474
6,2,0.2,115,10,0,0.3,14,3,-0.773747320196776,0.476
6,2,0.2,486,10,0,0.3,14,3,-0.278145904982722,0.476
6,2,0.2,95,10,0,0.3,14,3,-0.372565448075562,0.478
6,2,0.2,465,10,0,0.3,14,3,-0.230014903526524,0.482
6,2,0.2,180,10,0,0.3,14,3,-0.55684001876736,0.488
6,2,0.2,76,10,0,0.3,14,3,0.271785320936715,0.49
6,2,0.2,342,10,0,0.3,14,3,0.465558009930589,0.492
6,2,0.2,127,10,0,0.3,14,3,0.41196653066882,0.494
6,2,0.2,471,10,0,0.3,14,3,-0.538112196749154,0.496
6,2,0.2,277,10,0,0.3,14,3,-0.411484716214687,0.498
6,2,0.2,89,10,0,0.3,14,3,-0.755938803416143,0.5
6,2,0.2,124,10,0,0.3,14,3,-0.390694402692588,0.5
6,2,0.2,292,10,0,0.3,14,3,0.333507600862504,0.5
6,2,0.2,189,10,0,0.3,14,3,0.232298826868288,0.508
6,2,0.2,138,10,0,0.3,14,3,-0.282628964549389,0.512
6,2,0.2,101,10,0,0.3,14,3,0.269724689338375,0.516
6,2,0.2,377,10,0,0.3,14,3,0.283551843356975,0.516
6,2,0.2,352,10,0,0.3,14,3,0.224843457172227,0.52
6,2,0.2,341,10,0,0.3,14,3,0.324629225887662,0.522
6,2,0.2,429,10,0,0.3,14,3,-0.161978031378624,0.522
6,2,0.2,65,10,0,0.3,14,3,0.365272498553907,0.526
6,2,0.2,375,10,0,0.3,14,3,0.567685201768256,0.532
6,2,0.2,16,10,0,0.3,14,3,-0.398951006385715,0.536
6,2,0.2,179,10,0,0.3,14,3,0.252563251684307,0.542
6,2,0.2,212,10,0,0.3,14,3,0.24984141094572,0.544
6,2,0.2,279,10,0,0.3,14,3,-0.272456776020505,0.544
6,2,0.2,394,10,0,0.3,14,3,-0.156525747369358,0.546
6,2,0.2,137,10,0,0.3,14,3,0.153994457476216,0.55
6,2,0.2,500,10,0,0.3,14,3,-0.230531837415128,0.55
6,2,0.2,452,10,0,0.3,14,3,-0.327858579338908,0.552
6,2,0.2,219,10,0,0.3,14,3,-0.357886288070461,0.554
6,2,0.2,207,10,0,0.3,14,3,0.387899069499184,0.556
6,2,0.2,289,10,0,0.3,14,3,-0.259229576761783,0.558
6,2,0.2,323,10,0,0.3,14,3,-0.203767540858109,0.558
6,2,0.2,62,10,0,0.3,14,3,0.259812017607544,0.562
6,2,0.2,119,10,0,0.3,14,3,-0.212236606075322,0.564
6,2,0.2,305,10,0,0.3,14,3,0.235239697282793,0.566
6,2,0.2,176,10,0,0.3,14,3,0.495964739232534,0.57
6,2,0.2,271,10,0,0.3,14,3,-0.226737834141488,0.58
6,2,0.2,372,10,0,0.3,14,3,0.254921113864498,0.58
6,2,0.2,25,10,0,0.3,14,3,-0.244134063088012,0.588
6,2,0.2,96,10,0,0.3,14,3,-0.332505582869601,0.588
6,2,0.2,227,10,0,0.3,14,3,0.115127926208771,0.588
6,2,0.2,381,10,0,0.3,14,3,0.380939986610855,0.588
6,2,0.2,450,10,0,0.3,14,3,-0.254478963341882,0.594
6,2,0.2,110,10,0,0.3,14,3,-0.590815674855691,0.596
6,2,0.2,6,10,0,0.3,14,3,-0.447960808361671,0.6
6,2,0.2,410,10,0,0.3,14,3,0.679107525902566,0.6
6,2,0.2,228,10,0,0.3,14,3,0.239741539257864,0.602
6,2,0.2,399,10,0,0.3,14,3,-0.237909025183171,0.602
6,2,0.2,240,10,0,0.3,14,3,-0.347502937433774,0.604
6,2,0.2,197,10,0,0.3,14,3,0.63009901080477,0.606
6,2,0.2,239,10,0,0.3,14,3,0.420235803324914,0.606
6,2,0.2,434,10,0,0.3,14,3,-0.182876349381615,0.606
6,2,0.2,380,10,0,0.3,14,3,-0.459090649819103,0.608
6,2,0.2,7,10,0,0.3,14,3,0.497075233465893,0.61
6,2,0.2,357,10,0,0.3,14,3,0.326662173714482,0.61
6,2,0.2,128,10,0,0.3,14,3,-0.731879596943202,0.612
6,2,0.2,479,10,0,0.3,14,3,-0.161328063302676,0.612
6,2,0.2,493,10,0,0.3,14,3,-0.797084201898656,0.618
6,2,0.2,445,10,0,0.3,14,3,-0.785672583510632,0.62
6,2,0.2,483,10,0,0.3,14,3,0.230481100246891,0.62
6,2,0.2,91,10,0,0.3,14,3,0.470997878631692,0.624
6,2,0.2,256,10,0,0.3,14,3,-0.220756688798957,0.626
6,2,0.2,354,10,0,0.3,14,3,-0.493917664950317,0.628
6,2,0.2,37,10,0,0.3,14,3,0.326089881358115,0.63
6,2,0.2,391,10,0,0.3,14,3,-0.402318790408714,0.63
6,2,0.2,226,10,0,0.3,14,3,0.212797782287822,0.632
6,2,0.2,106,10,0,0.3,14,3,0.14403954557244,0.634
6,2,0.2,117,10,0,0.3,14,3,-0.149619204529188,0.634
6,2,0.2,302,10,0,0.3,14,3,0.218353773831382,0.636
6,2,0.2,332,10,0,0.3,14,3,0.255222324412443,0.636
6,2,0.2,345,10,0,0.3,14,3,0.305391155479668,0.638
6,2,0.2,164,10,0,0.3,14,3,0.183384583012895,0.64
6,2,0.2,150,10,0,0.3,14,3,0.0907398419668368,0.648
6,2,0.2,162,10,0,0.3,14,3,-0.462417700528675,0.648
6,2,0.2,11,10,0,0.3,14,3,-0.383272339948292,0.654
6,2,0.2,322,10,0,0.3,14,3,0.565814720281253,0.654
6,2,0.2,22,10,0,0.3,14,3,0.455182031769283,0.656
6,2,0.2,185,10,0,0.3,14,3,-0.403471918302301,0.656
6,2,0.2,132,10,0,0.3,14,3,-0.104451922666726,0.658
6,2,0.2,221,10,0,0.3,14,3,-0.0943709123948793,0.658
6,2,0.2,374,10,0,0.3,14,3,-0.469443035121913,0.658
6,2,0.2,453,10,0,0.3,14,3,0.361366184515731,0.658
6,2,0.2,13,10,0,0.3,14,3,-0.472499210964742,0.66
6,2,0.2,359,10,0,0.3,14,3,-0.215373960866089,0.66
6,2,0.2,113,10,0,0.3,14,3,-0.101211036117633,0.662
6,2,0.2,75,10,0,0.3,14,3,0.386835284592138,0.664
6,2,0.2,234,10,0,0.3,14,3,0.426185953309897,0.664
6,2,0.2,170,10,0,0.3,14,3,0.335169438914278,0.668
6,2,0.2,310,10,0,0.3,14,3,-0.297641320699938,0.668
6,2,0.2,244,10,0,0.3,14,3,0.231313165596902,0.67
6,2,0.2,280,10,0,0.3,14,3,0.28308127309873,0.67
6,2,0.2,376,10,0,0.3,14,3,-0.174723534094198,0.67
6,2,0.2,490,10,0,0.3,14,3,0.176524218220351,0.67
6,2,0.2,190,10,0,0.3,14,3,0.265550177661538,0.672
6,2,0.2,278,10,0,0.3,14,3,-0.098414236598046,0.672
6,2,0.2,55,10,0,0.3,14,3,0.432533141944077,0.674
6,2,0.2,255,10,0,0.3,14,3,0.413857289575304,0.674
6,2,0.2,403,10,0,0.3,14,3,0.38348007903781,0.674
6,2,0.2,21,10,0,0.3,14,3,-0.130959343789584,0.676
6,2,0.2,81,10,0,0.3,14,3,0.176245231377322,0.678
6,2,0.2,386,10,0,0.3,14,3,-0.280560432619609,0.678
6,2,0.2,73,10,0,0.3,14,3,-0.383654629315856,0.68
6,2,0.2,274,10,0,0.3,14,3,-0.242978230480986,0.68
6,2,0.2,163,10,0,0.3,14,3,-0.376323596411851,0.682
6,2,0.2,311,10,0,0.3,14,3,-0.16286295429299,0.682
6,2,0.2,288,10,0,0.3,14,3,0.434976815759626,0.684
6,2,0.2,348,10,0,0.3,14,3,-0.438744734975415,0.684
6,2,0.2,421,10,0,0.3,14,3,-0.377832957722234,0.684
6,2,0.2,35,10,0,0.3,14,3,0.218049248874763,0.686
6,2,0.2,159,10,0,0.3,14,3,0.159464610619978,0.686
6,2,0.2,418,10,0,0.3,14,3,0.578665735754015,0.686
6,2,0.2,257,10,0,0.3,14,3,-0.237507618026058,0.688
6,2,0.2,20,10,0,0.3,14,3,-0.484421659825443,0.69
6,2,0.2,265,10,0,0.3,14,3,-0.335816287567781,0.69
6,2,0.2,416,10,0,0.3,14,3,0.250372409002438,0.692
6,2,0.2,427,10,0,0.3,14,3,-0.202454572632035,0.692
6,2,0.2,98,10,0,0.3,14,3,-0.179301450319031,0.694
6,2,0.2,435,10,0,0.3,14,3,0.195719623644578,0.694
6,2,0.2,270,10,0,0.3,14,3,0.151660239198861,0.696
6,2,0.2,303,10,0,0.3,14,3,-0.49745668634165,0.696
6,2,0.2,69,10,0,0.3,14,3,0.2161524411068,0.698
6,2,0.2,446,10,0,0.3,14,3,-0.221959465806322,0.698
6,2,0.2,30,10,0,0.3,14,3,-0.24480740585625,0.702
6,2,0.2,495,10,0,0.3,14,3,-0.179452088053409,0.702
6,2,0.2,109,10,0,0.3,14,3,-0.127154759112926,0.704
6,2,0.2,139,10,0,0.3,14,3,0.288204830329533,0.704
6,2,0.2,153,10,0,0.3,14,3,-0.398917803254193,0.704
6,2,0.2,204,10,0,0.3,14,3,-0.413824002054241,0.704
6,2,0.2,276,10,0,0.3,14,3,-0.362694291911481,0.706
6,2,0.2,47,10,0,0.3,14,3,0.187180223882251,0.712
6,2,0.2,218,10,0,0.3,14,3,-0.291912871184905,0.712
6,2,0.2,444,10,0,0.3,14,3,-0.0963175072578508,0.712
6,2,0.2,58,10,0,0.3,14,3,-0.0601928925133564,0.714
6,2,0.2,93,10,0,0.3,14,3,-0.321795889657352,0.714
6,2,0.2,157,10,0,0.3,14,3,-0.178090985543378,0.722
6,2,0.2,173,10,0,0.3,14,3,0.0928748791324949,0.722
6,2,0.2,261,10,0,0.3,14,3,-0.112443492743665,0.722
6,2,0.2,39,10,0,0.3,14,3,-0.101857375487299,0.724
6,2,0.2,481,10,0,0.3,14,3,0.154461705916219,0.724
6,2,0.2,149,10,0,0.3,14,3,0.207020507783739,0.726
6,2,0.2,233,10,0,0.3,14,3,0.298499028404166,0.728
6,2,0.2,281,10,0,0.3,14,3,-0.169459282290802,0.728
6,2,0.2,443,10,0,0.3,14,3,0.169279120480979,0.728
6,2,0.2,269,10,0,0.3,14,3,0.155627566761211,0.732
6,2,0.2,123,10,0,0.3,14,3,-0.232040427569729,0.734
6,2,0.2,245,10,0,0.3,14,3,-0.382818210422812,0.736
6,2,0.2,326,10,0,0.3,14,3,-0.0795404582574122,0.736
6,2,0.2,467,10,0,0.3,14,3,-0.135088049230205,0.736
6,2,0.2,118,10,0,0.3,14,3,0.0874488833640896,0.738
6,2,0.2,194,10,0,0.3,14,3,-0.130491473442589,0.742
6,2,0.2,340,10,0,0.3,14,3,0.0928822153734359,0.744
6,2,0.2,291,10,0,0.3,14,3,-0.160811750252464,0.746
6,2,0.2,488,10,0,0.3,14,3,0.211236543132685,0.746
6,2,0.2,135,10,0,0.3,14,3,0.320598832912538,0.748
6,2,0.2,169,10,0,0.3,14,3,0.154799115235534,0.748
6,2,0.2,211,10,0,0.3,14,3,0.171851478827051,0.748
6,2,0.2,168,10,0,0.3,14,3,-0.189508795656451,0.758
6,2,0.2,369,10,0,0.3,14,3,-0.0729755847432898,0.76
6,2,0.2,439,10,0,0.3,14,3,-0.144059683712527,0.76
6,2,0.2,144,10,0,0.3,14,3,0.243698910672322,0.764
6,2,0.2,350,10,0,0.3,14,3,-0.106825859147619,0.764
6,2,0.2,111,10,0,0.3,14,3,0.197089138764596,0.768
6,2,0.2,140,10,0,0.3,14,3,0.0972308618651709,0.768
6,2,0.2,178,10,0,0.3,14,3,-0.119045623115255,0.77
6,2,0.2,260,10,0,0.3,14,3,-0.266983641531851,0.772
6,2,0.2,457,10,0,0.3,14,3,0.146572729007858,0.772
6,2,0.2,469,10,0,0.3,14,3,0.159384135388905,0.784
6,2,0.2,24,10,0,0.3,14,3,-0.0877337530529303,0.788
6,2,0.2,299,10,0,0.3,14,3,-0.137753761124941,0.79
6,2,0.2,125,10,0,0.3,14,3,0.169921625280267,0.792
6,2,0.2,182,10,0,0.3,14,3,-0.131224574397578,0.792
6,2,0.2,328,10,0,0.3,14,3,0.142954782411465,0.794
6,2,0.2,331,10,0,0.3,14,3,0.174361030698464,0.794
6,2,0.2,470,10,0,0.3,14,3,-0.157531263041989,0.798
6,2,0.2,388,10,0,0.3,14,3,-0.190829685694325,0.802
6,2,0.2,461,10,0,0.3,14,3,-0.0506070954473614,0.81
6,2,0.2,433,10,0,0.3,14,3,0.120270523668609,0.812
6,2,0.2,283,10,0,0.3,14,3,-0.149734887793443,0.814
6,2,0.2,358,10,0,0.3,14,3,-0.140208419206374,0.814
6,2,0.2,77,10,0,0.3,14,3,-0.12055009590685,0.82
6,2,0.2,116,10,0,0.3,14,3,0.0521671697063937,0.824
6,2,0.2,423,10,0,0.3,14,3,-0.0894127860231606,0.824
6,2,0.2,14,10,0,0.3,14,3,0.0819918591371049,0.832
6,2,0.2,122,10,0,0.3,14,3,-0.163584161469913,0.836
6,2,0.2,313,10,0,0.3,14,3,0.142672286576897,0.838
6,2,0.2,334,10,0,0.3,14,3,-0.100381203497136,0.842
6,2,0.2,66,10,0,0.3,14,3,0.0568253071546394,0.848
6,2,0.2,209,10,0,0.3,14,3,0.0508704774058515,0.848
6,2,0.2,382,10,0,0.3,14,3,-0.142918597787229,0.848
6,2,0.2,147,10,0,0.3,14,3,-0.0596237127329573,0.85
6,2,0.2,307,10,0,0.3,14,3,-0.054745796307202,0.85
6,2,0.2,436,10,0,0.3,14,3,-0.100570941774805,0.852
6,2,0.2,316,10,0,0.3,14,3,0.0999415409729352,0.856
6,2,0.2,44,10,0,0.3,14,3,0.195074523567257,0.858
6,2,0.2,99,10,0,0.3,14,3,0.0737683638122064,0.864
6,2,0.2,232,10,0,0.3,14,3,0.0404779088281941,0.864
6,2,0.2,304,10,0,0.3,14,3,-0.0907746346375689,0.866
6,2,0.2,401,10,0,0.3,14,3,0.0585907923035052,0.872
6,2,0.2,83,10,0,0.3,14,3,-0.0260540036991301,0.876
6,2,0.2,213,10,0,0.3,14,3,0.0381767549465621,0.878
6,2,0.2,229,10,0,0.3,14,3,0.0379464993165755,0.886
6,2,0.2,264,10,0,0.3,14,3,-0.0597299471758959,0.886
6,2,0.2,131,10,0,0.3,14,3,0.114290594149224,0.896
6,2,0.2,108,10,0,0.3,14,3,0.0641486426526683,0.906
6,2,0.2,46,10,0,0.3,14,3,-0.0868850465392654,0.908
6,2,0.2,290,10,0,0.3,14,3,0.0381057012024257,0.912
6,2,0.2,165,10,0,0.3,14,3,0.0861392603813158,0.916
6,2,0.2,252,10,0,0.3,14,3,-0.0238829084002532,0.916
6,2,0.2,200,10,0,0.3,14,3,0.052676971359773,0.918
6,2,0.2,36,10,0,0.3,14,3,0.059897581130798,0.922
6,2,0.2,236,10,0,0.3,14,3,-0.0428370476146256,0.922
6,2,0.2,448,10,0,0.3,14,3,0.0365236982398756,0.924
6,2,0.2,84,10,0,0.3,14,3,0.0458007815556414,0.926
6,2,0.2,215,10,0,0.3,14,3,-0.033973552197466,0.928
6,2,0.2,203,10,0,0.3,14,3,0.0627015173312202,0.93
6,2,0.2,317,10,0,0.3,14,3,0.0369729296926096,0.932
6,2,0.2,4,10,0,0.3,14,3,-0.0344669511215727,0.934
6,2,0.2,19,10,0,0.3,14,3,-0.0378426653475401,0.938
6,2,0.2,497,10,0,0.3,14,3,-0.0469127203355697,0.938
6,2,0.2,441,10,0,0.3,14,3,-0.0329488173519792,0.94
6,2,0.2,33,10,0,0.3,14,3,0.0221148352464979,0.946
6,2,0.2,456,10,0,0.3,14,3,0.0463920186650455,0.946
6,2,0.2,224,10,0,0.3,14,3,-0.0402116741047394,0.95
6,2,0.2,238,10,0,0.3,14,3,-0.0308499157062272,0.95
6,2,0.2,347,10,0,0.3,14,3,-0.0321367488420492,0.95
6,2,0.2,295,10,0,0.3,14,3,0.0355338346042231,0.954
6,2,0.2,392,10,0,0.3,14,3,0.0270664711139261,0.954
6,2,0.2,50,10,0,0.3,14,3,0.0207705936242064,0.956
6,2,0.2,385,10,0,0.3,14,3,0.0387540562512356,0.956
6,2,0.2,49,10,0,0.3,14,3,-0.00715253063572163,0.96
6,2,0.2,205,10,0,0.3,14,3,-0.0259839706277489,0.964
6,2,0.2,268,10,0,0.3,14,3,0.0168670251082688,0.968
6,2,0.2,389,10,0,0.3,14,3,-0.0205434348163749,0.968
6,2,0.2,145,10,0,0.3,14,3,0.0217474957305512,0.97
6,2,0.2,177,10,0,0.3,14,3,-0.0107875517618652,0.97
6,2,0.2,351,10,0,0.3,14,3,0.0205418618445492,0.97
6,2,0.2,464,10,0,0.3,14,3,-0.0164169383872945,0.97
6,2,0.2,472,10,0,0.3,14,3,0.00731388993031601,0.97
6,2,0.2,424,10,0,0.3,14,3,-0.0194020347851449,0.974
6,2,0.2,406,10,0,0.3,14,3,0.0261639111464831,0.976
6,2,0.2,202,10,0,0.3,14,3,0.0111959507562176,0.98
6,2,0.2,419,10,0,0.3,14,3,-0.00546322684445499,0.984
6,2,0.2,459,10,0,0.3,14,3,0.0198710494953502,0.984
6,2,0.2,104,10,0,0.3,14,3,0.00395645099516173,0.988
6,2,0.2,405,10,0,0.3,14,3,-0.00526096172424673,0.988
6,2,0.2,192,10,0,0.3,14,3,0.00699187840203308,0.99
6,2,0.2,97,10,0,0.3,14,3,0.00209703970614328,0.994
6,2,0.2,428,10,0,0.3,14,3,0.000702500911586412,0.996
6,2,0.2,48,10,0,0.3,14,3,-0.000980104637562818,0.998
6,2,0.2,222,10,0,0.3,14,3,0.00259942616744979,0.998
6,2,0.2,206,10,0,0.3,14,3,2.38837736503683e-05,1
6,2,0.2,477,10,0,0.3,14,3,0.000836036466324686,1
6,2,0.2,245,10,0,0.3,15,3,-0.913990352103468,0.022
6,2,0.2,36,10,0,0.3,15,3,-1.32808731388283,0.03
6,2,0.2,82,10,0,0.3,15,3,0.770204298226815,0.032
6,2,0.2,484,10,0,0.3,15,3,-0.866866949350026,0.04
6,2,0.2,174,10,0,0.3,15,3,0.883661238544335,0.042
6,2,0.2,7,10,0,0.3,15,3,-0.962239711461507,0.046
6,2,0.2,375,10,0,0.3,15,3,1.10075456880546,0.048
6,2,0.2,105,10,0,0.3,15,3,-1.03057456198079,0.05
6,2,0.2,211,10,0,0.3,15,3,0.629370199298648,0.052
6,2,0.2,22,10,0,0.3,15,3,1.26875744963695,0.056
6,2,0.2,159,10,0,0.3,15,3,0.607563953091443,0.056
6,2,0.2,163,10,0,0.3,15,3,1.03146923581116,0.058
6,2,0.2,435,10,0,0.3,15,3,-0.855919163468002,0.058
6,2,0.2,459,10,0,0.3,15,3,-1.81319885985312,0.058
6,2,0.2,402,10,0,0.3,15,3,0.99404652545735,0.06
6,2,0.2,290,10,0,0.3,15,3,-1.09094084951383,0.062
6,2,0.2,425,10,0,0.3,15,3,-0.717799812632961,0.062
6,2,0.2,235,10,0,0.3,15,3,-0.781550783905487,0.064
6,2,0.2,252,10,0,0.3,15,3,0.872763122100508,0.064
6,2,0.2,292,10,0,0.3,15,3,0.62799862768361,0.064
6,2,0.2,93,10,0,0.3,15,3,1.16334302227656,0.066
6,2,0.2,97,10,0,0.3,15,3,-1.07915498764052,0.066
6,2,0.2,407,10,0,0.3,15,3,-0.863053564453566,0.066
6,2,0.2,434,10,0,0.3,15,3,-1.40495230430292,0.066
6,2,0.2,452,10,0,0.3,15,3,0.585572767244997,0.066
6,2,0.2,49,10,0,0.3,15,3,-1.10332006502247,0.068
6,2,0.2,63,10,0,0.3,15,3,-0.91436991773881,0.068
6,2,0.2,303,10,0,0.3,15,3,-0.597405173751014,0.068
6,2,0.2,419,10,0,0.3,15,3,0.796145709753603,0.068
6,2,0.2,142,10,0,0.3,15,3,-0.764511075457733,0.07
6,2,0.2,441,10,0,0.3,15,3,1.1331045116977,0.07
6,2,0.2,358,10,0,0.3,15,3,-0.969541356876533,0.072
6,2,0.2,150,10,0,0.3,15,3,-0.638634804135165,0.074
6,2,0.2,322,10,0,0.3,15,3,0.607925675163159,0.074
6,2,0.2,238,10,0,0.3,15,3,0.992791040078487,0.076
6,2,0.2,2,10,0,0.3,15,3,-0.8489225665368,0.078
6,2,0.2,4,10,0,0.3,15,3,1.31249985952022,0.08
6,2,0.2,192,10,0,0.3,15,3,0.421413726910004,0.08
6,2,0.2,34,10,0,0.3,15,3,-0.87130769540093,0.082
6,2,0.2,172,10,0,0.3,15,3,-0.980374600768783,0.082
6,2,0.2,212,10,0,0.3,15,3,-0.940967362681022,0.082
6,2,0.2,439,10,0,0.3,15,3,0.529197273978298,0.082
6,2,0.2,297,10,0,0.3,15,3,-1.4103827470299,0.084
6,2,0.2,312,10,0,0.3,15,3,-0.618136119667753,0.086
6,2,0.2,134,10,0,0.3,15,3,0.785546268836271,0.088
6,2,0.2,156,10,0,0.3,15,3,-0.792401771473152,0.088
6,2,0.2,343,10,0,0.3,15,3,0.707850710908048,0.09
6,2,0.2,387,10,0,0.3,15,3,-0.776674082432436,0.09
6,2,0.2,390,10,0,0.3,15,3,-0.705487493414893,0.09
6,2,0.2,429,10,0,0.3,15,3,-0.843086403150551,0.09
6,2,0.2,19,10,0,0.3,15,3,-0.503031417929009,0.092
6,2,0.2,21,10,0,0.3,15,3,-0.792968955084035,0.092
6,2,0.2,79,10,0,0.3,15,3,0.496434248997161,0.092
6,2,0.2,191,10,0,0.3,15,3,0.905996278547491,0.094
6,2,0.2,287,10,0,0.3,15,3,0.654016920325518,0.094
6,2,0.2,352,10,0,0.3,15,3,0.847796632942561,0.094
6,2,0.2,398,10,0,0.3,15,3,0.931915197773463,0.094
6,2,0.2,301,10,0,0.3,15,3,0.888084400983331,0.096
6,2,0.2,367,10,0,0.3,15,3,-1.2773027321243,0.096
6,2,0.2,45,10,0,0.3,15,3,0.398407456990356,0.1
6,2,0.2,496,10,0,0.3,15,3,-0.485460629481025,0.1
6,2,0.2,64,10,0,0.3,15,3,-0.917829989064103,0.104
6,2,0.2,483,10,0,0.3,15,3,-1.04316130485839,0.104
6,2,0.2,411,10,0,0.3,15,3,-0.864712627878305,0.106
6,2,0.2,492,10,0,0.3,15,3,-0.852930090893693,0.106
6,2,0.2,260,10,0,0.3,15,3,-0.77428776297478,0.108
6,2,0.2,273,10,0,0.3,15,3,-0.740064908806261,0.108
6,2,0.2,147,10,0,0.3,15,3,0.979993573800584,0.11
6,2,0.2,261,10,0,0.3,15,3,0.971672483501266,0.11
6,2,0.2,353,10,0,0.3,15,3,-0.498893186683347,0.11
6,2,0.2,340,10,0,0.3,15,3,-0.623651593085157,0.112
6,2,0.2,426,10,0,0.3,15,3,0.639832921777668,0.112
6,2,0.2,197,10,0,0.3,15,3,0.633626931197227,0.114
6,2,0.2,306,10,0,0.3,15,3,-0.722074605883904,0.114
6,2,0.2,372,10,0,0.3,15,3,0.66941388505154,0.114
6,2,0.2,470,10,0,0.3,15,3,-0.423477197946511,0.114
6,2,0.2,81,10,0,0.3,15,3,0.613137083449061,0.116
6,2,0.2,112,10,0,0.3,15,3,0.600927150207639,0.116
6,2,0.2,342,10,0,0.3,15,3,0.391126310865133,0.116
6,2,0.2,360,10,0,0.3,15,3,-0.640853481410545,0.116
6,2,0.2,33,10,0,0.3,15,3,0.698361645058185,0.118
6,2,0.2,190,10,0,0.3,15,3,-0.669817003971104,0.118
6,2,0.2,234,10,0,0.3,15,3,-1.09734588081372,0.118
6,2,0.2,449,10,0,0.3,15,3,1.28298034121423,0.118
6,2,0.2,5,10,0,0.3,15,3,1.41060894440068,0.12
6,2,0.2,86,10,0,0.3,15,3,0.635047286651201,0.12
6,2,0.2,220,10,0,0.3,15,3,0.713367161255263,0.12
6,2,0.2,404,10,0,0.3,15,3,-0.62730840696463,0.122
6,2,0.2,43,10,0,0.3,15,3,0.587146832485018,0.124
6,2,0.2,94,10,0,0.3,15,3,-0.952502318777704,0.124
6,2,0.2,316,10,0,0.3,15,3,-0.858440965888178,0.124
6,2,0.2,178,10,0,0.3,15,3,0.699808262306959,0.126
6,2,0.2,203,10,0,0.3,15,3,-0.660716948546337,0.126
6,2,0.2,53,10,0,0.3,15,3,-0.98798324555068,0.128
6,2,0.2,366,10,0,0.3,15,3,0.416469221946272,0.128
6,2,0.2,378,10,0,0.3,15,3,-0.783206850032826,0.128
6,2,0.2,460,10,0,0.3,15,3,0.457031569020245,0.13
6,2,0.2,56,10,0,0.3,15,3,0.874899386559889,0.132
6,2,0.2,57,10,0,0.3,15,3,0.604736220982375,0.134
6,2,0.2,354,10,0,0.3,15,3,0.612429084450525,0.136
6,2,0.2,1,10,0,0.3,15,3,-0.352288243925699,0.138
6,2,0.2,52,10,0,0.3,15,3,0.595946036625804,0.138
6,2,0.2,54,10,0,0.3,15,3,0.386278953499442,0.138
6,2,0.2,107,10,0,0.3,15,3,-0.648622072848923,0.138
6,2,0.2,232,10,0,0.3,15,3,-0.605524189792987,0.138
6,2,0.2,307,10,0,0.3,15,3,0.550620746890274,0.138
6,2,0.2,362,10,0,0.3,15,3,-0.800840391988032,0.138
6,2,0.2,364,10,0,0.3,15,3,-0.698379751219136,0.138
6,2,0.2,118,10,0,0.3,15,3,0.810842758114944,0.14
6,2,0.2,443,10,0,0.3,15,3,0.328187172527294,0.14
6,2,0.2,393,10,0,0.3,15,3,-0.597821221510543,0.142
6,2,0.2,161,10,0,0.3,15,3,0.538166065832456,0.144
6,2,0.2,209,10,0,0.3,15,3,0.40344189496426,0.144
6,2,0.2,310,10,0,0.3,15,3,-0.925579004488895,0.144
6,2,0.2,180,10,0,0.3,15,3,-0.770946861393213,0.146
6,2,0.2,388,10,0,0.3,15,3,0.340926334218864,0.146
6,2,0.2,438,10,0,0.3,15,3,0.443627858122369,0.152
6,2,0.2,333,10,0,0.3,15,3,-0.437893207908303,0.154
6,2,0.2,392,10,0,0.3,15,3,-0.975842182549854,0.154
6,2,0.2,217,10,0,0.3,15,3,0.445815830365518,0.156
6,2,0.2,194,10,0,0.3,15,3,0.534484923420735,0.158
6,2,0.2,294,10,0,0.3,15,3,0.511761454256344,0.158
6,2,0.2,359,10,0,0.3,15,3,0.427840353431662,0.16
6,2,0.2,39,10,0,0.3,15,3,-0.798996704366232,0.162
6,2,0.2,74,10,0,0.3,15,3,0.912110421691409,0.162
6,2,0.2,267,10,0,0.3,15,3,-0.507928330914098,0.162
6,2,0.2,275,10,0,0.3,15,3,-0.461051008039561,0.162
6,2,0.2,477,10,0,0.3,15,3,0.895260752944267,0.162
6,2,0.2,30,10,0,0.3,15,3,0.522954185987516,0.164
6,2,0.2,77,10,0,0.3,15,3,-0.408013153596897,0.168
6,2,0.2,328,10,0,0.3,15,3,0.315449726674956,0.168
6,2,0.2,416,10,0,0.3,15,3,0.428662349412093,0.168
6,2,0.2,41,10,0,0.3,15,3,0.644873167196664,0.17
6,2,0.2,256,10,0,0.3,15,3,0.491204539899115,0.17
6,2,0.2,389,10,0,0.3,15,3,0.615277492698397,0.17
6,2,0.2,176,10,0,0.3,15,3,-0.648048874285735,0.172
6,2,0.2,495,10,0,0.3,15,3,-0.752980278828943,0.178
6,2,0.2,73,10,0,0.3,15,3,0.642728764719408,0.18
6,2,0.2,103,10,0,0.3,15,3,-0.421797144237388,0.18
6,2,0.2,326,10,0,0.3,15,3,0.800628568268621,0.18
6,2,0.2,347,10,0,0.3,15,3,0.845099931533639,0.18
6,2,0.2,368,10,0,0.3,15,3,0.461625798938513,0.18
6,2,0.2,58,10,0,0.3,15,3,-0.372218635677456,0.184
6,2,0.2,157,10,0,0.3,15,3,0.664145047606439,0.184
6,2,0.2,208,10,0,0.3,15,3,0.752947500594047,0.186
6,2,0.2,433,10,0,0.3,15,3,0.91554828388729,0.186
6,2,0.2,437,10,0,0.3,15,3,0.700634317319384,0.186
6,2,0.2,247,10,0,0.3,15,3,-0.816575512167503,0.188
6,2,0.2,80,10,0,0.3,15,3,-0.59520159949696,0.19
6,2,0.2,284,10,0,0.3,15,3,0.43594602169,0.19
6,2,0.2,442,10,0,0.3,15,3,0.9240828317362,0.19
6,2,0.2,189,10,0,0.3,15,3,-0.645657241235057,0.196
6,2,0.2,193,10,0,0.3,15,3,0.31637310245182,0.202
6,2,0.2,397,10,0,0.3,15,3,-0.721000115161587,0.204
6,2,0.2,109,10,0,0.3,15,3,-0.845673669246793,0.206
6,2,0.2,166,10,0,0.3,15,3,0.672642734419327,0.206
6,2,0.2,491,10,0,0.3,15,3,-0.449113466806068,0.206
6,2,0.2,228,10,0,0.3,15,3,-0.641136004626844,0.208
6,2,0.2,456,10,0,0.3,15,3,-0.527928724176064,0.212
6,2,0.2,283,10,0,0.3,15,3,-0.274176193496913,0.214
6,2,0.2,335,10,0,0.3,15,3,-0.270026884883237,0.214
6,2,0.2,480,10,0,0.3,15,3,-0.848810841277157,0.218
6,2,0.2,318,10,0,0.3,15,3,0.553856294069021,0.22
6,2,0.2,182,10,0,0.3,15,3,0.5928768014426,0.222
6,2,0.2,350,10,0,0.3,15,3,-0.43583982214551,0.228
6,2,0.2,311,10,0,0.3,15,3,-0.799840131128803,0.23
6,2,0.2,498,10,0,0.3,15,3,-0.38599784971268,0.23
6,2,0.2,115,10,0,0.3,15,3,-0.791768949590448,0.232
6,2,0.2,227,10,0,0.3,15,3,0.48370740297446,0.232
6,2,0.2,253,10,0,0.3,15,3,0.350861156474309,0.232
6,2,0.2,474,10,0,0.3,15,3,-0.387277846903316,0.234
6,2,0.2,55,10,0,0.3,15,3,-0.541182471392915,0.236
6,2,0.2,90,10,0,0.3,15,3,0.393012435721658,0.236
6,2,0.2,448,10,0,0.3,15,3,-0.521192415049228,0.236
6,2,0.2,494,10,0,0.3,15,3,0.352754650766997,0.236
6,2,0.2,51,10,0,0.3,15,3,-0.191064795922784,0.244
6,2,0.2,396,10,0,0.3,15,3,-0.326129868215162,0.246
6,2,0.2,263,10,0,0.3,15,3,0.306500561867722,0.25
6,2,0.2,127,10,0,0.3,15,3,0.823717938808443,0.252
6,2,0.2,160,10,0,0.3,15,3,-0.349624422967651,0.252
6,2,0.2,289,10,0,0.3,15,3,0.43084651792168,0.252
6,2,0.2,265,10,0,0.3,15,3,0.197481782709389,0.268
6,2,0.2,16,10,0,0.3,15,3,0.431097808962477,0.27
6,2,0.2,239,10,0,0.3,15,3,0.504847221528649,0.27
6,2,0.2,346,10,0,0.3,15,3,0.730256169028678,0.27
6,2,0.2,40,10,0,0.3,15,3,0.372336863430206,0.272
6,2,0.2,236,10,0,0.3,15,3,-0.814714269978509,0.274
6,2,0.2,249,10,0,0.3,15,3,-0.868302081136335,0.274
6,2,0.2,464,10,0,0.3,15,3,-0.405988745449463,0.274
6,2,0.2,240,10,0,0.3,15,3,-0.804260028971356,0.276
6,2,0.2,122,10,0,0.3,15,3,-0.495917849918982,0.284
6,2,0.2,361,10,0,0.3,15,3,0.264888027260042,0.284
6,2,0.2,351,10,0,0.3,15,3,0.42473454921975,0.286
6,2,0.2,87,10,0,0.3,15,3,-0.440000536921815,0.29
6,2,0.2,230,10,0,0.3,15,3,0.391312831962978,0.29
6,2,0.2,10,10,0,0.3,15,3,-0.331435178659774,0.292
6,2,0.2,259,10,0,0.3,15,3,0.568006642686953,0.292
6,2,0.2,89,10,0,0.3,15,3,0.285867751070697,0.296
6,2,0.2,91,10,0,0.3,15,3,-0.986565896046812,0.3
6,2,0.2,465,10,0,0.3,15,3,0.424234662519297,0.304
6,2,0.2,471,10,0,0.3,15,3,0.424374461160653,0.306
6,2,0.2,285,10,0,0.3,15,3,-0.610014701109208,0.31
6,2,0.2,286,10,0,0.3,15,3,0.32820275754267,0.318
6,2,0.2,102,10,0,0.3,15,3,0.494670338863415,0.322
6,2,0.2,386,10,0,0.3,15,3,-0.390812378221966,0.324
6,2,0.2,71,10,0,0.3,15,3,0.360761920287757,0.328
6,2,0.2,251,10,0,0.3,15,3,0.314325302935487,0.328
6,2,0.2,60,10,0,0.3,15,3,-0.492934511435806,0.332
6,2,0.2,325,10,0,0.3,15,3,-0.270269513693449,0.332
6,2,0.2,481,10,0,0.3,15,3,0.330025210244855,0.332
6,2,0.2,42,10,0,0.3,15,3,-0.374706675614902,0.334
6,2,0.2,165,10,0,0.3,15,3,-0.954037330509067,0.336
6,2,0.2,315,10,0,0.3,15,3,0.38880927711503,0.34
6,2,0.2,188,10,0,0.3,15,3,-0.844940592946699,0.344
6,2,0.2,196,10,0,0.3,15,3,-0.246180379989937,0.35
6,2,0.2,138,10,0,0.3,15,3,0.245648864504886,0.352
6,2,0.2,344,10,0,0.3,15,3,0.529837722552202,0.354
6,2,0.2,108,10,0,0.3,15,3,-0.170065606838648,0.358
6,2,0.2,184,10,0,0.3,15,3,-0.653530158329687,0.36
6,2,0.2,431,10,0,0.3,15,3,0.578982372916016,0.362
6,2,0.2,88,10,0,0.3,15,3,0.364840706321445,0.37
6,2,0.2,341,10,0,0.3,15,3,0.377904081139036,0.374
6,2,0.2,18,10,0,0.3,15,3,-0.236117072678326,0.376
6,2,0.2,78,10,0,0.3,15,3,-0.501270493992422,0.376
6,2,0.2,497,10,0,0.3,15,3,-0.554208532382177,0.378
6,2,0.2,128,10,0,0.3,15,3,-0.588070578684949,0.382
6,2,0.2,20,10,0,0.3,15,3,0.383099702424914,0.384
6,2,0.2,385,10,0,0.3,15,3,-0.627219945995165,0.384
6,2,0.2,258,10,0,0.3,15,3,-0.36623968380303,0.392
6,2,0.2,13,10,0,0.3,15,3,-0.441068000732457,0.396
6,2,0.2,405,10,0,0.3,15,3,-0.245162872861329,0.396
6,2,0.2,446,10,0,0.3,15,3,-0.355092671521305,0.4
6,2,0.2,224,10,0,0.3,15,3,-0.405289109302373,0.406
6,2,0.2,274,10,0,0.3,15,3,0.237397329569859,0.406
6,2,0.2,226,10,0,0.3,15,3,-0.294531697876749,0.408
6,2,0.2,270,10,0,0.3,15,3,0.522116403736561,0.41
6,2,0.2,453,10,0,0.3,15,3,0.560441930031232,0.41
6,2,0.2,15,10,0,0.3,15,3,-0.436705810289311,0.416
6,2,0.2,272,10,0,0.3,15,3,-0.434038208457537,0.418
6,2,0.2,337,10,0,0.3,15,3,0.581167237978718,0.418
6,2,0.2,195,10,0,0.3,15,3,0.230562819501586,0.42
6,2,0.2,469,10,0,0.3,15,3,-0.260809985502192,0.42
6,2,0.2,72,10,0,0.3,15,3,0.257298545925352,0.422
6,2,0.2,75,10,0,0.3,15,3,-0.337803663313082,0.422
6,2,0.2,59,10,0,0.3,15,3,0.459227770952452,0.426
6,2,0.2,332,10,0,0.3,15,3,0.418116712408278,0.43
6,2,0.2,379,10,0,0.3,15,3,-0.314533721602629,0.432
6,2,0.2,44,10,0,0.3,15,3,-0.270075699495806,0.438
6,2,0.2,488,10,0,0.3,15,3,0.515045214843951,0.438
6,2,0.2,65,10,0,0.3,15,3,-0.401798405761156,0.444
6,2,0.2,151,10,0,0.3,15,3,-0.199865436727265,0.446
6,2,0.2,355,10,0,0.3,15,3,0.179608093108442,0.45
6,2,0.2,46,10,0,0.3,15,3,-0.246461052134151,0.452
6,2,0.2,356,10,0,0.3,15,3,0.216014199660549,0.452
6,2,0.2,374,10,0,0.3,15,3,-0.18509912775491,0.452
6,2,0.2,414,10,0,0.3,15,3,-0.401022365231199,0.452
6,2,0.2,500,10,0,0.3,15,3,0.245873713569551,0.452
6,2,0.2,281,10,0,0.3,15,3,-0.302308463758095,0.454
6,2,0.2,291,10,0,0.3,15,3,0.212349402572642,0.454
6,2,0.2,170,10,0,0.3,15,3,-0.551934937876069,0.456
6,2,0.2,106,10,0,0.3,15,3,0.366833564241318,0.458
6,2,0.2,24,10,0,0.3,15,3,-0.29014448262086,0.46
6,2,0.2,137,10,0,0.3,15,3,-0.462788913801717,0.46
6,2,0.2,154,10,0,0.3,15,3,0.315361845080758,0.464
6,2,0.2,321,10,0,0.3,15,3,0.236487290282128,0.468
6,2,0.2,371,10,0,0.3,15,3,0.439533809155108,0.468
6,2,0.2,468,10,0,0.3,15,3,-0.210894312095235,0.468
6,2,0.2,113,10,0,0.3,15,3,0.272124948802144,0.472
6,2,0.2,373,10,0,0.3,15,3,-0.63439822463161,0.474
6,2,0.2,100,10,0,0.3,15,3,0.129116876036591,0.476
6,2,0.2,462,10,0,0.3,15,3,0.240218399108784,0.476
6,2,0.2,276,10,0,0.3,15,3,0.385704744678804,0.478
6,2,0.2,222,10,0,0.3,15,3,0.391435760013707,0.482
6,2,0.2,300,10,0,0.3,15,3,0.606432924345199,0.484
6,2,0.2,334,10,0,0.3,15,3,0.756203581814333,0.484
6,2,0.2,485,10,0,0.3,15,3,0.964722570237143,0.488
6,2,0.2,363,10,0,0.3,15,3,0.250028423923254,0.496
6,2,0.2,472,10,0,0.3,15,3,-0.16724659753794,0.496
6,2,0.2,324,10,0,0.3,15,3,0.28911580229115,0.502
6,2,0.2,338,10,0,0.3,15,3,-0.724998222103096,0.502
6,2,0.2,313,10,0,0.3,15,3,-0.615818566811157,0.508
6,2,0.2,175,10,0,0.3,15,3,-0.368260339438649,0.51
6,2,0.2,296,10,0,0.3,15,3,-0.16398263792621,0.512
6,2,0.2,348,10,0,0.3,15,3,-0.201937442248237,0.518
6,2,0.2,149,10,0,0.3,15,3,-0.260282451723441,0.52
6,2,0.2,168,10,0,0.3,15,3,0.47132784072835,0.52
6,2,0.2,279,10,0,0.3,15,3,-0.261919047048707,0.52
6,2,0.2,447,10,0,0.3,15,3,0.656067938947672,0.522
6,2,0.2,458,10,0,0.3,15,3,0.298012358653352,0.522
6,2,0.2,11,10,0,0.3,15,3,-0.16065556498171,0.524
6,2,0.2,466,10,0,0.3,15,3,-0.45897268189853,0.524
6,2,0.2,299,10,0,0.3,15,3,0.14558405624507,0.526
6,2,0.2,427,10,0,0.3,15,3,0.802467334801662,0.53
6,2,0.2,85,10,0,0.3,15,3,0.138370363653991,0.534
6,2,0.2,98,10,0,0.3,15,3,0.815265166391441,0.534
6,2,0.2,141,10,0,0.3,15,3,-0.190900908390262,0.534
6,2,0.2,450,10,0,0.3,15,3,0.235313457561517,0.534
6,2,0.2,101,10,0,0.3,15,3,0.239368479699976,0.536
6,2,0.2,96,10,0,0.3,15,3,0.797022411207024,0.538
6,2,0.2,369,10,0,0.3,15,3,0.289495791514383,0.538
6,2,0.2,323,10,0,0.3,15,3,0.197127224737898,0.54
6,2,0.2,415,10,0,0.3,15,3,0.245551241627538,0.54
6,2,0.2,422,10,0,0.3,15,3,0.145879063554759,0.544
6,2,0.2,408,10,0,0.3,15,3,0.358340757150671,0.548
6,2,0.2,125,10,0,0.3,15,3,0.511478469475435,0.55
6,2,0.2,201,10,0,0.3,15,3,-0.664028443289823,0.55
6,2,0.2,428,10,0,0.3,15,3,0.387809272737599,0.552
6,2,0.2,436,10,0,0.3,15,3,0.192976417160054,0.558
6,2,0.2,413,10,0,0.3,15,3,0.16237325758371,0.562
6,2,0.2,136,10,0,0.3,15,3,0.560727704065471,0.574
6,2,0.2,444,10,0,0.3,15,3,-0.254605145838468,0.578
6,2,0.2,399,10,0,0.3,15,3,-0.326176116744023,0.586
6,2,0.2,144,10,0,0.3,15,3,-0.536245546678686,0.59
6,2,0.2,207,10,0,0.3,15,3,0.528954352123492,0.592
6,2,0.2,167,10,0,0.3,15,3,-0.30295746992536,0.594
6,2,0.2,479,10,0,0.3,15,3,0.36022233366549,0.594
6,2,0.2,181,10,0,0.3,15,3,0.502302902396735,0.596
6,2,0.2,198,10,0,0.3,15,3,-0.362232262527897,0.608
6,2,0.2,308,10,0,0.3,15,3,0.454559603854847,0.61
6,2,0.2,383,10,0,0.3,15,3,-0.233379480394632,0.61
6,2,0.2,225,10,0,0.3,15,3,-0.448730519466807,0.614
6,2,0.2,246,10,0,0.3,15,3,0.316682795762148,0.618
6,2,0.2,126,10,0,0.3,15,3,0.267507495866482,0.62
6,2,0.2,3,10,0,0.3,15,3,-0.813931955263399,0.622
6,2,0.2,23,10,0,0.3,15,3,-0.343296306867956,0.622
6,2,0.2,47,10,0,0.3,15,3,0.354998095340591,0.622
6,2,0.2,257,10,0,0.3,15,3,-0.422959468575954,0.622
6,2,0.2,461,10,0,0.3,15,3,-0.12554173143684,0.624
6,2,0.2,218,10,0,0.3,15,3,0.440549474521788,0.63
6,2,0.2,293,10,0,0.3,15,3,0.31614638233998,0.63
6,2,0.2,119,10,0,0.3,15,3,0.591905124126328,0.634
6,2,0.2,28,10,0,0.3,15,3,0.27796183842392,0.638
6,2,0.2,124,10,0,0.3,15,3,-0.301279729460646,0.638
6,2,0.2,229,10,0,0.3,15,3,-0.346380526832405,0.638
6,2,0.2,268,10,0,0.3,15,3,-0.128133576203965,0.638
6,2,0.2,95,10,0,0.3,15,3,-0.199706483356096,0.644
6,2,0.2,237,10,0,0.3,15,3,0.342239456439273,0.646
6,2,0.2,132,10,0,0.3,15,3,-0.16141936311368,0.648
6,2,0.2,327,10,0,0.3,15,3,-0.219813833386127,0.652
6,2,0.2,406,10,0,0.3,15,3,0.466749007402399,0.652
6,2,0.2,116,10,0,0.3,15,3,-0.176612245242865,0.654
6,2,0.2,295,10,0,0.3,15,3,-0.089842411850384,0.654
6,2,0.2,25,10,0,0.3,15,3,0.431147228829388,0.656
6,2,0.2,264,10,0,0.3,15,3,-0.201358229630131,0.656
6,2,0.2,304,10,0,0.3,15,3,-0.115675561036767,0.66
6,2,0.2,70,10,0,0.3,15,3,0.243168606345648,0.664
6,2,0.2,384,10,0,0.3,15,3,0.336613166067366,0.664
6,2,0.2,403,10,0,0.3,15,3,-0.305580896371112,0.664
6,2,0.2,38,10,0,0.3,15,3,-0.115072954084383,0.666
6,2,0.2,121,10,0,0.3,15,3,0.181623534773848,0.668
6,2,0.2,421,10,0,0.3,15,3,0.334929398294463,0.668
6,2,0.2,490,10,0,0.3,15,3,0.181530985231092,0.668
6,2,0.2,187,10,0,0.3,15,3,0.35662969259036,0.67
6,2,0.2,489,10,0,0.3,15,3,0.596510951629284,0.672
6,2,0.2,171,10,0,0.3,15,3,0.340708495749652,0.674
6,2,0.2,271,10,0,0.3,15,3,-0.353697169616765,0.674
6,2,0.2,280,10,0,0.3,15,3,0.249682282505262,0.674
6,2,0.2,282,10,0,0.3,15,3,0.168912266496477,0.674
6,2,0.2,423,10,0,0.3,15,3,0.16362725981557,0.676
6,2,0.2,432,10,0,0.3,15,3,-0.481119583601696,0.676
6,2,0.2,277,10,0,0.3,15,3,-0.287386184154286,0.68
6,2,0.2,475,10,0,0.3,15,3,-0.231830358076223,0.68
6,2,0.2,250,10,0,0.3,15,3,0.25478180596437,0.682
6,2,0.2,309,10,0,0.3,15,3,0.115991315310993,0.682
6,2,0.2,394,10,0,0.3,15,3,0.447625733099301,0.682
6,2,0.2,129,10,0,0.3,15,3,-0.391014487351299,0.686
6,2,0.2,376,10,0,0.3,15,3,-0.370087875418392,0.688
6,2,0.2,482,10,0,0.3,15,3,0.153229524737611,0.688
6,2,0.2,248,10,0,0.3,15,3,0.143965821286031,0.69
6,2,0.2,9,10,0,0.3,15,3,0.209714467972418,0.696
6,2,0.2,155,10,0,0.3,15,3,0.110557941920121,0.696
6,2,0.2,231,10,0,0.3,15,3,-0.134779354940349,0.698
6,2,0.2,242,10,0,0.3,15,3,0.264520825701965,0.698
6,2,0.2,329,10,0,0.3,15,3,-0.502602216422417,0.698
6,2,0.2,424,10,0,0.3,15,3,0.377992883528236,0.698
6,2,0.2,84,10,0,0.3,15,3,-0.237926621105629,0.702
6,2,0.2,6,10,0,0.3,15,3,0.315618982652808,0.704
6,2,0.2,204,10,0,0.3,15,3,0.342893428423537,0.704
6,2,0.2,430,10,0,0.3,15,3,-0.139427390797863,0.704
6,2,0.2,50,10,0,0.3,15,3,-0.362785210389887,0.706
6,2,0.2,200,10,0,0.3,15,3,-0.127917311945708,0.706
6,2,0.2,380,10,0,0.3,15,3,0.197471478874405,0.706
6,2,0.2,185,10,0,0.3,15,3,-0.203777679458938,0.708
6,2,0.2,31,10,0,0.3,15,3,-0.173434023322272,0.71
6,2,0.2,331,10,0,0.3,15,3,-0.276658670722639,0.71
6,2,0.2,381,10,0,0.3,15,3,0.19505726954327,0.71
6,2,0.2,467,10,0,0.3,15,3,-0.0685009331589583,0.71
6,2,0.2,219,10,0,0.3,15,3,0.265143453854847,0.712
6,2,0.2,298,10,0,0.3,15,3,0.228329000814142,0.712
6,2,0.2,499,10,0,0.3,15,3,-0.36112231007408,0.712
6,2,0.2,476,10,0,0.3,15,3,-0.226704958403161,0.714
6,2,0.2,255,10,0,0.3,15,3,-0.382452807991854,0.716
6,2,0.2,199,10,0,0.3,15,3,-0.346034366519632,0.718
6,2,0.2,330,10,0,0.3,15,3,0.224559301373034,0.718
6,2,0.2,213,10,0,0.3,15,3,-0.26416778322357,0.72
6,2,0.2,412,10,0,0.3,15,3,-0.186687521488182,0.72
6,2,0.2,110,10,0,0.3,15,3,0.325598057694037,0.728
6,2,0.2,410,10,0,0.3,15,3,-0.295595470812742,0.732
6,2,0.2,382,10,0,0.3,15,3,-0.246584891682943,0.734
6,2,0.2,148,10,0,0.3,15,3,-0.18358031164999,0.736
6,2,0.2,83,10,0,0.3,15,3,0.123225462867964,0.738
6,2,0.2,317,10,0,0.3,15,3,0.156107703782737,0.74
6,2,0.2,345,10,0,0.3,15,3,-0.231129340023244,0.742
6,2,0.2,269,10,0,0.3,15,3,0.071372438739786,0.744
6,2,0.2,339,10,0,0.3,15,3,0.135570593343942,0.744
6,2,0.2,92,10,0,0.3,15,3,0.122985858404888,0.75
6,2,0.2,62,10,0,0.3,15,3,0.28487299336328,0.752
6,2,0.2,120,10,0,0.3,15,3,0.147300940620966,0.758
6,2,0.2,12,10,0,0.3,15,3,0.135398164971321,0.762
6,2,0.2,17,10,0,0.3,15,3,-0.251954136565644,0.762
6,2,0.2,32,10,0,0.3,15,3,0.102136632956274,0.768
6,2,0.2,131,10,0,0.3,15,3,0.156928990600136,0.768
6,2,0.2,214,10,0,0.3,15,3,0.0864837067887265,0.768
6,2,0.2,177,10,0,0.3,15,3,-0.122810618292846,0.77
6,2,0.2,400,10,0,0.3,15,3,-0.114622937626706,0.77
6,2,0.2,391,10,0,0.3,15,3,0.103315395689691,0.772
6,2,0.2,205,10,0,0.3,15,3,-0.228373948678353,0.776
6,2,0.2,445,10,0,0.3,15,3,0.120566100035688,0.778
6,2,0.2,68,10,0,0.3,15,3,-0.11316367957852,0.78
6,2,0.2,162,10,0,0.3,15,3,0.228542726205518,0.78
6,2,0.2,216,10,0,0.3,15,3,-0.101813349514913,0.78
6,2,0.2,262,10,0,0.3,15,3,0.237285902235755,0.782
6,2,0.2,440,10,0,0.3,15,3,-0.0993576011832715,0.786
6,2,0.2,164,10,0,0.3,15,3,-0.138873411715167,0.79
6,2,0.2,143,10,0,0.3,15,3,-0.0721665119370982,0.792
6,2,0.2,169,10,0,0.3,15,3,-0.152586376475739,0.792
6,2,0.2,61,10,0,0.3,15,3,-0.169253430267958,0.796
6,2,0.2,76,10,0,0.3,15,3,0.202643435638805,0.796
6,2,0.2,104,10,0,0.3,15,3,-0.112824285080649,0.798
6,2,0.2,48,10,0,0.3,15,3,-0.239371194646338,0.8
6,2,0.2,336,10,0,0.3,15,3,0.118706480698336,0.8
6,2,0.2,486,10,0,0.3,15,3,0.0805608469603101,0.804
6,2,0.2,35,10,0,0.3,15,3,-0.172619821904249,0.808
6,2,0.2,145,10,0,0.3,15,3,-0.114765432009904,0.808
6,2,0.2,130,10,0,0.3,15,3,-0.147365916057993,0.812
6,2,0.2,215,10,0,0.3,15,3,-0.0793541031625296,0.812
6,2,0.2,409,10,0,0.3,15,3,-0.10797082075797,0.812
6,2,0.2,243,10,0,0.3,15,3,0.0582962333037642,0.816
6,2,0.2,451,10,0,0.3,15,3,0.0911174135841577,0.816
6,2,0.2,183,10,0,0.3,15,3,0.128270440285775,0.82
6,2,0.2,370,10,0,0.3,15,3,-0.107181922639285,0.822
6,2,0.2,221,10,0,0.3,15,3,-0.0846140236307349,0.824
6,2,0.2,478,10,0,0.3,15,3,0.0834006997265533,0.828
6,2,0.2,487,10,0,0.3,15,3,0.0535118668879875,0.832
6,2,0.2,27,10,0,0.3,15,3,0.177937876687679,0.836
6,2,0.2,133,10,0,0.3,15,3,-0.16668673858544,0.836
6,2,0.2,349,10,0,0.3,15,3,0.0966273718005368,0.836
6,2,0.2,365,10,0,0.3,15,3,-0.121887715888477,0.838
6,2,0.2,114,10,0,0.3,15,3,-0.0462832867777365,0.84
6,2,0.2,158,10,0,0.3,15,3,-0.0980832367642108,0.842
6,2,0.2,135,10,0,0.3,15,3,0.1663462629501,0.844
6,2,0.2,69,10,0,0.3,15,3,-0.0942446124761602,0.848
6,2,0.2,395,10,0,0.3,15,3,-0.037516362305837,0.848
6,2,0.2,455,10,0,0.3,15,3,-0.143921691566163,0.848
6,2,0.2,67,10,0,0.3,15,3,-0.124767162877191,0.856
6,2,0.2,320,10,0,0.3,15,3,0.0848482527920851,0.866
6,2,0.2,173,10,0,0.3,15,3,0.0817369621094599,0.868
6,2,0.2,186,10,0,0.3,15,3,-0.0650956386666337,0.868
6,2,0.2,29,10,0,0.3,15,3,-0.134424799194193,0.87
6,2,0.2,26,10,0,0.3,15,3,-0.0407982510111822,0.872
6,2,0.2,454,10,0,0.3,15,3,-0.0578920595052352,0.876
6,2,0.2,457,10,0,0.3,15,3,0.0600238976408889,0.878
6,2,0.2,179,10,0,0.3,15,3,-0.0735848075080412,0.884
6,2,0.2,302,10,0,0.3,15,3,-0.0621681104476579,0.884
6,2,0.2,418,10,0,0.3,15,3,-0.0587848852517823,0.884
6,2,0.2,153,10,0,0.3,15,3,0.0696077595079032,0.888
6,2,0.2,266,10,0,0.3,15,3,0.0535636206393235,0.892
6,2,0.2,123,10,0,0.3,15,3,-0.032504424752176,0.896
6,2,0.2,210,10,0,0.3,15,3,0.0534886804132384,0.898
6,2,0.2,278,10,0,0.3,15,3,0.0483775926536794,0.902
6,2,0.2,14,10,0,0.3,15,3,0.0400210511280932,0.908
6,2,0.2,206,10,0,0.3,15,3,-0.0369484930351973,0.912
6,2,0.2,37,10,0,0.3,15,3,-0.0430898955718249,0.918
6,2,0.2,305,10,0,0.3,15,3,0.0860579700590733,0.92
6,2,0.2,117,10,0,0.3,15,3,-0.043578106043924,0.926
6,2,0.2,140,10,0,0.3,15,3,-0.0245278141889855,0.928
6,2,0.2,420,10,0,0.3,15,3,0.018744027395428,0.928
6,2,0.2,99,10,0,0.3,15,3,-0.0444022393356818,0.936
6,2,0.2,244,10,0,0.3,15,3,0.027197026059099,0.936
6,2,0.2,417,10,0,0.3,15,3,-0.0244613083439731,0.944
6,2,0.2,254,10,0,0.3,15,3,0.0340237182426222,0.95
6,2,0.2,357,10,0,0.3,15,3,-0.0227701394129838,0.952
6,2,0.2,401,10,0,0.3,15,3,0.0151383790296507,0.956
6,2,0.2,493,10,0,0.3,15,3,-0.0283181015877858,0.958
6,2,0.2,319,10,0,0.3,15,3,0.0173288928647537,0.96
6,2,0.2,288,10,0,0.3,15,3,-0.0193245072015316,0.962
6,2,0.2,463,10,0,0.3,15,3,-0.0208347539870601,0.964
6,2,0.2,241,10,0,0.3,15,3,-0.0132741687107227,0.968
6,2,0.2,146,10,0,0.3,15,3,0.00845938496209442,0.972
6,2,0.2,202,10,0,0.3,15,3,0.0124392448988146,0.972
6,2,0.2,377,10,0,0.3,15,3,0.0134179688525933,0.974
6,2,0.2,66,10,0,0.3,15,3,-0.00756135292269278,0.976
6,2,0.2,152,10,0,0.3,15,3,0.0189692596148916,0.976
6,2,0.2,223,10,0,0.3,15,3,-0.00845163056027332,0.976
6,2,0.2,473,10,0,0.3,15,3,0.0157877169945664,0.976
6,2,0.2,111,10,0,0.3,15,3,-0.0103968640762844,0.982
6,2,0.2,233,10,0,0.3,15,3,0.00379310653912057,0.994
6,2,0.2,8,10,0,0.3,15,3,0.000201380038134857,0.998
6,2,0.2,139,10,0,0.3,15,3,-0.00349527243429293,0.998
6,2,0.2,314,10,0,0.3,15,3,-0.000548739513902774,1
6,2,0.2,31,10,0.3,0.3,6,3,-2.98446794170769,0
6,2,0.2,150,10,0.3,0.3,6,3,-4.70556450815937,0
6,2,0.2,179,10,0.3,0.3,6,3,-4.39496014595042,0
6,2,0.2,301,10,0.3,0.3,6,3,-3.60231955740423,0
6,2,0.2,381,10,0.3,0.3,6,3,-4.24554015662628,0
6,2,0.2,42,10,0.3,0.3,6,3,-4.27779750996933,0.002
6,2,0.2,64,10,0.3,0.3,6,3,-5.09263482685148,0.002
6,2,0.2,79,10,0.3,0.3,6,3,-3.5385315690186,0.002
6,2,0.2,135,10,0.3,0.3,6,3,-4.33677346475821,0.002
6,2,0.2,143,10,0.3,0.3,6,3,-3.86828454705588,0.002
6,2,0.2,162,10,0.3,0.3,6,3,-2.7602717891815,0.002
6,2,0.2,259,10,0.3,0.3,6,3,-2.89431566474931,0.002
6,2,0.2,308,10,0.3,0.3,6,3,-3.32380134775673,0.002
6,2,0.2,432,10,0.3,0.3,6,3,-3.78689907383034,0.002
6,2,0.2,460,10,0.3,0.3,6,3,-3.22063377385626,0.002
6,2,0.2,472,10,0.3,0.3,6,3,-4.1480719635891,0.002
6,2,0.2,13,10,0.3,0.3,6,3,-2.62416801052319,0.004
6,2,0.2,151,10,0.3,0.3,6,3,-3.19002338568001,0.004
6,2,0.2,212,10,0.3,0.3,6,3,-2.84631213271911,0.004
6,2,0.2,239,10,0.3,0.3,6,3,-4.82290529848359,0.004
6,2,0.2,274,10,0.3,0.3,6,3,-3.2342316869798,0.004
6,2,0.2,275,10,0.3,0.3,6,3,-4.82095605989755,0.004
6,2,0.2,281,10,0.3,0.3,6,3,-3.13134127523648,0.004
6,2,0.2,377,10,0.3,0.3,6,3,-3.23349309760096,0.004
6,2,0.2,12,10,0.3,0.3,6,3,-2.94833306747657,0.006
6,2,0.2,77,10,0.3,0.3,6,3,-5.93983836108265,0.006
6,2,0.2,90,10,0.3,0.3,6,3,-4.7343473891523,0.006
6,2,0.2,130,10,0.3,0.3,6,3,-5.29501995381372,0.006
6,2,0.2,153,10,0.3,0.3,6,3,-3.21968182566502,0.006
6,2,0.2,157,10,0.3,0.3,6,3,-3.54935640772982,0.006
6,2,0.2,213,10,0.3,0.3,6,3,-3.78198547725191,0.006
6,2,0.2,298,10,0.3,0.3,6,3,-2.64911052390684,0.006
6,2,0.2,338,10,0.3,0.3,6,3,-3.91553860758094,0.006
6,2,0.2,343,10,0.3,0.3,6,3,-3.01956865674768,0.006
6,2,0.2,367,10,0.3,0.3,6,3,-4.20872178514406,0.006
6,2,0.2,184,10,0.3,0.3,6,3,-4.62745781128169,0.008
6,2,0.2,217,10,0.3,0.3,6,3,-3.37452103738056,0.008
6,2,0.2,245,10,0.3,0.3,6,3,-4.42346876033412,0.008
6,2,0.2,268,10,0.3,0.3,6,3,-4.34618730769068,0.008
6,2,0.2,307,10,0.3,0.3,6,3,-5.21244951160901,0.008
6,2,0.2,385,10,0.3,0.3,6,3,-3.95802078962231,0.008
6,2,0.2,450,10,0.3,0.3,6,3,-3.30000836887976,0.008
6,2,0.2,471,10,0.3,0.3,6,3,-2.84284727683038,0.008
6,2,0.2,486,10,0.3,0.3,6,3,-3.42021263331188,0.008
6,2,0.2,491,10,0.3,0.3,6,3,-3.48701257090195,0.008
6,2,0.2,18,10,0.3,0.3,6,3,-3.59898173991311,0.01
6,2,0.2,161,10,0.3,0.3,6,3,-3.29855266413773,0.01
6,2,0.2,185,10,0.3,0.3,6,3,-2.78512361016973,0.01
6,2,0.2,188,10,0.3,0.3,6,3,-3.67697257747801,0.01
6,2,0.2,215,10,0.3,0.3,6,3,-4.10251229119609,0.01
6,2,0.2,225,10,0.3,0.3,6,3,-3.76905147099163,0.01
6,2,0.2,278,10,0.3,0.3,6,3,-3.23338808783862,0.01
6,2,0.2,293,10,0.3,0.3,6,3,-3.53125707749746,0.01
6,2,0.2,370,10,0.3,0.3,6,3,-4.03593377452336,0.01
6,2,0.2,435,10,0.3,0.3,6,3,-2.19094172562228,0.01
6,2,0.2,459,10,0.3,0.3,6,3,-3.16322639772883,0.01
6,2,0.2,19,10,0.3,0.3,6,3,-4.19924781382792,0.012
6,2,0.2,35,10,0.3,0.3,6,3,-4.14822395756323,0.012
6,2,0.2,89,10,0.3,0.3,6,3,-3.69082800203245,0.012
6,2,0.2,167,10,0.3,0.3,6,3,-2.69517406278052,0.012
6,2,0.2,214,10,0.3,0.3,6,3,-2.75031072550775,0.012
6,2,0.2,276,10,0.3,0.3,6,3,-3.58881150144339,0.012
6,2,0.2,319,10,0.3,0.3,6,3,-3.68320820431867,0.012
6,2,0.2,335,10,0.3,0.3,6,3,-4.84006219150589,0.012
6,2,0.2,382,10,0.3,0.3,6,3,-3.48751796421124,0.012
6,2,0.2,411,10,0.3,0.3,6,3,-3.12266945374523,0.012
6,2,0.2,429,10,0.3,0.3,6,3,-3.12108042372572,0.012
6,2,0.2,456,10,0.3,0.3,6,3,-3.23052630131386,0.012
6,2,0.2,50,10,0.3,0.3,6,3,-2.42306040289463,0.014
6,2,0.2,84,10,0.3,0.3,6,3,-3.3722872950562,0.014
6,2,0.2,183,10,0.3,0.3,6,3,-3.84124604379733,0.014
6,2,0.2,190,10,0.3,0.3,6,3,-3.43531489938741,0.014
6,2,0.2,206,10,0.3,0.3,6,3,-4.10293930625383,0.014
6,2,0.2,270,10,0.3,0.3,6,3,-4.42554352318282,0.014
6,2,0.2,283,10,0.3,0.3,6,3,-3.90230147195379,0.014
6,2,0.2,345,10,0.3,0.3,6,3,-3.39150271865148,0.014
6,2,0.2,380,10,0.3,0.3,6,3,-3.69109618283022,0.014
6,2,0.2,480,10,0.3,0.3,6,3,-2.71448126652925,0.014
6,2,0.2,483,10,0.3,0.3,6,3,-2.8292372571575,0.014
6,2,0.2,26,10,0.3,0.3,6,3,-3.90808305043169,0.016
6,2,0.2,113,10,0.3,0.3,6,3,-3.12139003872429,0.016
6,2,0.2,129,10,0.3,0.3,6,3,-2.98742304753631,0.016
6,2,0.2,231,10,0.3,0.3,6,3,-3.40745150473293,0.016
6,2,0.2,235,10,0.3,0.3,6,3,-2.87710296684688,0.016
6,2,0.2,318,10,0.3,0.3,6,3,-3.80746871102565,0.016
6,2,0.2,392,10,0.3,0.3,6,3,-1.75912425676879,0.016
6,2,0.2,443,10,0.3,0.3,6,3,-4.04922836703659,0.016
6,2,0.2,457,10,0.3,0.3,6,3,-3.2382906920709,0.016
6,2,0.2,462,10,0.3,0.3,6,3,-3.56925796455025,0.016
6,2,0.2,465,10,0.3,0.3,6,3,-2.65849706611473,0.016
6,2,0.2,468,10,0.3,0.3,6,3,-3.654098239071,0.016
6,2,0.2,16,10,0.3,0.3,6,3,-2.7064558547749,0.018
6,2,0.2,74,10,0.3,0.3,6,3,-3.71607218049346,0.018
6,2,0.2,140,10,0.3,0.3,6,3,-3.66125337017272,0.018
6,2,0.2,169,10,0.3,0.3,6,3,-3.58218692542897,0.018
6,2,0.2,237,10,0.3,0.3,6,3,-2.44428103144887,0.018
6,2,0.2,241,10,0.3,0.3,6,3,-3.57874734805708,0.018
6,2,0.2,261,10,0.3,0.3,6,3,-4.24123173243595,0.018
6,2,0.2,378,10,0.3,0.3,6,3,-4.17741761836453,0.018
6,2,0.2,419,10,0.3,0.3,6,3,-3.23761198327156,0.018
6,2,0.2,425,10,0.3,0.3,6,3,-2.69587610604151,0.018
6,2,0.2,122,10,0.3,0.3,6,3,-3.74454636661832,0.02
6,2,0.2,219,10,0.3,0.3,6,3,-3.90111046775775,0.02
6,2,0.2,246,10,0.3,0.3,6,3,-3.93077427432959,0.02
6,2,0.2,252,10,0.3,0.3,6,3,-3.78811293638987,0.02
6,2,0.2,288,10,0.3,0.3,6,3,-3.2219032691317,0.02
6,2,0.2,295,10,0.3,0.3,6,3,-1.9339535856781,0.02
6,2,0.2,358,10,0.3,0.3,6,3,-2.01379708216152,0.02
6,2,0.2,369,10,0.3,0.3,6,3,-3.34045354662683,0.02
6,2,0.2,403,10,0.3,0.3,6,3,-2.79924201031562,0.02
6,2,0.2,30,10,0.3,0.3,6,3,-3.10217654581709,0.022
6,2,0.2,67,10,0.3,0.3,6,3,-3.66389628401612,0.022
6,2,0.2,352,10,0.3,0.3,6,3,-2.76453139082221,0.022
6,2,0.2,364,10,0.3,0.3,6,3,-3.13449646074721,0.022
6,2,0.2,366,10,0.3,0.3,6,3,-3.43677654491313,0.022
6,2,0.2,376,10,0.3,0.3,6,3,-3.45684789711879,0.022
6,2,0.2,404,10,0.3,0.3,6,3,-3.13905928703912,0.022
6,2,0.2,144,10,0.3,0.3,6,3,-2.81974987008311,0.024
6,2,0.2,216,10,0.3,0.3,6,3,-3.87257734352855,0.024
6,2,0.2,226,10,0.3,0.3,6,3,-3.69148694473955,0.024
6,2,0.2,233,10,0.3,0.3,6,3,-3.83551836960322,0.024
6,2,0.2,328,10,0.3,0.3,6,3,-1.26695560504797,0.024
6,2,0.2,397,10,0.3,0.3,6,3,-3.87155384551471,0.024
6,2,0.2,479,10,0.3,0.3,6,3,-3.86897768888275,0.024
6,2,0.2,482,10,0.3,0.3,6,3,-2.78845670243328,0.024
6,2,0.2,485,10,0.3,0.3,6,3,-3.54990876173295,0.024
6,2,0.2,121,10,0.3,0.3,6,3,-1.98660289778826,0.026
6,2,0.2,262,10,0.3,0.3,6,3,-2.92918262174516,0.026
6,2,0.2,304,10,0.3,0.3,6,3,-3.73628821495944,0.026
6,2,0.2,329,10,0.3,0.3,6,3,-4.02594538456978,0.026
6,2,0.2,333,10,0.3,0.3,6,3,-3.38636663174904,0.026
6,2,0.2,346,10,0.3,0.3,6,3,-3.42486497329634,0.026
6,2,0.2,395,10,0.3,0.3,6,3,-3.04082425231954,0.026
6,2,0.2,470,10,0.3,0.3,6,3,-3.81166500530881,0.026
6,2,0.2,47,10,0.3,0.3,6,3,-3.94245000326751,0.028
6,2,0.2,51,10,0.3,0.3,6,3,-3.53917189405428,0.028
6,2,0.2,92,10,0.3,0.3,6,3,-3.32379616285129,0.028
6,2,0.2,107,10,0.3,0.3,6,3,-4.64917740804549,0.028
6,2,0.2,145,10,0.3,0.3,6,3,-2.37808181244046,0.028
6,2,0.2,201,10,0.3,0.3,6,3,-3.00327484842481,0.028
6,2,0.2,412,10,0.3,0.3,6,3,-2.66098604687892,0.028
6,2,0.2,433,10,0.3,0.3,6,3,-3.75950424445412,0.028
6,2,0.2,29,10,0.3,0.3,6,3,-3.64826336765211,0.03
6,2,0.2,94,10,0.3,0.3,6,3,-2.38281021807924,0.03
6,2,0.2,146,10,0.3,0.3,6,3,-2.78766515790741,0.03
6,2,0.2,203,10,0.3,0.3,6,3,-2.40067288783354,0.03
6,2,0.2,362,10,0.3,0.3,6,3,-2.13142752136793,0.03
6,2,0.2,420,10,0.3,0.3,6,3,-3.09664975606822,0.03
6,2,0.2,438,10,0.3,0.3,6,3,-3.94431072294586,0.03
6,2,0.2,451,10,0.3,0.3,6,3,-3.22526200002918,0.03
6,2,0.2,15,10,0.3,0.3,6,3,-2.57674724755657,0.032
6,2,0.2,25,10,0.3,0.3,6,3,-2.21587780389336,0.032
6,2,0.2,40,10,0.3,0.3,6,3,-2.23343952385363,0.032
6,2,0.2,83,10,0.3,0.3,6,3,-3.61597062982133,0.032
6,2,0.2,99,10,0.3,0.3,6,3,-2.09773329631608,0.032
6,2,0.2,115,10,0.3,0.3,6,3,-2.34076622290343,0.032
6,2,0.2,159,10,0.3,0.3,6,3,-3.80771977159691,0.032
6,2,0.2,168,10,0.3,0.3,6,3,-3.3796826108522,0.032
6,2,0.2,186,10,0.3,0.3,6,3,-3.52788555617406,0.032
6,2,0.2,218,10,0.3,0.3,6,3,-4.46655317969226,0.032
6,2,0.2,228,10,0.3,0.3,6,3,-2.91808893938429,0.032
6,2,0.2,230,10,0.3,0.3,6,3,-2.60844576979704,0.032
6,2,0.2,279,10,0.3,0.3,6,3,-3.34817225553246,0.032
6,2,0.2,351,10,0.3,0.3,6,3,-3.17703973741598,0.032
6,2,0.2,374,10,0.3,0.3,6,3,-2.87174633912264,0.032
6,2,0.2,436,10,0.3,0.3,6,3,-4.45455588895896,0.032
6,2,0.2,1,10,0.3,0.3,6,3,-2.32374251558741,0.034
6,2,0.2,20,10,0.3,0.3,6,3,-3.56239091199058,0.034
6,2,0.2,178,10,0.3,0.3,6,3,-4.13970025551902,0.034
6,2,0.2,312,10,0.3,0.3,6,3,-2.40488400922996,0.034
6,2,0.2,379,10,0.3,0.3,6,3,-4.35398775695009,0.034
6,2,0.2,6,10,0.3,0.3,6,3,-3.39642742954464,0.036
6,2,0.2,34,10,0.3,0.3,6,3,-2.21002381991394,0.036
6,2,0.2,61,10,0.3,0.3,6,3,-2.93747927232215,0.036
6,2,0.2,93,10,0.3,0.3,6,3,-3.92177679530371,0.036
6,2,0.2,148,10,0.3,0.3,6,3,-3.7766332752594,0.036
6,2,0.2,165,10,0.3,0.3,6,3,-2.47921637191561,0.036
6,2,0.2,253,10,0.3,0.3,6,3,-2.35475699300994,0.036
6,2,0.2,474,10,0.3,0.3,6,3,-3.61635354514573,0.036
6,2,0.2,476,10,0.3,0.3,6,3,-2.89327127702319,0.036
6,2,0.2,24,10,0.3,0.3,6,3,-3.60732888176804,0.038
6,2,0.2,45,10,0.3,0.3,6,3,-3.24075155999094,0.038
6,2,0.2,81,10,0.3,0.3,6,3,-3.03986320302832,0.038
6,2,0.2,91,10,0.3,0.3,6,3,-2.34172612536921,0.038
6,2,0.2,117,10,0.3,0.3,6,3,-3.75711572571018,0.038
6,2,0.2,137,10,0.3,0.3,6,3,-3.84784686225601,0.038
6,2,0.2,234,10,0.3,0.3,6,3,-3.02688718268396,0.038
6,2,0.2,265,10,0.3,0.3,6,3,-2.25613913987317,0.038
6,2,0.2,383,10,0.3,0.3,6,3,-4.37441524513537,0.038
6,2,0.2,405,10,0.3,0.3,6,3,-3.38142831566867,0.038
6,2,0.2,430,10,0.3,0.3,6,3,-2.79533093718075,0.038
6,2,0.2,85,10,0.3,0.3,6,3,-1.93583160703474,0.04
6,2,0.2,87,10,0.3,0.3,6,3,-3.54054831287496,0.04
6,2,0.2,166,10,0.3,0.3,6,3,-2.92518795086588,0.04
6,2,0.2,175,10,0.3,0.3,6,3,-2.98836133725692,0.04
6,2,0.2,192,10,0.3,0.3,6,3,-2.68892404177399,0.04
6,2,0.2,202,10,0.3,0.3,6,3,-3.0808662235406,0.04
6,2,0.2,290,10,0.3,0.3,6,3,-3.23675221765569,0.04
6,2,0.2,354,10,0.3,0.3,6,3,-2.03481126494853,0.04
6,2,0.2,363,10,0.3,0.3,6,3,-3.54123145921628,0.04
6,2,0.2,27,10,0.3,0.3,6,3,-2.96636044168764,0.042
6,2,0.2,32,10,0.3,0.3,6,3,-3.70504536997822,0.042
6,2,0.2,58,10,0.3,0.3,6,3,-2.00373000262761,0.042
6,2,0.2,82,10,0.3,0.3,6,3,-4.32697915781603,0.042
6,2,0.2,106,10,0.3,0.3,6,3,-3.4424560597237,0.042
6,2,0.2,123,10,0.3,0.3,6,3,-3.21325241499395,0.042
6,2,0.2,139,10,0.3,0.3,6,3,-3.10671603422671,0.042
6,2,0.2,141,10,0.3,0.3,6,3,-3.60469696326263,0.042
6,2,0.2,156,10,0.3,0.3,6,3,-3.09190055238994,0.042
6,2,0.2,189,10,0.3,0.3,6,3,-4.45386429547293,0.042
6,2,0.2,227,10,0.3,0.3,6,3,-3.45008726156533,0.042
6,2,0.2,229,10,0.3,0.3,6,3,-3.00177759344047,0.042
6,2,0.2,331,10,0.3,0.3,6,3,-2.4862431181073,0.042
6,2,0.2,342,10,0.3,0.3,6,3,-2.68296172622092,0.042
6,2,0.2,390,10,0.3,0.3,6,3,-2.53446412256963,0.042
6,2,0.2,446,10,0.3,0.3,6,3,-2.6853216430089,0.042
6,2,0.2,453,10,0.3,0.3,6,3,-2.33221908438566,0.042
6,2,0.2,488,10,0.3,0.3,6,3,-3.27647880342937,0.042
6,2,0.2,496,10,0.3,0.3,6,3,-3.20752051797186,0.042
6,2,0.2,38,10,0.3,0.3,6,3,-3.17675541338804,0.044
6,2,0.2,39,10,0.3,0.3,6,3,-3.07772652361362,0.044
6,2,0.2,71,10,0.3,0.3,6,3,-3.75030347441466,0.044
6,2,0.2,125,10,0.3,0.3,6,3,-3.28043797795499,0.044
6,2,0.2,134,10,0.3,0.3,6,3,-1.60351904073107,0.044
6,2,0.2,200,10,0.3,0.3,6,3,-2.65886231577335,0.044
6,2,0.2,204,10,0.3,0.3,6,3,-2.87795607207605,0.044
6,2,0.2,305,10,0.3,0.3,6,3,-2.47138569125144,0.044
6,2,0.2,330,10,0.3,0.3,6,3,-2.28622955363318,0.044
6,2,0.2,386,10,0.3,0.3,6,3,-3.07137715591884,0.044
6,2,0.2,489,10,0.3,0.3,6,3,-4.00962138789652,0.044
6,2,0.2,62,10,0.3,0.3,6,3,-2.74329176162851,0.046
6,2,0.2,66,10,0.3,0.3,6,3,-2.91954947001864,0.046
6,2,0.2,149,10,0.3,0.3,6,3,-2.44953705082412,0.046
6,2,0.2,197,10,0.3,0.3,6,3,-2.49237319607033,0.046
6,2,0.2,198,10,0.3,0.3,6,3,-3.17190886289126,0.046
6,2,0.2,199,10,0.3,0.3,6,3,-2.46946434267093,0.046
6,2,0.2,247,10,0.3,0.3,6,3,-3.0531956667715,0.046
6,2,0.2,289,10,0.3,0.3,6,3,-2.49939785585951,0.046
6,2,0.2,375,10,0.3,0.3,6,3,-3.02623511319959,0.046
6,2,0.2,439,10,0.3,0.3,6,3,-3.16110371920158,0.046
6,2,0.2,448,10,0.3,0.3,6,3,-2.91669803862032,0.046
6,2,0.2,494,10,0.3,0.3,6,3,-2.78935657157513,0.046
6,2,0.2,2,10,0.3,0.3,6,3,-2.52680880119101,0.048
6,2,0.2,9,10,0.3,0.3,6,3,-3.68434748355426,0.048
6,2,0.2,23,10,0.3,0.3,6,3,-2.43320844424008,0.048
6,2,0.2,44,10,0.3,0.3,6,3,-3.08493971210552,0.048
6,2,0.2,101,10,0.3,0.3,6,3,-4.44138061208025,0.048
6,2,0.2,105,10,0.3,0.3,6,3,-3.01657929561298,0.048
6,2,0.2,108,10,0.3,0.3,6,3,-3.16479471721647,0.048
6,2,0.2,114,10,0.3,0.3,6,3,-3.37872910939859,0.048
6,2,0.2,131,10,0.3,0.3,6,3,-3.23867616063274,0.048
6,2,0.2,207,10,0.3,0.3,6,3,-3.25930826257539,0.048
6,2,0.2,284,10,0.3,0.3,6,3,-2.77858328576082,0.048
6,2,0.2,327,10,0.3,0.3,6,3,-3.78097360799208,0.048
6,2,0.2,355,10,0.3,0.3,6,3,-3.44565672965237,0.048
6,2,0.2,393,10,0.3,0.3,6,3,-3.25151526766564,0.048
6,2,0.2,444,10,0.3,0.3,6,3,-3.21428850851672,0.048
6,2,0.2,461,10,0.3,0.3,6,3,-3.70194969917122,0.048
6,2,0.2,484,10,0.3,0.3,6,3,-1.94925379371301,0.048
6,2,0.2,493,10,0.3,0.3,6,3,-2.53523946718482,0.048
6,2,0.2,4,10,0.3,0.3,6,3,-5.247372632901,0.05
6,2,0.2,63,10,0.3,0.3,6,3,-3.47211420409107,0.05
6,2,0.2,65,10,0.3,0.3,6,3,-4.86925611364026,0.05
6,2,0.2,73,10,0.3,0.3,6,3,-3.54003588841661,0.05
6,2,0.2,75,10,0.3,0.3,6,3,-3.41006451265571,0.05
6,2,0.2,97,10,0.3,0.3,6,3,-3.02471365998267,0.05
6,2,0.2,111,10,0.3,0.3,6,3,-2.21751242312493,0.05
6,2,0.2,127,10,0.3,0.3,6,3,-3.1369100214749,0.05
6,2,0.2,136,10,0.3,0.3,6,3,-3.76635498346602,0.05
6,2,0.2,195,10,0.3,0.3,6,3,-3.33391725175184,0.05
6,2,0.2,223,10,0.3,0.3,6,3,-3.12747640211157,0.05
6,2,0.2,232,10,0.3,0.3,6,3,-2.26634753962247,0.05
6,2,0.2,267,10,0.3,0.3,6,3,-3.9797781225015,0.05
6,2,0.2,285,10,0.3,0.3,6,3,-2.19836224492926,0.05
6,2,0.2,299,10,0.3,0.3,6,3,-4.10037775580483,0.05
6,2,0.2,302,10,0.3,0.3,6,3,-3.08836039827926,0.05
6,2,0.2,326,10,0.3,0.3,6,3,-3.85070472642298,0.05
6,2,0.2,348,10,0.3,0.3,6,3,-3.23613047763041,0.05
6,2,0.2,357,10,0.3,0.3,6,3,-2.55412686817098,0.05
6,2,0.2,360,10,0.3,0.3,6,3,-3.4332935643975,0.05
6,2,0.2,415,10,0.3,0.3,6,3,-3.93127625576435,0.05
6,2,0.2,95,10,0.3,0.3,6,3,-3.17249395192192,0.052
6,2,0.2,249,10,0.3,0.3,6,3,-3.31235238736383,0.052
6,2,0.2,269,10,0.3,0.3,6,3,-2.73707294437548,0.052
6,2,0.2,325,10,0.3,0.3,6,3,-2.33259953189224,0.052
6,2,0.2,361,10,0.3,0.3,6,3,-1.9995448271186,0.052
6,2,0.2,384,10,0.3,0.3,6,3,-3.83177352739125,0.052
6,2,0.2,434,10,0.3,0.3,6,3,-2.99616459127753,0.052
6,2,0.2,442,10,0.3,0.3,6,3,-3.58877464890548,0.052
6,2,0.2,452,10,0.3,0.3,6,3,-2.65825430946489,0.052
6,2,0.2,499,10,0.3,0.3,6,3,-3.37768642336053,0.052
6,2,0.2,500,10,0.3,0.3,6,3,-3.00852288962039,0.052
6,2,0.2,5,10,0.3,0.3,6,3,-2.0951300774953,0.054
6,2,0.2,8,10,0.3,0.3,6,3,-3.01033477343481,0.054
6,2,0.2,57,10,0.3,0.3,6,3,-2.87428203862024,0.054
6,2,0.2,68,10,0.3,0.3,6,3,-2.06723473728564,0.054
6,2,0.2,72,10,0.3,0.3,6,3,-3.39986853776267,0.054
6,2,0.2,112,10,0.3,0.3,6,3,-2.42453687967119,0.054
6,2,0.2,133,10,0.3,0.3,6,3,-3.79302806848858,0.054
6,2,0.2,158,10,0.3,0.3,6,3,-3.68063471600945,0.054
6,2,0.2,176,10,0.3,0.3,6,3,-2.91264110910939,0.054
6,2,0.2,180,10,0.3,0.3,6,3,-3.16436909711831,0.054
6,2,0.2,222,10,0.3,0.3,6,3,-2.67668048337219,0.054
6,2,0.2,272,10,0.3,0.3,6,3,-3.05556174848891,0.054
6,2,0.2,277,10,0.3,0.3,6,3,-2.90149093566902,0.054
6,2,0.2,400,10,0.3,0.3,6,3,-4.30031376959241,0.054
6,2,0.2,401,10,0.3,0.3,6,3,-1.68153506594254,0.054
6,2,0.2,408,10,0.3,0.3,6,3,-4.20536154516077,0.054
6,2,0.2,464,10,0.3,0.3,6,3,-2.84782983627076,0.054
6,2,0.2,28,10,0.3,0.3,6,3,-2.88170620698148,0.056
6,2,0.2,37,10,0.3,0.3,6,3,-1.96169955543368,0.056
6,2,0.2,49,10,0.3,0.3,6,3,-3.79696728814292,0.056
6,2,0.2,54,10,0.3,0.3,6,3,-1.99269418175786,0.056
6,2,0.2,59,10,0.3,0.3,6,3,-4.09665891668189,0.056
6,2,0.2,60,10,0.3,0.3,6,3,-2.86841262527906,0.056
6,2,0.2,142,10,0.3,0.3,6,3,-3.38310189826379,0.056
6,2,0.2,155,10,0.3,0.3,6,3,-1.78362695699727,0.056
6,2,0.2,221,10,0.3,0.3,6,3,-2.48010494909838,0.056
6,2,0.2,236,10,0.3,0.3,6,3,-2.44258038262197,0.056
6,2,0.2,263,10,0.3,0.3,6,3,-3.25634585428617,0.056
6,2,0.2,286,10,0.3,0.3,6,3,-2.5512107337033,0.056
6,2,0.2,347,10,0.3,0.3,6,3,-3.78728077212719,0.056
6,2,0.2,398,10,0.3,0.3,6,3,-4.16622258917641,0.056
6,2,0.2,416,10,0.3,0.3,6,3,-3.06880820916609,0.056
6,2,0.2,445,10,0.3,0.3,6,3,-3.89082446175956,0.056
6,2,0.2,463,10,0.3,0.3,6,3,-3.54972371228976,0.056
6,2,0.2,498,10,0.3,0.3,6,3,-4.18191879207595,0.056
6,2,0.2,21,10,0.3,0.3,6,3,-2.28196028825096,0.058
6,2,0.2,102,10,0.3,0.3,6,3,-3.68372971794088,0.058
6,2,0.2,116,10,0.3,0.3,6,3,-2.94906468309799,0.058
6,2,0.2,164,10,0.3,0.3,6,3,-2.82171815267384,0.058
6,2,0.2,193,10,0.3,0.3,6,3,-3.70348533174786,0.058
6,2,0.2,224,10,0.3,0.3,6,3,-2.80550704742902,0.058
6,2,0.2,240,10,0.3,0.3,6,3,-2.34868068674419,0.058
6,2,0.2,242,10,0.3,0.3,6,3,-3.91932937842429,0.058
6,2,0.2,280,10,0.3,0.3,6,3,-4.75782387574233,0.058
6,2,0.2,294,10,0.3,0.3,6,3,-1.94706552840242,0.058
6,2,0.2,303,10,0.3,0.3,6,3,-2.29625502787076,0.058
6,2,0.2,344,10,0.3,0.3,6,3,-3.07623900803489,0.058
6,2,0.2,407,10,0.3,0.3,6,3,-2.09652144297084,0.058
6,2,0.2,469,10,0.3,0.3,6,3,-4.4366069380246,0.058
6,2,0.2,478,10,0.3,0.3,6,3,-3.35246607092537,0.058
6,2,0.2,3,10,0.3,0.3,6,3,-3.38988650981184,0.06
6,2,0.2,11,10,0.3,0.3,6,3,-2.23341060185857,0.06
6,2,0.2,36,10,0.3,0.3,6,3,-2.57843581591095,0.06
6,2,0.2,80,10,0.3,0.3,6,3,-4.4469784964478,0.06
6,2,0.2,109,10,0.3,0.3,6,3,-3.0317643163612,0.06
6,2,0.2,248,10,0.3,0.3,6,3,-3.78829475023619,0.06
6,2,0.2,266,10,0.3,0.3,6,3,-2.7306069792991,0.06
6,2,0.2,271,10,0.3,0.3,6,3,-4.25520340498525,0.06
6,2,0.2,309,10,0.3,0.3,6,3,-3.0547858254198,0.06
6,2,0.2,322,10,0.3,0.3,6,3,-1.92385868011192,0.06
6,2,0.2,417,10,0.3,0.3,6,3,-2.97923014535769,0.06
6,2,0.2,427,10,0.3,0.3,6,3,-3.27058273718521,0.06
6,2,0.2,441,10,0.3,0.3,6,3,-3.27459167252098,0.06
6,2,0.2,481,10,0.3,0.3,6,3,-3.11927858767214,0.06
6,2,0.2,490,10,0.3,0.3,6,3,-3.05879190252517,0.06
6,2,0.2,495,10,0.3,0.3,6,3,-1.82366527677749,0.06
6,2,0.2,43,10,0.3,0.3,6,3,-3.02749333779136,0.062
6,2,0.2,70,10,0.3,0.3,6,3,-3.9364909398551,0.062
6,2,0.2,86,10,0.3,0.3,6,3,-2.14993134473289,0.062
6,2,0.2,124,10,0.3,0.3,6,3,-3.01522905760962,0.062
6,2,0.2,251,10,0.3,0.3,6,3,-3.66706210649778,0.062
6,2,0.2,264,10,0.3,0.3,6,3,-2.93403753795596,0.062
6,2,0.2,273,10,0.3,0.3,6,3,-2.05550297623978,0.062
6,2,0.2,300,10,0.3,0.3,6,3,-3.58373021682715,0.062
6,2,0.2,388,10,0.3,0.3,6,3,-1.82501437420285,0.062
6,2,0.2,447,10,0.3,0.3,6,3,-2.95885729263043,0.062
6,2,0.2,449,10,0.3,0.3,6,3,-2.46681982265213,0.062
6,2,0.2,53,10,0.3,0.3,6,3,-1.97464706397179,0.064
6,2,0.2,154,10,0.3,0.3,6,3,-2.618420214102,0.064
6,2,0.2,163,10,0.3,0.3,6,3,-3.74389024892955,0.064
6,2,0.2,172,10,0.3,0.3,6,3,-3.51311978169494,0.064
6,2,0.2,173,10,0.3,0.3,6,3,-2.72286876182125,0.064
6,2,0.2,194,10,0.3,0.3,6,3,-1.37462001378705,0.064
6,2,0.2,414,10,0.3,0.3,6,3,-2.35767174332304,0.064
6,2,0.2,426,10,0.3,0.3,6,3,-2.49838512546458,0.064
6,2,0.2,475,10,0.3,0.3,6,3,-2.76986255746397,0.064
6,2,0.2,88,10,0.3,0.3,6,3,-3.49065188791332,0.066
6,2,0.2,120,10,0.3,0.3,6,3,-3.33371149594277,0.066
6,2,0.2,160,10,0.3,0.3,6,3,-2.46324039945659,0.066
6,2,0.2,191,10,0.3,0.3,6,3,-3.74541142926554,0.066
6,2,0.2,208,10,0.3,0.3,6,3,-2.70030833864624,0.066
6,2,0.2,244,10,0.3,0.3,6,3,-1.89194928873914,0.066
6,2,0.2,282,10,0.3,0.3,6,3,-2.75211300297468,0.066
6,2,0.2,340,10,0.3,0.3,6,3,-3.49838744502014,0.066
6,2,0.2,356,10,0.3,0.3,6,3,-2.44561796229368,0.066
6,2,0.2,359,10,0.3,0.3,6,3,-1.81709197145565,0.066
6,2,0.2,373,10,0.3,0.3,6,3,-3.73211189109375,0.066
6,2,0.2,119,10,0.3,0.3,6,3,-2.53239466859139,0.068
6,2,0.2,128,10,0.3,0.3,6,3,-2.11414689367078,0.068
6,2,0.2,138,10,0.3,0.3,6,3,-2.02448973356701,0.068
6,2,0.2,210,10,0.3,0.3,6,3,-4.57658932124704,0.068
6,2,0.2,220,10,0.3,0.3,6,3,-3.11514110310574,0.068
6,2,0.2,291,10,0.3,0.3,6,3,-2.2920946824552,0.068
6,2,0.2,313,10,0.3,0.3,6,3,-3.95726775116933,0.068
6,2,0.2,410,10,0.3,0.3,6,3,-2.04433481564084,0.068
6,2,0.2,440,10,0.3,0.3,6,3,-3.91275169197544,0.068
6,2,0.2,48,10,0.3,0.3,6,3,-3.86676994419514,0.07
6,2,0.2,52,10,0.3,0.3,6,3,-2.90089565166676,0.07
6,2,0.2,69,10,0.3,0.3,6,3,-2.89503085787427,0.07
6,2,0.2,96,10,0.3,0.3,6,3,-2.90323082650283,0.07
6,2,0.2,103,10,0.3,0.3,6,3,-3.36327520553215,0.07
6,2,0.2,170,10,0.3,0.3,6,3,-1.80295383858487,0.07
6,2,0.2,296,10,0.3,0.3,6,3,-2.41836125842391,0.07
6,2,0.2,306,10,0.3,0.3,6,3,-3.35805925730594,0.07
6,2,0.2,337,10,0.3,0.3,6,3,-3.30866133390344,0.07
6,2,0.2,341,10,0.3,0.3,6,3,-2.45602680994628,0.07
6,2,0.2,365,10,0.3,0.3,6,3,-3.57564624564003,0.07
6,2,0.2,368,10,0.3,0.3,6,3,-3.27512999319546,0.07
6,2,0.2,391,10,0.3,0.3,6,3,-1.74391793859729,0.07
6,2,0.2,413,10,0.3,0.3,6,3,-2.6636500988335,0.07
6,2,0.2,55,10,0.3,0.3,6,3,-2.40501555588389,0.072
6,2,0.2,258,10,0.3,0.3,6,3,-3.03212691927709,0.072
6,2,0.2,292,10,0.3,0.3,6,3,-2.80156398145991,0.072
6,2,0.2,310,10,0.3,0.3,6,3,-4.07152188037736,0.072
6,2,0.2,316,10,0.3,0.3,6,3,-3.56915964636389,0.072
6,2,0.2,473,10,0.3,0.3,6,3,-1.73257425317593,0.072
6,2,0.2,17,10,0.3,0.3,6,3,-4.02883001494152,0.074
6,2,0.2,132,10,0.3,0.3,6,3,-1.94666167464064,0.074
6,2,0.2,147,10,0.3,0.3,6,3,-2.74257927142324,0.074
6,2,0.2,209,10,0.3,0.3,6,3,-3.75124141014956,0.074
6,2,0.2,409,10,0.3,0.3,6,3,-2.85894674292459,0.074
6,2,0.2,424,10,0.3,0.3,6,3,-2.79106632927358,0.074
6,2,0.2,477,10,0.3,0.3,6,3,-2.1557986546446,0.074
6,2,0.2,196,10,0.3,0.3,6,3,-1.65696419936964,0.076
6,2,0.2,205,10,0.3,0.3,6,3,-2.8729915565192,0.076
6,2,0.2,256,10,0.3,0.3,6,3,-1.75636449411249,0.076
6,2,0.2,257,10,0.3,0.3,6,3,-2.92016563142798,0.076
6,2,0.2,339,10,0.3,0.3,6,3,-2.48459538452255,0.076
6,2,0.2,387,10,0.3,0.3,6,3,-2.37376947292449,0.076
6,2,0.2,428,10,0.3,0.3,6,3,-1.68165156328106,0.076
6,2,0.2,437,10,0.3,0.3,6,3,-2.38924772277599,0.076
6,2,0.2,260,10,0.3,0.3,6,3,-2.0197915365346,0.078
6,2,0.2,336,10,0.3,0.3,6,3,-2.28764080985931,0.078
6,2,0.2,396,10,0.3,0.3,6,3,-1.04486409808032,0.078
6,2,0.2,467,10,0.3,0.3,6,3,-2.67613696387147,0.078
6,2,0.2,22,10,0.3,0.3,6,3,-3.00444311553059,0.08
6,2,0.2,78,10,0.3,0.3,6,3,-2.24443929523821,0.08
6,2,0.2,118,10,0.3,0.3,6,3,-1.77856598238273,0.08
6,2,0.2,243,10,0.3,0.3,6,3,-2.49718826231049,0.08
6,2,0.2,255,10,0.3,0.3,6,3,-3.54057029935714,0.08
6,2,0.2,394,10,0.3,0.3,6,3,-3.63761789806142,0.08
6,2,0.2,455,10,0.3,0.3,6,3,-2.06166235244206,0.08
6,2,0.2,466,10,0.3,0.3,6,3,-2.90667499525614,0.08
6,2,0.2,76,10,0.3,0.3,6,3,-3.19092248799615,0.082
6,2,0.2,171,10,0.3,0.3,6,3,-2.2726781106621,0.082
6,2,0.2,334,10,0.3,0.3,6,3,-2.2415757062966,0.082
6,2,0.2,372,10,0.3,0.3,6,3,-2.87734607184441,0.082
6,2,0.2,174,10,0.3,0.3,6,3,-3.06117509590158,0.084
6,2,0.2,297,10,0.3,0.3,6,3,-1.92145662952083,0.084
6,2,0.2,321,10,0.3,0.3,6,3,-1.94372679423404,0.084
6,2,0.2,324,10,0.3,0.3,6,3,-3.80238211938757,0.084
6,2,0.2,350,10,0.3,0.3,6,3,-1.87586068607436,0.084
6,2,0.2,389,10,0.3,0.3,6,3,-1.9294745260558,0.084
6,2,0.2,402,10,0.3,0.3,6,3,-1.48073778232757,0.084
6,2,0.2,497,10,0.3,0.3,6,3,-2.34121821510425,0.084
6,2,0.2,7,10,0.3,0.3,6,3,-1.82692269496735,0.086
6,2,0.2,238,10,0.3,0.3,6,3,-3.01826931783748,0.086
6,2,0.2,250,10,0.3,0.3,6,3,-2.76156918762126,0.086
6,2,0.2,492,10,0.3,0.3,6,3,-1.92820915033599,0.086
6,2,0.2,126,10,0.3,0.3,6,3,-1.43628167062656,0.088
6,2,0.2,182,10,0.3,0.3,6,3,-2.71636880190925,0.088
6,2,0.2,323,10,0.3,0.3,6,3,-1.75798934343567,0.088
6,2,0.2,353,10,0.3,0.3,6,3,-2.13497014790107,0.088
6,2,0.2,406,10,0.3,0.3,6,3,-2.60337747559183,0.088
6,2,0.2,320,10,0.3,0.3,6,3,-2.31416582545199,0.09
6,2,0.2,211,10,0.3,0.3,6,3,-2.99168217997405,0.092
6,2,0.2,421,10,0.3,0.3,6,3,-1.62015864924845,0.092
6,2,0.2,371,10,0.3,0.3,6,3,-2.5242090161575,0.094
6,2,0.2,431,10,0.3,0.3,6,3,-1.40700293955359,0.094
6,2,0.2,458,10,0.3,0.3,6,3,-1.4002973926292,0.096
6,2,0.2,349,10,0.3,0.3,6,3,-1.91538129705245,0.104
6,2,0.2,317,10,0.3,0.3,6,3,-1.64336618692602,0.106
6,2,0.2,315,10,0.3,0.3,6,3,-1.84495061358359,0.108
6,2,0.2,487,10,0.3,0.3,6,3,-1.82892776712737,0.11
6,2,0.2,41,10,0.3,0.3,6,3,-2.12437492150272,0.114
6,2,0.2,181,10,0.3,0.3,6,3,-1.78848137162595,0.114
6,2,0.2,422,10,0.3,0.3,6,3,-2.1065586257765,0.114
6,2,0.2,104,10,0.3,0.3,6,3,-1.97423697038104,0.116
6,2,0.2,454,10,0.3,0.3,6,3,-1.61443678717603,0.118
6,2,0.2,287,10,0.3,0.3,6,3,-2.61679661747024,0.12
6,2,0.2,399,10,0.3,0.3,6,3,-2.46535342437474,0.122
6,2,0.2,10,10,0.3,0.3,6,3,-1.73876418391328,0.124
6,2,0.2,14,10,0.3,0.3,6,3,-1.0172136424265,0.124
6,2,0.2,46,10,0.3,0.3,6,3,-1.85195084949973,0.126
6,2,0.2,311,10,0.3,0.3,6,3,-2.06543772935751,0.144
6,2,0.2,56,10,0.3,0.3,6,3,-1.88557045662748,0.18
6,2,0.2,177,10,0.3,0.3,6,3,-1.40652997396262,0.19
6,2,0.2,418,10,0.3,0.3,6,3,-2.30599199105757,0.212
6,2,0.2,332,10,0.3,0.3,6,3,-2.2169389099692,0.22
6,2,0.2,187,10,0.3,0.3,6,3,-2.09735592086469,0.26
6,2,0.2,98,10,0.3,0.3,6,3,-1.23778083000673,0.268
6,2,0.2,33,10,0.3,0.3,6,3,-2.14002090855311,0.29
6,2,0.2,423,10,0.3,0.3,6,3,-0.706794120478946,0.302
6,2,0.2,100,10,0.3,0.3,6,3,-2.32499117492895,0.312
6,2,0.2,254,10,0.3,0.3,6,3,-2.02708739251375,0.326
6,2,0.2,110,10,0.3,0.3,6,3,-1.50293501166112,0.56
6,2,0.2,314,10,0.3,0.3,6,3,-0.880813227025811,0.59
6,2,0.2,152,10,0.3,0.3,6,3,-0.772489683995531,0.666
6,2,0.2,70,10,0.3,0.3,7,3,-3.66329074160305,0
6,2,0.2,75,10,0.3,0.3,7,3,-3.16455278282257,0
6,2,0.2,79,10,0.3,0.3,7,3,-4.51488729421774,0
6,2,0.2,108,10,0.3,0.3,7,3,-4.21697851057573,0
6,2,0.2,330,10,0.3,0.3,7,3,-4.00039931437843,0
6,2,0.2,341,10,0.3,0.3,7,3,-3.80508740190703,0
6,2,0.2,370,10,0.3,0.3,7,3,-4.71117418936973,0
6,2,0.2,397,10,0.3,0.3,7,3,-3.76364152459544,0
6,2,0.2,39,10,0.3,0.3,7,3,-5.02776305264831,0.002
6,2,0.2,72,10,0.3,0.3,7,3,-4.4138689127854,0.002
6,2,0.2,76,10,0.3,0.3,7,3,-2.38293526966009,0.002
6,2,0.2,93,10,0.3,0.3,7,3,-3.20033681482155,0.002
6,2,0.2,155,10,0.3,0.3,7,3,-3.05160239820373,0.002
6,2,0.2,159,10,0.3,0.3,7,3,-4.50490387570071,0.002
6,2,0.2,180,10,0.3,0.3,7,3,-2.74870873562878,0.002
6,2,0.2,258,10,0.3,0.3,7,3,-2.86998578144858,0.002
6,2,0.2,292,10,0.3,0.3,7,3,-3.31501325226924,0.002
6,2,0.2,337,10,0.3,0.3,7,3,-3.56389569189923,0.002
6,2,0.2,338,10,0.3,0.3,7,3,-3.37395980607681,0.002
6,2,0.2,347,10,0.3,0.3,7,3,-4.66869774289194,0.002
6,2,0.2,2,10,0.3,0.3,7,3,-3.12734515451157,0.004
6,2,0.2,55,10,0.3,0.3,7,3,-3.35636266091117,0.004
6,2,0.2,78,10,0.3,0.3,7,3,-4.21792816249913,0.004
6,2,0.2,144,10,0.3,0.3,7,3,-3.84574524899736,0.004
6,2,0.2,158,10,0.3,0.3,7,3,-3.08095814208076,0.004
6,2,0.2,168,10,0.3,0.3,7,3,-3.66914278791856,0.004
6,2,0.2,170,10,0.3,0.3,7,3,-4.05348322502689,0.004
6,2,0.2,209,10,0.3,0.3,7,3,-2.87837298595755,0.004
6,2,0.2,281,10,0.3,0.3,7,3,-3.5132785080306,0.004
6,2,0.2,294,10,0.3,0.3,7,3,-4.11634810163469,0.004
6,2,0.2,298,10,0.3,0.3,7,3,-4.47869349523194,0.004
6,2,0.2,299,10,0.3,0.3,7,3,-4.36385963526212,0.004
6,2,0.2,305,10,0.3,0.3,7,3,-4.75271460106239,0.004
6,2,0.2,321,10,0.3,0.3,7,3,-3.50939208179102,0.004
6,2,0.2,359,10,0.3,0.3,7,3,-4.37222600570126,0.004
6,2,0.2,20,10,0.3,0.3,7,3,-3.04888251998912,0.006
6,2,0.2,42,10,0.3,0.3,7,3,-4.27262870056583,0.006
6,2,0.2,60,10,0.3,0.3,7,3,-3.12697102198024,0.006
6,2,0.2,83,10,0.3,0.3,7,3,-4.21379334845128,0.006
6,2,0.2,116,10,0.3,0.3,7,3,-3.91604208853531,0.006
6,2,0.2,165,10,0.3,0.3,7,3,-3.09975748665693,0.006
6,2,0.2,227,10,0.3,0.3,7,3,-2.76929029618293,0.006
6,2,0.2,280,10,0.3,0.3,7,3,-2.67395273563025,0.006
6,2,0.2,335,10,0.3,0.3,7,3,-4.55501574731335,0.006
6,2,0.2,349,10,0.3,0.3,7,3,-2.78880363388174,0.006
6,2,0.2,360,10,0.3,0.3,7,3,-2.55355060224886,0.006
6,2,0.2,376,10,0.3,0.3,7,3,-3.65307096487564,0.006
6,2,0.2,431,10,0.3,0.3,7,3,-3.56618069892258,0.006
6,2,0.2,453,10,0.3,0.3,7,3,-3.3630635001121,0.006
6,2,0.2,468,10,0.3,0.3,7,3,-3.3816965808731,0.006
6,2,0.2,128,10,0.3,0.3,7,3,-2.50411496847948,0.008
6,2,0.2,161,10,0.3,0.3,7,3,-3.88724251627531,0.008
6,2,0.2,184,10,0.3,0.3,7,3,-3.41593011373803,0.008
6,2,0.2,186,10,0.3,0.3,7,3,-2.74461734033704,0.008
6,2,0.2,244,10,0.3,0.3,7,3,-3.29590542376334,0.008
6,2,0.2,248,10,0.3,0.3,7,3,-2.1421692477019,0.008
6,2,0.2,286,10,0.3,0.3,7,3,-4.14521453827652,0.008
6,2,0.2,301,10,0.3,0.3,7,3,-3.45976060446878,0.008
6,2,0.2,323,10,0.3,0.3,7,3,-2.57696245261423,0.008
6,2,0.2,333,10,0.3,0.3,7,3,-3.47667172620913,0.008
6,2,0.2,388,10,0.3,0.3,7,3,-2.29853576775875,0.008
6,2,0.2,398,10,0.3,0.3,7,3,-3.03336662986771,0.008
6,2,0.2,412,10,0.3,0.3,7,3,-3.3090288251735,0.008
6,2,0.2,422,10,0.3,0.3,7,3,-2.904929895029,0.008
6,2,0.2,427,10,0.3,0.3,7,3,-4.23525239817886,0.008
6,2,0.2,443,10,0.3,0.3,7,3,-3.11725580501437,0.008
6,2,0.2,444,10,0.3,0.3,7,3,-4.49924608379078,0.008
6,2,0.2,455,10,0.3,0.3,7,3,-4.74829719480246,0.008
6,2,0.2,496,10,0.3,0.3,7,3,-3.76244475103817,0.008
6,2,0.2,89,10,0.3,0.3,7,3,-3.98777728746126,0.01
6,2,0.2,90,10,0.3,0.3,7,3,-3.62163036543845,0.01
6,2,0.2,92,10,0.3,0.3,7,3,-3.29543124620889,0.01
6,2,0.2,94,10,0.3,0.3,7,3,-3.53223251727218,0.01
6,2,0.2,146,10,0.3,0.3,7,3,-3.39065983761205,0.01
6,2,0.2,196,10,0.3,0.3,7,3,-4.50249761710651,0.01
6,2,0.2,309,10,0.3,0.3,7,3,-3.91297163003998,0.01
6,2,0.2,327,10,0.3,0.3,7,3,-4.23796123649666,0.01
6,2,0.2,354,10,0.3,0.3,7,3,-2.96351224901744,0.01
6,2,0.2,445,10,0.3,0.3,7,3,-4.20661367176666,0.01
6,2,0.2,10,10,0.3,0.3,7,3,-4.05325216242275,0.012
6,2,0.2,11,10,0.3,0.3,7,3,-3.11155565071041,0.012
6,2,0.2,52,10,0.3,0.3,7,3,-3.35206364604716,0.012
6,2,0.2,62,10,0.3,0.3,7,3,-3.23328584986027,0.012
6,2,0.2,122,10,0.3,0.3,7,3,-3.18463311324871,0.012
6,2,0.2,166,10,0.3,0.3,7,3,-3.31482419220225,0.012
6,2,0.2,172,10,0.3,0.3,7,3,-4.00771346282318,0.012
6,2,0.2,263,10,0.3,0.3,7,3,-3.70683226019051,0.012
6,2,0.2,275,10,0.3,0.3,7,3,-3.63372424663481,0.012
6,2,0.2,324,10,0.3,0.3,7,3,-4.2354797288846,0.012
6,2,0.2,458,10,0.3,0.3,7,3,-3.6025839794448,0.012
6,2,0.2,6,10,0.3,0.3,7,3,-3.32933021362251,0.014
6,2,0.2,16,10,0.3,0.3,7,3,-3.44045307564906,0.014
6,2,0.2,81,10,0.3,0.3,7,3,-2.71095244852626,0.014
6,2,0.2,114,10,0.3,0.3,7,3,-3.97503208498406,0.014
6,2,0.2,160,10,0.3,0.3,7,3,-3.87882184337201,0.014
6,2,0.2,195,10,0.3,0.3,7,3,-4.35491042032731,0.014
6,2,0.2,221,10,0.3,0.3,7,3,-2.71771244551698,0.014
6,2,0.2,302,10,0.3,0.3,7,3,-2.6160068124847,0.014
6,2,0.2,365,10,0.3,0.3,7,3,-4.48144582993703,0.014
6,2,0.2,378,10,0.3,0.3,7,3,-4.23194693261232,0.014
6,2,0.2,396,10,0.3,0.3,7,3,-3.43276289620326,0.014
6,2,0.2,415,10,0.3,0.3,7,3,-3.71845753749938,0.014
6,2,0.2,495,10,0.3,0.3,7,3,-2.62395207629541,0.014
6,2,0.2,65,10,0.3,0.3,7,3,-3.47043305887357,0.016
6,2,0.2,87,10,0.3,0.3,7,3,-2.2342691604928,0.016
6,2,0.2,95,10,0.3,0.3,7,3,-2.44064853097919,0.016
6,2,0.2,193,10,0.3,0.3,7,3,-3.71296514015501,0.016
6,2,0.2,245,10,0.3,0.3,7,3,-3.43019215820817,0.016
6,2,0.2,259,10,0.3,0.3,7,3,-2.36255884698264,0.016
6,2,0.2,395,10,0.3,0.3,7,3,-3.14616290360183,0.016
6,2,0.2,461,10,0.3,0.3,7,3,-2.99887543147992,0.016
6,2,0.2,473,10,0.3,0.3,7,3,-3.21196378382081,0.016
6,2,0.2,1,10,0.3,0.3,7,3,-3.09269521049336,0.018
6,2,0.2,35,10,0.3,0.3,7,3,-3.29427614907965,0.018
6,2,0.2,61,10,0.3,0.3,7,3,-4.27058674757177,0.018
6,2,0.2,71,10,0.3,0.3,7,3,-2.67299830475469,0.018
6,2,0.2,99,10,0.3,0.3,7,3,-2.62227960543859,0.018
6,2,0.2,105,10,0.3,0.3,7,3,-2.37127074960119,0.018
6,2,0.2,308,10,0.3,0.3,7,3,-3.12168582760728,0.018
6,2,0.2,438,10,0.3,0.3,7,3,-3.16294276664112,0.018
6,2,0.2,454,10,0.3,0.3,7,3,-3.36231071844637,0.018
6,2,0.2,151,10,0.3,0.3,7,3,-3.60872234649838,0.02
6,2,0.2,182,10,0.3,0.3,7,3,-2.94860806560794,0.02
6,2,0.2,212,10,0.3,0.3,7,3,-3.46586508093321,0.02
6,2,0.2,226,10,0.3,0.3,7,3,-3.41646384312972,0.02
6,2,0.2,253,10,0.3,0.3,7,3,-2.40339741243892,0.02
6,2,0.2,332,10,0.3,0.3,7,3,-3.93466687864748,0.02
6,2,0.2,383,10,0.3,0.3,7,3,-2.86878980258689,0.02
6,2,0.2,390,10,0.3,0.3,7,3,-3.93059291332114,0.02
6,2,0.2,471,10,0.3,0.3,7,3,-4.22454576158432,0.02
6,2,0.2,14,10,0.3,0.3,7,3,-3.15272070284715,0.022
6,2,0.2,23,10,0.3,0.3,7,3,-2.54326372837181,0.022
6,2,0.2,117,10,0.3,0.3,7,3,-2.70622248850799,0.022
6,2,0.2,154,10,0.3,0.3,7,3,-3.57518701555151,0.022
6,2,0.2,162,10,0.3,0.3,7,3,-3.76713900962321,0.022
6,2,0.2,189,10,0.3,0.3,7,3,-2.37308661674538,0.022
6,2,0.2,205,10,0.3,0.3,7,3,-3.15546181625925,0.022
6,2,0.2,266,10,0.3,0.3,7,3,-3.06020063836334,0.022
6,2,0.2,267,10,0.3,0.3,7,3,-2.89681755737018,0.022
6,2,0.2,392,10,0.3,0.3,7,3,-3.22612411991153,0.022
6,2,0.2,401,10,0.3,0.3,7,3,-4.21523985378136,0.022
6,2,0.2,411,10,0.3,0.3,7,3,-3.19632503636493,0.022
6,2,0.2,467,10,0.3,0.3,7,3,-3.37441548851345,0.022
6,2,0.2,12,10,0.3,0.3,7,3,-4.92628126115895,0.024
6,2,0.2,54,10,0.3,0.3,7,3,-3.87780492983174,0.024
6,2,0.2,150,10,0.3,0.3,7,3,-2.97371198900723,0.024
6,2,0.2,191,10,0.3,0.3,7,3,-3.02254482165964,0.024
6,2,0.2,228,10,0.3,0.3,7,3,-3.26032642284375,0.024
6,2,0.2,272,10,0.3,0.3,7,3,-4.37079632207346,0.024
6,2,0.2,326,10,0.3,0.3,7,3,-3.10602427031895,0.024
6,2,0.2,328,10,0.3,0.3,7,3,-2.63093230470514,0.024
6,2,0.2,371,10,0.3,0.3,7,3,-2.27843850730375,0.024
6,2,0.2,402,10,0.3,0.3,7,3,-2.44741460643462,0.024
6,2,0.2,441,10,0.3,0.3,7,3,-2.88594542923778,0.024
6,2,0.2,451,10,0.3,0.3,7,3,-3.40305762745203,0.024
6,2,0.2,466,10,0.3,0.3,7,3,-2.48784639384363,0.024
6,2,0.2,470,10,0.3,0.3,7,3,-2.7431475363874,0.024
6,2,0.2,40,10,0.3,0.3,7,3,-2.37573625932484,0.026
6,2,0.2,111,10,0.3,0.3,7,3,-3.34361787675437,0.026
6,2,0.2,139,10,0.3,0.3,7,3,-2.30499689146373,0.026
6,2,0.2,234,10,0.3,0.3,7,3,-4.08100672261483,0.026
6,2,0.2,346,10,0.3,0.3,7,3,-2.73647485788382,0.026
6,2,0.2,407,10,0.3,0.3,7,3,-2.6764788416794,0.026
6,2,0.2,430,10,0.3,0.3,7,3,-3.4094028086125,0.026
6,2,0.2,499,10,0.3,0.3,7,3,-2.80970066238604,0.026
6,2,0.2,500,10,0.3,0.3,7,3,-3.7590594013125,0.026
6,2,0.2,73,10,0.3,0.3,7,3,-3.37270028139662,0.028
6,2,0.2,290,10,0.3,0.3,7,3,-2.91015210472528,0.028
6,2,0.2,416,10,0.3,0.3,7,3,-3.23353465643066,0.028
6,2,0.2,469,10,0.3,0.3,7,3,-4.20530042416544,0.028
6,2,0.2,49,10,0.3,0.3,7,3,-2.22551105148591,0.03
6,2,0.2,96,10,0.3,0.3,7,3,-2.5572218894674,0.03
6,2,0.2,163,10,0.3,0.3,7,3,-3.28679124111892,0.03
6,2,0.2,192,10,0.3,0.3,7,3,-2.38817039418475,0.03
6,2,0.2,208,10,0.3,0.3,7,3,-2.96196776038326,0.03
6,2,0.2,369,10,0.3,0.3,7,3,-2.69166076190231,0.03
6,2,0.2,457,10,0.3,0.3,7,3,-3.30881258199793,0.03
6,2,0.2,222,10,0.3,0.3,7,3,-2.99777368867873,0.032
6,2,0.2,257,10,0.3,0.3,7,3,-2.80802308892757,0.032
6,2,0.2,342,10,0.3,0.3,7,3,-3.26935601769887,0.032
6,2,0.2,368,10,0.3,0.3,7,3,-2.44623861637999,0.032
6,2,0.2,413,10,0.3,0.3,7,3,-3.16671483012368,0.032
6,2,0.2,448,10,0.3,0.3,7,3,-3.12604809522625,0.032
6,2,0.2,479,10,0.3,0.3,7,3,-3.34630343202005,0.032
6,2,0.2,480,10,0.3,0.3,7,3,-3.65427564706383,0.032
6,2,0.2,481,10,0.3,0.3,7,3,-3.04982887158729,0.032
6,2,0.2,494,10,0.3,0.3,7,3,-2.69298991858881,0.032
6,2,0.2,21,10,0.3,0.3,7,3,-3.79688312849143,0.034
6,2,0.2,46,10,0.3,0.3,7,3,-3.36611080444493,0.034
6,2,0.2,74,10,0.3,0.3,7,3,-3.8743967515104,0.034
6,2,0.2,124,10,0.3,0.3,7,3,-2.18881984985435,0.034
6,2,0.2,188,10,0.3,0.3,7,3,-3.47020631189574,0.034
6,2,0.2,210,10,0.3,0.3,7,3,-3.76944777797726,0.034
6,2,0.2,242,10,0.3,0.3,7,3,-3.98375596732055,0.034
6,2,0.2,252,10,0.3,0.3,7,3,-3.22462315297048,0.034
6,2,0.2,265,10,0.3,0.3,7,3,-2.78758317395958,0.034
6,2,0.2,312,10,0.3,0.3,7,3,-2.62617349972905,0.034
6,2,0.2,351,10,0.3,0.3,7,3,-3.38595263434405,0.034
6,2,0.2,387,10,0.3,0.3,7,3,-3.0160186223016,0.034
6,2,0.2,408,10,0.3,0.3,7,3,-2.8731142859103,0.034
6,2,0.2,417,10,0.3,0.3,7,3,-4.38660327936776,0.034
6,2,0.2,121,10,0.3,0.3,7,3,-2.5767902678119,0.036
6,2,0.2,190,10,0.3,0.3,7,3,-2.85295497058942,0.036
6,2,0.2,220,10,0.3,0.3,7,3,-3.11201852321852,0.036
6,2,0.2,285,10,0.3,0.3,7,3,-2.35437971240256,0.036
6,2,0.2,300,10,0.3,0.3,7,3,-2.71854679163644,0.036
6,2,0.2,304,10,0.3,0.3,7,3,-3.45238329796945,0.036
6,2,0.2,317,10,0.3,0.3,7,3,-3.01646887879207,0.036
6,2,0.2,339,10,0.3,0.3,7,3,-2.00701001576223,0.036
6,2,0.2,377,10,0.3,0.3,7,3,-3.56158667464527,0.036
6,2,0.2,384,10,0.3,0.3,7,3,-2.22381744233732,0.036
6,2,0.2,474,10,0.3,0.3,7,3,-3.52195559565354,0.036
6,2,0.2,26,10,0.3,0.3,7,3,-4.5750694411349,0.038
6,2,0.2,132,10,0.3,0.3,7,3,-2.97123625908424,0.038
6,2,0.2,175,10,0.3,0.3,7,3,-3.06572953893993,0.038
6,2,0.2,216,10,0.3,0.3,7,3,-2.23322347532664,0.038
6,2,0.2,251,10,0.3,0.3,7,3,-2.1690343739408,0.038
6,2,0.2,278,10,0.3,0.3,7,3,-2.69941904775774,0.038
6,2,0.2,287,10,0.3,0.3,7,3,-2.75436352685358,0.038
6,2,0.2,356,10,0.3,0.3,7,3,-2.55561346753439,0.038
6,2,0.2,394,10,0.3,0.3,7,3,-2.14062282905672,0.038
6,2,0.2,419,10,0.3,0.3,7,3,-3.37186735035436,0.038
6,2,0.2,428,10,0.3,0.3,7,3,-3.75533424647139,0.038
6,2,0.2,436,10,0.3,0.3,7,3,-3.6300453427659,0.038
6,2,0.2,68,10,0.3,0.3,7,3,-2.99606911728486,0.04
6,2,0.2,171,10,0.3,0.3,7,3,-2.94886449713252,0.04
6,2,0.2,177,10,0.3,0.3,7,3,-2.65498817660179,0.04
6,2,0.2,203,10,0.3,0.3,7,3,-4.35581270080689,0.04
6,2,0.2,241,10,0.3,0.3,7,3,-3.90191468376958,0.04
6,2,0.2,243,10,0.3,0.3,7,3,-3.02068095444821,0.04
6,2,0.2,271,10,0.3,0.3,7,3,-2.28653137900417,0.04
6,2,0.2,325,10,0.3,0.3,7,3,-2.70331700120181,0.04
6,2,0.2,329,10,0.3,0.3,7,3,-3.16692793591611,0.04
6,2,0.2,336,10,0.3,0.3,7,3,-3.85275620346172,0.04
6,2,0.2,340,10,0.3,0.3,7,3,-2.84642506683818,0.04
6,2,0.2,353,10,0.3,0.3,7,3,-3.42484299149166,0.04
6,2,0.2,372,10,0.3,0.3,7,3,-2.59249666296012,0.04
6,2,0.2,418,10,0.3,0.3,7,3,-3.2768033899475,0.04
6,2,0.2,25,10,0.3,0.3,7,3,-4.16872602654445,0.042
6,2,0.2,58,10,0.3,0.3,7,3,-3.37693515885741,0.042
6,2,0.2,100,10,0.3,0.3,7,3,-1.88503983717965,0.042
6,2,0.2,148,10,0.3,0.3,7,3,-1.91491946487312,0.042
6,2,0.2,156,10,0.3,0.3,7,3,-2.61502570224951,0.042
6,2,0.2,225,10,0.3,0.3,7,3,-3.19242757353911,0.042
6,2,0.2,307,10,0.3,0.3,7,3,-2.26416606541872,0.042
6,2,0.2,348,10,0.3,0.3,7,3,-3.93567624165829,0.042
6,2,0.2,373,10,0.3,0.3,7,3,-3.55221639778651,0.042
6,2,0.2,380,10,0.3,0.3,7,3,-3.12455048541472,0.042
6,2,0.2,426,10,0.3,0.3,7,3,-2.79916294064202,0.042
6,2,0.2,464,10,0.3,0.3,7,3,-4.08956190851535,0.042
6,2,0.2,37,10,0.3,0.3,7,3,-1.83208094577157,0.044
6,2,0.2,66,10,0.3,0.3,7,3,-2.32005831925957,0.044
6,2,0.2,113,10,0.3,0.3,7,3,-3.23030593842506,0.044
6,2,0.2,169,10,0.3,0.3,7,3,-2.98367764379449,0.044
6,2,0.2,181,10,0.3,0.3,7,3,-3.07379315760585,0.044
6,2,0.2,187,10,0.3,0.3,7,3,-2.10756091537831,0.044
6,2,0.2,197,10,0.3,0.3,7,3,-2.37571714017312,0.044
6,2,0.2,249,10,0.3,0.3,7,3,-3.51252522706372,0.044
6,2,0.2,250,10,0.3,0.3,7,3,-3.3962491278433,0.044
6,2,0.2,268,10,0.3,0.3,7,3,-2.37604318800572,0.044
6,2,0.2,385,10,0.3,0.3,7,3,-3.29371260030518,0.044
6,2,0.2,403,10,0.3,0.3,7,3,-2.50291844693916,0.044
6,2,0.2,490,10,0.3,0.3,7,3,-3.72189423732985,0.044
6,2,0.2,492,10,0.3,0.3,7,3,-3.22692561043473,0.044
6,2,0.2,493,10,0.3,0.3,7,3,-4.53703609612884,0.044
6,2,0.2,98,10,0.3,0.3,7,3,-3.47027684398284,0.046
6,2,0.2,115,10,0.3,0.3,7,3,-2.46588232040838,0.046
6,2,0.2,152,10,0.3,0.3,7,3,-2.25667429649741,0.046
6,2,0.2,164,10,0.3,0.3,7,3,-3.3716331416891,0.046
6,2,0.2,185,10,0.3,0.3,7,3,-2.64243173185756,0.046
6,2,0.2,273,10,0.3,0.3,7,3,-3.97052061791456,0.046
6,2,0.2,291,10,0.3,0.3,7,3,-2.40869484159936,0.046
6,2,0.2,374,10,0.3,0.3,7,3,-2.33438646003319,0.046
6,2,0.2,382,10,0.3,0.3,7,3,-2.44058502673852,0.046
6,2,0.2,400,10,0.3,0.3,7,3,-3.40495798936402,0.046
6,2,0.2,459,10,0.3,0.3,7,3,-2.02650105619895,0.046
6,2,0.2,30,10,0.3,0.3,7,3,-2.43591381947149,0.048
6,2,0.2,50,10,0.3,0.3,7,3,-1.90466811271926,0.048
6,2,0.2,63,10,0.3,0.3,7,3,-2.54189048908788,0.048
6,2,0.2,107,10,0.3,0.3,7,3,-2.81937762100074,0.048
6,2,0.2,120,10,0.3,0.3,7,3,-3.14042612945235,0.048
6,2,0.2,145,10,0.3,0.3,7,3,-2.48719752758862,0.048
6,2,0.2,230,10,0.3,0.3,7,3,-3.91617970423616,0.048
6,2,0.2,232,10,0.3,0.3,7,3,-3.03568442789049,0.048
6,2,0.2,233,10,0.3,0.3,7,3,-2.89956056401729,0.048
6,2,0.2,260,10,0.3,0.3,7,3,-4.14722867576228,0.048
6,2,0.2,277,10,0.3,0.3,7,3,-2.37648627065411,0.048
6,2,0.2,283,10,0.3,0.3,7,3,-3.04285522268174,0.048
6,2,0.2,315,10,0.3,0.3,7,3,-2.6242836922406,0.048
6,2,0.2,344,10,0.3,0.3,7,3,-2.8518881580261,0.048
6,2,0.2,361,10,0.3,0.3,7,3,-2.46912055025157,0.048
6,2,0.2,366,10,0.3,0.3,7,3,-3.4685223915294,0.048
6,2,0.2,375,10,0.3,0.3,7,3,-2.26162514531617,0.048
6,2,0.2,450,10,0.3,0.3,7,3,-3.06818449543184,0.048
6,2,0.2,43,10,0.3,0.3,7,3,-3.3430244559076,0.05
6,2,0.2,103,10,0.3,0.3,7,3,-2.87724263397607,0.05
6,2,0.2,137,10,0.3,0.3,7,3,-3.75660942380787,0.05
6,2,0.2,142,10,0.3,0.3,7,3,-2.66383915300503,0.05
6,2,0.2,194,10,0.3,0.3,7,3,-2.16642409283904,0.05
6,2,0.2,200,10,0.3,0.3,7,3,-2.71932627457244,0.05
6,2,0.2,207,10,0.3,0.3,7,3,-3.42833500611789,0.05
6,2,0.2,343,10,0.3,0.3,7,3,-2.79721469832256,0.05
6,2,0.2,405,10,0.3,0.3,7,3,-2.26714566195449,0.05
6,2,0.2,406,10,0.3,0.3,7,3,-2.24104398166483,0.05
6,2,0.2,423,10,0.3,0.3,7,3,-2.57124140734808,0.05
6,2,0.2,484,10,0.3,0.3,7,3,-2.66877281089245,0.05
6,2,0.2,8,10,0.3,0.3,7,3,-3.48140910775666,0.052
6,2,0.2,36,10,0.3,0.3,7,3,-3.49952456129162,0.052
6,2,0.2,56,10,0.3,0.3,7,3,-2.87965429954787,0.052
6,2,0.2,59,10,0.3,0.3,7,3,-3.17456893062365,0.052
6,2,0.2,97,10,0.3,0.3,7,3,-3.04456768881067,0.052
6,2,0.2,133,10,0.3,0.3,7,3,-3.03970440990636,0.052
6,2,0.2,178,10,0.3,0.3,7,3,-2.64438381366386,0.052
6,2,0.2,202,10,0.3,0.3,7,3,-4.18441776593531,0.052
6,2,0.2,224,10,0.3,0.3,7,3,-2.11689629869406,0.052
6,2,0.2,240,10,0.3,0.3,7,3,-2.85271801476952,0.052
6,2,0.2,256,10,0.3,0.3,7,3,-2.91948646839558,0.052
6,2,0.2,269,10,0.3,0.3,7,3,-2.55601841915458,0.052
6,2,0.2,362,10,0.3,0.3,7,3,-3.66644672663341,0.052
6,2,0.2,449,10,0.3,0.3,7,3,-1.80249310883573,0.052
6,2,0.2,463,10,0.3,0.3,7,3,-3.63429662523848,0.052
6,2,0.2,465,10,0.3,0.3,7,3,-2.92145600718948,0.052
6,2,0.2,489,10,0.3,0.3,7,3,-3.25405873162731,0.052
6,2,0.2,13,10,0.3,0.3,7,3,-3.40403038037783,0.054
6,2,0.2,31,10,0.3,0.3,7,3,-3.35680033428366,0.054
6,2,0.2,106,10,0.3,0.3,7,3,-3.23651404431826,0.054
6,2,0.2,134,10,0.3,0.3,7,3,-2.42231257329641,0.054
6,2,0.2,143,10,0.3,0.3,7,3,-3.55344877380358,0.054
6,2,0.2,199,10,0.3,0.3,7,3,-2.99611698076012,0.054
6,2,0.2,204,10,0.3,0.3,7,3,-2.57935168495194,0.054
6,2,0.2,237,10,0.3,0.3,7,3,-2.62201495539369,0.054
6,2,0.2,261,10,0.3,0.3,7,3,-1.78349263568003,0.054
6,2,0.2,331,10,0.3,0.3,7,3,-2.83587546167433,0.054
6,2,0.2,456,10,0.3,0.3,7,3,-3.87009951023541,0.054
6,2,0.2,475,10,0.3,0.3,7,3,-3.68479438682022,0.054
6,2,0.2,486,10,0.3,0.3,7,3,-2.75416984975615,0.054
6,2,0.2,487,10,0.3,0.3,7,3,-3.104642469281,0.054
6,2,0.2,9,10,0.3,0.3,7,3,-3.86109680561077,0.056
6,2,0.2,126,10,0.3,0.3,7,3,-3.27469947399698,0.056
6,2,0.2,129,10,0.3,0.3,7,3,-2.28942020254144,0.056
6,2,0.2,131,10,0.3,0.3,7,3,-2.61161749197311,0.056
6,2,0.2,179,10,0.3,0.3,7,3,-1.76126448561732,0.056
6,2,0.2,231,10,0.3,0.3,7,3,-4.22891034785476,0.056
6,2,0.2,239,10,0.3,0.3,7,3,-1.60492771297712,0.056
6,2,0.2,316,10,0.3,0.3,7,3,-2.33484071038421,0.056
6,2,0.2,352,10,0.3,0.3,7,3,-2.52529787000935,0.056
6,2,0.2,363,10,0.3,0.3,7,3,-2.3256256761783,0.056
6,2,0.2,404,10,0.3,0.3,7,3,-3.92465661215354,0.056
6,2,0.2,497,10,0.3,0.3,7,3,-2.07849873407929,0.056
6,2,0.2,498,10,0.3,0.3,7,3,-4.35899939150877,0.056
6,2,0.2,5,10,0.3,0.3,7,3,-4.17282014308952,0.058
6,2,0.2,32,10,0.3,0.3,7,3,-2.21637861251989,0.058
6,2,0.2,38,10,0.3,0.3,7,3,-2.8470296591214,0.058
6,2,0.2,51,10,0.3,0.3,7,3,-3.87786879690836,0.058
6,2,0.2,53,10,0.3,0.3,7,3,-2.13573614324247,0.058
6,2,0.2,86,10,0.3,0.3,7,3,-2.79725350383012,0.058
6,2,0.2,88,10,0.3,0.3,7,3,-4.43120804806293,0.058
6,2,0.2,101,10,0.3,0.3,7,3,-2.69909671425322,0.058
6,2,0.2,198,10,0.3,0.3,7,3,-2.34409071929724,0.058
6,2,0.2,206,10,0.3,0.3,7,3,-2.78270158686587,0.058
6,2,0.2,213,10,0.3,0.3,7,3,-2.35751850552762,0.058
6,2,0.2,217,10,0.3,0.3,7,3,-3.05808738644117,0.058
6,2,0.2,288,10,0.3,0.3,7,3,-2.95560978254846,0.058
6,2,0.2,295,10,0.3,0.3,7,3,-4.40345895935894,0.058
6,2,0.2,334,10,0.3,0.3,7,3,-2.05582119026309,0.058
6,2,0.2,389,10,0.3,0.3,7,3,-1.56327453312662,0.058
6,2,0.2,437,10,0.3,0.3,7,3,-2.09341705672151,0.058
6,2,0.2,446,10,0.3,0.3,7,3,-2.28221645614758,0.058
6,2,0.2,460,10,0.3,0.3,7,3,-2.18276665411659,0.058
6,2,0.2,472,10,0.3,0.3,7,3,-2.61326922572118,0.058
6,2,0.2,7,10,0.3,0.3,7,3,-3.30461845591412,0.06
6,2,0.2,109,10,0.3,0.3,7,3,-1.88601542532635,0.06
6,2,0.2,174,10,0.3,0.3,7,3,-4.05732793705891,0.06
6,2,0.2,201,10,0.3,0.3,7,3,-2.32500900340742,0.06
6,2,0.2,236,10,0.3,0.3,7,3,-3.19375869260205,0.06
6,2,0.2,311,10,0.3,0.3,7,3,-2.78059376708336,0.06
6,2,0.2,393,10,0.3,0.3,7,3,-5.09930854473421,0.06
6,2,0.2,421,10,0.3,0.3,7,3,-2.51629494976478,0.06
6,2,0.2,433,10,0.3,0.3,7,3,-1.88422113394793,0.06
6,2,0.2,442,10,0.3,0.3,7,3,-2.82976100025633,0.06
6,2,0.2,477,10,0.3,0.3,7,3,-3.20268516462139,0.06
6,2,0.2,48,10,0.3,0.3,7,3,-2.9208060774871,0.062
6,2,0.2,125,10,0.3,0.3,7,3,-3.13911492740408,0.062
6,2,0.2,223,10,0.3,0.3,7,3,-1.88271210418716,0.062
6,2,0.2,247,10,0.3,0.3,7,3,-3.67007317618521,0.062
6,2,0.2,289,10,0.3,0.3,7,3,-2.95578830107451,0.062
6,2,0.2,357,10,0.3,0.3,7,3,-2.74925698655886,0.062
6,2,0.2,429,10,0.3,0.3,7,3,-3.02864514222298,0.062
6,2,0.2,440,10,0.3,0.3,7,3,-2.94700599547866,0.062
6,2,0.2,452,10,0.3,0.3,7,3,-2.41490438406055,0.062
6,2,0.2,102,10,0.3,0.3,7,3,-2.86606763995007,0.064
6,2,0.2,136,10,0.3,0.3,7,3,-3.80742155270804,0.064
6,2,0.2,176,10,0.3,0.3,7,3,-2.73853562279854,0.064
6,2,0.2,219,10,0.3,0.3,7,3,-3.5765615549835,0.064
6,2,0.2,238,10,0.3,0.3,7,3,-3.06896922968076,0.064
6,2,0.2,262,10,0.3,0.3,7,3,-2.46992477643678,0.064
6,2,0.2,284,10,0.3,0.3,7,3,-2.84714072173401,0.064
6,2,0.2,293,10,0.3,0.3,7,3,-2.11841195606596,0.064
6,2,0.2,296,10,0.3,0.3,7,3,-2.302204272963,0.064
6,2,0.2,322,10,0.3,0.3,7,3,-3.40949676806611,0.064
6,2,0.2,420,10,0.3,0.3,7,3,-2.28164481989793,0.064
6,2,0.2,435,10,0.3,0.3,7,3,-3.72591471029594,0.064
6,2,0.2,57,10,0.3,0.3,7,3,-3.45198627870045,0.066
6,2,0.2,91,10,0.3,0.3,7,3,-3.36244345353609,0.066
6,2,0.2,119,10,0.3,0.3,7,3,-3.00773578882394,0.066
6,2,0.2,147,10,0.3,0.3,7,3,-2.57707654611093,0.066
6,2,0.2,215,10,0.3,0.3,7,3,-2.00077689034381,0.066
6,2,0.2,276,10,0.3,0.3,7,3,-3.01025103014524,0.066
6,2,0.2,303,10,0.3,0.3,7,3,-2.74468847526899,0.066
6,2,0.2,345,10,0.3,0.3,7,3,-1.83150994081134,0.066
6,2,0.2,424,10,0.3,0.3,7,3,-3.04002628729901,0.066
6,2,0.2,478,10,0.3,0.3,7,3,-2.80739832082793,0.066
6,2,0.2,488,10,0.3,0.3,7,3,-2.60721587078379,0.066
6,2,0.2,4,10,0.3,0.3,7,3,-2.54537641190436,0.068
6,2,0.2,22,10,0.3,0.3,7,3,-1.99463799189067,0.068
6,2,0.2,27,10,0.3,0.3,7,3,-3.07394441612053,0.068
6,2,0.2,64,10,0.3,0.3,7,3,-2.88261580568667,0.068
6,2,0.2,104,10,0.3,0.3,7,3,-2.04405907944488,0.068
6,2,0.2,123,10,0.3,0.3,7,3,-1.79839572070972,0.068
6,2,0.2,167,10,0.3,0.3,7,3,-2.48994079331362,0.068
6,2,0.2,297,10,0.3,0.3,7,3,-3.91353242805752,0.068
6,2,0.2,409,10,0.3,0.3,7,3,-3.58490418284316,0.068
6,2,0.2,482,10,0.3,0.3,7,3,-3.97271076348142,0.068
6,2,0.2,485,10,0.3,0.3,7,3,-2.75890516023424,0.068
6,2,0.2,77,10,0.3,0.3,7,3,-2.0425939430188,0.07
6,2,0.2,140,10,0.3,0.3,7,3,-2.55701384674597,0.07
6,2,0.2,157,10,0.3,0.3,7,3,-1.93492224256147,0.07
6,2,0.2,214,10,0.3,0.3,7,3,-2.39648923505672,0.07
6,2,0.2,264,10,0.3,0.3,7,3,-2.37059163790619,0.07
6,2,0.2,282,10,0.3,0.3,7,3,-3.67726491831448,0.07
6,2,0.2,310,10,0.3,0.3,7,3,-2.50958285828062,0.07
6,2,0.2,320,10,0.3,0.3,7,3,-3.13452442935835,0.07
6,2,0.2,410,10,0.3,0.3,7,3,-2.67189218007593,0.07
6,2,0.2,24,10,0.3,0.3,7,3,-1.91694592184248,0.072
6,2,0.2,229,10,0.3,0.3,7,3,-2.34968598181754,0.072
6,2,0.2,306,10,0.3,0.3,7,3,-1.87460569765781,0.072
6,2,0.2,314,10,0.3,0.3,7,3,-3.41818570343008,0.072
6,2,0.2,367,10,0.3,0.3,7,3,-2.5587068850983,0.072
6,2,0.2,391,10,0.3,0.3,7,3,-2.63132819404254,0.072
6,2,0.2,434,10,0.3,0.3,7,3,-2.55250489082573,0.072
6,2,0.2,491,10,0.3,0.3,7,3,-2.9987137492931,0.072
6,2,0.2,84,10,0.3,0.3,7,3,-2.31043897847343,0.074
6,2,0.2,118,10,0.3,0.3,7,3,-2.84171917887778,0.074
6,2,0.2,153,10,0.3,0.3,7,3,-2.55663606749511,0.074
6,2,0.2,270,10,0.3,0.3,7,3,-2.34232545824383,0.074
6,2,0.2,313,10,0.3,0.3,7,3,-1.94696329992922,0.074
6,2,0.2,399,10,0.3,0.3,7,3,-2.13792160324218,0.074
6,2,0.2,41,10,0.3,0.3,7,3,-2.44189912256775,0.076
6,2,0.2,45,10,0.3,0.3,7,3,-2.75899810169926,0.076
6,2,0.2,364,10,0.3,0.3,7,3,-1.83741520895924,0.076
6,2,0.2,138,10,0.3,0.3,7,3,-2.34747997546631,0.078
6,2,0.2,355,10,0.3,0.3,7,3,-2.53775463991096,0.078
6,2,0.2,476,10,0.3,0.3,7,3,-2.36809743187632,0.078
6,2,0.2,28,10,0.3,0.3,7,3,-3.45176836052775,0.08
6,2,0.2,127,10,0.3,0.3,7,3,-1.83214207006719,0.08
6,2,0.2,350,10,0.3,0.3,7,3,-3.23474554817429,0.08
6,2,0.2,483,10,0.3,0.3,7,3,-2.82276895103266,0.08
6,2,0.2,19,10,0.3,0.3,7,3,-2.27726272451702,0.082
6,2,0.2,33,10,0.3,0.3,7,3,-2.12372793003874,0.082
6,2,0.2,135,10,0.3,0.3,7,3,-2.98336691814603,0.082
6,2,0.2,462,10,0.3,0.3,7,3,-1.85691059099298,0.082
6,2,0.2,3,10,0.3,0.3,7,3,-2.56823093771385,0.084
6,2,0.2,29,10,0.3,0.3,7,3,-2.63117545835183,0.084
6,2,0.2,447,10,0.3,0.3,7,3,-2.15035969274177,0.084
6,2,0.2,141,10,0.3,0.3,7,3,-2.25206809425305,0.086
6,2,0.2,254,10,0.3,0.3,7,3,-2.37171327487073,0.086
6,2,0.2,18,10,0.3,0.3,7,3,-2.33576445721098,0.09
6,2,0.2,110,10,0.3,0.3,7,3,-2.24247662004959,0.09
6,2,0.2,130,10,0.3,0.3,7,3,-1.88266586720781,0.09
6,2,0.2,183,10,0.3,0.3,7,3,-2.58180454282805,0.09
6,2,0.2,218,10,0.3,0.3,7,3,-1.87629312764361,0.09
6,2,0.2,82,10,0.3,0.3,7,3,-1.63676556577832,0.094
6,2,0.2,319,10,0.3,0.3,7,3,-2.30252811448551,0.094
6,2,0.2,432,10,0.3,0.3,7,3,-2.48831237995785,0.094
6,2,0.2,17,10,0.3,0.3,7,3,-2.30258449430406,0.096
6,2,0.2,34,10,0.3,0.3,7,3,-2.54383922659918,0.096
6,2,0.2,211,10,0.3,0.3,7,3,-1.98252083604905,0.098
6,2,0.2,15,10,0.3,0.3,7,3,-1.86175755042936,0.1
6,2,0.2,381,10,0.3,0.3,7,3,-1.63059797107962,0.1
6,2,0.2,149,10,0.3,0.3,7,3,-1.83570021865856,0.104
6,2,0.2,246,10,0.3,0.3,7,3,-1.7800555935151,0.112
6,2,0.2,173,10,0.3,0.3,7,3,-2.42733971160592,0.12
6,2,0.2,255,10,0.3,0.3,7,3,-1.95895142878612,0.12
6,2,0.2,414,10,0.3,0.3,7,3,-1.81697526750952,0.12
6,2,0.2,112,10,0.3,0.3,7,3,-1.5101240270389,0.124
6,2,0.2,358,10,0.3,0.3,7,3,-1.09414185972398,0.124
6,2,0.2,85,10,0.3,0.3,7,3,-1.67040178456548,0.128
6,2,0.2,47,10,0.3,0.3,7,3,-1.17135461871004,0.13
6,2,0.2,274,10,0.3,0.3,7,3,-1.16493078471683,0.132
6,2,0.2,44,10,0.3,0.3,7,3,-1.34424764129929,0.134
6,2,0.2,386,10,0.3,0.3,7,3,-2.06026716075428,0.138
6,2,0.2,67,10,0.3,0.3,7,3,-1.4206080182567,0.156
6,2,0.2,69,10,0.3,0.3,7,3,-2.01549283229852,0.188
6,2,0.2,279,10,0.3,0.3,7,3,-1.5791424686505,0.224
6,2,0.2,379,10,0.3,0.3,7,3,-1.79386205818693,0.226
6,2,0.2,235,10,0.3,0.3,7,3,-1.17099733968197,0.236
6,2,0.2,318,10,0.3,0.3,7,3,-0.88052280841157,0.244
6,2,0.2,439,10,0.3,0.3,7,3,-1.66455437063865,0.28
6,2,0.2,425,10,0.3,0.3,7,3,-1.5944536906882,0.304
6,2,0.2,80,10,0.3,0.3,7,3,-1.81989113793068,0.374
6,2,0.2,41,10,0.3,0.3,8,3,-3.58295728944955,0
6,2,0.2,44,10,0.3,0.3,8,3,-4.9262693603691,0
6,2,0.2,80,10,0.3,0.3,8,3,-2.47047634537265,0
6,2,0.2,105,10,0.3,0.3,8,3,-3.91288963569684,0
6,2,0.2,151,10,0.3,0.3,8,3,-4.64725393496187,0
6,2,0.2,162,10,0.3,0.3,8,3,-3.50987841971101,0
6,2,0.2,194,10,0.3,0.3,8,3,-3.22488666401318,0
6,2,0.2,200,10,0.3,0.3,8,3,-3.07115783281787,0
6,2,0.2,207,10,0.3,0.3,8,3,-2.5752947900138,0
6,2,0.2,213,10,0.3,0.3,8,3,-3.02052757778154,0
6,2,0.2,234,10,0.3,0.3,8,3,-4.01610754249648,0
6,2,0.2,242,10,0.3,0.3,8,3,-3.27876510879815,0
6,2,0.2,365,10,0.3,0.3,8,3,-2.00081008961212,0
6,2,0.2,387,10,0.3,0.3,8,3,-4.0608738705543,0
6,2,0.2,489,10,0.3,0.3,8,3,-3.63361405909657,0
6,2,0.2,31,10,0.3,0.3,8,3,-3.81671384241264,0.002
6,2,0.2,71,10,0.3,0.3,8,3,-3.96693196823318,0.002
6,2,0.2,129,10,0.3,0.3,8,3,-3.45274474695179,0.002
6,2,0.2,152,10,0.3,0.3,8,3,-3.80928251709489,0.002
6,2,0.2,173,10,0.3,0.3,8,3,-3.18001543097577,0.002
6,2,0.2,186,10,0.3,0.3,8,3,-4.43849480712908,0.002
6,2,0.2,220,10,0.3,0.3,8,3,-2.97714210440395,0.002
6,2,0.2,263,10,0.3,0.3,8,3,-4.18256099470059,0.002
6,2,0.2,295,10,0.3,0.3,8,3,-4.89084390702735,0.002
6,2,0.2,306,10,0.3,0.3,8,3,-3.19959890182216,0.002
6,2,0.2,311,10,0.3,0.3,8,3,-3.11003664331571,0.002
6,2,0.2,370,10,0.3,0.3,8,3,-3.91552984746784,0.002
6,2,0.2,383,10,0.3,0.3,8,3,-3.47687034320208,0.002
6,2,0.2,419,10,0.3,0.3,8,3,-3.48108393091724,0.002
6,2,0.2,450,10,0.3,0.3,8,3,-3.82763758290218,0.002
6,2,0.2,480,10,0.3,0.3,8,3,-3.95611751305177,0.002
6,2,0.2,102,10,0.3,0.3,8,3,-3.49405498425108,0.004
6,2,0.2,134,10,0.3,0.3,8,3,-3.60801482652641,0.004
6,2,0.2,183,10,0.3,0.3,8,3,-2.43914434154789,0.004
6,2,0.2,216,10,0.3,0.3,8,3,-2.97752994664549,0.004
6,2,0.2,225,10,0.3,0.3,8,3,-3.69001095186886,0.004
6,2,0.2,228,10,0.3,0.3,8,3,-2.92835991034823,0.004
6,2,0.2,256,10,0.3,0.3,8,3,-3.99262816101282,0.004
6,2,0.2,343,10,0.3,0.3,8,3,-4.00267544270548,0.004
6,2,0.2,361,10,0.3,0.3,8,3,-3.31319429503131,0.004
6,2,0.2,373,10,0.3,0.3,8,3,-2.64626049440864,0.004
6,2,0.2,395,10,0.3,0.3,8,3,-3.25248774757364,0.004
6,2,0.2,409,10,0.3,0.3,8,3,-3.5139660075844,0.004
6,2,0.2,428,10,0.3,0.3,8,3,-3.52480484027146,0.004
6,2,0.2,432,10,0.3,0.3,8,3,-2.77124536027131,0.004
6,2,0.2,434,10,0.3,0.3,8,3,-3.39591925282295,0.004
6,2,0.2,15,10,0.3,0.3,8,3,-3.36132870402517,0.006
6,2,0.2,22,10,0.3,0.3,8,3,-3.58058673717841,0.006
6,2,0.2,119,10,0.3,0.3,8,3,-4.3891628536511,0.006
6,2,0.2,133,10,0.3,0.3,8,3,-3.30025989175286,0.006
6,2,0.2,146,10,0.3,0.3,8,3,-3.07298520429342,0.006
6,2,0.2,168,10,0.3,0.3,8,3,-3.47914419202812,0.006
6,2,0.2,184,10,0.3,0.3,8,3,-2.84211497797477,0.006
6,2,0.2,236,10,0.3,0.3,8,3,-3.62248513770521,0.006
6,2,0.2,248,10,0.3,0.3,8,3,-4.32603849088315,0.006
6,2,0.2,283,10,0.3,0.3,8,3,-4.12174652951791,0.006
6,2,0.2,382,10,0.3,0.3,8,3,-3.65705203787857,0.006
6,2,0.2,442,10,0.3,0.3,8,3,-2.91039724853121,0.006
6,2,0.2,456,10,0.3,0.3,8,3,-3.16544629623206,0.006
6,2,0.2,467,10,0.3,0.3,8,3,-2.93552392902868,0.006
6,2,0.2,470,10,0.3,0.3,8,3,-4.75916108571874,0.006
6,2,0.2,471,10,0.3,0.3,8,3,-2.71869760653209,0.006
6,2,0.2,492,10,0.3,0.3,8,3,-3.19584070225352,0.006
6,2,0.2,498,10,0.3,0.3,8,3,-2.62862404921461,0.006
6,2,0.2,11,10,0.3,0.3,8,3,-3.74911146271452,0.008
6,2,0.2,16,10,0.3,0.3,8,3,-3.54649589046861,0.008
6,2,0.2,18,10,0.3,0.3,8,3,-4.02176072992864,0.008
6,2,0.2,36,10,0.3,0.3,8,3,-3.51052634852383,0.008
6,2,0.2,77,10,0.3,0.3,8,3,-3.160796667146,0.008
6,2,0.2,95,10,0.3,0.3,8,3,-1.75401956050848,0.008
6,2,0.2,109,10,0.3,0.3,8,3,-3.51520234038614,0.008
6,2,0.2,175,10,0.3,0.3,8,3,-3.74815501656701,0.008
6,2,0.2,226,10,0.3,0.3,8,3,-2.870644355645,0.008
6,2,0.2,391,10,0.3,0.3,8,3,-2.33669537413115,0.008
6,2,0.2,404,10,0.3,0.3,8,3,-3.36037016047808,0.008
6,2,0.2,417,10,0.3,0.3,8,3,-3.86010431521782,0.008
6,2,0.2,461,10,0.3,0.3,8,3,-3.92832245134568,0.008
6,2,0.2,478,10,0.3,0.3,8,3,-3.42526992938545,0.008
6,2,0.2,33,10,0.3,0.3,8,3,-3.4786693260306,0.01
6,2,0.2,72,10,0.3,0.3,8,3,-3.63694715523573,0.01
6,2,0.2,114,10,0.3,0.3,8,3,-3.11739540085583,0.01
6,2,0.2,197,10,0.3,0.3,8,3,-3.38544462142781,0.01
6,2,0.2,252,10,0.3,0.3,8,3,-3.61944212403489,0.01
6,2,0.2,298,10,0.3,0.3,8,3,-3.8958638476588,0.01
6,2,0.2,314,10,0.3,0.3,8,3,-3.58876068793549,0.01
6,2,0.2,318,10,0.3,0.3,8,3,-3.26638000094093,0.01
6,2,0.2,339,10,0.3,0.3,8,3,-5.19686915782844,0.01
6,2,0.2,401,10,0.3,0.3,8,3,-3.55393472765522,0.01
6,2,0.2,413,10,0.3,0.3,8,3,-3.21104682213829,0.01
6,2,0.2,437,10,0.3,0.3,8,3,-4.48791111011855,0.01
6,2,0.2,21,10,0.3,0.3,8,3,-2.14767572124384,0.012
6,2,0.2,69,10,0.3,0.3,8,3,-3.31660959569624,0.012
6,2,0.2,73,10,0.3,0.3,8,3,-3.54885442190761,0.012
6,2,0.2,145,10,0.3,0.3,8,3,-3.82254964462535,0.012
6,2,0.2,167,10,0.3,0.3,8,3,-3.74106704095666,0.012
6,2,0.2,171,10,0.3,0.3,8,3,-3.0344856091784,0.012
6,2,0.2,201,10,0.3,0.3,8,3,-3.49408480037809,0.012
6,2,0.2,254,10,0.3,0.3,8,3,-3.74963206032737,0.012
6,2,0.2,262,10,0.3,0.3,8,3,-3.61507685009332,0.012
6,2,0.2,267,10,0.3,0.3,8,3,-2.56969744136799,0.012
6,2,0.2,315,10,0.3,0.3,8,3,-3.15950941601736,0.012
6,2,0.2,316,10,0.3,0.3,8,3,-3.36150292889633,0.012
6,2,0.2,337,10,0.3,0.3,8,3,-2.59627860720258,0.012
6,2,0.2,374,10,0.3,0.3,8,3,-3.72791283447839,0.012
6,2,0.2,392,10,0.3,0.3,8,3,-2.48096050430161,0.012
6,2,0.2,472,10,0.3,0.3,8,3,-3.2357926694597,0.012
6,2,0.2,495,10,0.3,0.3,8,3,-4.64578373522312,0.012
6,2,0.2,48,10,0.3,0.3,8,3,-3.50591249091008,0.014
6,2,0.2,51,10,0.3,0.3,8,3,-3.85919013998691,0.014
6,2,0.2,113,10,0.3,0.3,8,3,-3.74255403736305,0.014
6,2,0.2,141,10,0.3,0.3,8,3,-2.60823093406324,0.014
6,2,0.2,176,10,0.3,0.3,8,3,-3.21153603063863,0.014
6,2,0.2,212,10,0.3,0.3,8,3,-2.56053979715941,0.014
6,2,0.2,214,10,0.3,0.3,8,3,-4.03882018306382,0.014
6,2,0.2,257,10,0.3,0.3,8,3,-3.78647744043792,0.014
6,2,0.2,274,10,0.3,0.3,8,3,-3.26202092204952,0.014
6,2,0.2,329,10,0.3,0.3,8,3,-3.64161802552607,0.014
6,2,0.2,334,10,0.3,0.3,8,3,-3.85308736044473,0.014
6,2,0.2,340,10,0.3,0.3,8,3,-4.52545592959297,0.014
6,2,0.2,424,10,0.3,0.3,8,3,-2.73568086099144,0.014
6,2,0.2,463,10,0.3,0.3,8,3,-4.05203471482235,0.014
6,2,0.2,112,10,0.3,0.3,8,3,-3.06343023030036,0.016
6,2,0.2,155,10,0.3,0.3,8,3,-3.75001213224036,0.016
6,2,0.2,157,10,0.3,0.3,8,3,-3.01619281944917,0.016
6,2,0.2,206,10,0.3,0.3,8,3,-3.13514726367353,0.016
6,2,0.2,258,10,0.3,0.3,8,3,-3.43092337698116,0.016
6,2,0.2,261,10,0.3,0.3,8,3,-3.14993281221436,0.016
6,2,0.2,284,10,0.3,0.3,8,3,-3.46608358302529,0.016
6,2,0.2,359,10,0.3,0.3,8,3,-3.07298071945681,0.016
6,2,0.2,372,10,0.3,0.3,8,3,-2.58318314352908,0.016
6,2,0.2,416,10,0.3,0.3,8,3,-3.65760177181986,0.016
6,2,0.2,449,10,0.3,0.3,8,3,-2.69161426621997,0.016
6,2,0.2,457,10,0.3,0.3,8,3,-3.3003881979904,0.016
6,2,0.2,459,10,0.3,0.3,8,3,-3.88283732677669,0.016
6,2,0.2,64,10,0.3,0.3,8,3,-4.29431903984104,0.018
6,2,0.2,196,10,0.3,0.3,8,3,-2.5438702687415,0.018
6,2,0.2,210,10,0.3,0.3,8,3,-3.28516249369173,0.018
6,2,0.2,307,10,0.3,0.3,8,3,-3.34290172433936,0.018
6,2,0.2,326,10,0.3,0.3,8,3,-2.51763614277081,0.018
6,2,0.2,468,10,0.3,0.3,8,3,-3.79340785024269,0.018
6,2,0.2,479,10,0.3,0.3,8,3,-4.09216342347116,0.018
6,2,0.2,52,10,0.3,0.3,8,3,-3.5971253927901,0.02
6,2,0.2,75,10,0.3,0.3,8,3,-2.81212462874231,0.02
6,2,0.2,81,10,0.3,0.3,8,3,-2.71156234795174,0.02
6,2,0.2,84,10,0.3,0.3,8,3,-3.61394960727219,0.02
6,2,0.2,127,10,0.3,0.3,8,3,-3.91277089674634,0.02
6,2,0.2,135,10,0.3,0.3,8,3,-3.15636694070423,0.02
6,2,0.2,180,10,0.3,0.3,8,3,-2.64015200924646,0.02
6,2,0.2,182,10,0.3,0.3,8,3,-4.06172053655837,0.02
6,2,0.2,203,10,0.3,0.3,8,3,-3.71047493858867,0.02
6,2,0.2,281,10,0.3,0.3,8,3,-2.7110962900592,0.02
6,2,0.2,290,10,0.3,0.3,8,3,-2.52830877006426,0.02
6,2,0.2,305,10,0.3,0.3,8,3,-4.70479578296022,0.02
6,2,0.2,421,10,0.3,0.3,8,3,-1.3375374800948,0.02
6,2,0.2,441,10,0.3,0.3,8,3,-4.08615372474043,0.02
6,2,0.2,452,10,0.3,0.3,8,3,-4.18888398742638,0.02
6,2,0.2,96,10,0.3,0.3,8,3,-3.15554488215108,0.022
6,2,0.2,97,10,0.3,0.3,8,3,-3.85338937834462,0.022
6,2,0.2,99,10,0.3,0.3,8,3,-2.78109936562481,0.022
6,2,0.2,156,10,0.3,0.3,8,3,-1.35890697065861,0.022
6,2,0.2,160,10,0.3,0.3,8,3,-4.42720750419272,0.022
6,2,0.2,230,10,0.3,0.3,8,3,-2.38530194609248,0.022
6,2,0.2,292,10,0.3,0.3,8,3,-4.74700136350668,0.022
6,2,0.2,302,10,0.3,0.3,8,3,-3.12897407890182,0.022
6,2,0.2,310,10,0.3,0.3,8,3,-2.35306898763798,0.022
6,2,0.2,342,10,0.3,0.3,8,3,-4.24418059658862,0.022
6,2,0.2,379,10,0.3,0.3,8,3,-3.8045253070064,0.022
6,2,0.2,2,10,0.3,0.3,8,3,-3.47345346614594,0.024
6,2,0.2,9,10,0.3,0.3,8,3,-3.74909068164166,0.024
6,2,0.2,53,10,0.3,0.3,8,3,-3.42440346971046,0.024
6,2,0.2,74,10,0.3,0.3,8,3,-2.163416608962,0.024
6,2,0.2,265,10,0.3,0.3,8,3,-2.81480565500803,0.024
6,2,0.2,300,10,0.3,0.3,8,3,-3.11689366334224,0.024
6,2,0.2,345,10,0.3,0.3,8,3,-3.45527267624962,0.024
6,2,0.2,351,10,0.3,0.3,8,3,-2.12424882596204,0.024
6,2,0.2,377,10,0.3,0.3,8,3,-4.24679485326371,0.024
6,2,0.2,460,10,0.3,0.3,8,3,-3.2722788238743,0.024
6,2,0.2,474,10,0.3,0.3,8,3,-2.66518013725155,0.024
6,2,0.2,482,10,0.3,0.3,8,3,-2.66486127951629,0.024
6,2,0.2,494,10,0.3,0.3,8,3,-2.53626061766758,0.024
6,2,0.2,20,10,0.3,0.3,8,3,-2.9768520445007,0.026
6,2,0.2,26,10,0.3,0.3,8,3,-3.26930822059867,0.026
6,2,0.2,78,10,0.3,0.3,8,3,-2.790524668507,0.026
6,2,0.2,124,10,0.3,0.3,8,3,-2.78287947618443,0.026
6,2,0.2,139,10,0.3,0.3,8,3,-2.28484746541005,0.026
6,2,0.2,172,10,0.3,0.3,8,3,-2.94614869312699,0.026
6,2,0.2,185,10,0.3,0.3,8,3,-3.71416155416966,0.026
6,2,0.2,224,10,0.3,0.3,8,3,-3.27552904036429,0.026
6,2,0.2,232,10,0.3,0.3,8,3,-3.60677293291954,0.026
6,2,0.2,266,10,0.3,0.3,8,3,-2.74511574740723,0.026
6,2,0.2,277,10,0.3,0.3,8,3,-2.96169938661066,0.026
6,2,0.2,327,10,0.3,0.3,8,3,-2.37680347280724,0.026
6,2,0.2,371,10,0.3,0.3,8,3,-3.04276320261826,0.026
6,2,0.2,473,10,0.3,0.3,8,3,-2.2391856400375,0.026
6,2,0.2,499,10,0.3,0.3,8,3,-2.56870504929219,0.026
6,2,0.2,118,10,0.3,0.3,8,3,-2.41281374065457,0.028
6,2,0.2,240,10,0.3,0.3,8,3,-2.77169605679754,0.028
6,2,0.2,260,10,0.3,0.3,8,3,-3.53418743689994,0.028
6,2,0.2,402,10,0.3,0.3,8,3,-3.91498096414642,0.028
6,2,0.2,13,10,0.3,0.3,8,3,-3.05804123865676,0.03
6,2,0.2,32,10,0.3,0.3,8,3,-3.96410788965352,0.03
6,2,0.2,43,10,0.3,0.3,8,3,-4.03812863145407,0.03
6,2,0.2,62,10,0.3,0.3,8,3,-2.92241015796702,0.03
6,2,0.2,79,10,0.3,0.3,8,3,-2.62859290432277,0.03
6,2,0.2,89,10,0.3,0.3,8,3,-3.4046037046775,0.03
6,2,0.2,148,10,0.3,0.3,8,3,-3.52542664666512,0.03
6,2,0.2,149,10,0.3,0.3,8,3,-3.10388855943671,0.03
6,2,0.2,153,10,0.3,0.3,8,3,-3.60917397920346,0.03
6,2,0.2,188,10,0.3,0.3,8,3,-2.20739893051814,0.03
6,2,0.2,219,10,0.3,0.3,8,3,-3.84881440500749,0.03
6,2,0.2,364,10,0.3,0.3,8,3,-2.92889760691853,0.03
6,2,0.2,399,10,0.3,0.3,8,3,-1.37617356720733,0.03
6,2,0.2,431,10,0.3,0.3,8,3,-3.63093712125067,0.03
6,2,0.2,493,10,0.3,0.3,8,3,-2.65787771580875,0.03
6,2,0.2,6,10,0.3,0.3,8,3,-1.89641874384202,0.032
6,2,0.2,14,10,0.3,0.3,8,3,-2.68282874026465,0.032
6,2,0.2,110,10,0.3,0.3,8,3,-3.35169429040701,0.032
6,2,0.2,121,10,0.3,0.3,8,3,-3.15262366028998,0.032
6,2,0.2,229,10,0.3,0.3,8,3,-2.32859831717846,0.032
6,2,0.2,346,10,0.3,0.3,8,3,-2.77043786913629,0.032
6,2,0.2,363,10,0.3,0.3,8,3,-3.50435095750575,0.032
6,2,0.2,393,10,0.3,0.3,8,3,-2.68131254762372,0.032
6,2,0.2,455,10,0.3,0.3,8,3,-2.81840426499542,0.032
6,2,0.2,462,10,0.3,0.3,8,3,-2.47668260916387,0.032
6,2,0.2,491,10,0.3,0.3,8,3,-1.97175036711016,0.032
6,2,0.2,37,10,0.3,0.3,8,3,-2.64540860683348,0.034
6,2,0.2,70,10,0.3,0.3,8,3,-2.83790644358899,0.034
6,2,0.2,181,10,0.3,0.3,8,3,-2.78525629992961,0.034
6,2,0.2,237,10,0.3,0.3,8,3,-3.4479195028463,0.034
6,2,0.2,272,10,0.3,0.3,8,3,-2.98178286597988,0.034
6,2,0.2,396,10,0.3,0.3,8,3,-4.69323732154965,0.034
6,2,0.2,54,10,0.3,0.3,8,3,-4.38494793100455,0.036
6,2,0.2,57,10,0.3,0.3,8,3,-2.91170054990744,0.036
6,2,0.2,101,10,0.3,0.3,8,3,-1.57478896961123,0.036
6,2,0.2,159,10,0.3,0.3,8,3,-4.1661447191108,0.036
6,2,0.2,163,10,0.3,0.3,8,3,-3.10874144085639,0.036
6,2,0.2,177,10,0.3,0.3,8,3,-2.69983122479468,0.036
6,2,0.2,222,10,0.3,0.3,8,3,-4.61885043323502,0.036
6,2,0.2,244,10,0.3,0.3,8,3,-3.41959451032102,0.036
6,2,0.2,271,10,0.3,0.3,8,3,-2.07667617607294,0.036
6,2,0.2,280,10,0.3,0.3,8,3,-3.5656498640366,0.036
6,2,0.2,289,10,0.3,0.3,8,3,-3.18126357073191,0.036
6,2,0.2,297,10,0.3,0.3,8,3,-3.4039948261682,0.036
6,2,0.2,333,10,0.3,0.3,8,3,-2.94985211200998,0.036
6,2,0.2,352,10,0.3,0.3,8,3,-3.91969540536084,0.036
6,2,0.2,355,10,0.3,0.3,8,3,-3.0601057654788,0.036
6,2,0.2,397,10,0.3,0.3,8,3,-2.84105658958475,0.036
6,2,0.2,412,10,0.3,0.3,8,3,-2.96265169659341,0.036
6,2,0.2,487,10,0.3,0.3,8,3,-3.70059740374148,0.036
6,2,0.2,17,10,0.3,0.3,8,3,-2.77046194857644,0.038
6,2,0.2,58,10,0.3,0.3,8,3,-2.74540178049176,0.038
6,2,0.2,66,10,0.3,0.3,8,3,-3.94114801763041,0.038
6,2,0.2,143,10,0.3,0.3,8,3,-3.2995716461507,0.038
6,2,0.2,198,10,0.3,0.3,8,3,-2.79349042587972,0.038
6,2,0.2,215,10,0.3,0.3,8,3,-2.60168708252453,0.038
6,2,0.2,245,10,0.3,0.3,8,3,-4.42283693529566,0.038
6,2,0.2,293,10,0.3,0.3,8,3,-2.70315735561439,0.038
6,2,0.2,317,10,0.3,0.3,8,3,-2.7451481780223,0.038
6,2,0.2,331,10,0.3,0.3,8,3,-3.79155844384101,0.038
6,2,0.2,386,10,0.3,0.3,8,3,-3.61612337356726,0.038
6,2,0.2,390,10,0.3,0.3,8,3,-2.39121078556542,0.038
6,2,0.2,403,10,0.3,0.3,8,3,-2.2646299036023,0.038
6,2,0.2,8,10,0.3,0.3,8,3,-4.03670108338622,0.04
6,2,0.2,19,10,0.3,0.3,8,3,-2.86780843099206,0.04
6,2,0.2,55,10,0.3,0.3,8,3,-2.34185493534227,0.04
6,2,0.2,60,10,0.3,0.3,8,3,-3.2536460197658,0.04
6,2,0.2,187,10,0.3,0.3,8,3,-1.99705962522953,0.04
6,2,0.2,199,10,0.3,0.3,8,3,-2.14683571713741,0.04
6,2,0.2,208,10,0.3,0.3,8,3,-3.41392271230512,0.04
6,2,0.2,223,10,0.3,0.3,8,3,-2.78114060478089,0.04
6,2,0.2,235,10,0.3,0.3,8,3,-4.00936372950594,0.04
6,2,0.2,243,10,0.3,0.3,8,3,-2.04843787285603,0.04
6,2,0.2,389,10,0.3,0.3,8,3,-2.81986018980913,0.04
6,2,0.2,465,10,0.3,0.3,8,3,-3.18120773435535,0.04
6,2,0.2,477,10,0.3,0.3,8,3,-1.84126592946714,0.04
6,2,0.2,29,10,0.3,0.3,8,3,-3.2163888321723,0.042
6,2,0.2,76,10,0.3,0.3,8,3,-3.2197066017392,0.042
6,2,0.2,103,10,0.3,0.3,8,3,-2.18084045831188,0.042
6,2,0.2,104,10,0.3,0.3,8,3,-1.50805509251839,0.042
6,2,0.2,115,10,0.3,0.3,8,3,-3.56854446841064,0.042
6,2,0.2,116,10,0.3,0.3,8,3,-3.34757199133804,0.042
6,2,0.2,147,10,0.3,0.3,8,3,-2.54464899375762,0.042
6,2,0.2,165,10,0.3,0.3,8,3,-3.30816887297601,0.042
6,2,0.2,278,10,0.3,0.3,8,3,-2.90182668189803,0.042
6,2,0.2,410,10,0.3,0.3,8,3,-3.17885866467265,0.042
6,2,0.2,411,10,0.3,0.3,8,3,-3.13050036754424,0.042
6,2,0.2,430,10,0.3,0.3,8,3,-3.86795485041955,0.042
6,2,0.2,123,10,0.3,0.3,8,3,-3.28142207909337,0.044
6,2,0.2,204,10,0.3,0.3,8,3,-3.3797943072519,0.044
6,2,0.2,209,10,0.3,0.3,8,3,-3.69626047520489,0.044
6,2,0.2,221,10,0.3,0.3,8,3,-3.72010127674685,0.044
6,2,0.2,287,10,0.3,0.3,8,3,-2.88981130836277,0.044
6,2,0.2,353,10,0.3,0.3,8,3,-3.56087603363858,0.044
6,2,0.2,368,10,0.3,0.3,8,3,-2.97260732966868,0.044
6,2,0.2,422,10,0.3,0.3,8,3,-2.15968193255623,0.044
6,2,0.2,423,10,0.3,0.3,8,3,-3.33926116915848,0.044
6,2,0.2,447,10,0.3,0.3,8,3,-1.91015072711778,0.044
6,2,0.2,469,10,0.3,0.3,8,3,-2.21747497978063,0.044
6,2,0.2,27,10,0.3,0.3,8,3,-3.31367762506073,0.046
6,2,0.2,45,10,0.3,0.3,8,3,-2.89248800820283,0.046
6,2,0.2,50,10,0.3,0.3,8,3,-3.17862971469762,0.046
6,2,0.2,126,10,0.3,0.3,8,3,-2.64584006775914,0.046
6,2,0.2,288,10,0.3,0.3,8,3,-2.94142887507624,0.046
6,2,0.2,291,10,0.3,0.3,8,3,-3.83813512178639,0.046
6,2,0.2,354,10,0.3,0.3,8,3,-2.00748551036827,0.046
6,2,0.2,375,10,0.3,0.3,8,3,-4.00870637781878,0.046
6,2,0.2,388,10,0.3,0.3,8,3,-2.53245913968752,0.046
6,2,0.2,405,10,0.3,0.3,8,3,-3.22685457988885,0.046
6,2,0.2,438,10,0.3,0.3,8,3,-2.40705194317172,0.046
6,2,0.2,475,10,0.3,0.3,8,3,-2.92782026266804,0.046
6,2,0.2,490,10,0.3,0.3,8,3,-2.15666336711448,0.046
6,2,0.2,12,10,0.3,0.3,8,3,-3.07216574232348,0.048
6,2,0.2,87,10,0.3,0.3,8,3,-2.6773096642211,0.048
6,2,0.2,107,10,0.3,0.3,8,3,-2.98902422941589,0.048
6,2,0.2,170,10,0.3,0.3,8,3,-3.36099682007696,0.048
6,2,0.2,174,10,0.3,0.3,8,3,-3.59999597094162,0.048
6,2,0.2,362,10,0.3,0.3,8,3,-2.07849492916696,0.048
6,2,0.2,49,10,0.3,0.3,8,3,-2.00965489778886,0.05
6,2,0.2,92,10,0.3,0.3,8,3,-2.58730510377345,0.05
6,2,0.2,106,10,0.3,0.3,8,3,-2.29561279969161,0.05
6,2,0.2,111,10,0.3,0.3,8,3,-2.64777390429359,0.05
6,2,0.2,142,10,0.3,0.3,8,3,-3.6466350435548,0.05
6,2,0.2,158,10,0.3,0.3,8,3,-2.47091183653706,0.05
6,2,0.2,239,10,0.3,0.3,8,3,-2.38504268970863,0.05
6,2,0.2,251,10,0.3,0.3,8,3,-2.82146353153522,0.05
6,2,0.2,282,10,0.3,0.3,8,3,-3.56444436562845,0.05
6,2,0.2,320,10,0.3,0.3,8,3,-3.63478249447573,0.05
6,2,0.2,358,10,0.3,0.3,8,3,-2.42820429019534,0.05
6,2,0.2,415,10,0.3,0.3,8,3,-2.45169190357856,0.05
6,2,0.2,435,10,0.3,0.3,8,3,-2.0852616046792,0.05
6,2,0.2,444,10,0.3,0.3,8,3,-2.85663851905977,0.05
6,2,0.2,485,10,0.3,0.3,8,3,-4.87693744429978,0.05
6,2,0.2,23,10,0.3,0.3,8,3,-2.92372404778715,0.052
6,2,0.2,35,10,0.3,0.3,8,3,-2.46254608960814,0.052
6,2,0.2,63,10,0.3,0.3,8,3,-3.07741124240277,0.052
6,2,0.2,94,10,0.3,0.3,8,3,-1.96676163751204,0.052
6,2,0.2,98,10,0.3,0.3,8,3,-3.56338856792496,0.052
6,2,0.2,130,10,0.3,0.3,8,3,-2.97470143123692,0.052
6,2,0.2,131,10,0.3,0.3,8,3,-2.03995586813278,0.052
6,2,0.2,140,10,0.3,0.3,8,3,-3.64750519141663,0.052
6,2,0.2,332,10,0.3,0.3,8,3,-2.04970672158228,0.052
6,2,0.2,400,10,0.3,0.3,8,3,-2.17287089792137,0.052
6,2,0.2,427,10,0.3,0.3,8,3,-2.91525356685509,0.052
6,2,0.2,39,10,0.3,0.3,8,3,-3.19858720511004,0.054
6,2,0.2,47,10,0.3,0.3,8,3,-3.43707525488762,0.054
6,2,0.2,83,10,0.3,0.3,8,3,-2.39768816875059,0.054
6,2,0.2,128,10,0.3,0.3,8,3,-2.39172059745272,0.054
6,2,0.2,132,10,0.3,0.3,8,3,-2.55026025416436,0.054
6,2,0.2,189,10,0.3,0.3,8,3,-4.69886831479479,0.054
6,2,0.2,299,10,0.3,0.3,8,3,-3.26312035519268,0.054
6,2,0.2,309,10,0.3,0.3,8,3,-2.24300067717533,0.054
6,2,0.2,330,10,0.3,0.3,8,3,-2.49812068726766,0.054
6,2,0.2,341,10,0.3,0.3,8,3,-3.86082549465505,0.054
6,2,0.2,366,10,0.3,0.3,8,3,-2.80307894921467,0.054
6,2,0.2,369,10,0.3,0.3,8,3,-4.05124238906097,0.054
6,2,0.2,414,10,0.3,0.3,8,3,-3.54579988431209,0.054
6,2,0.2,445,10,0.3,0.3,8,3,-3.46153608697378,0.054
6,2,0.2,481,10,0.3,0.3,8,3,-2.60596552184646,0.054
6,2,0.2,496,10,0.3,0.3,8,3,-3.13476898410292,0.054
6,2,0.2,10,10,0.3,0.3,8,3,-1.40365734291484,0.056
6,2,0.2,65,10,0.3,0.3,8,3,-2.66817655225407,0.056
6,2,0.2,85,10,0.3,0.3,8,3,-3.08979230167921,0.056
6,2,0.2,100,10,0.3,0.3,8,3,-2.93042247590526,0.056
6,2,0.2,250,10,0.3,0.3,8,3,-3.53672421243908,0.056
6,2,0.2,273,10,0.3,0.3,8,3,-1.90036053311186,0.056
6,2,0.2,324,10,0.3,0.3,8,3,-2.4287932964404,0.056
6,2,0.2,350,10,0.3,0.3,8,3,-2.41271783929673,0.056
6,2,0.2,360,10,0.3,0.3,8,3,-3.14520227898691,0.056
6,2,0.2,378,10,0.3,0.3,8,3,-2.03706533661216,0.056
6,2,0.2,381,10,0.3,0.3,8,3,-3.03193582096338,0.056
6,2,0.2,425,10,0.3,0.3,8,3,-2.91086089373877,0.056
6,2,0.2,436,10,0.3,0.3,8,3,-3.19370234335858,0.056
6,2,0.2,439,10,0.3,0.3,8,3,-3.14899489284295,0.056
6,2,0.2,500,10,0.3,0.3,8,3,-2.91652713693264,0.056
6,2,0.2,3,10,0.3,0.3,8,3,-2.90888958769372,0.058
6,2,0.2,4,10,0.3,0.3,8,3,-1.87454152739207,0.058
6,2,0.2,7,10,0.3,0.3,8,3,-2.59703690716631,0.058
6,2,0.2,25,10,0.3,0.3,8,3,-2.90474818730542,0.058
6,2,0.2,68,10,0.3,0.3,8,3,-3.12971842282806,0.058
6,2,0.2,144,10,0.3,0.3,8,3,-3.17337010489811,0.058
6,2,0.2,166,10,0.3,0.3,8,3,-3.23158986105085,0.058
6,2,0.2,190,10,0.3,0.3,8,3,-3.92910932175701,0.058
6,2,0.2,218,10,0.3,0.3,8,3,-2.63993889057218,0.058
6,2,0.2,241,10,0.3,0.3,8,3,-3.01256285571515,0.058
6,2,0.2,246,10,0.3,0.3,8,3,-2.44328688523279,0.058
6,2,0.2,279,10,0.3,0.3,8,3,-3.56159825542312,0.058
6,2,0.2,303,10,0.3,0.3,8,3,-3.13773942460944,0.058
6,2,0.2,304,10,0.3,0.3,8,3,-3.63165964060894,0.058
6,2,0.2,313,10,0.3,0.3,8,3,-3.46926862171924,0.058
6,2,0.2,322,10,0.3,0.3,8,3,-2.47734164768335,0.058
6,2,0.2,325,10,0.3,0.3,8,3,-1.9838837444924,0.058
6,2,0.2,328,10,0.3,0.3,8,3,-2.74020220853805,0.058
6,2,0.2,454,10,0.3,0.3,8,3,-2.04805557501521,0.058
6,2,0.2,483,10,0.3,0.3,8,3,-2.51811102434095,0.058
6,2,0.2,484,10,0.3,0.3,8,3,-1.96158500567157,0.058
6,2,0.2,497,10,0.3,0.3,8,3,-3.60012339999301,0.058
6,2,0.2,86,10,0.3,0.3,8,3,-2.46346882618775,0.06
6,2,0.2,88,10,0.3,0.3,8,3,-3.67686549315579,0.06
6,2,0.2,108,10,0.3,0.3,8,3,-2.47985581267119,0.06
6,2,0.2,138,10,0.3,0.3,8,3,-4.13850763176708,0.06
6,2,0.2,202,10,0.3,0.3,8,3,-2.89573994906462,0.06
6,2,0.2,249,10,0.3,0.3,8,3,-3.01060758338176,0.06
6,2,0.2,268,10,0.3,0.3,8,3,-2.40708551259715,0.06
6,2,0.2,296,10,0.3,0.3,8,3,-2.2390797066048,0.06
6,2,0.2,312,10,0.3,0.3,8,3,-2.80153154352885,0.06
6,2,0.2,338,10,0.3,0.3,8,3,-2.09575931261205,0.06
6,2,0.2,348,10,0.3,0.3,8,3,-2.08510569435356,0.06
6,2,0.2,376,10,0.3,0.3,8,3,-2.65413333793302,0.06
6,2,0.2,448,10,0.3,0.3,8,3,-1.9549746915749,0.06
6,2,0.2,458,10,0.3,0.3,8,3,-2.37354029933118,0.06
6,2,0.2,488,10,0.3,0.3,8,3,-3.90104790185546,0.06
6,2,0.2,1,10,0.3,0.3,8,3,-3.71270456670456,0.062
6,2,0.2,191,10,0.3,0.3,8,3,-2.38557468732037,0.062
6,2,0.2,217,10,0.3,0.3,8,3,-2.90295150057878,0.062
6,2,0.2,231,10,0.3,0.3,8,3,-2.19772953085487,0.062
6,2,0.2,264,10,0.3,0.3,8,3,-2.28494864791691,0.062
6,2,0.2,269,10,0.3,0.3,8,3,-2.94823540792828,0.062
6,2,0.2,270,10,0.3,0.3,8,3,-2.26578072754472,0.062
6,2,0.2,276,10,0.3,0.3,8,3,-2.47925496805274,0.062
6,2,0.2,384,10,0.3,0.3,8,3,-3.01721538424741,0.062
6,2,0.2,394,10,0.3,0.3,8,3,-4.11730348203943,0.062
6,2,0.2,476,10,0.3,0.3,8,3,-2.6877514440512,0.062
6,2,0.2,24,10,0.3,0.3,8,3,-2.52284338503975,0.064
6,2,0.2,38,10,0.3,0.3,8,3,-3.27168266460242,0.064
6,2,0.2,40,10,0.3,0.3,8,3,-2.77433997359645,0.064
6,2,0.2,42,10,0.3,0.3,8,3,-3.18040654172364,0.064
6,2,0.2,120,10,0.3,0.3,8,3,-3.38932488800864,0.064
6,2,0.2,137,10,0.3,0.3,8,3,-3.64329214670474,0.064
6,2,0.2,255,10,0.3,0.3,8,3,-3.26950191356786,0.064
6,2,0.2,301,10,0.3,0.3,8,3,-3.25298974492239,0.064
6,2,0.2,308,10,0.3,0.3,8,3,-3.02043438490318,0.064
6,2,0.2,357,10,0.3,0.3,8,3,-2.72292630875461,0.064
6,2,0.2,407,10,0.3,0.3,8,3,-2.56596993921676,0.064
6,2,0.2,418,10,0.3,0.3,8,3,-3.04031190485995,0.064
6,2,0.2,440,10,0.3,0.3,8,3,-2.88828129865328,0.064
6,2,0.2,446,10,0.3,0.3,8,3,-2.20843521999058,0.064
6,2,0.2,28,10,0.3,0.3,8,3,-2.4926116504484,0.066
6,2,0.2,34,10,0.3,0.3,8,3,-2.44582324041338,0.066
6,2,0.2,150,10,0.3,0.3,8,3,-2.42955498917726,0.066
6,2,0.2,164,10,0.3,0.3,8,3,-1.93240016493115,0.066
6,2,0.2,179,10,0.3,0.3,8,3,-2.60099296285139,0.066
6,2,0.2,193,10,0.3,0.3,8,3,-2.75571232481099,0.066
6,2,0.2,336,10,0.3,0.3,8,3,-2.85580231396901,0.066
6,2,0.2,347,10,0.3,0.3,8,3,-3.26894631581058,0.066
6,2,0.2,451,10,0.3,0.3,8,3,-3.40238836635586,0.066
6,2,0.2,46,10,0.3,0.3,8,3,-2.59421917135143,0.068
6,2,0.2,61,10,0.3,0.3,8,3,-2.07093221883784,0.068
6,2,0.2,169,10,0.3,0.3,8,3,-2.70036205584901,0.068
6,2,0.2,275,10,0.3,0.3,8,3,-3.84829817509075,0.068
6,2,0.2,323,10,0.3,0.3,8,3,-3.13810066914866,0.068
6,2,0.2,380,10,0.3,0.3,8,3,-2.93834368615262,0.068
6,2,0.2,385,10,0.3,0.3,8,3,-3.29582749904714,0.068
6,2,0.2,408,10,0.3,0.3,8,3,-3.17538933505256,0.068
6,2,0.2,56,10,0.3,0.3,8,3,-3.12273801156724,0.07
6,2,0.2,82,10,0.3,0.3,8,3,-2.5905852057297,0.07
6,2,0.2,122,10,0.3,0.3,8,3,-1.87254885292293,0.07
6,2,0.2,125,10,0.3,0.3,8,3,-3.72174270459121,0.07
6,2,0.2,195,10,0.3,0.3,8,3,-3.0060040776286,0.07
6,2,0.2,205,10,0.3,0.3,8,3,-2.97849021405887,0.07
6,2,0.2,335,10,0.3,0.3,8,3,-3.41736292252477,0.07
6,2,0.2,443,10,0.3,0.3,8,3,-1.96960620686647,0.07
6,2,0.2,192,10,0.3,0.3,8,3,-2.23646966299629,0.072
6,2,0.2,238,10,0.3,0.3,8,3,-2.61305411646097,0.072
6,2,0.2,247,10,0.3,0.3,8,3,-2.70585950323189,0.072
6,2,0.2,429,10,0.3,0.3,8,3,-2.95462961901941,0.072
6,2,0.2,259,10,0.3,0.3,8,3,-3.14764268768135,0.074
6,2,0.2,285,10,0.3,0.3,8,3,-1.80044329973362,0.074
6,2,0.2,356,10,0.3,0.3,8,3,-2.20899053920141,0.074
6,2,0.2,406,10,0.3,0.3,8,3,-2.51673961828979,0.074
6,2,0.2,426,10,0.3,0.3,8,3,-1.81569632669562,0.074
6,2,0.2,30,10,0.3,0.3,8,3,-2.3651396769842,0.076
6,2,0.2,227,10,0.3,0.3,8,3,-2.81595418454111,0.078
6,2,0.2,433,10,0.3,0.3,8,3,-3.31290992712232,0.078
6,2,0.2,453,10,0.3,0.3,8,3,-2.87756819010966,0.078
6,2,0.2,464,10,0.3,0.3,8,3,-3.64529692582846,0.078
6,2,0.2,154,10,0.3,0.3,8,3,-1.85586559048559,0.08
6,2,0.2,319,10,0.3,0.3,8,3,-1.90439800146046,0.08
6,2,0.2,420,10,0.3,0.3,8,3,-2.62532972832403,0.08
6,2,0.2,466,10,0.3,0.3,8,3,-2.1574773174579,0.08
6,2,0.2,67,10,0.3,0.3,8,3,-1.8121961138535,0.082
6,2,0.2,90,10,0.3,0.3,8,3,-3.46694549369326,0.084
6,2,0.2,211,10,0.3,0.3,8,3,-2.16216555640986,0.084
6,2,0.2,344,10,0.3,0.3,8,3,-1.62665145771174,0.084
6,2,0.2,5,10,0.3,0.3,8,3,-1.097839933687,0.086
6,2,0.2,367,10,0.3,0.3,8,3,-2.54058320497529,0.086
6,2,0.2,93,10,0.3,0.3,8,3,-1.64315130170311,0.094
6,2,0.2,161,10,0.3,0.3,8,3,-1.53720773545984,0.096
6,2,0.2,136,10,0.3,0.3,8,3,-2.23114748945173,0.1
6,2,0.2,321,10,0.3,0.3,8,3,-1.90107976272128,0.1
6,2,0.2,91,10,0.3,0.3,8,3,-2.57557388734341,0.102
6,2,0.2,59,10,0.3,0.3,8,3,-1.39665685773932,0.104
6,2,0.2,294,10,0.3,0.3,8,3,-2.33118027534687,0.104
6,2,0.2,178,10,0.3,0.3,8,3,-2.06971518799415,0.112
6,2,0.2,398,10,0.3,0.3,8,3,-1.68045193288606,0.112
6,2,0.2,117,10,0.3,0.3,8,3,-1.86585623035603,0.114
6,2,0.2,253,10,0.3,0.3,8,3,-1.5142028960222,0.15
6,2,0.2,486,10,0.3,0.3,8,3,-1.63932882010832,0.192
6,2,0.2,233,10,0.3,0.3,8,3,-1.6956447214439,0.32
6,2,0.2,286,10,0.3,0.3,8,3,-1.81812428179327,0.356
6,2,0.2,349,10,0.3,0.3,8,3,-1.61421754029203,0.44
6,2,0.2,3,10,0.3,0.3,9,3,-3.56859217278293,0
6,2,0.2,11,10,0.3,0.3,9,3,-3.63619913950632,0
6,2,0.2,24,10,0.3,0.3,9,3,-2.34375612580948,0
6,2,0.2,95,10,0.3,0.3,9,3,-4.32477670428156,0
6,2,0.2,244,10,0.3,0.3,9,3,-3.89102954642442,0
6,2,0.2,267,10,0.3,0.3,9,3,-3.17287229536177,0
6,2,0.2,287,10,0.3,0.3,9,3,-3.11114298823239,0
6,2,0.2,414,10,0.3,0.3,9,3,-2.89634541934504,0
6,2,0.2,476,10,0.3,0.3,9,3,-3.65759779901438,0
6,2,0.2,482,10,0.3,0.3,9,3,-3.0456275100949,0
6,2,0.2,5,10,0.3,0.3,9,3,-3.30807778290753,0.002
6,2,0.2,56,10,0.3,0.3,9,3,-3.89408289246236,0.002
6,2,0.2,66,10,0.3,0.3,9,3,-3.73543377181744,0.002
6,2,0.2,93,10,0.3,0.3,9,3,-3.96527576219609,0.002
6,2,0.2,110,10,0.3,0.3,9,3,-3.19649132028127,0.002
6,2,0.2,173,10,0.3,0.3,9,3,-2.66174307422821,0.002
6,2,0.2,175,10,0.3,0.3,9,3,-2.34861867624178,0.002
6,2,0.2,178,10,0.3,0.3,9,3,-4.36899985184507,0.002
6,2,0.2,205,10,0.3,0.3,9,3,-3.12873353000123,0.002
6,2,0.2,210,10,0.3,0.3,9,3,-3.63411250057197,0.002
6,2,0.2,220,10,0.3,0.3,9,3,-4.39099612880185,0.002
6,2,0.2,235,10,0.3,0.3,9,3,-3.98284874414378,0.002
6,2,0.2,237,10,0.3,0.3,9,3,-3.70478546787632,0.002
6,2,0.2,268,10,0.3,0.3,9,3,-3.0416344937592,0.002
6,2,0.2,286,10,0.3,0.3,9,3,-3.0324820671303,0.002
6,2,0.2,293,10,0.3,0.3,9,3,-3.75011433129902,0.002
6,2,0.2,298,10,0.3,0.3,9,3,-2.21135883270529,0.002
6,2,0.2,347,10,0.3,0.3,9,3,-3.40637229270675,0.002
6,2,0.2,350,10,0.3,0.3,9,3,-3.2044388399294,0.002
6,2,0.2,359,10,0.3,0.3,9,3,-3.91448876383959,0.002
6,2,0.2,404,10,0.3,0.3,9,3,-2.40912858826789,0.002
6,2,0.2,411,10,0.3,0.3,9,3,-3.12963122897992,0.002
6,2,0.2,440,10,0.3,0.3,9,3,-3.92428348263718,0.002
6,2,0.2,479,10,0.3,0.3,9,3,-2.90013672718311,0.002
6,2,0.2,6,10,0.3,0.3,9,3,-2.58882936766247,0.004
6,2,0.2,14,10,0.3,0.3,9,3,-3.13630273117434,0.004
6,2,0.2,34,10,0.3,0.3,9,3,-2.81403046867976,0.004
6,2,0.2,47,10,0.3,0.3,9,3,-2.90327718682389,0.004
6,2,0.2,68,10,0.3,0.3,9,3,-3.29336272883407,0.004
6,2,0.2,104,10,0.3,0.3,9,3,-3.04039413627908,0.004
6,2,0.2,113,10,0.3,0.3,9,3,-2.76584356416726,0.004
6,2,0.2,127,10,0.3,0.3,9,3,-3.25067703633263,0.004
6,2,0.2,146,10,0.3,0.3,9,3,-3.55932724230519,0.004
6,2,0.2,217,10,0.3,0.3,9,3,-3.09528283093633,0.004
6,2,0.2,224,10,0.3,0.3,9,3,-4.21754540323198,0.004
6,2,0.2,230,10,0.3,0.3,9,3,-1.84424805317849,0.004
6,2,0.2,250,10,0.3,0.3,9,3,-4.18377205074478,0.004
6,2,0.2,260,10,0.3,0.3,9,3,-2.65529223592355,0.004
6,2,0.2,273,10,0.3,0.3,9,3,-2.72160475123803,0.004
6,2,0.2,315,10,0.3,0.3,9,3,-2.65789502458176,0.004
6,2,0.2,374,10,0.3,0.3,9,3,-3.24113150436003,0.004
6,2,0.2,376,10,0.3,0.3,9,3,-4.28809074140216,0.004
6,2,0.2,421,10,0.3,0.3,9,3,-3.73857617900217,0.004
6,2,0.2,430,10,0.3,0.3,9,3,-2.22370412910155,0.004
6,2,0.2,436,10,0.3,0.3,9,3,-2.89728290543573,0.004
6,2,0.2,441,10,0.3,0.3,9,3,-3.45906642981797,0.004
6,2,0.2,12,10,0.3,0.3,9,3,-3.33211392661104,0.006
6,2,0.2,19,10,0.3,0.3,9,3,-3.32364488359326,0.006
6,2,0.2,31,10,0.3,0.3,9,3,-4.45525497349732,0.006
6,2,0.2,38,10,0.3,0.3,9,3,-3.94061648171163,0.006
6,2,0.2,41,10,0.3,0.3,9,3,-2.69970473877416,0.006
6,2,0.2,57,10,0.3,0.3,9,3,-3.19635608511908,0.006
6,2,0.2,88,10,0.3,0.3,9,3,-3.79288002654215,0.006
6,2,0.2,122,10,0.3,0.3,9,3,-2.16777279187207,0.006
6,2,0.2,154,10,0.3,0.3,9,3,-3.03723413743984,0.006
6,2,0.2,171,10,0.3,0.3,9,3,-4.40713492300708,0.006
6,2,0.2,197,10,0.3,0.3,9,3,-2.45207980692444,0.006
6,2,0.2,214,10,0.3,0.3,9,3,-3.37201257005469,0.006
6,2,0.2,228,10,0.3,0.3,9,3,-3.0652285087954,0.006
6,2,0.2,248,10,0.3,0.3,9,3,-3.16720520517029,0.006
6,2,0.2,294,10,0.3,0.3,9,3,-3.38204930359481,0.006
6,2,0.2,295,10,0.3,0.3,9,3,-2.90220067558869,0.006
6,2,0.2,328,10,0.3,0.3,9,3,-2.95151911614275,0.006
6,2,0.2,329,10,0.3,0.3,9,3,-3.2046012689427,0.006
6,2,0.2,448,10,0.3,0.3,9,3,-3.01022603478799,0.006
6,2,0.2,452,10,0.3,0.3,9,3,-3.20000138905939,0.006
6,2,0.2,454,10,0.3,0.3,9,3,-3.10797416558299,0.006
6,2,0.2,470,10,0.3,0.3,9,3,-3.29770349810849,0.006
6,2,0.2,16,10,0.3,0.3,9,3,-3.68356706385941,0.008
6,2,0.2,92,10,0.3,0.3,9,3,-2.88852025419845,0.008
6,2,0.2,115,10,0.3,0.3,9,3,-3.93195322877199,0.008
6,2,0.2,130,10,0.3,0.3,9,3,-3.5299769362839,0.008
6,2,0.2,139,10,0.3,0.3,9,3,-3.10054449107415,0.008
6,2,0.2,145,10,0.3,0.3,9,3,-2.8192098933134,0.008
6,2,0.2,180,10,0.3,0.3,9,3,-2.590167215951,0.008
6,2,0.2,199,10,0.3,0.3,9,3,-4.47636181519897,0.008
6,2,0.2,251,10,0.3,0.3,9,3,-2.67051506092773,0.008
6,2,0.2,261,10,0.3,0.3,9,3,-3.52362204717534,0.008
6,2,0.2,292,10,0.3,0.3,9,3,-2.89513733118503,0.008
6,2,0.2,357,10,0.3,0.3,9,3,-3.16550923710005,0.008
6,2,0.2,418,10,0.3,0.3,9,3,-3.71162267938888,0.008
6,2,0.2,469,10,0.3,0.3,9,3,-3.54678599551292,0.008
6,2,0.2,18,10,0.3,0.3,9,3,-2.91279073711112,0.01
6,2,0.2,45,10,0.3,0.3,9,3,-3.62420777671298,0.01
6,2,0.2,177,10,0.3,0.3,9,3,-2.91830952240025,0.01
6,2,0.2,206,10,0.3,0.3,9,3,-3.45554815875016,0.01
6,2,0.2,269,10,0.3,0.3,9,3,-3.59173718058381,0.01
6,2,0.2,301,10,0.3,0.3,9,3,-3.85181129648339,0.01
6,2,0.2,332,10,0.3,0.3,9,3,-3.76092125302867,0.01
6,2,0.2,351,10,0.3,0.3,9,3,-4.02038367484468,0.01
6,2,0.2,372,10,0.3,0.3,9,3,-3.57629441486469,0.01
6,2,0.2,423,10,0.3,0.3,9,3,-2.53945455932575,0.01
6,2,0.2,461,10,0.3,0.3,9,3,-3.98942314772202,0.01
6,2,0.2,486,10,0.3,0.3,9,3,-2.58496650317451,0.01
6,2,0.2,30,10,0.3,0.3,9,3,-3.52170993900199,0.012
6,2,0.2,50,10,0.3,0.3,9,3,-4.38345736750989,0.012
6,2,0.2,65,10,0.3,0.3,9,3,-3.66891708084367,0.012
6,2,0.2,77,10,0.3,0.3,9,3,-2.31401664213854,0.012
6,2,0.2,114,10,0.3,0.3,9,3,-3.65915245200725,0.012
6,2,0.2,119,10,0.3,0.3,9,3,-3.74387796560185,0.012
6,2,0.2,125,10,0.3,0.3,9,3,-3.60895481622262,0.012
6,2,0.2,137,10,0.3,0.3,9,3,-3.90858278965752,0.012
6,2,0.2,196,10,0.3,0.3,9,3,-2.25582242412673,0.012
6,2,0.2,232,10,0.3,0.3,9,3,-3.21319396564024,0.012
6,2,0.2,264,10,0.3,0.3,9,3,-3.67930248379756,0.012
6,2,0.2,280,10,0.3,0.3,9,3,-2.90711530793848,0.012
6,2,0.2,284,10,0.3,0.3,9,3,-3.40425560790263,0.012
6,2,0.2,297,10,0.3,0.3,9,3,-2.77045273770221,0.012
6,2,0.2,326,10,0.3,0.3,9,3,-3.26362299018064,0.012
6,2,0.2,370,10,0.3,0.3,9,3,-3.11120005767671,0.012
6,2,0.2,373,10,0.3,0.3,9,3,-2.37738948013563,0.012
6,2,0.2,392,10,0.3,0.3,9,3,-3.57183977604271,0.012
6,2,0.2,417,10,0.3,0.3,9,3,-3.69061802629051,0.012
6,2,0.2,424,10,0.3,0.3,9,3,-4.12614091466415,0.012
6,2,0.2,447,10,0.3,0.3,9,3,-4.24720794945017,0.012
6,2,0.2,459,10,0.3,0.3,9,3,-4.70606348421856,0.012
6,2,0.2,463,10,0.3,0.3,9,3,-3.26393148909261,0.012
6,2,0.2,467,10,0.3,0.3,9,3,-2.88080225507471,0.012
6,2,0.2,490,10,0.3,0.3,9,3,-2.27785719469546,0.012
6,2,0.2,497,10,0.3,0.3,9,3,-3.49982227363029,0.012
6,2,0.2,1,10,0.3,0.3,9,3,-3.32741722640341,0.014
6,2,0.2,112,10,0.3,0.3,9,3,-2.53081016130434,0.014
6,2,0.2,144,10,0.3,0.3,9,3,-2.72676132845379,0.014
6,2,0.2,194,10,0.3,0.3,9,3,-3.15505816475715,0.014
6,2,0.2,233,10,0.3,0.3,9,3,-3.88221946702708,0.014
6,2,0.2,246,10,0.3,0.3,9,3,-3.52136888240102,0.014
6,2,0.2,271,10,0.3,0.3,9,3,-3.82964940659321,0.014
6,2,0.2,314,10,0.3,0.3,9,3,-3.5780419389163,0.014
6,2,0.2,316,10,0.3,0.3,9,3,-3.46805851363479,0.014
6,2,0.2,437,10,0.3,0.3,9,3,-2.32591784865056,0.014
6,2,0.2,439,10,0.3,0.3,9,3,-3.62941331098637,0.014
6,2,0.2,478,10,0.3,0.3,9,3,-3.17019411372027,0.014
6,2,0.2,43,10,0.3,0.3,9,3,-3.36615764790523,0.016
6,2,0.2,71,10,0.3,0.3,9,3,-2.80176859192895,0.016
6,2,0.2,74,10,0.3,0.3,9,3,-3.39617086664671,0.016
6,2,0.2,76,10,0.3,0.3,9,3,-3.18482838848746,0.016
6,2,0.2,96,10,0.3,0.3,9,3,-3.02697002005078,0.016
6,2,0.2,190,10,0.3,0.3,9,3,-3.56303657557268,0.016
6,2,0.2,212,10,0.3,0.3,9,3,-2.84349233579624,0.016
6,2,0.2,243,10,0.3,0.3,9,3,-3.25946576291736,0.016
6,2,0.2,377,10,0.3,0.3,9,3,-3.50665708372748,0.016
6,2,0.2,408,10,0.3,0.3,9,3,-3.89940208359238,0.016
6,2,0.2,465,10,0.3,0.3,9,3,-3.46734942981928,0.016
6,2,0.2,495,10,0.3,0.3,9,3,-3.48317266264979,0.016
6,2,0.2,2,10,0.3,0.3,9,3,-3.28506133998522,0.018
6,2,0.2,4,10,0.3,0.3,9,3,-3.4363910610127,0.018
6,2,0.2,39,10,0.3,0.3,9,3,-3.52778087805001,0.018
6,2,0.2,188,10,0.3,0.3,9,3,-3.81461780856395,0.018
6,2,0.2,203,10,0.3,0.3,9,3,-4.09372115239805,0.018
6,2,0.2,227,10,0.3,0.3,9,3,-3.42940687589299,0.018
6,2,0.2,275,10,0.3,0.3,9,3,-3.08751166157626,0.018
6,2,0.2,348,10,0.3,0.3,9,3,-3.15419683933752,0.018
6,2,0.2,363,10,0.3,0.3,9,3,-2.49406334864409,0.018
6,2,0.2,375,10,0.3,0.3,9,3,-3.77335568927799,0.018
6,2,0.2,444,10,0.3,0.3,9,3,-3.54936941640423,0.018
6,2,0.2,28,10,0.3,0.3,9,3,-2.1221591272288,0.02
6,2,0.2,32,10,0.3,0.3,9,3,-4.40507462311888,0.02
6,2,0.2,55,10,0.3,0.3,9,3,-3.07777731009557,0.02
6,2,0.2,121,10,0.3,0.3,9,3,-3.42064987933134,0.02
6,2,0.2,123,10,0.3,0.3,9,3,-2.47076119911083,0.02
6,2,0.2,160,10,0.3,0.3,9,3,-2.88841355893501,0.02
6,2,0.2,223,10,0.3,0.3,9,3,-2.7810953042146,0.02
6,2,0.2,299,10,0.3,0.3,9,3,-3.76779852788275,0.02
6,2,0.2,305,10,0.3,0.3,9,3,-2.54748268369235,0.02
6,2,0.2,355,10,0.3,0.3,9,3,-2.97146397749981,0.02
6,2,0.2,446,10,0.3,0.3,9,3,-3.37858699607884,0.02
6,2,0.2,481,10,0.3,0.3,9,3,-2.88144027600163,0.02
6,2,0.2,37,10,0.3,0.3,9,3,-3.54849764040603,0.022
6,2,0.2,48,10,0.3,0.3,9,3,-2.73123544899408,0.022
6,2,0.2,52,10,0.3,0.3,9,3,-3.53603734356901,0.022
6,2,0.2,63,10,0.3,0.3,9,3,-3.5785640232904,0.022
6,2,0.2,118,10,0.3,0.3,9,3,-3.31838787132961,0.022
6,2,0.2,131,10,0.3,0.3,9,3,-3.41735000555857,0.022
6,2,0.2,138,10,0.3,0.3,9,3,-2.65539546188302,0.022
6,2,0.2,140,10,0.3,0.3,9,3,-3.02741115800984,0.022
6,2,0.2,142,10,0.3,0.3,9,3,-2.95371502477721,0.022
6,2,0.2,179,10,0.3,0.3,9,3,-2.98610939138342,0.022
6,2,0.2,229,10,0.3,0.3,9,3,-2.25922885813941,0.022
6,2,0.2,256,10,0.3,0.3,9,3,-2.88649031686589,0.022
6,2,0.2,279,10,0.3,0.3,9,3,-3.59395817257308,0.022
6,2,0.2,290,10,0.3,0.3,9,3,-2.74990302163914,0.022
6,2,0.2,334,10,0.3,0.3,9,3,-2.89946435930457,0.022
6,2,0.2,382,10,0.3,0.3,9,3,-3.38553269512428,0.022
6,2,0.2,393,10,0.3,0.3,9,3,-2.87399855832118,0.022
6,2,0.2,442,10,0.3,0.3,9,3,-4.33863399802308,0.022
6,2,0.2,9,10,0.3,0.3,9,3,-3.08154891499726,0.024
6,2,0.2,53,10,0.3,0.3,9,3,-3.19739744261472,0.024
6,2,0.2,97,10,0.3,0.3,9,3,-3.81208985294435,0.024
6,2,0.2,116,10,0.3,0.3,9,3,-3.91631205292776,0.024
6,2,0.2,134,10,0.3,0.3,9,3,-3.26789017816927,0.024
6,2,0.2,265,10,0.3,0.3,9,3,-3.23690809870027,0.024
6,2,0.2,378,10,0.3,0.3,9,3,-2.51165748808893,0.024
6,2,0.2,456,10,0.3,0.3,9,3,-3.34653585369099,0.024
6,2,0.2,176,10,0.3,0.3,9,3,-3.20874121842127,0.026
6,2,0.2,184,10,0.3,0.3,9,3,-3.68115332542678,0.026
6,2,0.2,207,10,0.3,0.3,9,3,-3.76134853469398,0.026
6,2,0.2,313,10,0.3,0.3,9,3,-2.78509399249299,0.026
6,2,0.2,458,10,0.3,0.3,9,3,-4.51667511609244,0.026
6,2,0.2,485,10,0.3,0.3,9,3,-1.54618090294997,0.026
6,2,0.2,17,10,0.3,0.3,9,3,-3.58319611720438,0.028
6,2,0.2,40,10,0.3,0.3,9,3,-2.79834225277477,0.028
6,2,0.2,213,10,0.3,0.3,9,3,-3.3499497087561,0.028
6,2,0.2,231,10,0.3,0.3,9,3,-3.26692004437049,0.028
6,2,0.2,318,10,0.3,0.3,9,3,-3.04020093405163,0.028
6,2,0.2,336,10,0.3,0.3,9,3,-3.8254657657294,0.028
6,2,0.2,369,10,0.3,0.3,9,3,-2.64425833436553,0.028
6,2,0.2,394,10,0.3,0.3,9,3,-2.85414243961944,0.028
6,2,0.2,453,10,0.3,0.3,9,3,-2.80316509713842,0.028
6,2,0.2,477,10,0.3,0.3,9,3,-2.39415424316078,0.028
6,2,0.2,15,10,0.3,0.3,9,3,-2.80291891038624,0.03
6,2,0.2,141,10,0.3,0.3,9,3,-3.31955824969523,0.03
6,2,0.2,182,10,0.3,0.3,9,3,-3.24565286110624,0.03
6,2,0.2,425,10,0.3,0.3,9,3,-2.90563637083548,0.03
6,2,0.2,426,10,0.3,0.3,9,3,-2.76852017159808,0.03
6,2,0.2,429,10,0.3,0.3,9,3,-3.45169587412116,0.03
6,2,0.2,432,10,0.3,0.3,9,3,-2.93539319560375,0.03
6,2,0.2,7,10,0.3,0.3,9,3,-2.10809383212521,0.032
6,2,0.2,26,10,0.3,0.3,9,3,-2.99825768321804,0.032
6,2,0.2,29,10,0.3,0.3,9,3,-3.90138572153657,0.032
6,2,0.2,94,10,0.3,0.3,9,3,-2.69593498160859,0.032
6,2,0.2,136,10,0.3,0.3,9,3,-1.67911009195279,0.032
6,2,0.2,158,10,0.3,0.3,9,3,-2.80260443533183,0.032
6,2,0.2,168,10,0.3,0.3,9,3,-2.66683933450776,0.032
6,2,0.2,204,10,0.3,0.3,9,3,-3.56589190087584,0.032
6,2,0.2,225,10,0.3,0.3,9,3,-2.5128177123519,0.032
6,2,0.2,226,10,0.3,0.3,9,3,-2.47721501604289,0.032
6,2,0.2,397,10,0.3,0.3,9,3,-3.26851555521159,0.032
6,2,0.2,419,10,0.3,0.3,9,3,-2.60065064579985,0.032
6,2,0.2,434,10,0.3,0.3,9,3,-3.2569525073836,0.032
6,2,0.2,466,10,0.3,0.3,9,3,-3.60814053637367,0.032
6,2,0.2,472,10,0.3,0.3,9,3,-3.2300413952407,0.032
6,2,0.2,98,10,0.3,0.3,9,3,-2.74131137841965,0.034
6,2,0.2,133,10,0.3,0.3,9,3,-3.27308146030111,0.034
6,2,0.2,183,10,0.3,0.3,9,3,-3.20996739228568,0.034
6,2,0.2,189,10,0.3,0.3,9,3,-2.96280946793772,0.034
6,2,0.2,241,10,0.3,0.3,9,3,-2.79486835289291,0.034
6,2,0.2,245,10,0.3,0.3,9,3,-2.04497545247577,0.034
6,2,0.2,272,10,0.3,0.3,9,3,-2.79782648030286,0.034
6,2,0.2,338,10,0.3,0.3,9,3,-3.58392087080949,0.034
6,2,0.2,387,10,0.3,0.3,9,3,-4.33866432728107,0.034
6,2,0.2,389,10,0.3,0.3,9,3,-3.05515682824156,0.034
6,2,0.2,420,10,0.3,0.3,9,3,-2.85232598036845,0.034
6,2,0.2,422,10,0.3,0.3,9,3,-3.54248022429985,0.034
6,2,0.2,427,10,0.3,0.3,9,3,-3.25160505865244,0.034
6,2,0.2,58,10,0.3,0.3,9,3,-3.00275443953461,0.036
6,2,0.2,106,10,0.3,0.3,9,3,-2.76742658759679,0.036
6,2,0.2,152,10,0.3,0.3,9,3,-3.11976191939493,0.036
6,2,0.2,349,10,0.3,0.3,9,3,-3.38489652964688,0.036
6,2,0.2,416,10,0.3,0.3,9,3,-3.05451570408627,0.036
6,2,0.2,468,10,0.3,0.3,9,3,-2.480942646633,0.036
6,2,0.2,484,10,0.3,0.3,9,3,-2.36493837733931,0.036
6,2,0.2,79,10,0.3,0.3,9,3,-2.84807430565135,0.038
6,2,0.2,85,10,0.3,0.3,9,3,-3.81272371308521,0.038
6,2,0.2,87,10,0.3,0.3,9,3,-3.90466070810589,0.038
6,2,0.2,90,10,0.3,0.3,9,3,-3.04068864012407,0.038
6,2,0.2,120,10,0.3,0.3,9,3,-3.28362482424734,0.038
6,2,0.2,143,10,0.3,0.3,9,3,-3.47474487286036,0.038
6,2,0.2,161,10,0.3,0.3,9,3,-3.29673709522748,0.038
6,2,0.2,193,10,0.3,0.3,9,3,-2.16031075264894,0.038
6,2,0.2,201,10,0.3,0.3,9,3,-2.47399117161297,0.038
6,2,0.2,234,10,0.3,0.3,9,3,-2.65476483003403,0.038
6,2,0.2,255,10,0.3,0.3,9,3,-4.22789074480849,0.038
6,2,0.2,259,10,0.3,0.3,9,3,-2.21072214891208,0.038
6,2,0.2,278,10,0.3,0.3,9,3,-2.28797132844437,0.038
6,2,0.2,289,10,0.3,0.3,9,3,-2.70175183086261,0.038
6,2,0.2,291,10,0.3,0.3,9,3,-2.7760210232961,0.038
6,2,0.2,304,10,0.3,0.3,9,3,-2.41731068524379,0.038
6,2,0.2,306,10,0.3,0.3,9,3,-2.74187952898671,0.038
6,2,0.2,309,10,0.3,0.3,9,3,-2.6696156514638,0.038
6,2,0.2,342,10,0.3,0.3,9,3,-2.11887096911059,0.038
6,2,0.2,475,10,0.3,0.3,9,3,-2.84526695980128,0.038
6,2,0.2,147,10,0.3,0.3,9,3,-2.73629384277257,0.04
6,2,0.2,185,10,0.3,0.3,9,3,-2.8668676891466,0.04
6,2,0.2,277,10,0.3,0.3,9,3,-1.95966090980548,0.04
6,2,0.2,303,10,0.3,0.3,9,3,-2.59571571364549,0.04
6,2,0.2,311,10,0.3,0.3,9,3,-2.8040590456053,0.04
6,2,0.2,341,10,0.3,0.3,9,3,-3.11644424937018,0.04
6,2,0.2,428,10,0.3,0.3,9,3,-3.3556819056146,0.04
6,2,0.2,460,10,0.3,0.3,9,3,-2.25996009359901,0.04
6,2,0.2,473,10,0.3,0.3,9,3,-2.19892867068094,0.04
6,2,0.2,13,10,0.3,0.3,9,3,-2.50258359801211,0.042
6,2,0.2,151,10,0.3,0.3,9,3,-2.5901467174892,0.042
6,2,0.2,162,10,0.3,0.3,9,3,-3.11838661780416,0.042
6,2,0.2,166,10,0.3,0.3,9,3,-2.43564258327697,0.042
6,2,0.2,218,10,0.3,0.3,9,3,-2.53200176350234,0.042
6,2,0.2,239,10,0.3,0.3,9,3,-3.09930147253235,0.042
6,2,0.2,274,10,0.3,0.3,9,3,-1.80004954609782,0.042
6,2,0.2,288,10,0.3,0.3,9,3,-2.02801647147734,0.042
6,2,0.2,312,10,0.3,0.3,9,3,-4.16390969269341,0.042
6,2,0.2,391,10,0.3,0.3,9,3,-2.37954551796136,0.042
6,2,0.2,406,10,0.3,0.3,9,3,-2.71000427177603,0.042
6,2,0.2,492,10,0.3,0.3,9,3,-2.74112473122187,0.042
6,2,0.2,8,10,0.3,0.3,9,3,-2.21333241805849,0.044
6,2,0.2,36,10,0.3,0.3,9,3,-3.18119846517828,0.044
6,2,0.2,54,10,0.3,0.3,9,3,-2.33053155978408,0.044
6,2,0.2,60,10,0.3,0.3,9,3,-1.61996597834715,0.044
6,2,0.2,73,10,0.3,0.3,9,3,-3.39204682713137,0.044
6,2,0.2,83,10,0.3,0.3,9,3,-2.66947551555347,0.044
6,2,0.2,86,10,0.3,0.3,9,3,-2.74184005360502,0.044
6,2,0.2,111,10,0.3,0.3,9,3,-2.42074696322487,0.044
6,2,0.2,276,10,0.3,0.3,9,3,-3.16919867293907,0.044
6,2,0.2,364,10,0.3,0.3,9,3,-3.63675236984656,0.044
6,2,0.2,399,10,0.3,0.3,9,3,-2.71271781862839,0.044
6,2,0.2,407,10,0.3,0.3,9,3,-2.17659302998015,0.044
6,2,0.2,474,10,0.3,0.3,9,3,-1.85769028723959,0.044
6,2,0.2,69,10,0.3,0.3,9,3,-3.11492727050475,0.046
6,2,0.2,150,10,0.3,0.3,9,3,-3.6061671618252,0.046
6,2,0.2,198,10,0.3,0.3,9,3,-2.29682601989953,0.046
6,2,0.2,236,10,0.3,0.3,9,3,-2.17482968087367,0.046
6,2,0.2,263,10,0.3,0.3,9,3,-2.69841764646887,0.046
6,2,0.2,331,10,0.3,0.3,9,3,-2.47367531865211,0.046
6,2,0.2,356,10,0.3,0.3,9,3,-2.85065317480451,0.046
6,2,0.2,415,10,0.3,0.3,9,3,-3.10210673745115,0.046
6,2,0.2,450,10,0.3,0.3,9,3,-2.80054883157177,0.046
6,2,0.2,455,10,0.3,0.3,9,3,-2.43373725518413,0.046
6,2,0.2,496,10,0.3,0.3,9,3,-1.79885707493295,0.046
6,2,0.2,61,10,0.3,0.3,9,3,-2.51839196913235,0.048
6,2,0.2,81,10,0.3,0.3,9,3,-3.07260133104987,0.048
6,2,0.2,82,10,0.3,0.3,9,3,-3.47725188990518,0.048
6,2,0.2,281,10,0.3,0.3,9,3,-1.93995839846073,0.048
6,2,0.2,307,10,0.3,0.3,9,3,-2.91013715220791,0.048
6,2,0.2,319,10,0.3,0.3,9,3,-3.55934404549103,0.048
6,2,0.2,337,10,0.3,0.3,9,3,-3.31555349144958,0.048
6,2,0.2,365,10,0.3,0.3,9,3,-1.96039274162581,0.048
6,2,0.2,383,10,0.3,0.3,9,3,-2.00960332050724,0.048
6,2,0.2,457,10,0.3,0.3,9,3,-2.78134431326401,0.048
6,2,0.2,464,10,0.3,0.3,9,3,-1.94773532446052,0.048
6,2,0.2,42,10,0.3,0.3,9,3,-3.14965979661807,0.05
6,2,0.2,70,10,0.3,0.3,9,3,-2.37056072624841,0.05
6,2,0.2,102,10,0.3,0.3,9,3,-1.95810275037567,0.05
6,2,0.2,135,10,0.3,0.3,9,3,-3.99232797265816,0.05
6,2,0.2,157,10,0.3,0.3,9,3,-3.90368669183914,0.05
6,2,0.2,216,10,0.3,0.3,9,3,-1.81252815594561,0.05
6,2,0.2,253,10,0.3,0.3,9,3,-3.31015018983436,0.05
6,2,0.2,266,10,0.3,0.3,9,3,-2.93440101069115,0.05
6,2,0.2,282,10,0.3,0.3,9,3,-3.76110018252416,0.05
6,2,0.2,283,10,0.3,0.3,9,3,-2.31042226840728,0.05
6,2,0.2,339,10,0.3,0.3,9,3,-2.66112810007013,0.05
6,2,0.2,367,10,0.3,0.3,9,3,-3.43366690465155,0.05
6,2,0.2,396,10,0.3,0.3,9,3,-2.60435552441567,0.05
6,2,0.2,471,10,0.3,0.3,9,3,-3.87828747397683,0.05
6,2,0.2,483,10,0.3,0.3,9,3,-2.65357314321457,0.05
6,2,0.2,488,10,0.3,0.3,9,3,-2.91550067225992,0.05
6,2,0.2,489,10,0.3,0.3,9,3,-3.37253079756042,0.05
6,2,0.2,84,10,0.3,0.3,9,3,-3.15253008834915,0.052
6,2,0.2,124,10,0.3,0.3,9,3,-2.51061113006941,0.052
6,2,0.2,153,10,0.3,0.3,9,3,-2.23478449972444,0.052
6,2,0.2,222,10,0.3,0.3,9,3,-3.05106090926472,0.052
6,2,0.2,258,10,0.3,0.3,9,3,-2.26000165774681,0.052
6,2,0.2,308,10,0.3,0.3,9,3,-2.85617333354787,0.052
6,2,0.2,390,10,0.3,0.3,9,3,-2.90209134701604,0.052
6,2,0.2,400,10,0.3,0.3,9,3,-3.22605734581904,0.052
6,2,0.2,431,10,0.3,0.3,9,3,-3.523780539911,0.052
6,2,0.2,27,10,0.3,0.3,9,3,-3.02498438546971,0.054
6,2,0.2,33,10,0.3,0.3,9,3,-1.89910768163136,0.054
6,2,0.2,64,10,0.3,0.3,9,3,-2.85388652879868,0.054
6,2,0.2,78,10,0.3,0.3,9,3,-3.300547286061,0.054
6,2,0.2,126,10,0.3,0.3,9,3,-3.27763295637169,0.054
6,2,0.2,164,10,0.3,0.3,9,3,-2.88734284763731,0.054
6,2,0.2,186,10,0.3,0.3,9,3,-2.67665869684285,0.054
6,2,0.2,202,10,0.3,0.3,9,3,-2.76470589558886,0.054
6,2,0.2,257,10,0.3,0.3,9,3,-3.62344619932276,0.054
6,2,0.2,333,10,0.3,0.3,9,3,-3.49927506777047,0.054
6,2,0.2,335,10,0.3,0.3,9,3,-4.00931104113201,0.054
6,2,0.2,380,10,0.3,0.3,9,3,-2.56236327657507,0.054
6,2,0.2,395,10,0.3,0.3,9,3,-2.40285427113969,0.054
6,2,0.2,435,10,0.3,0.3,9,3,-2.90536351024002,0.054
6,2,0.2,462,10,0.3,0.3,9,3,-3.19265395812468,0.054
6,2,0.2,487,10,0.3,0.3,9,3,-2.02113079426761,0.054
6,2,0.2,75,10,0.3,0.3,9,3,-1.99472313072488,0.056
6,2,0.2,91,10,0.3,0.3,9,3,-4.09569710330308,0.056
6,2,0.2,101,10,0.3,0.3,9,3,-2.33285401525222,0.056
6,2,0.2,105,10,0.3,0.3,9,3,-2.81768675335226,0.056
6,2,0.2,107,10,0.3,0.3,9,3,-2.64800050331431,0.056
6,2,0.2,163,10,0.3,0.3,9,3,-3.28940740864286,0.056
6,2,0.2,192,10,0.3,0.3,9,3,-1.79647386286243,0.056
6,2,0.2,296,10,0.3,0.3,9,3,-2.45239616559238,0.056
6,2,0.2,323,10,0.3,0.3,9,3,-3.27799635049291,0.056
6,2,0.2,327,10,0.3,0.3,9,3,-2.4605801578592,0.056
6,2,0.2,330,10,0.3,0.3,9,3,-2.26763985327099,0.056
6,2,0.2,353,10,0.3,0.3,9,3,-2.19867372377709,0.056
6,2,0.2,385,10,0.3,0.3,9,3,-4.34656536351761,0.056
6,2,0.2,500,10,0.3,0.3,9,3,-2.83898078311884,0.056
6,2,0.2,25,10,0.3,0.3,9,3,-1.9676224003411,0.058
6,2,0.2,59,10,0.3,0.3,9,3,-3.36408004436811,0.058
6,2,0.2,109,10,0.3,0.3,9,3,-2.00414555300208,0.058
6,2,0.2,128,10,0.3,0.3,9,3,-3.10040178388442,0.058
6,2,0.2,149,10,0.3,0.3,9,3,-2.62395272314194,0.058
6,2,0.2,181,10,0.3,0.3,9,3,-2.84466393782807,0.058
6,2,0.2,187,10,0.3,0.3,9,3,-2.49416325474874,0.058
6,2,0.2,200,10,0.3,0.3,9,3,-2.89133774884536,0.058
6,2,0.2,221,10,0.3,0.3,9,3,-3.07301379423561,0.058
6,2,0.2,242,10,0.3,0.3,9,3,-3.80647010413716,0.058
6,2,0.2,247,10,0.3,0.3,9,3,-2.96594092905113,0.058
6,2,0.2,300,10,0.3,0.3,9,3,-2.7743774611923,0.058
6,2,0.2,325,10,0.3,0.3,9,3,-3.43171778754817,0.058
6,2,0.2,402,10,0.3,0.3,9,3,-3.59363325985362,0.058
6,2,0.2,491,10,0.3,0.3,9,3,-1.9613164886581,0.058
6,2,0.2,46,10,0.3,0.3,9,3,-2.87227662253656,0.06
6,2,0.2,62,10,0.3,0.3,9,3,-2.00277599511585,0.06
6,2,0.2,117,10,0.3,0.3,9,3,-3.01592037516326,0.06
6,2,0.2,167,10,0.3,0.3,9,3,-3.78888860179737,0.06
6,2,0.2,191,10,0.3,0.3,9,3,-3.18048256256893,0.06
6,2,0.2,215,10,0.3,0.3,9,3,-2.36638961490803,0.06
6,2,0.2,366,10,0.3,0.3,9,3,-3.57465071659234,0.06
6,2,0.2,368,10,0.3,0.3,9,3,-2.24052285945032,0.06
6,2,0.2,379,10,0.3,0.3,9,3,-2.90251256927229,0.06
6,2,0.2,384,10,0.3,0.3,9,3,-3.60767337363245,0.06
6,2,0.2,388,10,0.3,0.3,9,3,-4.07361475461582,0.06
6,2,0.2,401,10,0.3,0.3,9,3,-3.12125094224524,0.06
6,2,0.2,403,10,0.3,0.3,9,3,-2.82331556660779,0.06
6,2,0.2,409,10,0.3,0.3,9,3,-2.56469603264193,0.06
6,2,0.2,410,10,0.3,0.3,9,3,-3.27698402841304,0.06
6,2,0.2,412,10,0.3,0.3,9,3,-2.63706328871103,0.06
6,2,0.2,445,10,0.3,0.3,9,3,-3.81725132244864,0.06
6,2,0.2,449,10,0.3,0.3,9,3,-2.87969559829051,0.06
6,2,0.2,21,10,0.3,0.3,9,3,-2.30575041548732,0.062
6,2,0.2,51,10,0.3,0.3,9,3,-2.78534912031273,0.062
6,2,0.2,100,10,0.3,0.3,9,3,-2.29738611600862,0.062
6,2,0.2,103,10,0.3,0.3,9,3,-2.59581061308825,0.062
6,2,0.2,132,10,0.3,0.3,9,3,-2.85571121880128,0.062
6,2,0.2,169,10,0.3,0.3,9,3,-2.26806831855473,0.062
6,2,0.2,174,10,0.3,0.3,9,3,-2.80837168730909,0.062
6,2,0.2,310,10,0.3,0.3,9,3,-2.59704917080555,0.062
6,2,0.2,320,10,0.3,0.3,9,3,-2.82659285631274,0.062
6,2,0.2,360,10,0.3,0.3,9,3,-2.80906997874811,0.062
6,2,0.2,362,10,0.3,0.3,9,3,-2.26755166158281,0.062
6,2,0.2,498,10,0.3,0.3,9,3,-1.63533202869348,0.062
6,2,0.2,22,10,0.3,0.3,9,3,-2.25569667012007,0.064
6,2,0.2,99,10,0.3,0.3,9,3,-1.76701629780271,0.064
6,2,0.2,195,10,0.3,0.3,9,3,-3.46531129909525,0.064
6,2,0.2,209,10,0.3,0.3,9,3,-2.92311691120119,0.064
6,2,0.2,240,10,0.3,0.3,9,3,-3.12896946774507,0.064
6,2,0.2,340,10,0.3,0.3,9,3,-2.65858486769275,0.064
6,2,0.2,371,10,0.3,0.3,9,3,-1.72651259415559,0.064
6,2,0.2,10,10,0.3,0.3,9,3,-2.35800192878636,0.066
6,2,0.2,35,10,0.3,0.3,9,3,-2.37059636510384,0.066
6,2,0.2,44,10,0.3,0.3,9,3,-2.77890593512862,0.066
6,2,0.2,155,10,0.3,0.3,9,3,-2.1465140734856,0.066
6,2,0.2,249,10,0.3,0.3,9,3,-3.09856606378037,0.066
6,2,0.2,270,10,0.3,0.3,9,3,-2.44866882920959,0.066
6,2,0.2,352,10,0.3,0.3,9,3,-2.694080948959,0.066
6,2,0.2,381,10,0.3,0.3,9,3,-2.82127089314235,0.066
6,2,0.2,398,10,0.3,0.3,9,3,-1.86019809376123,0.066
6,2,0.2,433,10,0.3,0.3,9,3,-1.86310160633957,0.066
6,2,0.2,80,10,0.3,0.3,9,3,-2.95868990097594,0.068
6,2,0.2,211,10,0.3,0.3,9,3,-2.16113843975009,0.068
6,2,0.2,317,10,0.3,0.3,9,3,-1.94992919524549,0.068
6,2,0.2,321,10,0.3,0.3,9,3,-3.62895010531233,0.068
6,2,0.2,480,10,0.3,0.3,9,3,-2.1175243606861,0.068
6,2,0.2,494,10,0.3,0.3,9,3,-2.84683469043983,0.068
6,2,0.2,208,10,0.3,0.3,9,3,-2.39187478748809,0.07
6,2,0.2,254,10,0.3,0.3,9,3,-2.65676196220079,0.07
6,2,0.2,302,10,0.3,0.3,9,3,-2.80657606082264,0.07
6,2,0.2,346,10,0.3,0.3,9,3,-3.67950716135866,0.07
6,2,0.2,405,10,0.3,0.3,9,3,-2.95375198796839,0.07
6,2,0.2,438,10,0.3,0.3,9,3,-2.47309128367166,0.07
6,2,0.2,20,10,0.3,0.3,9,3,-2.98503492493799,0.072
6,2,0.2,49,10,0.3,0.3,9,3,-3.48231487156787,0.072
6,2,0.2,170,10,0.3,0.3,9,3,-1.68257075067172,0.072
6,2,0.2,262,10,0.3,0.3,9,3,-2.64690312597472,0.072
6,2,0.2,322,10,0.3,0.3,9,3,-3.91702227827128,0.072
6,2,0.2,324,10,0.3,0.3,9,3,-2.44904496109879,0.072
6,2,0.2,413,10,0.3,0.3,9,3,-3.3710807164569,0.072
6,2,0.2,493,10,0.3,0.3,9,3,-1.90567310659796,0.072
6,2,0.2,499,10,0.3,0.3,9,3,-2.88222681509791,0.072
6,2,0.2,165,10,0.3,0.3,9,3,-3.16179005460663,0.074
6,2,0.2,238,10,0.3,0.3,9,3,-2.4922473430762,0.074
6,2,0.2,354,10,0.3,0.3,9,3,-1.97798911683097,0.074
6,2,0.2,89,10,0.3,0.3,9,3,-2.69175987665935,0.076
6,2,0.2,108,10,0.3,0.3,9,3,-2.85618078815267,0.076
6,2,0.2,343,10,0.3,0.3,9,3,-2.38034155287298,0.076
6,2,0.2,361,10,0.3,0.3,9,3,-1.59434536500279,0.078
6,2,0.2,72,10,0.3,0.3,9,3,-3.31115063007837,0.08
6,2,0.2,156,10,0.3,0.3,9,3,-3.18708353822294,0.08
6,2,0.2,451,10,0.3,0.3,9,3,-2.7384929308904,0.084
6,2,0.2,129,10,0.3,0.3,9,3,-2.56764577041164,0.086
6,2,0.2,172,10,0.3,0.3,9,3,-2.30267012922681,0.086
6,2,0.2,219,10,0.3,0.3,9,3,-1.82618628368672,0.086
6,2,0.2,344,10,0.3,0.3,9,3,-2.41578567564525,0.088
6,2,0.2,443,10,0.3,0.3,9,3,-2.08437139981723,0.088
6,2,0.2,345,10,0.3,0.3,9,3,-2.00726751294209,0.09
6,2,0.2,159,10,0.3,0.3,9,3,-1.4008553773231,0.092
6,2,0.2,285,10,0.3,0.3,9,3,-1.77979215408135,0.106
6,2,0.2,386,10,0.3,0.3,9,3,-1.90488555125688,0.114
6,2,0.2,148,10,0.3,0.3,9,3,-1.35651305633112,0.118
6,2,0.2,67,10,0.3,0.3,9,3,-1.72060326640715,0.13
6,2,0.2,252,10,0.3,0.3,9,3,-1.89282238904738,0.256
6,2,0.2,358,10,0.3,0.3,9,3,-1.97363210597891,0.276
6,2,0.2,23,10,0.3,0.3,9,3,-1.41265758228616,0.392
6,2,0.2,21,10,0.3,0.3,10,3,-3.44379969594223,0
6,2,0.2,65,10,0.3,0.3,10,3,-3.61327054004096,0
6,2,0.2,69,10,0.3,0.3,10,3,-2.13622724023844,0
6,2,0.2,105,10,0.3,0.3,10,3,-3.62567295369891,0
6,2,0.2,106,10,0.3,0.3,10,3,-3.47109487937968,0
6,2,0.2,143,10,0.3,0.3,10,3,-3.92512072878458,0
6,2,0.2,155,10,0.3,0.3,10,3,-3.82495241186083,0
6,2,0.2,162,10,0.3,0.3,10,3,-3.4278330456938,0
6,2,0.2,200,10,0.3,0.3,10,3,-3.65471768531577,0
6,2,0.2,253,10,0.3,0.3,10,3,-4.2387083909754,0
6,2,0.2,263,10,0.3,0.3,10,3,-2.80613137913559,0
6,2,0.2,271,10,0.3,0.3,10,3,-4.49610387469247,0
6,2,0.2,298,10,0.3,0.3,10,3,-3.54221157584396,0
6,2,0.2,307,10,0.3,0.3,10,3,-3.892465729203,0
6,2,0.2,311,10,0.3,0.3,10,3,-4.27840710870103,0
6,2,0.2,313,10,0.3,0.3,10,3,-3.28863513448309,0
6,2,0.2,377,10,0.3,0.3,10,3,-3.79975009287256,0
6,2,0.2,426,10,0.3,0.3,10,3,-3.65792957721942,0
6,2,0.2,450,10,0.3,0.3,10,3,-3.88985236364721,0
6,2,0.2,451,10,0.3,0.3,10,3,-4.71873924196268,0
6,2,0.2,466,10,0.3,0.3,10,3,-3.67487513035204,0
6,2,0.2,474,10,0.3,0.3,10,3,-4.30617070063019,0
6,2,0.2,484,10,0.3,0.3,10,3,-3.76918529484607,0
6,2,0.2,28,10,0.3,0.3,10,3,-3.2223857861963,0.002
6,2,0.2,48,10,0.3,0.3,10,3,-3.43817531908078,0.002
6,2,0.2,61,10,0.3,0.3,10,3,-3.54070199887127,0.002
6,2,0.2,139,10,0.3,0.3,10,3,-3.62872736973853,0.002
6,2,0.2,157,10,0.3,0.3,10,3,-3.46395034493415,0.002
6,2,0.2,158,10,0.3,0.3,10,3,-3.19165279466978,0.002
6,2,0.2,174,10,0.3,0.3,10,3,-3.28155900755871,0.002
6,2,0.2,175,10,0.3,0.3,10,3,-2.84819058441954,0.002
6,2,0.2,189,10,0.3,0.3,10,3,-3.53074887543224,0.002
6,2,0.2,197,10,0.3,0.3,10,3,-2.5425053290742,0.002
6,2,0.2,222,10,0.3,0.3,10,3,-3.60448560487072,0.002
6,2,0.2,224,10,0.3,0.3,10,3,-2.51228536354785,0.002
6,2,0.2,225,10,0.3,0.3,10,3,-2.70196090569496,0.002
6,2,0.2,237,10,0.3,0.3,10,3,-4.14076954813876,0.002
6,2,0.2,244,10,0.3,0.3,10,3,-2.59534133808651,0.002
6,2,0.2,251,10,0.3,0.3,10,3,-2.95920856477952,0.002
6,2,0.2,316,10,0.3,0.3,10,3,-3.31974452075906,0.002
6,2,0.2,331,10,0.3,0.3,10,3,-3.64046368689091,0.002
6,2,0.2,365,10,0.3,0.3,10,3,-3.71121176783961,0.002
6,2,0.2,378,10,0.3,0.3,10,3,-2.45469224812786,0.002
6,2,0.2,384,10,0.3,0.3,10,3,-3.77123898047884,0.002
6,2,0.2,387,10,0.3,0.3,10,3,-3.03579669754785,0.002
6,2,0.2,391,10,0.3,0.3,10,3,-5.03574893219164,0.002
6,2,0.2,404,10,0.3,0.3,10,3,-4.09968929553972,0.002
6,2,0.2,417,10,0.3,0.3,10,3,-3.82646156494346,0.002
6,2,0.2,429,10,0.3,0.3,10,3,-3.27249792872016,0.002
6,2,0.2,431,10,0.3,0.3,10,3,-2.91822968588954,0.002
6,2,0.2,461,10,0.3,0.3,10,3,-3.29718573886132,0.002
6,2,0.2,475,10,0.3,0.3,10,3,-3.7523800906541,0.002
6,2,0.2,491,10,0.3,0.3,10,3,-3.76242354043652,0.002
6,2,0.2,2,10,0.3,0.3,10,3,-3.37497676940657,0.004
6,2,0.2,10,10,0.3,0.3,10,3,-3.11879984203526,0.004
6,2,0.2,36,10,0.3,0.3,10,3,-2.9847318198785,0.004
6,2,0.2,40,10,0.3,0.3,10,3,-3.40109828065206,0.004
6,2,0.2,70,10,0.3,0.3,10,3,-3.54070455085528,0.004
6,2,0.2,74,10,0.3,0.3,10,3,-2.70812282715468,0.004
6,2,0.2,130,10,0.3,0.3,10,3,-4.2082483897336,0.004
6,2,0.2,202,10,0.3,0.3,10,3,-3.31953530619546,0.004
6,2,0.2,204,10,0.3,0.3,10,3,-3.23934864498446,0.004
6,2,0.2,207,10,0.3,0.3,10,3,-2.86223893818206,0.004
6,2,0.2,274,10,0.3,0.3,10,3,-3.43570632250032,0.004
6,2,0.2,283,10,0.3,0.3,10,3,-4.05002182178262,0.004
6,2,0.2,329,10,0.3,0.3,10,3,-2.45724527731957,0.004
6,2,0.2,335,10,0.3,0.3,10,3,-3.41366476467672,0.004
6,2,0.2,356,10,0.3,0.3,10,3,-2.71334982531693,0.004
6,2,0.2,361,10,0.3,0.3,10,3,-2.56167016174891,0.004
6,2,0.2,367,10,0.3,0.3,10,3,-3.62861988485994,0.004
6,2,0.2,422,10,0.3,0.3,10,3,-3.25647875925293,0.004
6,2,0.2,472,10,0.3,0.3,10,3,-4.67551036765408,0.004
6,2,0.2,477,10,0.3,0.3,10,3,-3.34568687028622,0.004
6,2,0.2,15,10,0.3,0.3,10,3,-4.02036931032251,0.006
6,2,0.2,57,10,0.3,0.3,10,3,-3.17237429287914,0.006
6,2,0.2,112,10,0.3,0.3,10,3,-3.55746308362941,0.006
6,2,0.2,118,10,0.3,0.3,10,3,-3.0623253019339,0.006
6,2,0.2,181,10,0.3,0.3,10,3,-2.5207447533453,0.006
6,2,0.2,191,10,0.3,0.3,10,3,-3.86547786711841,0.006
6,2,0.2,236,10,0.3,0.3,10,3,-2.79198468210299,0.006
6,2,0.2,269,10,0.3,0.3,10,3,-3.22563338837969,0.006
6,2,0.2,290,10,0.3,0.3,10,3,-4.46466150910234,0.006
6,2,0.2,293,10,0.3,0.3,10,3,-3.83396908933202,0.006
6,2,0.2,314,10,0.3,0.3,10,3,-3.71487573886742,0.006
6,2,0.2,411,10,0.3,0.3,10,3,-3.80118841344338,0.006
6,2,0.2,495,10,0.3,0.3,10,3,-2.72893082245861,0.006
6,2,0.2,496,10,0.3,0.3,10,3,-3.16272958305387,0.006
6,2,0.2,13,10,0.3,0.3,10,3,-3.64962628220195,0.008
6,2,0.2,26,10,0.3,0.3,10,3,-2.96474227160331,0.008
6,2,0.2,39,10,0.3,0.3,10,3,-2.82843201392765,0.008
6,2,0.2,95,10,0.3,0.3,10,3,-3.54129799444155,0.008
6,2,0.2,148,10,0.3,0.3,10,3,-3.64207194912711,0.008
6,2,0.2,153,10,0.3,0.3,10,3,-2.64038011805087,0.008
6,2,0.2,215,10,0.3,0.3,10,3,-4.1591698183596,0.008
6,2,0.2,218,10,0.3,0.3,10,3,-2.62690238570289,0.008
6,2,0.2,264,10,0.3,0.3,10,3,-3.53614308730758,0.008
6,2,0.2,266,10,0.3,0.3,10,3,-3.31709906357273,0.008
6,2,0.2,273,10,0.3,0.3,10,3,-2.51579394146253,0.008
6,2,0.2,286,10,0.3,0.3,10,3,-3.69786449839714,0.008
6,2,0.2,287,10,0.3,0.3,10,3,-3.27243724397334,0.008
6,2,0.2,288,10,0.3,0.3,10,3,-3.29792069657526,0.008
6,2,0.2,321,10,0.3,0.3,10,3,-2.72975671975834,0.008
6,2,0.2,352,10,0.3,0.3,10,3,-4.02860089183642,0.008
6,2,0.2,389,10,0.3,0.3,10,3,-3.33066967462679,0.008
6,2,0.2,413,10,0.3,0.3,10,3,-3.45769487254049,0.008
6,2,0.2,425,10,0.3,0.3,10,3,-3.74177278295767,0.008
6,2,0.2,455,10,0.3,0.3,10,3,-2.65094750647103,0.008
6,2,0.2,31,10,0.3,0.3,10,3,-2.1123053375845,0.01
6,2,0.2,44,10,0.3,0.3,10,3,-2.93089244542813,0.01
6,2,0.2,63,10,0.3,0.3,10,3,-3.30956303812806,0.01
6,2,0.2,72,10,0.3,0.3,10,3,-4.27916628106519,0.01
6,2,0.2,75,10,0.3,0.3,10,3,-3.06203799680944,0.01
6,2,0.2,96,10,0.3,0.3,10,3,-3.15611118246653,0.01
6,2,0.2,103,10,0.3,0.3,10,3,-4.44532910052084,0.01
6,2,0.2,119,10,0.3,0.3,10,3,-3.54695745302726,0.01
6,2,0.2,123,10,0.3,0.3,10,3,-3.7671282516603,0.01
6,2,0.2,125,10,0.3,0.3,10,3,-2.50972221019444,0.01
6,2,0.2,137,10,0.3,0.3,10,3,-3.01354625392267,0.01
6,2,0.2,183,10,0.3,0.3,10,3,-3.84784680266549,0.01
6,2,0.2,206,10,0.3,0.3,10,3,-3.76045709364172,0.01
6,2,0.2,226,10,0.3,0.3,10,3,-2.73656907220004,0.01
6,2,0.2,336,10,0.3,0.3,10,3,-1.83838307065901,0.01
6,2,0.2,368,10,0.3,0.3,10,3,-2.71729107343279,0.01
6,2,0.2,424,10,0.3,0.3,10,3,-2.91813870711698,0.01
6,2,0.2,434,10,0.3,0.3,10,3,-3.66054629676503,0.01
6,2,0.2,436,10,0.3,0.3,10,3,-4.10619707396285,0.01
6,2,0.2,457,10,0.3,0.3,10,3,-2.49870858950561,0.01
6,2,0.2,468,10,0.3,0.3,10,3,-3.24831041840579,0.01
6,2,0.2,486,10,0.3,0.3,10,3,-2.98813523536418,0.01
6,2,0.2,8,10,0.3,0.3,10,3,-2.7358756958821,0.012
6,2,0.2,22,10,0.3,0.3,10,3,-4.01782009947328,0.012
6,2,0.2,122,10,0.3,0.3,10,3,-2.03250839259996,0.012
6,2,0.2,136,10,0.3,0.3,10,3,-3.26543216279876,0.012
6,2,0.2,172,10,0.3,0.3,10,3,-3.0390332505531,0.012
6,2,0.2,186,10,0.3,0.3,10,3,-3.51107028330034,0.012
6,2,0.2,220,10,0.3,0.3,10,3,-3.29353833920828,0.012
6,2,0.2,267,10,0.3,0.3,10,3,-2.81304318751756,0.012
6,2,0.2,268,10,0.3,0.3,10,3,-3.16987891437802,0.012
6,2,0.2,277,10,0.3,0.3,10,3,-3.40481661351197,0.012
6,2,0.2,280,10,0.3,0.3,10,3,-2.86988264395686,0.012
6,2,0.2,295,10,0.3,0.3,10,3,-3.76869147333517,0.012
6,2,0.2,305,10,0.3,0.3,10,3,-3.73616359500838,0.012
6,2,0.2,320,10,0.3,0.3,10,3,-4.21965157881189,0.012
6,2,0.2,328,10,0.3,0.3,10,3,-2.87281371538214,0.012
6,2,0.2,345,10,0.3,0.3,10,3,-2.38048970057659,0.012
6,2,0.2,388,10,0.3,0.3,10,3,-3.1380739949395,0.012
6,2,0.2,456,10,0.3,0.3,10,3,-2.7586713435403,0.012
6,2,0.2,121,10,0.3,0.3,10,3,-2.5386443227427,0.014
6,2,0.2,164,10,0.3,0.3,10,3,-3.68263698461047,0.014
6,2,0.2,167,10,0.3,0.3,10,3,-4.22597410129208,0.014
6,2,0.2,173,10,0.3,0.3,10,3,-4.38233620611291,0.014
6,2,0.2,178,10,0.3,0.3,10,3,-2.80599106182106,0.014
6,2,0.2,179,10,0.3,0.3,10,3,-2.25259315283824,0.014
6,2,0.2,306,10,0.3,0.3,10,3,-3.18837010143145,0.014
6,2,0.2,339,10,0.3,0.3,10,3,-2.72990899065704,0.014
6,2,0.2,358,10,0.3,0.3,10,3,-4.16966950279695,0.014
6,2,0.2,374,10,0.3,0.3,10,3,-3.09029647879666,0.014
6,2,0.2,480,10,0.3,0.3,10,3,-4.02438031991113,0.014
6,2,0.2,490,10,0.3,0.3,10,3,-3.48403554550876,0.014
6,2,0.2,27,10,0.3,0.3,10,3,-3.19144462559089,0.016
6,2,0.2,49,10,0.3,0.3,10,3,-3.04728745471039,0.016
6,2,0.2,67,10,0.3,0.3,10,3,-4.09781477427384,0.016
6,2,0.2,87,10,0.3,0.3,10,3,-2.63246643324138,0.016
6,2,0.2,100,10,0.3,0.3,10,3,-2.90062573026719,0.016
6,2,0.2,111,10,0.3,0.3,10,3,-3.69941394586451,0.016
6,2,0.2,113,10,0.3,0.3,10,3,-2.80075854148745,0.016
6,2,0.2,160,10,0.3,0.3,10,3,-3.22430144081721,0.016
6,2,0.2,210,10,0.3,0.3,10,3,-4.46301104822481,0.016
6,2,0.2,239,10,0.3,0.3,10,3,-2.91049287717956,0.016
6,2,0.2,392,10,0.3,0.3,10,3,-3.36471626243693,0.016
6,2,0.2,402,10,0.3,0.3,10,3,-3.1480603813703,0.016
6,2,0.2,416,10,0.3,0.3,10,3,-3.22081061252453,0.016
6,2,0.2,440,10,0.3,0.3,10,3,-3.14406529921698,0.016
6,2,0.2,478,10,0.3,0.3,10,3,-3.23276931704481,0.016
6,2,0.2,488,10,0.3,0.3,10,3,-3.46384553832416,0.016
6,2,0.2,493,10,0.3,0.3,10,3,-2.5502154259338,0.016
6,2,0.2,89,10,0.3,0.3,10,3,-2.60981466988378,0.018
6,2,0.2,165,10,0.3,0.3,10,3,-3.28826323519985,0.018
6,2,0.2,201,10,0.3,0.3,10,3,-3.1370194391348,0.018
6,2,0.2,258,10,0.3,0.3,10,3,-2.01760919598897,0.018
6,2,0.2,479,10,0.3,0.3,10,3,-3.44698098388554,0.018
6,2,0.2,4,10,0.3,0.3,10,3,-2.63066043213553,0.02
6,2,0.2,131,10,0.3,0.3,10,3,-3.5414519648732,0.02
6,2,0.2,138,10,0.3,0.3,10,3,-2.46226570513412,0.02
6,2,0.2,185,10,0.3,0.3,10,3,-3.6431940927169,0.02
6,2,0.2,250,10,0.3,0.3,10,3,-2.47966201393962,0.02
6,2,0.2,325,10,0.3,0.3,10,3,-2.78809405946927,0.02
6,2,0.2,337,10,0.3,0.3,10,3,-3.83923607059253,0.02
6,2,0.2,354,10,0.3,0.3,10,3,-2.42538218964819,0.02
6,2,0.2,398,10,0.3,0.3,10,3,-2.88896120237817,0.02
6,2,0.2,492,10,0.3,0.3,10,3,-2.82940479134979,0.02
6,2,0.2,3,10,0.3,0.3,10,3,-2.8194037129787,0.022
6,2,0.2,102,10,0.3,0.3,10,3,-2.43665565569705,0.022
6,2,0.2,116,10,0.3,0.3,10,3,-2.33745836431987,0.022
6,2,0.2,151,10,0.3,0.3,10,3,-2.55757461965624,0.022
6,2,0.2,154,10,0.3,0.3,10,3,-3.03278902695845,0.022
6,2,0.2,161,10,0.3,0.3,10,3,-3.40435909224749,0.022
6,2,0.2,193,10,0.3,0.3,10,3,-2.8661305867497,0.022
6,2,0.2,208,10,0.3,0.3,10,3,-3.02724188812479,0.022
6,2,0.2,228,10,0.3,0.3,10,3,-3.63539558087265,0.022
6,2,0.2,233,10,0.3,0.3,10,3,-3.12647474279672,0.022
6,2,0.2,241,10,0.3,0.3,10,3,-3.01347681827065,0.022
6,2,0.2,255,10,0.3,0.3,10,3,-3.55542651616386,0.022
6,2,0.2,289,10,0.3,0.3,10,3,-3.47167191896443,0.022
6,2,0.2,303,10,0.3,0.3,10,3,-2.72121602927859,0.022
6,2,0.2,380,10,0.3,0.3,10,3,-2.81845662005568,0.022
6,2,0.2,382,10,0.3,0.3,10,3,-3.13492291849957,0.022
6,2,0.2,399,10,0.3,0.3,10,3,-3.39000831702205,0.022
6,2,0.2,410,10,0.3,0.3,10,3,-3.16738708352651,0.022
6,2,0.2,438,10,0.3,0.3,10,3,-3.22029227627215,0.022
6,2,0.2,494,10,0.3,0.3,10,3,-2.78652506516468,0.022
6,2,0.2,498,10,0.3,0.3,10,3,-2.5463127986587,0.022
6,2,0.2,80,10,0.3,0.3,10,3,-3.6489126190715,0.024
6,2,0.2,84,10,0.3,0.3,10,3,-2.4213766457211,0.024
6,2,0.2,98,10,0.3,0.3,10,3,-3.16846768763614,0.024
6,2,0.2,187,10,0.3,0.3,10,3,-3.02322454423987,0.024
6,2,0.2,194,10,0.3,0.3,10,3,-2.70987004774381,0.024
6,2,0.2,198,10,0.3,0.3,10,3,-2.15109863227948,0.024
6,2,0.2,212,10,0.3,0.3,10,3,-4.21913604685705,0.024
6,2,0.2,232,10,0.3,0.3,10,3,-3.2436905330668,0.024
6,2,0.2,257,10,0.3,0.3,10,3,-3.92456256760869,0.024
6,2,0.2,301,10,0.3,0.3,10,3,-3.09184238403603,0.024
6,2,0.2,322,10,0.3,0.3,10,3,-4.36624735390313,0.024
6,2,0.2,369,10,0.3,0.3,10,3,-2.12214789361568,0.024
6,2,0.2,460,10,0.3,0.3,10,3,-2.74762916625647,0.024
6,2,0.2,465,10,0.3,0.3,10,3,-2.65038525637976,0.024
6,2,0.2,1,10,0.3,0.3,10,3,-2.48043458304585,0.026
6,2,0.2,20,10,0.3,0.3,10,3,-3.67315969069409,0.026
6,2,0.2,29,10,0.3,0.3,10,3,-2.18214077820204,0.026
6,2,0.2,60,10,0.3,0.3,10,3,-2.45278587773009,0.026
6,2,0.2,66,10,0.3,0.3,10,3,-3.34942332138013,0.026
6,2,0.2,108,10,0.3,0.3,10,3,-2.62522845135106,0.026
6,2,0.2,171,10,0.3,0.3,10,3,-2.54328387741475,0.026
6,2,0.2,203,10,0.3,0.3,10,3,-3.66681868047269,0.026
6,2,0.2,344,10,0.3,0.3,10,3,-3.69660915259504,0.026
6,2,0.2,421,10,0.3,0.3,10,3,-2.96919132538309,0.026
6,2,0.2,443,10,0.3,0.3,10,3,-2.84516905864075,0.026
6,2,0.2,454,10,0.3,0.3,10,3,-4.29230477333428,0.026
6,2,0.2,458,10,0.3,0.3,10,3,-2.75859913352076,0.026
6,2,0.2,497,10,0.3,0.3,10,3,-3.3149448587227,0.026
6,2,0.2,6,10,0.3,0.3,10,3,-2.83983066661634,0.028
6,2,0.2,53,10,0.3,0.3,10,3,-1.79767045207782,0.028
6,2,0.2,73,10,0.3,0.3,10,3,-2.50704541898,0.028
6,2,0.2,170,10,0.3,0.3,10,3,-3.18857036091484,0.028
6,2,0.2,231,10,0.3,0.3,10,3,-3.32613533371836,0.028
6,2,0.2,238,10,0.3,0.3,10,3,-2.9881392014795,0.028
6,2,0.2,315,10,0.3,0.3,10,3,-3.44129254405533,0.028
6,2,0.2,395,10,0.3,0.3,10,3,-2.72262288804919,0.028
6,2,0.2,473,10,0.3,0.3,10,3,-1.90213173801206,0.028
6,2,0.2,482,10,0.3,0.3,10,3,-2.87547648613,0.028
6,2,0.2,47,10,0.3,0.3,10,3,-2.95233117891789,0.03
6,2,0.2,110,10,0.3,0.3,10,3,-3.32439985134374,0.03
6,2,0.2,115,10,0.3,0.3,10,3,-2.94333122153918,0.03
6,2,0.2,260,10,0.3,0.3,10,3,-2.9784166117779,0.03
6,2,0.2,292,10,0.3,0.3,10,3,-3.37933271331045,0.03
6,2,0.2,304,10,0.3,0.3,10,3,-2.25058347365044,0.03
6,2,0.2,353,10,0.3,0.3,10,3,-2.72594719163249,0.03
6,2,0.2,442,10,0.3,0.3,10,3,-3.66445185259045,0.03
6,2,0.2,462,10,0.3,0.3,10,3,-3.22467873394859,0.03
6,2,0.2,469,10,0.3,0.3,10,3,-3.41478324109372,0.03
6,2,0.2,471,10,0.3,0.3,10,3,-4.63630955504084,0.03
6,2,0.2,64,10,0.3,0.3,10,3,-3.18110761954719,0.032
6,2,0.2,83,10,0.3,0.3,10,3,-2.7252557004656,0.032
6,2,0.2,168,10,0.3,0.3,10,3,-3.00451436479105,0.032
6,2,0.2,177,10,0.3,0.3,10,3,-2.28491347596912,0.032
6,2,0.2,217,10,0.3,0.3,10,3,-2.61703947469564,0.032
6,2,0.2,243,10,0.3,0.3,10,3,-2.27526150881764,0.032
6,2,0.2,249,10,0.3,0.3,10,3,-3.22997401281091,0.032
6,2,0.2,366,10,0.3,0.3,10,3,-3.45750046876978,0.032
6,2,0.2,432,10,0.3,0.3,10,3,-2.94283527567788,0.032
6,2,0.2,51,10,0.3,0.3,10,3,-3.20944158059643,0.034
6,2,0.2,76,10,0.3,0.3,10,3,-2.78845940511758,0.034
6,2,0.2,188,10,0.3,0.3,10,3,-1.99166263074423,0.034
6,2,0.2,213,10,0.3,0.3,10,3,-2.42401319189989,0.034
6,2,0.2,334,10,0.3,0.3,10,3,-2.62975908318361,0.034
6,2,0.2,343,10,0.3,0.3,10,3,-1.92829109112878,0.034
6,2,0.2,370,10,0.3,0.3,10,3,-2.83823059082272,0.034
6,2,0.2,381,10,0.3,0.3,10,3,-3.47711025525686,0.034
6,2,0.2,415,10,0.3,0.3,10,3,-2.71572656127779,0.034
6,2,0.2,481,10,0.3,0.3,10,3,-2.61100781625228,0.034
6,2,0.2,17,10,0.3,0.3,10,3,-2.74081485105052,0.036
6,2,0.2,24,10,0.3,0.3,10,3,-2.97462819363983,0.036
6,2,0.2,81,10,0.3,0.3,10,3,-3.39268253865296,0.036
6,2,0.2,117,10,0.3,0.3,10,3,-3.45662689608551,0.036
6,2,0.2,145,10,0.3,0.3,10,3,-3.08791600993851,0.036
6,2,0.2,199,10,0.3,0.3,10,3,-3.6957451570205,0.036
6,2,0.2,299,10,0.3,0.3,10,3,-2.96326923789098,0.036
6,2,0.2,308,10,0.3,0.3,10,3,-2.50096747062565,0.036
6,2,0.2,385,10,0.3,0.3,10,3,-3.15814733356424,0.036
6,2,0.2,437,10,0.3,0.3,10,3,-2.94787389303463,0.036
6,2,0.2,37,10,0.3,0.3,10,3,-3.03910296074139,0.038
6,2,0.2,54,10,0.3,0.3,10,3,-2.6959450931538,0.038
6,2,0.2,127,10,0.3,0.3,10,3,-3.41361493157342,0.038
6,2,0.2,327,10,0.3,0.3,10,3,-2.40048202242451,0.038
6,2,0.2,332,10,0.3,0.3,10,3,-2.58117044607781,0.038
6,2,0.2,341,10,0.3,0.3,10,3,-1.52426513109066,0.038
6,2,0.2,351,10,0.3,0.3,10,3,-3.09150503765085,0.038
6,2,0.2,393,10,0.3,0.3,10,3,-2.77047504000856,0.038
6,2,0.2,428,10,0.3,0.3,10,3,-3.15269073605344,0.038
6,2,0.2,470,10,0.3,0.3,10,3,-2.29329522856452,0.038
6,2,0.2,500,10,0.3,0.3,10,3,-3.88918659275052,0.038
6,2,0.2,33,10,0.3,0.3,10,3,-2.56463467142868,0.04
6,2,0.2,56,10,0.3,0.3,10,3,-3.02682019784663,0.04
6,2,0.2,120,10,0.3,0.3,10,3,-2.70748544722994,0.04
6,2,0.2,340,10,0.3,0.3,10,3,-3.35001433456011,0.04
6,2,0.2,396,10,0.3,0.3,10,3,-2.18602083420205,0.04
6,2,0.2,427,10,0.3,0.3,10,3,-1.94456571388389,0.04
6,2,0.2,453,10,0.3,0.3,10,3,-3.64163892457555,0.04
6,2,0.2,467,10,0.3,0.3,10,3,-1.7761599043728,0.04
6,2,0.2,32,10,0.3,0.3,10,3,-2.12449902020776,0.042
6,2,0.2,135,10,0.3,0.3,10,3,-2.59453190131794,0.042
6,2,0.2,152,10,0.3,0.3,10,3,-2.03939929510105,0.042
6,2,0.2,221,10,0.3,0.3,10,3,-3.13853885743254,0.042
6,2,0.2,296,10,0.3,0.3,10,3,-1.984418287284,0.042
6,2,0.2,302,10,0.3,0.3,10,3,-3.2055971232765,0.042
6,2,0.2,326,10,0.3,0.3,10,3,-3.746966268747,0.042
6,2,0.2,333,10,0.3,0.3,10,3,-2.41125711680681,0.042
6,2,0.2,407,10,0.3,0.3,10,3,-2.44074904224351,0.042
6,2,0.2,441,10,0.3,0.3,10,3,-2.66518943373475,0.042
6,2,0.2,79,10,0.3,0.3,10,3,-2.36903217584216,0.044
6,2,0.2,86,10,0.3,0.3,10,3,-3.0337405928648,0.044
6,2,0.2,99,10,0.3,0.3,10,3,-2.79855063774892,0.044
6,2,0.2,126,10,0.3,0.3,10,3,-2.87652329691201,0.044
6,2,0.2,142,10,0.3,0.3,10,3,-4.20923187747718,0.044
6,2,0.2,235,10,0.3,0.3,10,3,-2.87843105615494,0.044
6,2,0.2,245,10,0.3,0.3,10,3,-2.43696030699243,0.044
6,2,0.2,282,10,0.3,0.3,10,3,-3.05911523434625,0.044
6,2,0.2,317,10,0.3,0.3,10,3,-3.06430602496093,0.044
6,2,0.2,355,10,0.3,0.3,10,3,-1.81970559327095,0.044
6,2,0.2,360,10,0.3,0.3,10,3,-2.38244482063476,0.044
6,2,0.2,412,10,0.3,0.3,10,3,-2.48191566228081,0.044
6,2,0.2,34,10,0.3,0.3,10,3,-2.57918472517463,0.046
6,2,0.2,50,10,0.3,0.3,10,3,-3.32563810487542,0.046
6,2,0.2,55,10,0.3,0.3,10,3,-3.44989909421389,0.046
6,2,0.2,91,10,0.3,0.3,10,3,-1.74644836720918,0.046
6,2,0.2,92,10,0.3,0.3,10,3,-2.92706371823945,0.046
6,2,0.2,132,10,0.3,0.3,10,3,-2.56574487224978,0.046
6,2,0.2,140,10,0.3,0.3,10,3,-3.61323514940105,0.046
6,2,0.2,146,10,0.3,0.3,10,3,-2.96276921823502,0.046
6,2,0.2,190,10,0.3,0.3,10,3,-2.67404129393776,0.046
6,2,0.2,223,10,0.3,0.3,10,3,-3.21341370068134,0.046
6,2,0.2,262,10,0.3,0.3,10,3,-1.65377280315266,0.046
6,2,0.2,350,10,0.3,0.3,10,3,-2.77593216621455,0.046
6,2,0.2,390,10,0.3,0.3,10,3,-3.25585326511305,0.046
6,2,0.2,406,10,0.3,0.3,10,3,-2.65495622037892,0.046
6,2,0.2,439,10,0.3,0.3,10,3,-2.58276947546827,0.046
6,2,0.2,452,10,0.3,0.3,10,3,-2.72366354048884,0.046
6,2,0.2,483,10,0.3,0.3,10,3,-2.60548100937467,0.046
6,2,0.2,43,10,0.3,0.3,10,3,-1.47199565835314,0.048
6,2,0.2,62,10,0.3,0.3,10,3,-2.87868174881345,0.048
6,2,0.2,77,10,0.3,0.3,10,3,-3.13165990090297,0.048
6,2,0.2,129,10,0.3,0.3,10,3,-3.59483928167708,0.048
6,2,0.2,254,10,0.3,0.3,10,3,-2.00194820703788,0.048
6,2,0.2,265,10,0.3,0.3,10,3,-4.00350394662843,0.048
6,2,0.2,284,10,0.3,0.3,10,3,-3.07511016909854,0.048
6,2,0.2,285,10,0.3,0.3,10,3,-3.37607951068696,0.048
6,2,0.2,324,10,0.3,0.3,10,3,-2.70884189603464,0.048
6,2,0.2,330,10,0.3,0.3,10,3,-2.65098812358369,0.048
6,2,0.2,338,10,0.3,0.3,10,3,-2.32226867283927,0.048
6,2,0.2,349,10,0.3,0.3,10,3,-2.59200328562056,0.048
6,2,0.2,379,10,0.3,0.3,10,3,-2.32958248492685,0.048
6,2,0.2,445,10,0.3,0.3,10,3,-2.41171918979649,0.048
6,2,0.2,447,10,0.3,0.3,10,3,-2.36439365568563,0.048
6,2,0.2,38,10,0.3,0.3,10,3,-2.9840569860522,0.05
6,2,0.2,41,10,0.3,0.3,10,3,-3.19330581523315,0.05
6,2,0.2,52,10,0.3,0.3,10,3,-2.81808139539834,0.05
6,2,0.2,71,10,0.3,0.3,10,3,-1.78444367115236,0.05
6,2,0.2,88,10,0.3,0.3,10,3,-2.95571998889324,0.05
6,2,0.2,166,10,0.3,0.3,10,3,-2.82592232512886,0.05
6,2,0.2,227,10,0.3,0.3,10,3,-3.12351807629585,0.05
6,2,0.2,230,10,0.3,0.3,10,3,-4.22256932787863,0.05
6,2,0.2,246,10,0.3,0.3,10,3,-2.69432357846915,0.05
6,2,0.2,247,10,0.3,0.3,10,3,-4.57063034964526,0.05
6,2,0.2,276,10,0.3,0.3,10,3,-2.99830367731258,0.05
6,2,0.2,373,10,0.3,0.3,10,3,-2.72594067251285,0.05
6,2,0.2,397,10,0.3,0.3,10,3,-2.28509079191886,0.05
6,2,0.2,446,10,0.3,0.3,10,3,-3.83648982409244,0.05
6,2,0.2,7,10,0.3,0.3,10,3,-1.97630078565408,0.052
6,2,0.2,16,10,0.3,0.3,10,3,-3.17047985166744,0.052
6,2,0.2,46,10,0.3,0.3,10,3,-2.90324417912444,0.052
6,2,0.2,90,10,0.3,0.3,10,3,-2.41251335301064,0.052
6,2,0.2,114,10,0.3,0.3,10,3,-2.776166123998,0.052
6,2,0.2,128,10,0.3,0.3,10,3,-2.33998381982636,0.052
6,2,0.2,133,10,0.3,0.3,10,3,-3.02682090352246,0.052
6,2,0.2,144,10,0.3,0.3,10,3,-1.29616366764932,0.052
6,2,0.2,195,10,0.3,0.3,10,3,-3.11139916446578,0.052
6,2,0.2,272,10,0.3,0.3,10,3,-2.233195717429,0.052
6,2,0.2,278,10,0.3,0.3,10,3,-3.06151555599379,0.052
6,2,0.2,279,10,0.3,0.3,10,3,-2.79864651883906,0.052
6,2,0.2,281,10,0.3,0.3,10,3,-3.06100129421623,0.052
6,2,0.2,310,10,0.3,0.3,10,3,-2.94358729226369,0.052
6,2,0.2,348,10,0.3,0.3,10,3,-2.52883584079427,0.052
6,2,0.2,371,10,0.3,0.3,10,3,-2.89728213510591,0.052
6,2,0.2,375,10,0.3,0.3,10,3,-2.58239483703619,0.052
6,2,0.2,419,10,0.3,0.3,10,3,-2.57180487218054,0.052
6,2,0.2,433,10,0.3,0.3,10,3,-2.78978022093332,0.052
6,2,0.2,435,10,0.3,0.3,10,3,-2.77969967805942,0.052
6,2,0.2,459,10,0.3,0.3,10,3,-3.14376778679181,0.052
6,2,0.2,487,10,0.3,0.3,10,3,-3.56157654808263,0.052
6,2,0.2,18,10,0.3,0.3,10,3,-3.00686616919589,0.054
6,2,0.2,30,10,0.3,0.3,10,3,-2.59483969224337,0.054
6,2,0.2,42,10,0.3,0.3,10,3,-2.1194989488632,0.054
6,2,0.2,45,10,0.3,0.3,10,3,-3.08370005020609,0.054
6,2,0.2,93,10,0.3,0.3,10,3,-2.9295287325142,0.054
6,2,0.2,97,10,0.3,0.3,10,3,-2.23982734715898,0.054
6,2,0.2,134,10,0.3,0.3,10,3,-2.6965024091931,0.054
6,2,0.2,211,10,0.3,0.3,10,3,-1.74655383561026,0.054
6,2,0.2,234,10,0.3,0.3,10,3,-3.07903458271841,0.054
6,2,0.2,248,10,0.3,0.3,10,3,-2.31752037827442,0.054
6,2,0.2,259,10,0.3,0.3,10,3,-2.56736238733666,0.054
6,2,0.2,418,10,0.3,0.3,10,3,-2.70939658800893,0.054
6,2,0.2,463,10,0.3,0.3,10,3,-1.70447101299814,0.054
6,2,0.2,68,10,0.3,0.3,10,3,-2.44816787464467,0.056
6,2,0.2,85,10,0.3,0.3,10,3,-1.9993716420737,0.056
6,2,0.2,94,10,0.3,0.3,10,3,-2.99961044226964,0.056
6,2,0.2,149,10,0.3,0.3,10,3,-3.07995979252269,0.056
6,2,0.2,150,10,0.3,0.3,10,3,-2.23763964096139,0.056
6,2,0.2,156,10,0.3,0.3,10,3,-2.97990810216132,0.056
6,2,0.2,176,10,0.3,0.3,10,3,-2.95807289137198,0.056
6,2,0.2,252,10,0.3,0.3,10,3,-2.36835921038525,0.056
6,2,0.2,319,10,0.3,0.3,10,3,-3.61712605808503,0.056
6,2,0.2,362,10,0.3,0.3,10,3,-2.56135917835871,0.056
6,2,0.2,409,10,0.3,0.3,10,3,-2.01044091068991,0.056
6,2,0.2,476,10,0.3,0.3,10,3,-2.67740565540026,0.056
6,2,0.2,499,10,0.3,0.3,10,3,-1.97309578488816,0.056
6,2,0.2,9,10,0.3,0.3,10,3,-1.46438936047957,0.058
6,2,0.2,101,10,0.3,0.3,10,3,-3.23605170524209,0.058
6,2,0.2,270,10,0.3,0.3,10,3,-2.09827553839816,0.058
6,2,0.2,423,10,0.3,0.3,10,3,-3.37788816997627,0.058
6,2,0.2,5,10,0.3,0.3,10,3,-2.37067356509741,0.06
6,2,0.2,109,10,0.3,0.3,10,3,-2.80277825889178,0.06
6,2,0.2,169,10,0.3,0.3,10,3,-2.293600905239,0.06
6,2,0.2,318,10,0.3,0.3,10,3,-3.38916038788395,0.06
6,2,0.2,323,10,0.3,0.3,10,3,-2.32944061839456,0.06
6,2,0.2,346,10,0.3,0.3,10,3,-2.53805214322915,0.06
6,2,0.2,347,10,0.3,0.3,10,3,-3.04462245550204,0.06
6,2,0.2,400,10,0.3,0.3,10,3,-3.45513780592688,0.06
6,2,0.2,401,10,0.3,0.3,10,3,-2.7128312395933,0.06
6,2,0.2,405,10,0.3,0.3,10,3,-2.88855620541804,0.06
6,2,0.2,448,10,0.3,0.3,10,3,-2.18046481707009,0.06
6,2,0.2,25,10,0.3,0.3,10,3,-2.52278250631136,0.062
6,2,0.2,35,10,0.3,0.3,10,3,-2.95280745894848,0.062
6,2,0.2,163,10,0.3,0.3,10,3,-2.75902073796047,0.062
6,2,0.2,180,10,0.3,0.3,10,3,-2.46302198538393,0.062
6,2,0.2,192,10,0.3,0.3,10,3,-2.98401694683653,0.062
6,2,0.2,196,10,0.3,0.3,10,3,-2.49004532924081,0.062
6,2,0.2,256,10,0.3,0.3,10,3,-3.14850089273634,0.062
6,2,0.2,420,10,0.3,0.3,10,3,-2.1122564539213,0.062
6,2,0.2,489,10,0.3,0.3,10,3,-3.45916017409652,0.062
6,2,0.2,12,10,0.3,0.3,10,3,-2.91644534608938,0.064
6,2,0.2,124,10,0.3,0.3,10,3,-2.86425228484796,0.064
6,2,0.2,242,10,0.3,0.3,10,3,-2.50519840500328,0.064
6,2,0.2,414,10,0.3,0.3,10,3,-2.58912708655203,0.064
6,2,0.2,449,10,0.3,0.3,10,3,-3.47629027731062,0.064
6,2,0.2,485,10,0.3,0.3,10,3,-2.57443726641148,0.064
6,2,0.2,11,10,0.3,0.3,10,3,-1.7514261330297,0.066
6,2,0.2,58,10,0.3,0.3,10,3,-2.15581895047291,0.066
6,2,0.2,182,10,0.3,0.3,10,3,-2.23941921615796,0.066
6,2,0.2,229,10,0.3,0.3,10,3,-3.36721855443051,0.066
6,2,0.2,291,10,0.3,0.3,10,3,-3.02484097930417,0.066
6,2,0.2,294,10,0.3,0.3,10,3,-2.61026362006919,0.066
6,2,0.2,372,10,0.3,0.3,10,3,-2.00668993946212,0.066
6,2,0.2,14,10,0.3,0.3,10,3,-4.09026362929822,0.068
6,2,0.2,19,10,0.3,0.3,10,3,-2.11067694983245,0.068
6,2,0.2,159,10,0.3,0.3,10,3,-2.89295251546963,0.068
6,2,0.2,312,10,0.3,0.3,10,3,-1.77547070901556,0.068
6,2,0.2,430,10,0.3,0.3,10,3,-2.18391344034663,0.068
6,2,0.2,444,10,0.3,0.3,10,3,-2.32699041765164,0.068
6,2,0.2,147,10,0.3,0.3,10,3,-2.7084367529302,0.07
6,2,0.2,216,10,0.3,0.3,10,3,-2.37321961349397,0.07
6,2,0.2,403,10,0.3,0.3,10,3,-2.31064911060474,0.07
6,2,0.2,408,10,0.3,0.3,10,3,-2.79106030632482,0.07
6,2,0.2,464,10,0.3,0.3,10,3,-3.11411132428574,0.07
6,2,0.2,219,10,0.3,0.3,10,3,-2.2583201526044,0.072
6,2,0.2,240,10,0.3,0.3,10,3,-1.84453626214662,0.072
6,2,0.2,359,10,0.3,0.3,10,3,-2.80994142071546,0.072
6,2,0.2,342,10,0.3,0.3,10,3,-2.85085036704982,0.074
6,2,0.2,59,10,0.3,0.3,10,3,-2.25666508041721,0.076
6,2,0.2,357,10,0.3,0.3,10,3,-3.14616075152435,0.076
6,2,0.2,104,10,0.3,0.3,10,3,-3.09674364147196,0.078
6,2,0.2,394,10,0.3,0.3,10,3,-1.75005636812995,0.078
6,2,0.2,107,10,0.3,0.3,10,3,-2.03201646678676,0.08
6,2,0.2,141,10,0.3,0.3,10,3,-1.86843954953943,0.08
6,2,0.2,309,10,0.3,0.3,10,3,-2.25069448365238,0.08
6,2,0.2,363,10,0.3,0.3,10,3,-1.430806450049,0.08
6,2,0.2,383,10,0.3,0.3,10,3,-2.30583819228863,0.08
6,2,0.2,78,10,0.3,0.3,10,3,-1.54539685882202,0.082
6,2,0.2,205,10,0.3,0.3,10,3,-2.36182797401634,0.082
6,2,0.2,297,10,0.3,0.3,10,3,-1.84751197060473,0.082
6,2,0.2,300,10,0.3,0.3,10,3,-1.44175105169487,0.082
6,2,0.2,214,10,0.3,0.3,10,3,-2.64741986511365,0.084
6,2,0.2,261,10,0.3,0.3,10,3,-1.8840733691041,0.084
6,2,0.2,364,10,0.3,0.3,10,3,-2.01954159833767,0.084
6,2,0.2,386,10,0.3,0.3,10,3,-2.49507041093599,0.09
6,2,0.2,275,10,0.3,0.3,10,3,-2.31079478601885,0.092
6,2,0.2,82,10,0.3,0.3,10,3,-1.84126434516142,0.094
6,2,0.2,376,10,0.3,0.3,10,3,-1.75367216836668,0.094
6,2,0.2,184,10,0.3,0.3,10,3,-1.27407695091654,0.098
6,2,0.2,209,10,0.3,0.3,10,3,-2.10849887065652,0.108
6,2,0.2,23,10,0.3,0.3,10,3,-1.85663861651366,0.12
6,2,0.2,99,10,0.3,0.3,11,3,-2.14529911853063,0
6,2,0.2,102,10,0.3,0.3,11,3,-3.28536776314959,0
6,2,0.2,103,10,0.3,0.3,11,3,-2.95235823037518,0
6,2,0.2,161,10,0.3,0.3,11,3,-4.23944309230467,0
6,2,0.2,171,10,0.3,0.3,11,3,-4.26096515597311,0
6,2,0.2,199,10,0.3,0.3,11,3,-3.66141689666065,0
6,2,0.2,219,10,0.3,0.3,11,3,-3.26799549945105,0
6,2,0.2,222,10,0.3,0.3,11,3,-3.79797819725403,0
6,2,0.2,246,10,0.3,0.3,11,3,-3.87848737848023,0
6,2,0.2,250,10,0.3,0.3,11,3,-3.97901984722449,0
6,2,0.2,313,10,0.3,0.3,11,3,-3.70858033859042,0
6,2,0.2,339,10,0.3,0.3,11,3,-3.59972193625617,0
6,2,0.2,346,10,0.3,0.3,11,3,-3.40628164154347,0
6,2,0.2,351,10,0.3,0.3,11,3,-3.79399965451023,0
6,2,0.2,362,10,0.3,0.3,11,3,-3.62512884782763,0
6,2,0.2,393,10,0.3,0.3,11,3,-3.74488566238688,0
6,2,0.2,403,10,0.3,0.3,11,3,-2.65260754431424,0
6,2,0.2,464,10,0.3,0.3,11,3,-2.77926093328389,0
6,2,0.2,24,10,0.3,0.3,11,3,-3.30830139208476,0.002
6,2,0.2,31,10,0.3,0.3,11,3,-3.41448847725749,0.002
6,2,0.2,32,10,0.3,0.3,11,3,-3.5290654550254,0.002
6,2,0.2,40,10,0.3,0.3,11,3,-2.32562370719242,0.002
6,2,0.2,42,10,0.3,0.3,11,3,-2.60143548969756,0.002
6,2,0.2,45,10,0.3,0.3,11,3,-3.28936767380148,0.002
6,2,0.2,52,10,0.3,0.3,11,3,-4.06565196268232,0.002
6,2,0.2,81,10,0.3,0.3,11,3,-3.04561181153511,0.002
6,2,0.2,90,10,0.3,0.3,11,3,-4.2255615405987,0.002
6,2,0.2,91,10,0.3,0.3,11,3,-3.9259448863499,0.002
6,2,0.2,140,10,0.3,0.3,11,3,-4.17981833231036,0.002
6,2,0.2,168,10,0.3,0.3,11,3,-3.04590815318176,0.002
6,2,0.2,185,10,0.3,0.3,11,3,-3.66170225476714,0.002
6,2,0.2,191,10,0.3,0.3,11,3,-3.1751688919621,0.002
6,2,0.2,198,10,0.3,0.3,11,3,-3.61510823737902,0.002
6,2,0.2,202,10,0.3,0.3,11,3,-3.73442268276574,0.002
6,2,0.2,208,10,0.3,0.3,11,3,-3.18036734661882,0.002
6,2,0.2,211,10,0.3,0.3,11,3,-3.25856253414713,0.002
6,2,0.2,220,10,0.3,0.3,11,3,-2.3036210168255,0.002
6,2,0.2,240,10,0.3,0.3,11,3,-3.26924383336291,0.002
6,2,0.2,258,10,0.3,0.3,11,3,-3.5915265738866,0.002
6,2,0.2,281,10,0.3,0.3,11,3,-3.77811454973661,0.002
6,2,0.2,289,10,0.3,0.3,11,3,-3.37041364322377,0.002
6,2,0.2,298,10,0.3,0.3,11,3,-4.32607932504689,0.002
6,2,0.2,315,10,0.3,0.3,11,3,-3.93618706963886,0.002
6,2,0.2,355,10,0.3,0.3,11,3,-4.22304504988435,0.002
6,2,0.2,375,10,0.3,0.3,11,3,-2.6652177772954,0.002
6,2,0.2,376,10,0.3,0.3,11,3,-3.18743568669007,0.002
6,2,0.2,387,10,0.3,0.3,11,3,-4.13820505719707,0.002
6,2,0.2,411,10,0.3,0.3,11,3,-4.09822806283512,0.002
6,2,0.2,447,10,0.3,0.3,11,3,-3.27102500995181,0.002
6,2,0.2,457,10,0.3,0.3,11,3,-2.57625971413171,0.002
6,2,0.2,44,10,0.3,0.3,11,3,-2.83659528646788,0.004
6,2,0.2,78,10,0.3,0.3,11,3,-4.25261675300189,0.004
6,2,0.2,108,10,0.3,0.3,11,3,-3.72947400962943,0.004
6,2,0.2,127,10,0.3,0.3,11,3,-4.4877169349657,0.004
6,2,0.2,133,10,0.3,0.3,11,3,-3.62287842754679,0.004
6,2,0.2,160,10,0.3,0.3,11,3,-2.89022077022764,0.004
6,2,0.2,165,10,0.3,0.3,11,3,-2.88673438729711,0.004
6,2,0.2,172,10,0.3,0.3,11,3,-3.84773247368145,0.004
6,2,0.2,186,10,0.3,0.3,11,3,-3.23940016352879,0.004
6,2,0.2,264,10,0.3,0.3,11,3,-3.84786970042768,0.004
6,2,0.2,276,10,0.3,0.3,11,3,-3.08325637612216,0.004
6,2,0.2,300,10,0.3,0.3,11,3,-3.74406227681035,0.004
6,2,0.2,305,10,0.3,0.3,11,3,-2.66660110319151,0.004
6,2,0.2,319,10,0.3,0.3,11,3,-4.47970464960414,0.004
6,2,0.2,320,10,0.3,0.3,11,3,-3.03210746496649,0.004
6,2,0.2,353,10,0.3,0.3,11,3,-3.38859189296031,0.004
6,2,0.2,354,10,0.3,0.3,11,3,-2.88766332296606,0.004
6,2,0.2,361,10,0.3,0.3,11,3,-3.819305012038,0.004
6,2,0.2,370,10,0.3,0.3,11,3,-3.766868064585,0.004
6,2,0.2,379,10,0.3,0.3,11,3,-2.55910069340666,0.004
6,2,0.2,389,10,0.3,0.3,11,3,-3.17010706650271,0.004
6,2,0.2,395,10,0.3,0.3,11,3,-3.00943741619787,0.004
6,2,0.2,446,10,0.3,0.3,11,3,-2.75185992243198,0.004
6,2,0.2,449,10,0.3,0.3,11,3,-3.11659117603443,0.004
6,2,0.2,465,10,0.3,0.3,11,3,-4.08710988560952,0.004
6,2,0.2,10,10,0.3,0.3,11,3,-4.20348828165578,0.006
6,2,0.2,34,10,0.3,0.3,11,3,-3.57906589855952,0.006
6,2,0.2,88,10,0.3,0.3,11,3,-2.69245668563369,0.006
6,2,0.2,94,10,0.3,0.3,11,3,-3.76499954909647,0.006
6,2,0.2,125,10,0.3,0.3,11,3,-3.19902892987835,0.006
6,2,0.2,156,10,0.3,0.3,11,3,-2.47534025620388,0.006
6,2,0.2,180,10,0.3,0.3,11,3,-3.32262562416909,0.006
6,2,0.2,189,10,0.3,0.3,11,3,-2.58285568557895,0.006
6,2,0.2,260,10,0.3,0.3,11,3,-3.38897911317298,0.006
6,2,0.2,274,10,0.3,0.3,11,3,-4.27549006494803,0.006
6,2,0.2,278,10,0.3,0.3,11,3,-3.54197566125742,0.006
6,2,0.2,280,10,0.3,0.3,11,3,-3.59735696344612,0.006
6,2,0.2,282,10,0.3,0.3,11,3,-3.88108793805074,0.006
6,2,0.2,330,10,0.3,0.3,11,3,-3.32702103788569,0.006
6,2,0.2,342,10,0.3,0.3,11,3,-3.78004667179192,0.006
6,2,0.2,357,10,0.3,0.3,11,3,-3.99897999185629,0.006
6,2,0.2,363,10,0.3,0.3,11,3,-2.25370599344237,0.006
6,2,0.2,431,10,0.3,0.3,11,3,-3.06978597554829,0.006
6,2,0.2,436,10,0.3,0.3,11,3,-3.33586309434594,0.006
6,2,0.2,458,10,0.3,0.3,11,3,-2.710380685959,0.006
6,2,0.2,463,10,0.3,0.3,11,3,-3.22220729339207,0.006
6,2,0.2,475,10,0.3,0.3,11,3,-2.67071200833561,0.006
6,2,0.2,491,10,0.3,0.3,11,3,-3.21129635659216,0.006
6,2,0.2,9,10,0.3,0.3,11,3,-2.91477207913024,0.008
6,2,0.2,49,10,0.3,0.3,11,3,-2.85028208092689,0.008
6,2,0.2,63,10,0.3,0.3,11,3,-2.59118367401118,0.008
6,2,0.2,174,10,0.3,0.3,11,3,-3.11905408319237,0.008
6,2,0.2,235,10,0.3,0.3,11,3,-2.89605957085297,0.008
6,2,0.2,247,10,0.3,0.3,11,3,-2.75492963033977,0.008
6,2,0.2,254,10,0.3,0.3,11,3,-3.3381974865674,0.008
6,2,0.2,257,10,0.3,0.3,11,3,-3.69335555019322,0.008
6,2,0.2,262,10,0.3,0.3,11,3,-3.75077440233466,0.008
6,2,0.2,275,10,0.3,0.3,11,3,-2.73146074658129,0.008
6,2,0.2,292,10,0.3,0.3,11,3,-3.42425929603519,0.008
6,2,0.2,341,10,0.3,0.3,11,3,-3.91750078193814,0.008
6,2,0.2,345,10,0.3,0.3,11,3,-2.90954367001569,0.008
6,2,0.2,415,10,0.3,0.3,11,3,-4.17855234493675,0.008
6,2,0.2,419,10,0.3,0.3,11,3,-3.88245504844082,0.008
6,2,0.2,448,10,0.3,0.3,11,3,-3.07588667264838,0.008
6,2,0.2,456,10,0.3,0.3,11,3,-3.16343220562817,0.008
6,2,0.2,470,10,0.3,0.3,11,3,-3.97517165565827,0.008
6,2,0.2,476,10,0.3,0.3,11,3,-3.02539974380866,0.008
6,2,0.2,490,10,0.3,0.3,11,3,-2.84567436815607,0.008
6,2,0.2,1,10,0.3,0.3,11,3,-2.30624189489819,0.01
6,2,0.2,4,10,0.3,0.3,11,3,-3.55749704812561,0.01
6,2,0.2,66,10,0.3,0.3,11,3,-3.71190535273038,0.01
6,2,0.2,74,10,0.3,0.3,11,3,-2.68529202162935,0.01
6,2,0.2,116,10,0.3,0.3,11,3,-2.78943534120245,0.01
6,2,0.2,261,10,0.3,0.3,11,3,-2.73678868543371,0.01
6,2,0.2,277,10,0.3,0.3,11,3,-3.00573828517341,0.01
6,2,0.2,291,10,0.3,0.3,11,3,-2.96596918755728,0.01
6,2,0.2,307,10,0.3,0.3,11,3,-4.51853904797304,0.01
6,2,0.2,340,10,0.3,0.3,11,3,-3.46687543827505,0.01
6,2,0.2,392,10,0.3,0.3,11,3,-3.09253803586682,0.01
6,2,0.2,423,10,0.3,0.3,11,3,-3.74670649244527,0.01
6,2,0.2,80,10,0.3,0.3,11,3,-3.10061147890301,0.012
6,2,0.2,86,10,0.3,0.3,11,3,-2.72575231734362,0.012
6,2,0.2,96,10,0.3,0.3,11,3,-3.40255219099234,0.012
6,2,0.2,98,10,0.3,0.3,11,3,-2.53550605732957,0.012
6,2,0.2,101,10,0.3,0.3,11,3,-3.37302668512723,0.012
6,2,0.2,122,10,0.3,0.3,11,3,-3.16816423613446,0.012
6,2,0.2,123,10,0.3,0.3,11,3,-2.85726117437142,0.012
6,2,0.2,132,10,0.3,0.3,11,3,-3.53624757362724,0.012
6,2,0.2,139,10,0.3,0.3,11,3,-3.22482026273116,0.012
6,2,0.2,154,10,0.3,0.3,11,3,-2.46406515461038,0.012
6,2,0.2,159,10,0.3,0.3,11,3,-3.5735041072993,0.012
6,2,0.2,213,10,0.3,0.3,11,3,-2.99157960784555,0.012
6,2,0.2,231,10,0.3,0.3,11,3,-2.96989480174193,0.012
6,2,0.2,245,10,0.3,0.3,11,3,-3.24912594666245,0.012
6,2,0.2,322,10,0.3,0.3,11,3,-3.14110876092724,0.012
6,2,0.2,385,10,0.3,0.3,11,3,-3.15938606101997,0.012
6,2,0.2,467,10,0.3,0.3,11,3,-3.83100534532335,0.012
6,2,0.2,29,10,0.3,0.3,11,3,-3.27813005624344,0.014
6,2,0.2,36,10,0.3,0.3,11,3,-3.80023690495634,0.014
6,2,0.2,55,10,0.3,0.3,11,3,-2.64514925473378,0.014
6,2,0.2,151,10,0.3,0.3,11,3,-2.93803499630744,0.014
6,2,0.2,175,10,0.3,0.3,11,3,-3.87454339638398,0.014
6,2,0.2,224,10,0.3,0.3,11,3,-3.55150576172261,0.014
6,2,0.2,230,10,0.3,0.3,11,3,-3.8147726641543,0.014
6,2,0.2,232,10,0.3,0.3,11,3,-3.35174164010002,0.014
6,2,0.2,263,10,0.3,0.3,11,3,-3.04366365466899,0.014
6,2,0.2,271,10,0.3,0.3,11,3,-3.20321353610422,0.014
6,2,0.2,338,10,0.3,0.3,11,3,-3.90512061211982,0.014
6,2,0.2,386,10,0.3,0.3,11,3,-3.40364956231497,0.014
6,2,0.2,416,10,0.3,0.3,11,3,-3.54757207643624,0.014
6,2,0.2,469,10,0.3,0.3,11,3,-3.13041255787616,0.014
6,2,0.2,482,10,0.3,0.3,11,3,-2.8859276666889,0.014
6,2,0.2,487,10,0.3,0.3,11,3,-3.08406328859155,0.014
6,2,0.2,8,10,0.3,0.3,11,3,-2.86522813558074,0.016
6,2,0.2,67,10,0.3,0.3,11,3,-3.41089015627841,0.016
6,2,0.2,97,10,0.3,0.3,11,3,-2.75304044023071,0.016
6,2,0.2,157,10,0.3,0.3,11,3,-2.92956148037965,0.016
6,2,0.2,179,10,0.3,0.3,11,3,-3.11312558069278,0.016
6,2,0.2,205,10,0.3,0.3,11,3,-3.68451289868693,0.016
6,2,0.2,221,10,0.3,0.3,11,3,-3.39113356595487,0.016
6,2,0.2,241,10,0.3,0.3,11,3,-3.51993315866829,0.016
6,2,0.2,248,10,0.3,0.3,11,3,-2.62648278415475,0.016
6,2,0.2,269,10,0.3,0.3,11,3,-2.39190403553792,0.016
6,2,0.2,301,10,0.3,0.3,11,3,-2.04356023096497,0.016
6,2,0.2,366,10,0.3,0.3,11,3,-2.93097868035099,0.016
6,2,0.2,373,10,0.3,0.3,11,3,-2.58415426525704,0.016
6,2,0.2,413,10,0.3,0.3,11,3,-2.94961156716522,0.016
6,2,0.2,443,10,0.3,0.3,11,3,-2.69232924276429,0.016
6,2,0.2,453,10,0.3,0.3,11,3,-3.99235232971915,0.016
6,2,0.2,455,10,0.3,0.3,11,3,-2.62885940423385,0.016
6,2,0.2,459,10,0.3,0.3,11,3,-3.37860021579976,0.016
6,2,0.2,17,10,0.3,0.3,11,3,-2.79954919835041,0.018
6,2,0.2,48,10,0.3,0.3,11,3,-2.66958206751477,0.018
6,2,0.2,61,10,0.3,0.3,11,3,-2.44243050943595,0.018
6,2,0.2,65,10,0.3,0.3,11,3,-3.12078892290117,0.018
6,2,0.2,82,10,0.3,0.3,11,3,-3.83215661464308,0.018
6,2,0.2,130,10,0.3,0.3,11,3,-2.87242424448579,0.018
6,2,0.2,148,10,0.3,0.3,11,3,-2.14215093542475,0.018
6,2,0.2,190,10,0.3,0.3,11,3,-3.69242843198998,0.018
6,2,0.2,243,10,0.3,0.3,11,3,-3.37702604558154,0.018
6,2,0.2,284,10,0.3,0.3,11,3,-3.46638755386743,0.018
6,2,0.2,304,10,0.3,0.3,11,3,-2.92032095847131,0.018
6,2,0.2,317,10,0.3,0.3,11,3,-2.83668657699496,0.018
6,2,0.2,344,10,0.3,0.3,11,3,-3.04057343727078,0.018
6,2,0.2,347,10,0.3,0.3,11,3,-2.16433908414885,0.018
6,2,0.2,377,10,0.3,0.3,11,3,-2.52358879108803,0.018
6,2,0.2,391,10,0.3,0.3,11,3,-3.41714189902251,0.018
6,2,0.2,414,10,0.3,0.3,11,3,-3.33434063978126,0.018
6,2,0.2,432,10,0.3,0.3,11,3,-4.08179001773345,0.018
6,2,0.2,498,10,0.3,0.3,11,3,-2.64113460718079,0.018
6,2,0.2,135,10,0.3,0.3,11,3,-4.1730096211916,0.02
6,2,0.2,141,10,0.3,0.3,11,3,-2.30021591200202,0.02
6,2,0.2,162,10,0.3,0.3,11,3,-2.6218782213592,0.02
6,2,0.2,226,10,0.3,0.3,11,3,-2.94598815931715,0.02
6,2,0.2,239,10,0.3,0.3,11,3,-3.19015953909255,0.02
6,2,0.2,399,10,0.3,0.3,11,3,-3.45284249971203,0.02
6,2,0.2,400,10,0.3,0.3,11,3,-2.87058250004404,0.02
6,2,0.2,404,10,0.3,0.3,11,3,-3.10972094167124,0.02
6,2,0.2,425,10,0.3,0.3,11,3,-2.72399276285773,0.02
6,2,0.2,6,10,0.3,0.3,11,3,-4.34155148911776,0.022
6,2,0.2,12,10,0.3,0.3,11,3,-3.67207796861001,0.022
6,2,0.2,16,10,0.3,0.3,11,3,-2.77255578137522,0.022
6,2,0.2,19,10,0.3,0.3,11,3,-3.04186594384495,0.022
6,2,0.2,26,10,0.3,0.3,11,3,-3.08526166978879,0.022
6,2,0.2,47,10,0.3,0.3,11,3,-2.89944767832475,0.022
6,2,0.2,100,10,0.3,0.3,11,3,-3.25832699118669,0.022
6,2,0.2,137,10,0.3,0.3,11,3,-3.44427392558327,0.022
6,2,0.2,144,10,0.3,0.3,11,3,-3.47620558521473,0.022
6,2,0.2,145,10,0.3,0.3,11,3,-3.52095606548195,0.022
6,2,0.2,197,10,0.3,0.3,11,3,-3.59528808864121,0.022
6,2,0.2,223,10,0.3,0.3,11,3,-2.67902550550377,0.022
6,2,0.2,238,10,0.3,0.3,11,3,-4.45995022662362,0.022
6,2,0.2,287,10,0.3,0.3,11,3,-2.04826049477654,0.022
6,2,0.2,308,10,0.3,0.3,11,3,-2.09520793958154,0.022
6,2,0.2,312,10,0.3,0.3,11,3,-2.79994021122764,0.022
6,2,0.2,333,10,0.3,0.3,11,3,-2.42652285552583,0.022
6,2,0.2,401,10,0.3,0.3,11,3,-3.43299966766503,0.022
6,2,0.2,409,10,0.3,0.3,11,3,-3.5550380373528,0.022
6,2,0.2,437,10,0.3,0.3,11,3,-3.62117059713066,0.022
6,2,0.2,460,10,0.3,0.3,11,3,-3.16157656411269,0.022
6,2,0.2,480,10,0.3,0.3,11,3,-2.73878775534826,0.022
6,2,0.2,488,10,0.3,0.3,11,3,-2.45075755243155,0.022
6,2,0.2,495,10,0.3,0.3,11,3,-3.26352307342401,0.022
6,2,0.2,57,10,0.3,0.3,11,3,-3.84149265485175,0.024
6,2,0.2,75,10,0.3,0.3,11,3,-1.91322481150385,0.024
6,2,0.2,79,10,0.3,0.3,11,3,-3.63448915411917,0.024
6,2,0.2,83,10,0.3,0.3,11,3,-3.53449917338449,0.024
6,2,0.2,107,10,0.3,0.3,11,3,-2.70029336421425,0.024
6,2,0.2,136,10,0.3,0.3,11,3,-2.49219485178136,0.024
6,2,0.2,158,10,0.3,0.3,11,3,-2.55020824858269,0.024
6,2,0.2,217,10,0.3,0.3,11,3,-3.34191447223378,0.024
6,2,0.2,321,10,0.3,0.3,11,3,-3.00600456231243,0.024
6,2,0.2,343,10,0.3,0.3,11,3,-2.69838221243438,0.024
6,2,0.2,471,10,0.3,0.3,11,3,-3.08969554629539,0.024
6,2,0.2,473,10,0.3,0.3,11,3,-2.89011572631418,0.024
6,2,0.2,20,10,0.3,0.3,11,3,-3.04479166776366,0.026
6,2,0.2,33,10,0.3,0.3,11,3,-2.47906694645974,0.026
6,2,0.2,54,10,0.3,0.3,11,3,-2.74422735043558,0.026
6,2,0.2,64,10,0.3,0.3,11,3,-3.7153560908059,0.026
6,2,0.2,71,10,0.3,0.3,11,3,-3.94434894048007,0.026
6,2,0.2,72,10,0.3,0.3,11,3,-2.81637333207914,0.026
6,2,0.2,84,10,0.3,0.3,11,3,-3.10581424937027,0.026
6,2,0.2,166,10,0.3,0.3,11,3,-4.10249969874832,0.026
6,2,0.2,169,10,0.3,0.3,11,3,-2.1670998622707,0.026
6,2,0.2,227,10,0.3,0.3,11,3,-3.05824109450114,0.026
6,2,0.2,426,10,0.3,0.3,11,3,-3.2274689071312,0.026
6,2,0.2,474,10,0.3,0.3,11,3,-3.03551240233745,0.026
6,2,0.2,477,10,0.3,0.3,11,3,-2.60739813299048,0.026
6,2,0.2,18,10,0.3,0.3,11,3,-2.66479207954646,0.028
6,2,0.2,73,10,0.3,0.3,11,3,-2.85466364420333,0.028
6,2,0.2,119,10,0.3,0.3,11,3,-3.29752136168835,0.028
6,2,0.2,216,10,0.3,0.3,11,3,-2.65239530145095,0.028
6,2,0.2,236,10,0.3,0.3,11,3,-2.59979603037098,0.028
6,2,0.2,265,10,0.3,0.3,11,3,-2.701818443669,0.028
6,2,0.2,268,10,0.3,0.3,11,3,-2.72638092206051,0.028
6,2,0.2,290,10,0.3,0.3,11,3,-3.71731234725411,0.028
6,2,0.2,294,10,0.3,0.3,11,3,-2.10285190646505,0.028
6,2,0.2,367,10,0.3,0.3,11,3,-2.95686600847165,0.028
6,2,0.2,427,10,0.3,0.3,11,3,-2.00183868818496,0.028
6,2,0.2,462,10,0.3,0.3,11,3,-2.66155779451108,0.028
6,2,0.2,92,10,0.3,0.3,11,3,-2.83728385008524,0.03
6,2,0.2,106,10,0.3,0.3,11,3,-3.45570084578472,0.03
6,2,0.2,117,10,0.3,0.3,11,3,-3.33638875179423,0.03
6,2,0.2,196,10,0.3,0.3,11,3,-2.18558290103888,0.03
6,2,0.2,228,10,0.3,0.3,11,3,-3.27051662803677,0.03
6,2,0.2,256,10,0.3,0.3,11,3,-2.44394921150794,0.03
6,2,0.2,323,10,0.3,0.3,11,3,-2.15041279531752,0.03
6,2,0.2,327,10,0.3,0.3,11,3,-2.34036867742003,0.03
6,2,0.2,369,10,0.3,0.3,11,3,-2.78236210587039,0.03
6,2,0.2,485,10,0.3,0.3,11,3,-3.20828544346062,0.03
6,2,0.2,7,10,0.3,0.3,11,3,-3.59718267159914,0.032
6,2,0.2,163,10,0.3,0.3,11,3,-3.34363421156127,0.032
6,2,0.2,193,10,0.3,0.3,11,3,-3.55997202896663,0.032
6,2,0.2,218,10,0.3,0.3,11,3,-2.48960098426932,0.032
6,2,0.2,253,10,0.3,0.3,11,3,-3.21130056579057,0.032
6,2,0.2,295,10,0.3,0.3,11,3,-3.30742035490715,0.032
6,2,0.2,310,10,0.3,0.3,11,3,-3.44760382497762,0.032
6,2,0.2,359,10,0.3,0.3,11,3,-3.65221513078848,0.032
6,2,0.2,396,10,0.3,0.3,11,3,-2.58687525921931,0.032
6,2,0.2,433,10,0.3,0.3,11,3,-2.2355492507576,0.032
6,2,0.2,434,10,0.3,0.3,11,3,-4.18785801926904,0.032
6,2,0.2,35,10,0.3,0.3,11,3,-4.40563396423786,0.034
6,2,0.2,138,10,0.3,0.3,11,3,-2.00350453274919,0.034
6,2,0.2,249,10,0.3,0.3,11,3,-3.05229013275849,0.034
6,2,0.2,349,10,0.3,0.3,11,3,-2.96212125269224,0.034
6,2,0.2,417,10,0.3,0.3,11,3,-2.58978365666877,0.034
6,2,0.2,452,10,0.3,0.3,11,3,-2.56162330756118,0.034
6,2,0.2,76,10,0.3,0.3,11,3,-2.31097476377104,0.036
6,2,0.2,104,10,0.3,0.3,11,3,-2.5157710727793,0.036
6,2,0.2,153,10,0.3,0.3,11,3,-3.16071461075535,0.036
6,2,0.2,209,10,0.3,0.3,11,3,-2.97568607954287,0.036
6,2,0.2,225,10,0.3,0.3,11,3,-2.81475149484413,0.036
6,2,0.2,244,10,0.3,0.3,11,3,-2.38142751553082,0.036
6,2,0.2,251,10,0.3,0.3,11,3,-2.48854203943017,0.036
6,2,0.2,270,10,0.3,0.3,11,3,-3.32319860597698,0.036
6,2,0.2,293,10,0.3,0.3,11,3,-2.13435213925524,0.036
6,2,0.2,335,10,0.3,0.3,11,3,-3.10855166136514,0.036
6,2,0.2,337,10,0.3,0.3,11,3,-2.20702768487155,0.036
6,2,0.2,380,10,0.3,0.3,11,3,-3.47652997518242,0.036
6,2,0.2,440,10,0.3,0.3,11,3,-2.91732023855261,0.036
6,2,0.2,461,10,0.3,0.3,11,3,-2.58484842795028,0.036
6,2,0.2,468,10,0.3,0.3,11,3,-2.48426657592725,0.036
6,2,0.2,21,10,0.3,0.3,11,3,-3.14676560645344,0.038
6,2,0.2,69,10,0.3,0.3,11,3,-2.85141892324876,0.038
6,2,0.2,85,10,0.3,0.3,11,3,-3.90568040065938,0.038
6,2,0.2,109,10,0.3,0.3,11,3,-2.84207554539481,0.038
6,2,0.2,115,10,0.3,0.3,11,3,-2.3973728424092,0.038
6,2,0.2,121,10,0.3,0.3,11,3,-2.46306310328399,0.038
6,2,0.2,134,10,0.3,0.3,11,3,-3.56684018179948,0.038
6,2,0.2,146,10,0.3,0.3,11,3,-1.79597232676238,0.038
6,2,0.2,147,10,0.3,0.3,11,3,-2.91336836148034,0.038
6,2,0.2,167,10,0.3,0.3,11,3,-2.97639896749311,0.038
6,2,0.2,187,10,0.3,0.3,11,3,-3.42742137843231,0.038
6,2,0.2,229,10,0.3,0.3,11,3,-2.28356038055358,0.038
6,2,0.2,242,10,0.3,0.3,11,3,-2.5263314537645,0.038
6,2,0.2,325,10,0.3,0.3,11,3,-3.4194834165572,0.038
6,2,0.2,350,10,0.3,0.3,11,3,-2.2824174880659,0.038
6,2,0.2,360,10,0.3,0.3,11,3,-2.76452693683635,0.038
6,2,0.2,422,10,0.3,0.3,11,3,-2.86668569224318,0.038
6,2,0.2,444,10,0.3,0.3,11,3,-3.36023073228191,0.038
6,2,0.2,486,10,0.3,0.3,11,3,-3.24909460818424,0.038
6,2,0.2,38,10,0.3,0.3,11,3,-2.86123177973818,0.04
6,2,0.2,53,10,0.3,0.3,11,3,-3.4979679583449,0.04
6,2,0.2,177,10,0.3,0.3,11,3,-2.55905347047425,0.04
6,2,0.2,283,10,0.3,0.3,11,3,-2.65498678118729,0.04
6,2,0.2,286,10,0.3,0.3,11,3,-3.04386051598655,0.04
6,2,0.2,314,10,0.3,0.3,11,3,-3.55350830855409,0.04
6,2,0.2,324,10,0.3,0.3,11,3,-2.75687854113045,0.04
6,2,0.2,356,10,0.3,0.3,11,3,-3.0285350094521,0.04
6,2,0.2,365,10,0.3,0.3,11,3,-3.53263353867251,0.04
6,2,0.2,497,10,0.3,0.3,11,3,-3.02674158819323,0.04
6,2,0.2,500,10,0.3,0.3,11,3,-1.84338246385897,0.04
6,2,0.2,13,10,0.3,0.3,11,3,-3.14456865265427,0.042
6,2,0.2,22,10,0.3,0.3,11,3,-2.79764221136688,0.042
6,2,0.2,143,10,0.3,0.3,11,3,-2.36380950538657,0.042
6,2,0.2,173,10,0.3,0.3,11,3,-1.65251420320305,0.042
6,2,0.2,192,10,0.3,0.3,11,3,-2.49016651809066,0.042
6,2,0.2,204,10,0.3,0.3,11,3,-2.47812399557631,0.042
6,2,0.2,297,10,0.3,0.3,11,3,-2.58351648533014,0.042
6,2,0.2,309,10,0.3,0.3,11,3,-3.32698134220377,0.042
6,2,0.2,358,10,0.3,0.3,11,3,-3.07862230334698,0.042
6,2,0.2,381,10,0.3,0.3,11,3,-3.19279140252127,0.042
6,2,0.2,397,10,0.3,0.3,11,3,-3.62844775567768,0.042
6,2,0.2,412,10,0.3,0.3,11,3,-3.23557262323047,0.042
6,2,0.2,418,10,0.3,0.3,11,3,-3.74230961756518,0.042
6,2,0.2,481,10,0.3,0.3,11,3,-2.62957638060371,0.042
6,2,0.2,494,10,0.3,0.3,11,3,-3.61738813457012,0.042
6,2,0.2,27,10,0.3,0.3,11,3,-2.33376497388448,0.044
6,2,0.2,59,10,0.3,0.3,11,3,-2.9492491801719,0.044
6,2,0.2,111,10,0.3,0.3,11,3,-2.06452767406122,0.044
6,2,0.2,184,10,0.3,0.3,11,3,-2.52176049385645,0.044
6,2,0.2,288,10,0.3,0.3,11,3,-3.00527437839125,0.044
6,2,0.2,316,10,0.3,0.3,11,3,-2.69258676308479,0.044
6,2,0.2,398,10,0.3,0.3,11,3,-2.34404093102131,0.044
6,2,0.2,435,10,0.3,0.3,11,3,-2.32543005156131,0.044
6,2,0.2,112,10,0.3,0.3,11,3,-2.30035994499482,0.046
6,2,0.2,114,10,0.3,0.3,11,3,-2.52354027785429,0.046
6,2,0.2,214,10,0.3,0.3,11,3,-3.39572406991581,0.046
6,2,0.2,255,10,0.3,0.3,11,3,-2.62210129637859,0.046
6,2,0.2,267,10,0.3,0.3,11,3,-2.95966184465661,0.046
6,2,0.2,332,10,0.3,0.3,11,3,-2.7023420050941,0.046
6,2,0.2,408,10,0.3,0.3,11,3,-2.59444372087887,0.046
6,2,0.2,439,10,0.3,0.3,11,3,-2.31528471554461,0.046
6,2,0.2,484,10,0.3,0.3,11,3,-2.33045386033672,0.046
6,2,0.2,489,10,0.3,0.3,11,3,-2.57168549603051,0.046
6,2,0.2,493,10,0.3,0.3,11,3,-2.75948258980978,0.046
6,2,0.2,499,10,0.3,0.3,11,3,-1.76785901075183,0.046
6,2,0.2,25,10,0.3,0.3,11,3,-2.25135970944007,0.048
6,2,0.2,105,10,0.3,0.3,11,3,-3.07427065714646,0.048
6,2,0.2,128,10,0.3,0.3,11,3,-3.27925526012919,0.048
6,2,0.2,142,10,0.3,0.3,11,3,-2.61746772463425,0.048
6,2,0.2,150,10,0.3,0.3,11,3,-3.56931520273184,0.048
6,2,0.2,188,10,0.3,0.3,11,3,-3.82062513979776,0.048
6,2,0.2,336,10,0.3,0.3,11,3,-3.00933759170996,0.048
6,2,0.2,364,10,0.3,0.3,11,3,-2.76471574924739,0.048
6,2,0.2,407,10,0.3,0.3,11,3,-2.5868513261041,0.048
6,2,0.2,450,10,0.3,0.3,11,3,-3.80998989801282,0.048
6,2,0.2,492,10,0.3,0.3,11,3,-2.02125135842786,0.048
6,2,0.2,5,10,0.3,0.3,11,3,-2.89937194121632,0.05
6,2,0.2,23,10,0.3,0.3,11,3,-2.53492559784971,0.05
6,2,0.2,51,10,0.3,0.3,11,3,-2.52969002749666,0.05
6,2,0.2,56,10,0.3,0.3,11,3,-3.10269222904273,0.05
6,2,0.2,182,10,0.3,0.3,11,3,-3.32291210561652,0.05
6,2,0.2,194,10,0.3,0.3,11,3,-2.37351060263157,0.05
6,2,0.2,212,10,0.3,0.3,11,3,-3.47972537974164,0.05
6,2,0.2,368,10,0.3,0.3,11,3,-3.3252329103951,0.05
6,2,0.2,394,10,0.3,0.3,11,3,-3.44155137368955,0.05
6,2,0.2,441,10,0.3,0.3,11,3,-2.74563358521925,0.05
6,2,0.2,472,10,0.3,0.3,11,3,-2.58967125289894,0.05
6,2,0.2,496,10,0.3,0.3,11,3,-3.10323443924179,0.05
6,2,0.2,11,10,0.3,0.3,11,3,-2.92429192112417,0.052
6,2,0.2,87,10,0.3,0.3,11,3,-3.7053632868695,0.052
6,2,0.2,89,10,0.3,0.3,11,3,-2.59556892286659,0.052
6,2,0.2,152,10,0.3,0.3,11,3,-2.65254932630361,0.052
6,2,0.2,155,10,0.3,0.3,11,3,-3.62708850863748,0.052
6,2,0.2,164,10,0.3,0.3,11,3,-3.6437585330506,0.052
6,2,0.2,206,10,0.3,0.3,11,3,-2.72852686091812,0.052
6,2,0.2,215,10,0.3,0.3,11,3,-3.6923745817017,0.052
6,2,0.2,266,10,0.3,0.3,11,3,-2.27983779706506,0.052
6,2,0.2,299,10,0.3,0.3,11,3,-3.32096261773495,0.052
6,2,0.2,406,10,0.3,0.3,11,3,-2.93887845364196,0.052
6,2,0.2,428,10,0.3,0.3,11,3,-2.86902887076155,0.052
6,2,0.2,445,10,0.3,0.3,11,3,-2.50762400334082,0.052
6,2,0.2,3,10,0.3,0.3,11,3,-2.9527660097643,0.054
6,2,0.2,39,10,0.3,0.3,11,3,-2.86936868204359,0.054
6,2,0.2,46,10,0.3,0.3,11,3,-2.07937681626282,0.054
6,2,0.2,113,10,0.3,0.3,11,3,-2.24780601131357,0.054
6,2,0.2,210,10,0.3,0.3,11,3,-3.52028080017158,0.054
6,2,0.2,234,10,0.3,0.3,11,3,-2.48686991740922,0.054
6,2,0.2,237,10,0.3,0.3,11,3,-3.27220068916205,0.054
6,2,0.2,285,10,0.3,0.3,11,3,-2.03526736008965,0.054
6,2,0.2,296,10,0.3,0.3,11,3,-1.83003791588874,0.054
6,2,0.2,306,10,0.3,0.3,11,3,-2.40344361004159,0.054
6,2,0.2,331,10,0.3,0.3,11,3,-3.38607801449237,0.054
6,2,0.2,378,10,0.3,0.3,11,3,-2.18367284692383,0.054
6,2,0.2,451,10,0.3,0.3,11,3,-1.76402699364502,0.054
6,2,0.2,37,10,0.3,0.3,11,3,-2.15312280019629,0.056
6,2,0.2,303,10,0.3,0.3,11,3,-2.89027931030955,0.056
6,2,0.2,371,10,0.3,0.3,11,3,-3.49012477761158,0.056
6,2,0.2,383,10,0.3,0.3,11,3,-2.8559244928409,0.056
6,2,0.2,384,10,0.3,0.3,11,3,-2.33060740560828,0.056
6,2,0.2,388,10,0.3,0.3,11,3,-2.6743844748103,0.056
6,2,0.2,483,10,0.3,0.3,11,3,-2.88296389338066,0.056
6,2,0.2,2,10,0.3,0.3,11,3,-2.72236828745912,0.058
6,2,0.2,50,10,0.3,0.3,11,3,-3.16016210851276,0.058
6,2,0.2,68,10,0.3,0.3,11,3,-2.32871923488318,0.058
6,2,0.2,70,10,0.3,0.3,11,3,-1.7968425882768,0.058
6,2,0.2,181,10,0.3,0.3,11,3,-2.68040592164863,0.058
6,2,0.2,201,10,0.3,0.3,11,3,-2.64090467780602,0.058
6,2,0.2,272,10,0.3,0.3,11,3,-3.66104034526421,0.058
6,2,0.2,318,10,0.3,0.3,11,3,-3.23280815963466,0.058
6,2,0.2,348,10,0.3,0.3,11,3,-1.77811514704325,0.058
6,2,0.2,372,10,0.3,0.3,11,3,-2.21384571662577,0.058
6,2,0.2,374,10,0.3,0.3,11,3,-2.89222382900655,0.058
6,2,0.2,15,10,0.3,0.3,11,3,-2.32934084356583,0.06
6,2,0.2,110,10,0.3,0.3,11,3,-2.80979708353706,0.06
6,2,0.2,149,10,0.3,0.3,11,3,-2.44739825364732,0.06
6,2,0.2,200,10,0.3,0.3,11,3,-2.41294236979775,0.06
6,2,0.2,203,10,0.3,0.3,11,3,-2.10803329891507,0.06
6,2,0.2,334,10,0.3,0.3,11,3,-2.48321907675577,0.06
6,2,0.2,424,10,0.3,0.3,11,3,-3.68016117724508,0.06
6,2,0.2,429,10,0.3,0.3,11,3,-3.50504735785688,0.06
6,2,0.2,430,10,0.3,0.3,11,3,-2.06308672476993,0.06
6,2,0.2,438,10,0.3,0.3,11,3,-3.58615244490545,0.06
6,2,0.2,28,10,0.3,0.3,11,3,-3.47467657936178,0.062
6,2,0.2,60,10,0.3,0.3,11,3,-1.69089784157683,0.062
6,2,0.2,328,10,0.3,0.3,11,3,-2.42262121001647,0.062
6,2,0.2,442,10,0.3,0.3,11,3,-1.9318490943007,0.062
6,2,0.2,454,10,0.3,0.3,11,3,-2.36724114247525,0.062
6,2,0.2,30,10,0.3,0.3,11,3,-3.05051810430217,0.064
6,2,0.2,77,10,0.3,0.3,11,3,-3.97024615849605,0.064
6,2,0.2,95,10,0.3,0.3,11,3,-3.84062796333671,0.064
6,2,0.2,129,10,0.3,0.3,11,3,-2.03342626347902,0.064
6,2,0.2,176,10,0.3,0.3,11,3,-3.02812321904844,0.064
6,2,0.2,233,10,0.3,0.3,11,3,-2.46849920966284,0.064
6,2,0.2,252,10,0.3,0.3,11,3,-3.41492310399153,0.064
6,2,0.2,326,10,0.3,0.3,11,3,-2.98244405961631,0.064
6,2,0.2,420,10,0.3,0.3,11,3,-2.51021148764204,0.064
6,2,0.2,41,10,0.3,0.3,11,3,-1.84133620387055,0.066
6,2,0.2,43,10,0.3,0.3,11,3,-2.07625148830255,0.066
6,2,0.2,58,10,0.3,0.3,11,3,-2.02211162053013,0.066
6,2,0.2,131,10,0.3,0.3,11,3,-3.30887277659897,0.066
6,2,0.2,178,10,0.3,0.3,11,3,-4.07747987508355,0.066
6,2,0.2,195,10,0.3,0.3,11,3,-3.03123982811854,0.066
6,2,0.2,390,10,0.3,0.3,11,3,-3.52174392523887,0.066
6,2,0.2,405,10,0.3,0.3,11,3,-3.13195106499049,0.066
6,2,0.2,410,10,0.3,0.3,11,3,-2.83175366376781,0.066
6,2,0.2,421,10,0.3,0.3,11,3,-2.29361878618343,0.066
6,2,0.2,466,10,0.3,0.3,11,3,-1.40558283951427,0.066
6,2,0.2,279,10,0.3,0.3,11,3,-3.1496919599291,0.068
6,2,0.2,382,10,0.3,0.3,11,3,-2.68885323180035,0.068
6,2,0.2,402,10,0.3,0.3,11,3,-2.85523627786961,0.068
6,2,0.2,170,10,0.3,0.3,11,3,-2.39880212579448,0.07
6,2,0.2,302,10,0.3,0.3,11,3,-2.55587221345928,0.07
6,2,0.2,329,10,0.3,0.3,11,3,-2.51081176958496,0.07
6,2,0.2,352,10,0.3,0.3,11,3,-2.09896776350686,0.07
6,2,0.2,479,10,0.3,0.3,11,3,-2.50364112363766,0.07
6,2,0.2,62,10,0.3,0.3,11,3,-2.78374836753005,0.072
6,2,0.2,120,10,0.3,0.3,11,3,-2.91304624634418,0.074
6,2,0.2,124,10,0.3,0.3,11,3,-2.53081505433585,0.074
6,2,0.2,207,10,0.3,0.3,11,3,-2.4316054674444,0.074
6,2,0.2,311,10,0.3,0.3,11,3,-2.83943238302169,0.074
6,2,0.2,478,10,0.3,0.3,11,3,-3.25335806415444,0.076
6,2,0.2,93,10,0.3,0.3,11,3,-1.19913410571129,0.08
6,2,0.2,126,10,0.3,0.3,11,3,-4.02378968221259,0.08
6,2,0.2,14,10,0.3,0.3,11,3,-2.39443705431106,0.086
6,2,0.2,259,10,0.3,0.3,11,3,-2.90231134271539,0.086
6,2,0.2,273,10,0.3,0.3,11,3,-4.13519993754829,0.088
6,2,0.2,183,10,0.3,0.3,11,3,-1.93077156118767,0.096
6,2,0.2,118,10,0.3,0.3,11,3,-1.36734845867872,0.098
6,2,0.2,1,10,0.3,0.3,12,3,-3.79610197866214,0
6,2,0.2,6,10,0.3,0.3,12,3,-3.07198942581184,0
6,2,0.2,9,10,0.3,0.3,12,3,-3.03374079635822,0
6,2,0.2,47,10,0.3,0.3,12,3,-3.32729166365132,0
6,2,0.2,49,10,0.3,0.3,12,3,-3.68913111515002,0
6,2,0.2,60,10,0.3,0.3,12,3,-3.12527884056155,0
6,2,0.2,90,10,0.3,0.3,12,3,-2.99153933490635,0
6,2,0.2,110,10,0.3,0.3,12,3,-3.222174744548,0
6,2,0.2,117,10,0.3,0.3,12,3,-3.29125752903707,0
6,2,0.2,165,10,0.3,0.3,12,3,-2.55885421576082,0
6,2,0.2,191,10,0.3,0.3,12,3,-3.34798663110186,0
6,2,0.2,202,10,0.3,0.3,12,3,-4.72535254317975,0
6,2,0.2,217,10,0.3,0.3,12,3,-3.93788888115978,0
6,2,0.2,234,10,0.3,0.3,12,3,-3.48667966161969,0
6,2,0.2,278,10,0.3,0.3,12,3,-3.29230030260817,0
6,2,0.2,292,10,0.3,0.3,12,3,-3.94777640067949,0
6,2,0.2,323,10,0.3,0.3,12,3,-3.63888608410494,0
6,2,0.2,328,10,0.3,0.3,12,3,-4.21476886952803,0
6,2,0.2,346,10,0.3,0.3,12,3,-3.53998902549461,0
6,2,0.2,362,10,0.3,0.3,12,3,-3.32702322757245,0
6,2,0.2,375,10,0.3,0.3,12,3,-2.95399935821294,0
6,2,0.2,403,10,0.3,0.3,12,3,-3.54139187471361,0
6,2,0.2,423,10,0.3,0.3,12,3,-3.94771073598054,0
6,2,0.2,425,10,0.3,0.3,12,3,-4.48263727489848,0
6,2,0.2,443,10,0.3,0.3,12,3,-3.50071460782911,0
6,2,0.2,459,10,0.3,0.3,12,3,-3.5167008109955,0
6,2,0.2,468,10,0.3,0.3,12,3,-3.07912345498937,0
6,2,0.2,493,10,0.3,0.3,12,3,-2.85291838050154,0
6,2,0.2,12,10,0.3,0.3,12,3,-3.4119312237676,0.002
6,2,0.2,56,10,0.3,0.3,12,3,-3.27667658929869,0.002
6,2,0.2,62,10,0.3,0.3,12,3,-3.71270756928655,0.002
6,2,0.2,74,10,0.3,0.3,12,3,-3.39583200449093,0.002
6,2,0.2,99,10,0.3,0.3,12,3,-3.3252500588541,0.002
6,2,0.2,103,10,0.3,0.3,12,3,-2.17921638126469,0.002
6,2,0.2,116,10,0.3,0.3,12,3,-2.86063928789454,0.002
6,2,0.2,118,10,0.3,0.3,12,3,-3.33019692078543,0.002
6,2,0.2,143,10,0.3,0.3,12,3,-2.77167894737096,0.002
6,2,0.2,154,10,0.3,0.3,12,3,-1.93070795125985,0.002
6,2,0.2,180,10,0.3,0.3,12,3,-3.57249920506297,0.002
6,2,0.2,181,10,0.3,0.3,12,3,-3.9413800273278,0.002
6,2,0.2,188,10,0.3,0.3,12,3,-3.03658439427045,0.002
6,2,0.2,195,10,0.3,0.3,12,3,-3.30110155009581,0.002
6,2,0.2,201,10,0.3,0.3,12,3,-3.84719316615329,0.002
6,2,0.2,205,10,0.3,0.3,12,3,-3.14903176785421,0.002
6,2,0.2,206,10,0.3,0.3,12,3,-3.47563413325608,0.002
6,2,0.2,214,10,0.3,0.3,12,3,-3.20607975290002,0.002
6,2,0.2,235,10,0.3,0.3,12,3,-2.57623933864465,0.002
6,2,0.2,236,10,0.3,0.3,12,3,-2.21142682052636,0.002
6,2,0.2,275,10,0.3,0.3,12,3,-3.69073159172862,0.002
6,2,0.2,279,10,0.3,0.3,12,3,-3.15179147572405,0.002
6,2,0.2,309,10,0.3,0.3,12,3,-3.75971054702802,0.002
6,2,0.2,312,10,0.3,0.3,12,3,-3.83920772534108,0.002
6,2,0.2,314,10,0.3,0.3,12,3,-3.66160730003602,0.002
6,2,0.2,315,10,0.3,0.3,12,3,-3.12152929752494,0.002
6,2,0.2,319,10,0.3,0.3,12,3,-2.31499577737225,0.002
6,2,0.2,322,10,0.3,0.3,12,3,-2.8182757158817,0.002
6,2,0.2,344,10,0.3,0.3,12,3,-4.6058506389368,0.002
6,2,0.2,352,10,0.3,0.3,12,3,-3.27983218951962,0.002
6,2,0.2,361,10,0.3,0.3,12,3,-3.05509470438747,0.002
6,2,0.2,408,10,0.3,0.3,12,3,-4.61340502867014,0.002
6,2,0.2,412,10,0.3,0.3,12,3,-3.60193353012212,0.002
6,2,0.2,446,10,0.3,0.3,12,3,-2.92048091108651,0.002
6,2,0.2,472,10,0.3,0.3,12,3,-4.29386581067442,0.002
6,2,0.2,481,10,0.3,0.3,12,3,-3.59720091770589,0.002
6,2,0.2,19,10,0.3,0.3,12,3,-4.06856914986665,0.004
6,2,0.2,37,10,0.3,0.3,12,3,-4.06874840053288,0.004
6,2,0.2,65,10,0.3,0.3,12,3,-3.24894370878386,0.004
6,2,0.2,70,10,0.3,0.3,12,3,-2.48967514342644,0.004
6,2,0.2,73,10,0.3,0.3,12,3,-3.21038846263579,0.004
6,2,0.2,81,10,0.3,0.3,12,3,-3.33297593869074,0.004
6,2,0.2,135,10,0.3,0.3,12,3,-3.91422890294345,0.004
6,2,0.2,138,10,0.3,0.3,12,3,-3.56892187285879,0.004
6,2,0.2,149,10,0.3,0.3,12,3,-4.00631705721571,0.004
6,2,0.2,163,10,0.3,0.3,12,3,-3.51526544381227,0.004
6,2,0.2,193,10,0.3,0.3,12,3,-3.6646200481749,0.004
6,2,0.2,194,10,0.3,0.3,12,3,-3.84892260148413,0.004
6,2,0.2,211,10,0.3,0.3,12,3,-2.09901619139865,0.004
6,2,0.2,212,10,0.3,0.3,12,3,-3.41973834493177,0.004
6,2,0.2,229,10,0.3,0.3,12,3,-3.39895667196404,0.004
6,2,0.2,238,10,0.3,0.3,12,3,-2.78771865682072,0.004
6,2,0.2,250,10,0.3,0.3,12,3,-3.07615492514486,0.004
6,2,0.2,280,10,0.3,0.3,12,3,-3.90591241099264,0.004
6,2,0.2,289,10,0.3,0.3,12,3,-2.81338456467901,0.004
6,2,0.2,298,10,0.3,0.3,12,3,-2.54511936389295,0.004
6,2,0.2,302,10,0.3,0.3,12,3,-3.04471427814556,0.004
6,2,0.2,307,10,0.3,0.3,12,3,-3.61316225250715,0.004
6,2,0.2,342,10,0.3,0.3,12,3,-3.79873923418185,0.004
6,2,0.2,355,10,0.3,0.3,12,3,-2.97127316248191,0.004
6,2,0.2,378,10,0.3,0.3,12,3,-4.60869096446072,0.004
6,2,0.2,381,10,0.3,0.3,12,3,-2.77087379219293,0.004
6,2,0.2,402,10,0.3,0.3,12,3,-2.83771702284758,0.004
6,2,0.2,404,10,0.3,0.3,12,3,-3.48431607692288,0.004
6,2,0.2,438,10,0.3,0.3,12,3,-2.33387777570087,0.004
6,2,0.2,439,10,0.3,0.3,12,3,-3.19069575565965,0.004
6,2,0.2,456,10,0.3,0.3,12,3,-3.32413010958987,0.004
6,2,0.2,473,10,0.3,0.3,12,3,-2.32925319440213,0.004
6,2,0.2,475,10,0.3,0.3,12,3,-2.77929452530731,0.004
6,2,0.2,17,10,0.3,0.3,12,3,-3.60170967722149,0.006
6,2,0.2,32,10,0.3,0.3,12,3,-3.24174412647039,0.006
6,2,0.2,45,10,0.3,0.3,12,3,-3.04506363415504,0.006
6,2,0.2,75,10,0.3,0.3,12,3,-2.65721514551913,0.006
6,2,0.2,85,10,0.3,0.3,12,3,-4.25876707164539,0.006
6,2,0.2,98,10,0.3,0.3,12,3,-3.88071992327238,0.006
6,2,0.2,150,10,0.3,0.3,12,3,-3.72870016744167,0.006
6,2,0.2,172,10,0.3,0.3,12,3,-3.07955256459985,0.006
6,2,0.2,187,10,0.3,0.3,12,3,-3.57583141474231,0.006
6,2,0.2,189,10,0.3,0.3,12,3,-3.27885479302574,0.006
6,2,0.2,197,10,0.3,0.3,12,3,-3.33448190194775,0.006
6,2,0.2,200,10,0.3,0.3,12,3,-3.28940833292748,0.006
6,2,0.2,224,10,0.3,0.3,12,3,-3.64840507740783,0.006
6,2,0.2,252,10,0.3,0.3,12,3,-2.04037889456953,0.006
6,2,0.2,259,10,0.3,0.3,12,3,-2.22683768790563,0.006
6,2,0.2,263,10,0.3,0.3,12,3,-3.78493385516302,0.006
6,2,0.2,291,10,0.3,0.3,12,3,-3.38954583053311,0.006
6,2,0.2,310,10,0.3,0.3,12,3,-2.84092001478015,0.006
6,2,0.2,324,10,0.3,0.3,12,3,-3.52941691014934,0.006
6,2,0.2,332,10,0.3,0.3,12,3,-2.44404141487888,0.006
6,2,0.2,343,10,0.3,0.3,12,3,-2.84266014789375,0.006
6,2,0.2,368,10,0.3,0.3,12,3,-3.56904229927662,0.006
6,2,0.2,370,10,0.3,0.3,12,3,-3.53496451031123,0.006
6,2,0.2,373,10,0.3,0.3,12,3,-2.88700422914053,0.006
6,2,0.2,389,10,0.3,0.3,12,3,-2.82178686067161,0.006
6,2,0.2,393,10,0.3,0.3,12,3,-3.94513285401055,0.006
6,2,0.2,442,10,0.3,0.3,12,3,-2.85991515522605,0.006
6,2,0.2,454,10,0.3,0.3,12,3,-2.77880726571459,0.006
6,2,0.2,458,10,0.3,0.3,12,3,-3.83681828907146,0.006
6,2,0.2,461,10,0.3,0.3,12,3,-3.63666736639868,0.006
6,2,0.2,489,10,0.3,0.3,12,3,-3.70924401591489,0.006
6,2,0.2,495,10,0.3,0.3,12,3,-3.26699571701715,0.006
6,2,0.2,3,10,0.3,0.3,12,3,-3.54033311909109,0.008
6,2,0.2,13,10,0.3,0.3,12,3,-3.00979688546315,0.008
6,2,0.2,20,10,0.3,0.3,12,3,-2.89072696665434,0.008
6,2,0.2,26,10,0.3,0.3,12,3,-2.80656554688389,0.008
6,2,0.2,51,10,0.3,0.3,12,3,-4.06831139292851,0.008
6,2,0.2,58,10,0.3,0.3,12,3,-3.91812472064882,0.008
6,2,0.2,82,10,0.3,0.3,12,3,-2.97304172159511,0.008
6,2,0.2,96,10,0.3,0.3,12,3,-3.63012680100977,0.008
6,2,0.2,104,10,0.3,0.3,12,3,-2.39865084579409,0.008
6,2,0.2,112,10,0.3,0.3,12,3,-2.09673427958072,0.008
6,2,0.2,128,10,0.3,0.3,12,3,-3.49404741586352,0.008
6,2,0.2,133,10,0.3,0.3,12,3,-3.09099141470958,0.008
6,2,0.2,155,10,0.3,0.3,12,3,-3.01748925283727,0.008
6,2,0.2,156,10,0.3,0.3,12,3,-3.71030552021247,0.008
6,2,0.2,175,10,0.3,0.3,12,3,-2.88509033687728,0.008
6,2,0.2,225,10,0.3,0.3,12,3,-2.48037807450712,0.008
6,2,0.2,247,10,0.3,0.3,12,3,-3.15140813909667,0.008
6,2,0.2,276,10,0.3,0.3,12,3,-2.5733211264114,0.008
6,2,0.2,290,10,0.3,0.3,12,3,-2.53644922636957,0.008
6,2,0.2,299,10,0.3,0.3,12,3,-3.71943864267024,0.008
6,2,0.2,337,10,0.3,0.3,12,3,-2.65060012339026,0.008
6,2,0.2,379,10,0.3,0.3,12,3,-3.36468554098096,0.008
6,2,0.2,391,10,0.3,0.3,12,3,-3.55548208152243,0.008
6,2,0.2,401,10,0.3,0.3,12,3,-3.33416408242127,0.008
6,2,0.2,415,10,0.3,0.3,12,3,-2.83551775364833,0.008
6,2,0.2,432,10,0.3,0.3,12,3,-3.51752400277562,0.008
6,2,0.2,452,10,0.3,0.3,12,3,-3.07899371619121,0.008
6,2,0.2,471,10,0.3,0.3,12,3,-2.94198609968674,0.008
6,2,0.2,478,10,0.3,0.3,12,3,-3.04239791124903,0.008
6,2,0.2,479,10,0.3,0.3,12,3,-2.79594185589147,0.008
6,2,0.2,490,10,0.3,0.3,12,3,-3.82271637206497,0.008
6,2,0.2,27,10,0.3,0.3,12,3,-3.5287024343225,0.01
6,2,0.2,36,10,0.3,0.3,12,3,-3.17609151395871,0.01
6,2,0.2,84,10,0.3,0.3,12,3,-4.22768209104154,0.01
6,2,0.2,113,10,0.3,0.3,12,3,-2.82350743022258,0.01
6,2,0.2,122,10,0.3,0.3,12,3,-2.66734787989134,0.01
6,2,0.2,169,10,0.3,0.3,12,3,-2.905383123353,0.01
6,2,0.2,215,10,0.3,0.3,12,3,-3.81976544077349,0.01
6,2,0.2,239,10,0.3,0.3,12,3,-3.15900942101862,0.01
6,2,0.2,246,10,0.3,0.3,12,3,-2.61751634858663,0.01
6,2,0.2,301,10,0.3,0.3,12,3,-2.04595434541054,0.01
6,2,0.2,317,10,0.3,0.3,12,3,-3.43534770802975,0.01
6,2,0.2,321,10,0.3,0.3,12,3,-3.57185187094109,0.01
6,2,0.2,335,10,0.3,0.3,12,3,-4.30909923135829,0.01
6,2,0.2,340,10,0.3,0.3,12,3,-3.95757157954151,0.01
6,2,0.2,429,10,0.3,0.3,12,3,-2.68267262787225,0.01
6,2,0.2,445,10,0.3,0.3,12,3,-2.5582846619954,0.01
6,2,0.2,469,10,0.3,0.3,12,3,-2.91082996101278,0.01
6,2,0.2,480,10,0.3,0.3,12,3,-3.77774977476372,0.01
6,2,0.2,487,10,0.3,0.3,12,3,-3.63387460031606,0.01
6,2,0.2,492,10,0.3,0.3,12,3,-3.84663853919014,0.01
6,2,0.2,41,10,0.3,0.3,12,3,-2.14222298741601,0.012
6,2,0.2,54,10,0.3,0.3,12,3,-2.99057929936978,0.012
6,2,0.2,59,10,0.3,0.3,12,3,-3.27663279232922,0.012
6,2,0.2,66,10,0.3,0.3,12,3,-2.7892494435759,0.012
6,2,0.2,76,10,0.3,0.3,12,3,-3.48860122287329,0.012
6,2,0.2,137,10,0.3,0.3,12,3,-3.30621371360968,0.012
6,2,0.2,168,10,0.3,0.3,12,3,-3.0121010675978,0.012
6,2,0.2,198,10,0.3,0.3,12,3,-4.25070594911782,0.012
6,2,0.2,203,10,0.3,0.3,12,3,-3.41116207877988,0.012
6,2,0.2,208,10,0.3,0.3,12,3,-2.98632648278152,0.012
6,2,0.2,285,10,0.3,0.3,12,3,-2.95662942252838,0.012
6,2,0.2,313,10,0.3,0.3,12,3,-3.40341881989849,0.012
6,2,0.2,365,10,0.3,0.3,12,3,-3.10121865829922,0.012
6,2,0.2,396,10,0.3,0.3,12,3,-3.05422530349105,0.012
6,2,0.2,413,10,0.3,0.3,12,3,-2.49344012481001,0.012
6,2,0.2,21,10,0.3,0.3,12,3,-3.05151829731443,0.014
6,2,0.2,38,10,0.3,0.3,12,3,-3.13629787278225,0.014
6,2,0.2,83,10,0.3,0.3,12,3,-3.01930629385055,0.014
6,2,0.2,129,10,0.3,0.3,12,3,-3.05882726711909,0.014
6,2,0.2,131,10,0.3,0.3,12,3,-2.59495093952404,0.014
6,2,0.2,267,10,0.3,0.3,12,3,-2.53136384627979,0.014
6,2,0.2,318,10,0.3,0.3,12,3,-2.13057661588658,0.014
6,2,0.2,364,10,0.3,0.3,12,3,-4.27031159577825,0.014
6,2,0.2,374,10,0.3,0.3,12,3,-3.37199340233346,0.014
6,2,0.2,398,10,0.3,0.3,12,3,-3.22199939894492,0.014
6,2,0.2,399,10,0.3,0.3,12,3,-3.60688651500399,0.014
6,2,0.2,451,10,0.3,0.3,12,3,-2.1284585325084,0.014
6,2,0.2,25,10,0.3,0.3,12,3,-2.91188787583954,0.016
6,2,0.2,196,10,0.3,0.3,12,3,-3.35342436328494,0.016
6,2,0.2,204,10,0.3,0.3,12,3,-2.89579349354011,0.016
6,2,0.2,219,10,0.3,0.3,12,3,-2.6728063412119,0.016
6,2,0.2,255,10,0.3,0.3,12,3,-2.8280902640723,0.016
6,2,0.2,268,10,0.3,0.3,12,3,-3.64846248550671,0.016
6,2,0.2,283,10,0.3,0.3,12,3,-2.69537560758147,0.016
6,2,0.2,293,10,0.3,0.3,12,3,-2.86364028053688,0.016
6,2,0.2,304,10,0.3,0.3,12,3,-3.06789979178052,0.016
6,2,0.2,326,10,0.3,0.3,12,3,-3.70737370461913,0.016
6,2,0.2,338,10,0.3,0.3,12,3,-3.71083703098071,0.016
6,2,0.2,420,10,0.3,0.3,12,3,-3.42537314149433,0.016
6,2,0.2,430,10,0.3,0.3,12,3,-2.74846920882348,0.016
6,2,0.2,431,10,0.3,0.3,12,3,-2.72572137671176,0.016
6,2,0.2,52,10,0.3,0.3,12,3,-2.94187203477929,0.018
6,2,0.2,63,10,0.3,0.3,12,3,-2.58068560335505,0.018
6,2,0.2,102,10,0.3,0.3,12,3,-3.17681251838482,0.018
6,2,0.2,109,10,0.3,0.3,12,3,-3.07796176859839,0.018
6,2,0.2,115,10,0.3,0.3,12,3,-2.88941044565135,0.018
6,2,0.2,127,10,0.3,0.3,12,3,-3.18109306738131,0.018
6,2,0.2,142,10,0.3,0.3,12,3,-2.86210654651407,0.018
6,2,0.2,242,10,0.3,0.3,12,3,-3.65083033445771,0.018
6,2,0.2,251,10,0.3,0.3,12,3,-2.81303015523497,0.018
6,2,0.2,369,10,0.3,0.3,12,3,-2.94504750431472,0.018
6,2,0.2,388,10,0.3,0.3,12,3,-3.22530114197667,0.018
6,2,0.2,390,10,0.3,0.3,12,3,-2.85189049809375,0.018
6,2,0.2,467,10,0.3,0.3,12,3,-3.83178220815086,0.018
6,2,0.2,491,10,0.3,0.3,12,3,-3.07090921617649,0.018
6,2,0.2,7,10,0.3,0.3,12,3,-2.77440307832256,0.02
6,2,0.2,29,10,0.3,0.3,12,3,-3.89274956118217,0.02
6,2,0.2,139,10,0.3,0.3,12,3,-3.08936235935428,0.02
6,2,0.2,146,10,0.3,0.3,12,3,-3.07520447495972,0.02
6,2,0.2,186,10,0.3,0.3,12,3,-3.27012211911568,0.02
6,2,0.2,207,10,0.3,0.3,12,3,-2.25240237289853,0.02
6,2,0.2,241,10,0.3,0.3,12,3,-4.25820640939079,0.02
6,2,0.2,320,10,0.3,0.3,12,3,-2.30457009144726,0.02
6,2,0.2,341,10,0.3,0.3,12,3,-2.42571173030112,0.02
6,2,0.2,367,10,0.3,0.3,12,3,-3.00901727174076,0.02
6,2,0.2,394,10,0.3,0.3,12,3,-2.48149917257629,0.02
6,2,0.2,411,10,0.3,0.3,12,3,-2.62354068930662,0.02
6,2,0.2,464,10,0.3,0.3,12,3,-2.59985739607583,0.02
6,2,0.2,8,10,0.3,0.3,12,3,-3.01538049188528,0.022
6,2,0.2,61,10,0.3,0.3,12,3,-3.27959750191613,0.022
6,2,0.2,111,10,0.3,0.3,12,3,-3.05097517844209,0.022
6,2,0.2,125,10,0.3,0.3,12,3,-2.22928910621823,0.022
6,2,0.2,152,10,0.3,0.3,12,3,-2.23470326993206,0.022
6,2,0.2,162,10,0.3,0.3,12,3,-2.85821600254778,0.022
6,2,0.2,185,10,0.3,0.3,12,3,-3.18472030686235,0.022
6,2,0.2,230,10,0.3,0.3,12,3,-3.0452589197042,0.022
6,2,0.2,254,10,0.3,0.3,12,3,-2.2560839903847,0.022
6,2,0.2,269,10,0.3,0.3,12,3,-3.09404871535534,0.022
6,2,0.2,356,10,0.3,0.3,12,3,-3.03163610290528,0.022
6,2,0.2,424,10,0.3,0.3,12,3,-3.12642207180329,0.022
6,2,0.2,453,10,0.3,0.3,12,3,-2.23136062628524,0.022
6,2,0.2,33,10,0.3,0.3,12,3,-2.18794555030104,0.024
6,2,0.2,108,10,0.3,0.3,12,3,-2.65887771230206,0.024
6,2,0.2,153,10,0.3,0.3,12,3,-4.17771056004503,0.024
6,2,0.2,160,10,0.3,0.3,12,3,-3.29076630340762,0.024
6,2,0.2,171,10,0.3,0.3,12,3,-3.78770559975584,0.024
6,2,0.2,213,10,0.3,0.3,12,3,-2.00559275204122,0.024
6,2,0.2,232,10,0.3,0.3,12,3,-2.55106652818543,0.024
6,2,0.2,257,10,0.3,0.3,12,3,-2.8184451901358,0.024
6,2,0.2,264,10,0.3,0.3,12,3,-3.11467522302004,0.024
6,2,0.2,306,10,0.3,0.3,12,3,-3.16954903416951,0.024
6,2,0.2,327,10,0.3,0.3,12,3,-3.58481843850066,0.024
6,2,0.2,382,10,0.3,0.3,12,3,-3.05388856996095,0.024
6,2,0.2,387,10,0.3,0.3,12,3,-2.81239324860093,0.024
6,2,0.2,434,10,0.3,0.3,12,3,-3.43158584288753,0.024
6,2,0.2,436,10,0.3,0.3,12,3,-3.17268864661855,0.024
6,2,0.2,24,10,0.3,0.3,12,3,-3.02813422585456,0.026
6,2,0.2,121,10,0.3,0.3,12,3,-3.56821618236856,0.026
6,2,0.2,130,10,0.3,0.3,12,3,-3.41215807401414,0.026
6,2,0.2,226,10,0.3,0.3,12,3,-2.7554560573231,0.026
6,2,0.2,227,10,0.3,0.3,12,3,-3.90418158532637,0.026
6,2,0.2,249,10,0.3,0.3,12,3,-2.91620356467732,0.026
6,2,0.2,261,10,0.3,0.3,12,3,-2.65181359525155,0.026
6,2,0.2,300,10,0.3,0.3,12,3,-3.08563967400818,0.026
6,2,0.2,330,10,0.3,0.3,12,3,-1.99583724621516,0.026
6,2,0.2,350,10,0.3,0.3,12,3,-2.91878936874755,0.026
6,2,0.2,351,10,0.3,0.3,12,3,-2.77795925382438,0.026
6,2,0.2,354,10,0.3,0.3,12,3,-2.19550754917782,0.026
6,2,0.2,366,10,0.3,0.3,12,3,-2.59344273556036,0.026
6,2,0.2,400,10,0.3,0.3,12,3,-3.46358124509064,0.026
6,2,0.2,419,10,0.3,0.3,12,3,-3.99791028138753,0.026
6,2,0.2,30,10,0.3,0.3,12,3,-2.81430071957925,0.028
6,2,0.2,93,10,0.3,0.3,12,3,-3.43967728307567,0.028
6,2,0.2,144,10,0.3,0.3,12,3,-2.80253161641087,0.028
6,2,0.2,148,10,0.3,0.3,12,3,-3.06809785109556,0.028
6,2,0.2,183,10,0.3,0.3,12,3,-3.90368317069166,0.028
6,2,0.2,237,10,0.3,0.3,12,3,-2.33287415765605,0.028
6,2,0.2,305,10,0.3,0.3,12,3,-2.99295846157372,0.028
6,2,0.2,334,10,0.3,0.3,12,3,-3.25575562288537,0.028
6,2,0.2,457,10,0.3,0.3,12,3,-2.30018944432706,0.028
6,2,0.2,494,10,0.3,0.3,12,3,-2.59772235962402,0.028
6,2,0.2,497,10,0.3,0.3,12,3,-3.06868179598712,0.028
6,2,0.2,35,10,0.3,0.3,12,3,-2.72593509594631,0.03
6,2,0.2,69,10,0.3,0.3,12,3,-2.72536614449595,0.03
6,2,0.2,71,10,0.3,0.3,12,3,-2.35791122588486,0.03
6,2,0.2,136,10,0.3,0.3,12,3,-3.23637630762718,0.03
6,2,0.2,159,10,0.3,0.3,12,3,-2.67384323625666,0.03
6,2,0.2,166,10,0.3,0.3,12,3,-2.25109411810968,0.03
6,2,0.2,167,10,0.3,0.3,12,3,-2.45347929608909,0.03
6,2,0.2,262,10,0.3,0.3,12,3,-2.61231161225592,0.03
6,2,0.2,271,10,0.3,0.3,12,3,-2.79186929057289,0.03
6,2,0.2,353,10,0.3,0.3,12,3,-2.38231659544098,0.03
6,2,0.2,427,10,0.3,0.3,12,3,-2.84681246216158,0.03
6,2,0.2,449,10,0.3,0.3,12,3,-3.19844381876263,0.03
6,2,0.2,463,10,0.3,0.3,12,3,-3.11527026806959,0.03
6,2,0.2,134,10,0.3,0.3,12,3,-2.02332216123133,0.032
6,2,0.2,199,10,0.3,0.3,12,3,-2.26796383184117,0.032
6,2,0.2,253,10,0.3,0.3,12,3,-2.28299462486063,0.032
6,2,0.2,281,10,0.3,0.3,12,3,-3.78567698259744,0.032
6,2,0.2,380,10,0.3,0.3,12,3,-2.93678164022489,0.032
6,2,0.2,417,10,0.3,0.3,12,3,-3.70828950344983,0.032
6,2,0.2,16,10,0.3,0.3,12,3,-3.59079897449612,0.034
6,2,0.2,53,10,0.3,0.3,12,3,-3.06896824847504,0.034
6,2,0.2,157,10,0.3,0.3,12,3,-2.85704156554928,0.034
6,2,0.2,228,10,0.3,0.3,12,3,-2.580206837536,0.034
6,2,0.2,245,10,0.3,0.3,12,3,-3.36495801127481,0.034
6,2,0.2,287,10,0.3,0.3,12,3,-2.24681738712854,0.034
6,2,0.2,288,10,0.3,0.3,12,3,-4.0076304804285,0.034
6,2,0.2,426,10,0.3,0.3,12,3,-2.4603564147647,0.034
6,2,0.2,433,10,0.3,0.3,12,3,-3.77370764489004,0.034
6,2,0.2,483,10,0.3,0.3,12,3,-2.94984302656908,0.034
6,2,0.2,484,10,0.3,0.3,12,3,-2.04650986504188,0.034
6,2,0.2,488,10,0.3,0.3,12,3,-2.39183592586767,0.034
6,2,0.2,174,10,0.3,0.3,12,3,-3.12653344735716,0.036
6,2,0.2,176,10,0.3,0.3,12,3,-2.42930169019601,0.036
6,2,0.2,192,10,0.3,0.3,12,3,-3.72437529203881,0.036
6,2,0.2,273,10,0.3,0.3,12,3,-3.86061196506967,0.036
6,2,0.2,348,10,0.3,0.3,12,3,-2.66199494262128,0.036
6,2,0.2,386,10,0.3,0.3,12,3,-2.43416578591845,0.036
6,2,0.2,409,10,0.3,0.3,12,3,-2.95080322221088,0.036
6,2,0.2,476,10,0.3,0.3,12,3,-2.7391849464785,0.036
6,2,0.2,42,10,0.3,0.3,12,3,-2.25194957739322,0.038
6,2,0.2,43,10,0.3,0.3,12,3,-3.19626902007315,0.038
6,2,0.2,95,10,0.3,0.3,12,3,-3.71227942952106,0.038
6,2,0.2,123,10,0.3,0.3,12,3,-2.33979828875539,0.038
6,2,0.2,126,10,0.3,0.3,12,3,-2.97808425054677,0.038
6,2,0.2,220,10,0.3,0.3,12,3,-2.48360303668792,0.038
6,2,0.2,282,10,0.3,0.3,12,3,-2.18297922098174,0.038
6,2,0.2,34,10,0.3,0.3,12,3,-3.23060378485195,0.04
6,2,0.2,114,10,0.3,0.3,12,3,-2.29471737348683,0.04
6,2,0.2,120,10,0.3,0.3,12,3,-3.40495543153204,0.04
6,2,0.2,266,10,0.3,0.3,12,3,-3.16373408919929,0.04
6,2,0.2,272,10,0.3,0.3,12,3,-3.27630806359826,0.04
6,2,0.2,277,10,0.3,0.3,12,3,-2.84955143526977,0.04
6,2,0.2,316,10,0.3,0.3,12,3,-2.12167845652093,0.04
6,2,0.2,325,10,0.3,0.3,12,3,-2.86724308350031,0.04
6,2,0.2,410,10,0.3,0.3,12,3,-2.87340625923517,0.04
6,2,0.2,455,10,0.3,0.3,12,3,-3.50251516820873,0.04
6,2,0.2,462,10,0.3,0.3,12,3,-2.74914064532487,0.04
6,2,0.2,466,10,0.3,0.3,12,3,-2.12600149273447,0.04
6,2,0.2,500,10,0.3,0.3,12,3,-2.33995864417057,0.04
6,2,0.2,18,10,0.3,0.3,12,3,-3.59125581225456,0.042
6,2,0.2,48,10,0.3,0.3,12,3,-3.04128982144869,0.042
6,2,0.2,50,10,0.3,0.3,12,3,-3.04447348049499,0.042
6,2,0.2,77,10,0.3,0.3,12,3,-3.43394835849591,0.042
6,2,0.2,91,10,0.3,0.3,12,3,-2.24417829771235,0.042
6,2,0.2,106,10,0.3,0.3,12,3,-2.79259960426381,0.042
6,2,0.2,140,10,0.3,0.3,12,3,-2.97165779697235,0.042
6,2,0.2,294,10,0.3,0.3,12,3,-2.56341334192544,0.042
6,2,0.2,297,10,0.3,0.3,12,3,-2.68156012720917,0.042
6,2,0.2,308,10,0.3,0.3,12,3,-2.562785614771,0.042
6,2,0.2,311,10,0.3,0.3,12,3,-2.42460995775545,0.042
6,2,0.2,384,10,0.3,0.3,12,3,-2.54024484989461,0.042
6,2,0.2,444,10,0.3,0.3,12,3,-3.18059835466593,0.042
6,2,0.2,498,10,0.3,0.3,12,3,-1.44856696891276,0.042
6,2,0.2,4,10,0.3,0.3,12,3,-3.81220692297364,0.044
6,2,0.2,14,10,0.3,0.3,12,3,-3.79346846528074,0.044
6,2,0.2,57,10,0.3,0.3,12,3,-4.2696428550168,0.044
6,2,0.2,80,10,0.3,0.3,12,3,-2.82826479563886,0.044
6,2,0.2,124,10,0.3,0.3,12,3,-1.83403941758272,0.044
6,2,0.2,147,10,0.3,0.3,12,3,-3.08780655639308,0.044
6,2,0.2,258,10,0.3,0.3,12,3,-2.28731008985977,0.044
6,2,0.2,295,10,0.3,0.3,12,3,-2.79378656906795,0.044
6,2,0.2,360,10,0.3,0.3,12,3,-2.35765371117924,0.044
6,2,0.2,363,10,0.3,0.3,12,3,-2.87686699833392,0.044
6,2,0.2,371,10,0.3,0.3,12,3,-3.23256515190724,0.044
6,2,0.2,392,10,0.3,0.3,12,3,-2.30999735350477,0.044
6,2,0.2,465,10,0.3,0.3,12,3,-3.08821295090539,0.044
6,2,0.2,2,10,0.3,0.3,12,3,-2.51675847720838,0.046
6,2,0.2,23,10,0.3,0.3,12,3,-2.74240297608185,0.046
6,2,0.2,72,10,0.3,0.3,12,3,-1.7991756614785,0.046
6,2,0.2,78,10,0.3,0.3,12,3,-2.1517378508658,0.046
6,2,0.2,79,10,0.3,0.3,12,3,-2.37729712159782,0.046
6,2,0.2,87,10,0.3,0.3,12,3,-2.39649883145987,0.046
6,2,0.2,89,10,0.3,0.3,12,3,-3.20641042769287,0.046
6,2,0.2,119,10,0.3,0.3,12,3,-1.97817903303326,0.046
6,2,0.2,141,10,0.3,0.3,12,3,-3.37179330174195,0.046
6,2,0.2,164,10,0.3,0.3,12,3,-2.94906590385946,0.046
6,2,0.2,270,10,0.3,0.3,12,3,-2.18417986005934,0.046
6,2,0.2,331,10,0.3,0.3,12,3,-3.21766335193988,0.046
6,2,0.2,397,10,0.3,0.3,12,3,-2.87503160969061,0.046
6,2,0.2,428,10,0.3,0.3,12,3,-3.71393630751112,0.046
6,2,0.2,44,10,0.3,0.3,12,3,-3.03815903377773,0.048
6,2,0.2,210,10,0.3,0.3,12,3,-3.20625644021933,0.048
6,2,0.2,231,10,0.3,0.3,12,3,-2.6452576096199,0.048
6,2,0.2,339,10,0.3,0.3,12,3,-2.46665508787075,0.048
6,2,0.2,349,10,0.3,0.3,12,3,-2.95465429110402,0.048
6,2,0.2,385,10,0.3,0.3,12,3,-2.48687468431348,0.048
6,2,0.2,405,10,0.3,0.3,12,3,-2.99495271083543,0.048
6,2,0.2,447,10,0.3,0.3,12,3,-2.59885578654169,0.048
6,2,0.2,448,10,0.3,0.3,12,3,-2.57255366556001,0.048
6,2,0.2,22,10,0.3,0.3,12,3,-2.29034976557841,0.05
6,2,0.2,31,10,0.3,0.3,12,3,-1.81086190564983,0.05
6,2,0.2,39,10,0.3,0.3,12,3,-1.58375507882221,0.05
6,2,0.2,105,10,0.3,0.3,12,3,-2.05905284551736,0.05
6,2,0.2,151,10,0.3,0.3,12,3,-3.28282567339767,0.05
6,2,0.2,182,10,0.3,0.3,12,3,-2.51086856063503,0.05
6,2,0.2,216,10,0.3,0.3,12,3,-2.59770092435269,0.05
6,2,0.2,223,10,0.3,0.3,12,3,-2.52475593634199,0.05
6,2,0.2,284,10,0.3,0.3,12,3,-2.69762693928431,0.05
6,2,0.2,286,10,0.3,0.3,12,3,-2.97283468623655,0.05
6,2,0.2,345,10,0.3,0.3,12,3,-2.82566744957026,0.05
6,2,0.2,422,10,0.3,0.3,12,3,-3.16460524575135,0.05
6,2,0.2,477,10,0.3,0.3,12,3,-2.30609581123633,0.05
6,2,0.2,10,10,0.3,0.3,12,3,-3.50491207026377,0.052
6,2,0.2,86,10,0.3,0.3,12,3,-2.29930376806357,0.052
6,2,0.2,94,10,0.3,0.3,12,3,-2.38805983730546,0.052
6,2,0.2,101,10,0.3,0.3,12,3,-2.98029277220888,0.052
6,2,0.2,107,10,0.3,0.3,12,3,-2.99683990936532,0.052
6,2,0.2,132,10,0.3,0.3,12,3,-3.43917468241625,0.052
6,2,0.2,265,10,0.3,0.3,12,3,-2.94436780300549,0.052
6,2,0.2,296,10,0.3,0.3,12,3,-3.24002306703605,0.052
6,2,0.2,357,10,0.3,0.3,12,3,-2.42456373054995,0.052
6,2,0.2,421,10,0.3,0.3,12,3,-2.94974992203453,0.052
6,2,0.2,441,10,0.3,0.3,12,3,-3.66010716313906,0.052
6,2,0.2,450,10,0.3,0.3,12,3,-2.74944045518399,0.052
6,2,0.2,460,10,0.3,0.3,12,3,-3.02068630263128,0.052
6,2,0.2,470,10,0.3,0.3,12,3,-3.41445695917133,0.052
6,2,0.2,5,10,0.3,0.3,12,3,-2.72760191966648,0.054
6,2,0.2,64,10,0.3,0.3,12,3,-2.56359236994513,0.054
6,2,0.2,170,10,0.3,0.3,12,3,-2.32230247313075,0.054
6,2,0.2,233,10,0.3,0.3,12,3,-3.19892687876347,0.054
6,2,0.2,244,10,0.3,0.3,12,3,-2.77992662814029,0.054
6,2,0.2,260,10,0.3,0.3,12,3,-2.81699929063734,0.054
6,2,0.2,377,10,0.3,0.3,12,3,-2.65970668919209,0.054
6,2,0.2,383,10,0.3,0.3,12,3,-2.99179809383105,0.054
6,2,0.2,418,10,0.3,0.3,12,3,-2.31117531433401,0.054
6,2,0.2,440,10,0.3,0.3,12,3,-2.94077601532643,0.054
6,2,0.2,499,10,0.3,0.3,12,3,-2.38142068285083,0.054
6,2,0.2,28,10,0.3,0.3,12,3,-2.85152918087815,0.056
6,2,0.2,46,10,0.3,0.3,12,3,-1.65759491184508,0.056
6,2,0.2,92,10,0.3,0.3,12,3,-2.40660346467806,0.056
6,2,0.2,173,10,0.3,0.3,12,3,-2.549816779667,0.056
6,2,0.2,178,10,0.3,0.3,12,3,-3.16491176228382,0.056
6,2,0.2,184,10,0.3,0.3,12,3,-1.71505099759722,0.056
6,2,0.2,274,10,0.3,0.3,12,3,-3.10621843836816,0.056
6,2,0.2,303,10,0.3,0.3,12,3,-3.6382416631975,0.056
6,2,0.2,333,10,0.3,0.3,12,3,-2.13612191877988,0.056
6,2,0.2,336,10,0.3,0.3,12,3,-2.24808918189385,0.056
6,2,0.2,406,10,0.3,0.3,12,3,-3.0870023989973,0.056
6,2,0.2,158,10,0.3,0.3,12,3,-3.00131711363969,0.058
6,2,0.2,248,10,0.3,0.3,12,3,-2.3411270992242,0.058
6,2,0.2,414,10,0.3,0.3,12,3,-3.44795295822084,0.058
6,2,0.2,482,10,0.3,0.3,12,3,-3.23168541914845,0.058
6,2,0.2,11,10,0.3,0.3,12,3,-2.44977904729828,0.06
6,2,0.2,15,10,0.3,0.3,12,3,-3.60654977122562,0.06
6,2,0.2,100,10,0.3,0.3,12,3,-2.59790017369872,0.06
6,2,0.2,177,10,0.3,0.3,12,3,-1.73629232068276,0.06
6,2,0.2,218,10,0.3,0.3,12,3,-2.45892205502449,0.06
6,2,0.2,221,10,0.3,0.3,12,3,-3.16742170212476,0.06
6,2,0.2,347,10,0.3,0.3,12,3,-1.48938810986513,0.06
6,2,0.2,161,10,0.3,0.3,12,3,-2.67097697943731,0.062
6,2,0.2,243,10,0.3,0.3,12,3,-2.9286482197634,0.062
6,2,0.2,372,10,0.3,0.3,12,3,-1.98928758152189,0.062
6,2,0.2,496,10,0.3,0.3,12,3,-2.59060080151301,0.062
6,2,0.2,222,10,0.3,0.3,12,3,-2.15432892332728,0.064
6,2,0.2,395,10,0.3,0.3,12,3,-1.88679916155186,0.064
6,2,0.2,486,10,0.3,0.3,12,3,-3.99251296684236,0.064
6,2,0.2,97,10,0.3,0.3,12,3,-2.97175427667406,0.066
6,2,0.2,145,10,0.3,0.3,12,3,-3.21157422271469,0.066
6,2,0.2,240,10,0.3,0.3,12,3,-3.0087390144152,0.066
6,2,0.2,435,10,0.3,0.3,12,3,-2.38350035707879,0.068
6,2,0.2,437,10,0.3,0.3,12,3,-2.09111707929256,0.068
6,2,0.2,485,10,0.3,0.3,12,3,-3.14625016927857,0.068
6,2,0.2,416,10,0.3,0.3,12,3,-3.44966964676337,0.07
6,2,0.2,474,10,0.3,0.3,12,3,-2.30406088219732,0.07
6,2,0.2,68,10,0.3,0.3,12,3,-2.00573459430061,0.072
6,2,0.2,359,10,0.3,0.3,12,3,-2.92270727088993,0.072
6,2,0.2,376,10,0.3,0.3,12,3,-2.62619546856217,0.072
6,2,0.2,358,10,0.3,0.3,12,3,-2.12385222856159,0.076
6,2,0.2,67,10,0.3,0.3,12,3,-1.66450552406059,0.078
6,2,0.2,88,10,0.3,0.3,12,3,-2.2751143922639,0.078
6,2,0.2,190,10,0.3,0.3,12,3,-2.16574385850979,0.078
6,2,0.2,55,10,0.3,0.3,12,3,-3.02222026494005,0.08
6,2,0.2,179,10,0.3,0.3,12,3,-3.79327630662402,0.08
6,2,0.2,256,10,0.3,0.3,12,3,-1.54574653063344,0.08
6,2,0.2,329,10,0.3,0.3,12,3,-2.54463901841834,0.08
6,2,0.2,209,10,0.3,0.3,12,3,-3.51724659427612,0.082
6,2,0.2,407,10,0.3,0.3,12,3,-1.91209626154023,0.082
6,2,0.2,40,10,0.3,0.3,12,3,-1.85644668133358,0.11
6,2,0.2,13,10,0.3,0.3,13,3,-3.74221368100612,0
6,2,0.2,20,10,0.3,0.3,13,3,-3.32550590962896,0
6,2,0.2,29,10,0.3,0.3,13,3,-2.30241510785768,0
6,2,0.2,51,10,0.3,0.3,13,3,-3.09818254527772,0
6,2,0.2,82,10,0.3,0.3,13,3,-2.60207824694632,0
6,2,0.2,83,10,0.3,0.3,13,3,-2.58431936296486,0
6,2,0.2,96,10,0.3,0.3,13,3,-3.9640340457949,0
6,2,0.2,102,10,0.3,0.3,13,3,-2.92585175137259,0
6,2,0.2,191,10,0.3,0.3,13,3,-3.1429652761463,0
6,2,0.2,193,10,0.3,0.3,13,3,-3.30489578007067,0
6,2,0.2,222,10,0.3,0.3,13,3,-3.02373104766974,0
6,2,0.2,230,10,0.3,0.3,13,3,-3.19742683677862,0
6,2,0.2,233,10,0.3,0.3,13,3,-4.67401351777684,0
6,2,0.2,245,10,0.3,0.3,13,3,-3.56685434716053,0
6,2,0.2,276,10,0.3,0.3,13,3,-3.53829223606934,0
6,2,0.2,381,10,0.3,0.3,13,3,-3.70631527466483,0
6,2,0.2,406,10,0.3,0.3,13,3,-2.43166213356699,0
6,2,0.2,434,10,0.3,0.3,13,3,-3.15566599484578,0
6,2,0.2,456,10,0.3,0.3,13,3,-3.40015687207486,0
6,2,0.2,474,10,0.3,0.3,13,3,-4.33605870897301,0
6,2,0.2,8,10,0.3,0.3,13,3,-3.82419027489459,0.002
6,2,0.2,57,10,0.3,0.3,13,3,-3.01145554071908,0.002
6,2,0.2,58,10,0.3,0.3,13,3,-2.932323410283,0.002
6,2,0.2,63,10,0.3,0.3,13,3,-3.69756983959309,0.002
6,2,0.2,98,10,0.3,0.3,13,3,-3.48189224598451,0.002
6,2,0.2,101,10,0.3,0.3,13,3,-3.09147278620401,0.002
6,2,0.2,107,10,0.3,0.3,13,3,-2.82244874196479,0.002
6,2,0.2,118,10,0.3,0.3,13,3,-2.74641727731847,0.002
6,2,0.2,139,10,0.3,0.3,13,3,-3.38391923657898,0.002
6,2,0.2,144,10,0.3,0.3,13,3,-4.09081160564904,0.002
6,2,0.2,164,10,0.3,0.3,13,3,-3.56164327174312,0.002
6,2,0.2,199,10,0.3,0.3,13,3,-3.7363593238594,0.002
6,2,0.2,200,10,0.3,0.3,13,3,-3.37204147966304,0.002
6,2,0.2,205,10,0.3,0.3,13,3,-3.61402133744426,0.002
6,2,0.2,257,10,0.3,0.3,13,3,-2.17499659041462,0.002
6,2,0.2,259,10,0.3,0.3,13,3,-3.3386004646002,0.002
6,2,0.2,268,10,0.3,0.3,13,3,-3.21662968647104,0.002
6,2,0.2,272,10,0.3,0.3,13,3,-3.31358187843531,0.002
6,2,0.2,277,10,0.3,0.3,13,3,-3.41768573437389,0.002
6,2,0.2,285,10,0.3,0.3,13,3,-3.78991683377981,0.002
6,2,0.2,293,10,0.3,0.3,13,3,-2.7483352951092,0.002
6,2,0.2,307,10,0.3,0.3,13,3,-4.392724316954,0.002
6,2,0.2,327,10,0.3,0.3,13,3,-2.32100625013655,0.002
6,2,0.2,370,10,0.3,0.3,13,3,-3.15203417956897,0.002
6,2,0.2,371,10,0.3,0.3,13,3,-3.89824563273811,0.002
6,2,0.2,377,10,0.3,0.3,13,3,-3.09347123697447,0.002
6,2,0.2,380,10,0.3,0.3,13,3,-3.11246195079002,0.002
6,2,0.2,382,10,0.3,0.3,13,3,-3.2630358519136,0.002
6,2,0.2,384,10,0.3,0.3,13,3,-2.735072960732,0.002
6,2,0.2,391,10,0.3,0.3,13,3,-3.26526620117005,0.002
6,2,0.2,403,10,0.3,0.3,13,3,-3.52876275943402,0.002
6,2,0.2,422,10,0.3,0.3,13,3,-3.42951133292081,0.002
6,2,0.2,424,10,0.3,0.3,13,3,-3.7201747091037,0.002
6,2,0.2,431,10,0.3,0.3,13,3,-3.58415104638988,0.002
6,2,0.2,435,10,0.3,0.3,13,3,-4.7136423498421,0.002
6,2,0.2,436,10,0.3,0.3,13,3,-2.92219145121067,0.002
6,2,0.2,462,10,0.3,0.3,13,3,-4.17853856523317,0.002
6,2,0.2,470,10,0.3,0.3,13,3,-2.88254958599148,0.002
6,2,0.2,491,10,0.3,0.3,13,3,-3.7446657115473,0.002
6,2,0.2,2,10,0.3,0.3,13,3,-3.99183400980826,0.004
6,2,0.2,3,10,0.3,0.3,13,3,-2.9823212915548,0.004
6,2,0.2,14,10,0.3,0.3,13,3,-2.79332707625815,0.004
6,2,0.2,35,10,0.3,0.3,13,3,-3.21127164654879,0.004
6,2,0.2,48,10,0.3,0.3,13,3,-3.22335542058272,0.004
6,2,0.2,64,10,0.3,0.3,13,3,-3.90904357655674,0.004
6,2,0.2,81,10,0.3,0.3,13,3,-3.67501109733502,0.004
6,2,0.2,104,10,0.3,0.3,13,3,-2.83441281800947,0.004
6,2,0.2,112,10,0.3,0.3,13,3,-4.19629666949871,0.004
6,2,0.2,116,10,0.3,0.3,13,3,-1.96173197790611,0.004
6,2,0.2,132,10,0.3,0.3,13,3,-3.55357743065184,0.004
6,2,0.2,136,10,0.3,0.3,13,3,-3.52689852058577,0.004
6,2,0.2,150,10,0.3,0.3,13,3,-4.16196689429168,0.004
6,2,0.2,161,10,0.3,0.3,13,3,-3.0786927711649,0.004
6,2,0.2,181,10,0.3,0.3,13,3,-3.57871854087642,0.004
6,2,0.2,186,10,0.3,0.3,13,3,-3.75137637172529,0.004
6,2,0.2,203,10,0.3,0.3,13,3,-4.11563589293124,0.004
6,2,0.2,207,10,0.3,0.3,13,3,-2.37650247907843,0.004
6,2,0.2,256,10,0.3,0.3,13,3,-3.59334694724296,0.004
6,2,0.2,260,10,0.3,0.3,13,3,-3.73531383817686,0.004
6,2,0.2,289,10,0.3,0.3,13,3,-3.09882710638584,0.004
6,2,0.2,315,10,0.3,0.3,13,3,-3.14919757937142,0.004
6,2,0.2,363,10,0.3,0.3,13,3,-2.99010642922161,0.004
6,2,0.2,373,10,0.3,0.3,13,3,-2.99376957502,0.004
6,2,0.2,393,10,0.3,0.3,13,3,-3.6393881036677,0.004
6,2,0.2,396,10,0.3,0.3,13,3,-2.63449640859582,0.004
6,2,0.2,397,10,0.3,0.3,13,3,-3.8924264849035,0.004
6,2,0.2,398,10,0.3,0.3,13,3,-2.96115373111982,0.004
6,2,0.2,402,10,0.3,0.3,13,3,-3.95705455055386,0.004
6,2,0.2,421,10,0.3,0.3,13,3,-2.72498365087003,0.004
6,2,0.2,471,10,0.3,0.3,13,3,-2.71740197810507,0.004
6,2,0.2,478,10,0.3,0.3,13,3,-3.17604924551208,0.004
6,2,0.2,480,10,0.3,0.3,13,3,-2.42865179916433,0.004
6,2,0.2,1,10,0.3,0.3,13,3,-2.53397450541615,0.006
6,2,0.2,6,10,0.3,0.3,13,3,-3.24617555878174,0.006
6,2,0.2,34,10,0.3,0.3,13,3,-2.44866891127018,0.006
6,2,0.2,37,10,0.3,0.3,13,3,-2.83570116623088,0.006
6,2,0.2,59,10,0.3,0.3,13,3,-3.7215059861405,0.006
6,2,0.2,66,10,0.3,0.3,13,3,-2.84573390699455,0.006
6,2,0.2,70,10,0.3,0.3,13,3,-2.83844612109598,0.006
6,2,0.2,77,10,0.3,0.3,13,3,-3.6368958779662,0.006
6,2,0.2,95,10,0.3,0.3,13,3,-3.28039252770782,0.006
6,2,0.2,149,10,0.3,0.3,13,3,-3.65388603431748,0.006
6,2,0.2,175,10,0.3,0.3,13,3,-3.77261874790483,0.006
6,2,0.2,176,10,0.3,0.3,13,3,-3.49347865434075,0.006
6,2,0.2,183,10,0.3,0.3,13,3,-3.82176887432877,0.006
6,2,0.2,216,10,0.3,0.3,13,3,-3.50807290338551,0.006
6,2,0.2,235,10,0.3,0.3,13,3,-3.08113104251532,0.006
6,2,0.2,267,10,0.3,0.3,13,3,-2.56771982706198,0.006
6,2,0.2,282,10,0.3,0.3,13,3,-3.83169446488006,0.006
6,2,0.2,297,10,0.3,0.3,13,3,-3.61761520764733,0.006
6,2,0.2,309,10,0.3,0.3,13,3,-2.37339395956087,0.006
6,2,0.2,310,10,0.3,0.3,13,3,-3.13452254826748,0.006
6,2,0.2,335,10,0.3,0.3,13,3,-3.90759487607241,0.006
6,2,0.2,360,10,0.3,0.3,13,3,-2.71356979564681,0.006
6,2,0.2,383,10,0.3,0.3,13,3,-3.28523954709328,0.006
6,2,0.2,428,10,0.3,0.3,13,3,-3.96902345051748,0.006
6,2,0.2,475,10,0.3,0.3,13,3,-3.75843071572783,0.006
6,2,0.2,495,10,0.3,0.3,13,3,-3.75885348695709,0.006
6,2,0.2,9,10,0.3,0.3,13,3,-3.44581471060485,0.008
6,2,0.2,46,10,0.3,0.3,13,3,-3.37645485218283,0.008
6,2,0.2,74,10,0.3,0.3,13,3,-2.49338554537655,0.008
6,2,0.2,100,10,0.3,0.3,13,3,-2.98523707697032,0.008
6,2,0.2,192,10,0.3,0.3,13,3,-2.83712956592655,0.008
6,2,0.2,206,10,0.3,0.3,13,3,-3.86821931772707,0.008
6,2,0.2,217,10,0.3,0.3,13,3,-3.02885045171158,0.008
6,2,0.2,226,10,0.3,0.3,13,3,-2.67877535722656,0.008
6,2,0.2,263,10,0.3,0.3,13,3,-2.65402865635633,0.008
6,2,0.2,294,10,0.3,0.3,13,3,-2.7580424474431,0.008
6,2,0.2,349,10,0.3,0.3,13,3,-3.1310090383819,0.008
6,2,0.2,354,10,0.3,0.3,13,3,-2.93901549711268,0.008
6,2,0.2,372,10,0.3,0.3,13,3,-2.33672753395425,0.008
6,2,0.2,418,10,0.3,0.3,13,3,-2.56580405339082,0.008
6,2,0.2,455,10,0.3,0.3,13,3,-2.90392437715798,0.008
6,2,0.2,459,10,0.3,0.3,13,3,-3.854677709215,0.008
6,2,0.2,464,10,0.3,0.3,13,3,-2.93678369914781,0.008
6,2,0.2,15,10,0.3,0.3,13,3,-3.63321851929183,0.01
6,2,0.2,16,10,0.3,0.3,13,3,-2.84614903523084,0.01
6,2,0.2,43,10,0.3,0.3,13,3,-3.32119119847297,0.01
6,2,0.2,54,10,0.3,0.3,13,3,-3.45947890989831,0.01
6,2,0.2,89,10,0.3,0.3,13,3,-3.77958493870096,0.01
6,2,0.2,117,10,0.3,0.3,13,3,-4.00865195670735,0.01
6,2,0.2,128,10,0.3,0.3,13,3,-4.01054328753858,0.01
6,2,0.2,170,10,0.3,0.3,13,3,-3.58144407516926,0.01
6,2,0.2,172,10,0.3,0.3,13,3,-3.24254279971635,0.01
6,2,0.2,198,10,0.3,0.3,13,3,-3.34084948188882,0.01
6,2,0.2,306,10,0.3,0.3,13,3,-3.2040992903114,0.01
6,2,0.2,330,10,0.3,0.3,13,3,-3.25894898804924,0.01
6,2,0.2,339,10,0.3,0.3,13,3,-4.05921857086767,0.01
6,2,0.2,374,10,0.3,0.3,13,3,-3.37998075792632,0.01
6,2,0.2,410,10,0.3,0.3,13,3,-2.03309133049163,0.01
6,2,0.2,425,10,0.3,0.3,13,3,-3.69631062489364,0.01
6,2,0.2,438,10,0.3,0.3,13,3,-3.73705929556169,0.01
6,2,0.2,466,10,0.3,0.3,13,3,-3.41116684321165,0.01
6,2,0.2,472,10,0.3,0.3,13,3,-1.8748571238398,0.01
6,2,0.2,487,10,0.3,0.3,13,3,-2.8381928182493,0.01
6,2,0.2,497,10,0.3,0.3,13,3,-2.91094888790082,0.01
6,2,0.2,10,10,0.3,0.3,13,3,-3.45315480687836,0.012
6,2,0.2,24,10,0.3,0.3,13,3,-3.73784895386825,0.012
6,2,0.2,45,10,0.3,0.3,13,3,-3.96401107610626,0.012
6,2,0.2,62,10,0.3,0.3,13,3,-2.98287851212427,0.012
6,2,0.2,79,10,0.3,0.3,13,3,-3.34906597032963,0.012
6,2,0.2,88,10,0.3,0.3,13,3,-3.0138270452143,0.012
6,2,0.2,97,10,0.3,0.3,13,3,-3.32300594148003,0.012
6,2,0.2,103,10,0.3,0.3,13,3,-4.25633638505221,0.012
6,2,0.2,151,10,0.3,0.3,13,3,-3.34768422498746,0.012
6,2,0.2,158,10,0.3,0.3,13,3,-3.82838360048254,0.012
6,2,0.2,224,10,0.3,0.3,13,3,-3.80610381285112,0.012
6,2,0.2,228,10,0.3,0.3,13,3,-2.91858227139588,0.012
6,2,0.2,244,10,0.3,0.3,13,3,-3.42703458692966,0.012
6,2,0.2,248,10,0.3,0.3,13,3,-2.28497402565841,0.012
6,2,0.2,271,10,0.3,0.3,13,3,-2.31861723306096,0.012
6,2,0.2,299,10,0.3,0.3,13,3,-3.87290720513957,0.012
6,2,0.2,321,10,0.3,0.3,13,3,-3.1410439915397,0.012
6,2,0.2,322,10,0.3,0.3,13,3,-3.20162550732303,0.012
6,2,0.2,362,10,0.3,0.3,13,3,-3.13594011865317,0.012
6,2,0.2,385,10,0.3,0.3,13,3,-2.24791800265689,0.012
6,2,0.2,390,10,0.3,0.3,13,3,-3.07229297403546,0.012
6,2,0.2,400,10,0.3,0.3,13,3,-3.59202133741422,0.012
6,2,0.2,419,10,0.3,0.3,13,3,-2.17981142612601,0.012
6,2,0.2,426,10,0.3,0.3,13,3,-3.78011236763766,0.012
6,2,0.2,439,10,0.3,0.3,13,3,-3.85258897541576,0.012
6,2,0.2,452,10,0.3,0.3,13,3,-2.98525963660697,0.012
6,2,0.2,454,10,0.3,0.3,13,3,-3.61615555257956,0.012
6,2,0.2,484,10,0.3,0.3,13,3,-1.85388029308336,0.012
6,2,0.2,25,10,0.3,0.3,13,3,-3.56131963522822,0.014
6,2,0.2,27,10,0.3,0.3,13,3,-2.90048354058948,0.014
6,2,0.2,30,10,0.3,0.3,13,3,-2.76485033818636,0.014
6,2,0.2,78,10,0.3,0.3,13,3,-3.3328259520907,0.014
6,2,0.2,80,10,0.3,0.3,13,3,-3.4662572301477,0.014
6,2,0.2,173,10,0.3,0.3,13,3,-3.23313762296146,0.014
6,2,0.2,178,10,0.3,0.3,13,3,-3.46712616536561,0.014
6,2,0.2,184,10,0.3,0.3,13,3,-2.94596453575573,0.014
6,2,0.2,187,10,0.3,0.3,13,3,-3.62857600355755,0.014
6,2,0.2,232,10,0.3,0.3,13,3,-3.0805856725429,0.014
6,2,0.2,249,10,0.3,0.3,13,3,-3.06048100309641,0.014
6,2,0.2,331,10,0.3,0.3,13,3,-2.26792576172002,0.014
6,2,0.2,441,10,0.3,0.3,13,3,-2.50353200939301,0.014
6,2,0.2,443,10,0.3,0.3,13,3,-2.47211791103356,0.014
6,2,0.2,450,10,0.3,0.3,13,3,-2.26717130116623,0.014
6,2,0.2,465,10,0.3,0.3,13,3,-2.40536772542566,0.014
6,2,0.2,476,10,0.3,0.3,13,3,-3.47426041749767,0.014
6,2,0.2,486,10,0.3,0.3,13,3,-3.74333529125767,0.014
6,2,0.2,496,10,0.3,0.3,13,3,-2.99097585559178,0.014
6,2,0.2,76,10,0.3,0.3,13,3,-3.3506794868421,0.016
6,2,0.2,108,10,0.3,0.3,13,3,-3.47788865518456,0.016
6,2,0.2,147,10,0.3,0.3,13,3,-3.26741912414374,0.016
6,2,0.2,156,10,0.3,0.3,13,3,-2.22999788890237,0.016
6,2,0.2,201,10,0.3,0.3,13,3,-2.67682433113868,0.016
6,2,0.2,247,10,0.3,0.3,13,3,-3.19448713046924,0.016
6,2,0.2,308,10,0.3,0.3,13,3,-3.5496748155054,0.016
6,2,0.2,318,10,0.3,0.3,13,3,-2.50040628773721,0.016
6,2,0.2,346,10,0.3,0.3,13,3,-2.6181927483924,0.016
6,2,0.2,359,10,0.3,0.3,13,3,-3.36086199020485,0.016
6,2,0.2,361,10,0.3,0.3,13,3,-3.07806764341862,0.016
6,2,0.2,365,10,0.3,0.3,13,3,-3.16581020724445,0.016
6,2,0.2,376,10,0.3,0.3,13,3,-1.65059040548431,0.016
6,2,0.2,412,10,0.3,0.3,13,3,-3.7048227949727,0.016
6,2,0.2,433,10,0.3,0.3,13,3,-3.40732174372692,0.016
6,2,0.2,440,10,0.3,0.3,13,3,-4.12221929254352,0.016
6,2,0.2,469,10,0.3,0.3,13,3,-3.35019752552179,0.016
6,2,0.2,500,10,0.3,0.3,13,3,-2.94627713616711,0.016
6,2,0.2,40,10,0.3,0.3,13,3,-2.08158879619378,0.018
6,2,0.2,121,10,0.3,0.3,13,3,-3.92874747651675,0.018
6,2,0.2,155,10,0.3,0.3,13,3,-3.0490058307887,0.018
6,2,0.2,209,10,0.3,0.3,13,3,-2.15872366643859,0.018
6,2,0.2,210,10,0.3,0.3,13,3,-3.03171184375003,0.018
6,2,0.2,251,10,0.3,0.3,13,3,-3.62613924599273,0.018
6,2,0.2,274,10,0.3,0.3,13,3,-3.33990367630233,0.018
6,2,0.2,356,10,0.3,0.3,13,3,-3.72835958029157,0.018
6,2,0.2,429,10,0.3,0.3,13,3,-2.15243240180374,0.018
6,2,0.2,17,10,0.3,0.3,13,3,-2.75082028564614,0.02
6,2,0.2,38,10,0.3,0.3,13,3,-3.14332527966585,0.02
6,2,0.2,142,10,0.3,0.3,13,3,-2.98795660444227,0.02
6,2,0.2,153,10,0.3,0.3,13,3,-2.45750226874512,0.02
6,2,0.2,154,10,0.3,0.3,13,3,-3.69286829032262,0.02
6,2,0.2,185,10,0.3,0.3,13,3,-3.53849945558733,0.02
6,2,0.2,188,10,0.3,0.3,13,3,-3.57043104177859,0.02
6,2,0.2,189,10,0.3,0.3,13,3,-3.7222257014439,0.02
6,2,0.2,246,10,0.3,0.3,13,3,-2.60336608407238,0.02
6,2,0.2,303,10,0.3,0.3,13,3,-4.07243314409848,0.02
6,2,0.2,387,10,0.3,0.3,13,3,-3.55569553391257,0.02
6,2,0.2,445,10,0.3,0.3,13,3,-2.67299446384823,0.02
6,2,0.2,457,10,0.3,0.3,13,3,-2.96812872820408,0.02
6,2,0.2,461,10,0.3,0.3,13,3,-3.58266991153337,0.02
6,2,0.2,477,10,0.3,0.3,13,3,-2.86502540342701,0.02
6,2,0.2,494,10,0.3,0.3,13,3,-2.348760099619,0.02
6,2,0.2,36,10,0.3,0.3,13,3,-2.75283691153453,0.022
6,2,0.2,84,10,0.3,0.3,13,3,-3.18050963407586,0.022
6,2,0.2,123,10,0.3,0.3,13,3,-3.1675329215924,0.022
6,2,0.2,240,10,0.3,0.3,13,3,-2.72160587721169,0.022
6,2,0.2,250,10,0.3,0.3,13,3,-3.1514792835813,0.022
6,2,0.2,329,10,0.3,0.3,13,3,-3.3454261615625,0.022
6,2,0.2,351,10,0.3,0.3,13,3,-3.16500202540027,0.022
6,2,0.2,375,10,0.3,0.3,13,3,-4.02557303318159,0.022
6,2,0.2,379,10,0.3,0.3,13,3,-3.63786028955897,0.022
6,2,0.2,409,10,0.3,0.3,13,3,-3.19548394487941,0.022
6,2,0.2,449,10,0.3,0.3,13,3,-3.31279698595941,0.022
6,2,0.2,18,10,0.3,0.3,13,3,-3.02449173266703,0.024
6,2,0.2,47,10,0.3,0.3,13,3,-2.81171157152397,0.024
6,2,0.2,49,10,0.3,0.3,13,3,-3.04839095117285,0.024
6,2,0.2,86,10,0.3,0.3,13,3,-3.45867704371733,0.024
6,2,0.2,127,10,0.3,0.3,13,3,-2.42828640260805,0.024
6,2,0.2,140,10,0.3,0.3,13,3,-3.16161910291433,0.024
6,2,0.2,157,10,0.3,0.3,13,3,-2.15082373565136,0.024
6,2,0.2,177,10,0.3,0.3,13,3,-2.7843833063082,0.024
6,2,0.2,219,10,0.3,0.3,13,3,-3.32714192439695,0.024
6,2,0.2,254,10,0.3,0.3,13,3,-2.94663271297213,0.024
6,2,0.2,280,10,0.3,0.3,13,3,-3.18835029196126,0.024
6,2,0.2,291,10,0.3,0.3,13,3,-3.06911168501256,0.024
6,2,0.2,292,10,0.3,0.3,13,3,-2.92740293068672,0.024
6,2,0.2,305,10,0.3,0.3,13,3,-3.16009414752767,0.024
6,2,0.2,323,10,0.3,0.3,13,3,-3.08365164997488,0.024
6,2,0.2,328,10,0.3,0.3,13,3,-3.05137226671587,0.024
6,2,0.2,44,10,0.3,0.3,13,3,-2.38042272613089,0.026
6,2,0.2,72,10,0.3,0.3,13,3,-2.5133748976784,0.026
6,2,0.2,122,10,0.3,0.3,13,3,-3.14975720183776,0.026
6,2,0.2,129,10,0.3,0.3,13,3,-3.07286360469197,0.026
6,2,0.2,134,10,0.3,0.3,13,3,-2.41282386055173,0.026
6,2,0.2,143,10,0.3,0.3,13,3,-2.27172846460897,0.026
6,2,0.2,146,10,0.3,0.3,13,3,-3.4449455428439,0.026
6,2,0.2,208,10,0.3,0.3,13,3,-2.96781173328498,0.026
6,2,0.2,213,10,0.3,0.3,13,3,-2.66189246461408,0.026
6,2,0.2,388,10,0.3,0.3,13,3,-2.82338381323521,0.026
6,2,0.2,415,10,0.3,0.3,13,3,-3.19472510826353,0.026
6,2,0.2,451,10,0.3,0.3,13,3,-3.75063134541165,0.026
6,2,0.2,458,10,0.3,0.3,13,3,-2.21624220549094,0.026
6,2,0.2,489,10,0.3,0.3,13,3,-2.78811023804298,0.026
6,2,0.2,12,10,0.3,0.3,13,3,-3.01020831552529,0.028
6,2,0.2,167,10,0.3,0.3,13,3,-3.41683063351763,0.028
6,2,0.2,326,10,0.3,0.3,13,3,-2.80427690643296,0.028
6,2,0.2,352,10,0.3,0.3,13,3,-3.08351967957927,0.028
6,2,0.2,467,10,0.3,0.3,13,3,-4.13124585883185,0.028
6,2,0.2,33,10,0.3,0.3,13,3,-2.48919169166885,0.03
6,2,0.2,138,10,0.3,0.3,13,3,-2.67242302314244,0.03
6,2,0.2,190,10,0.3,0.3,13,3,-2.86450731084616,0.03
6,2,0.2,194,10,0.3,0.3,13,3,-3.17859433056967,0.03
6,2,0.2,202,10,0.3,0.3,13,3,-2.77934938291335,0.03
6,2,0.2,218,10,0.3,0.3,13,3,-4.13463233253799,0.03
6,2,0.2,255,10,0.3,0.3,13,3,-3.1066961199424,0.03
6,2,0.2,265,10,0.3,0.3,13,3,-2.39974025587668,0.03
6,2,0.2,302,10,0.3,0.3,13,3,-2.98947056284666,0.03
6,2,0.2,366,10,0.3,0.3,13,3,-3.05354355272718,0.03
6,2,0.2,416,10,0.3,0.3,13,3,-2.61811949712833,0.03
6,2,0.2,444,10,0.3,0.3,13,3,-2.06925988756964,0.03
6,2,0.2,485,10,0.3,0.3,13,3,-2.92319690882684,0.03
6,2,0.2,52,10,0.3,0.3,13,3,-3.21823265368246,0.032
6,2,0.2,53,10,0.3,0.3,13,3,-1.9423102838299,0.032
6,2,0.2,115,10,0.3,0.3,13,3,-2.51736197989351,0.032
6,2,0.2,223,10,0.3,0.3,13,3,-2.32637445246638,0.032
6,2,0.2,258,10,0.3,0.3,13,3,-4.06078112753153,0.032
6,2,0.2,312,10,0.3,0.3,13,3,-3.00720586299678,0.032
6,2,0.2,61,10,0.3,0.3,13,3,-1.95020239537575,0.034
6,2,0.2,109,10,0.3,0.3,13,3,-2.58202915278332,0.034
6,2,0.2,261,10,0.3,0.3,13,3,-2.71235727878721,0.034
6,2,0.2,301,10,0.3,0.3,13,3,-1.99818684033488,0.034
6,2,0.2,304,10,0.3,0.3,13,3,-2.52709931488334,0.034
6,2,0.2,340,10,0.3,0.3,13,3,-2.80809833666103,0.034
6,2,0.2,401,10,0.3,0.3,13,3,-3.44547861137787,0.034
6,2,0.2,432,10,0.3,0.3,13,3,-2.18845955322681,0.034
6,2,0.2,5,10,0.3,0.3,13,3,-3.50796214232935,0.036
6,2,0.2,28,10,0.3,0.3,13,3,-3.22137054067423,0.036
6,2,0.2,55,10,0.3,0.3,13,3,-2.75668461764042,0.036
6,2,0.2,90,10,0.3,0.3,13,3,-2.72368711963696,0.036
6,2,0.2,119,10,0.3,0.3,13,3,-3.23134582210432,0.036
6,2,0.2,125,10,0.3,0.3,13,3,-2.91165587638028,0.036
6,2,0.2,145,10,0.3,0.3,13,3,-2.42982467211993,0.036
6,2,0.2,343,10,0.3,0.3,13,3,-2.43280761014461,0.036
6,2,0.2,357,10,0.3,0.3,13,3,-3.39860507182402,0.036
6,2,0.2,407,10,0.3,0.3,13,3,-2.47615077388394,0.036
6,2,0.2,427,10,0.3,0.3,13,3,-2.65866528662636,0.036
6,2,0.2,39,10,0.3,0.3,13,3,-3.15320514994127,0.038
6,2,0.2,85,10,0.3,0.3,13,3,-3.6134467125267,0.038
6,2,0.2,135,10,0.3,0.3,13,3,-2.30336875305883,0.038
6,2,0.2,171,10,0.3,0.3,13,3,-2.1432573591685,0.038
6,2,0.2,174,10,0.3,0.3,13,3,-3.43550010718798,0.038
6,2,0.2,182,10,0.3,0.3,13,3,-2.67989444308404,0.038
6,2,0.2,288,10,0.3,0.3,13,3,-2.3268206857831,0.038
6,2,0.2,295,10,0.3,0.3,13,3,-2.00343949524145,0.038
6,2,0.2,316,10,0.3,0.3,13,3,-4.11634822880194,0.038
6,2,0.2,319,10,0.3,0.3,13,3,-3.20679027776259,0.038
6,2,0.2,325,10,0.3,0.3,13,3,-3.29508186395384,0.038
6,2,0.2,378,10,0.3,0.3,13,3,-2.67315713170433,0.038
6,2,0.2,4,10,0.3,0.3,13,3,-2.34369388265685,0.04
6,2,0.2,41,10,0.3,0.3,13,3,-2.98276068280867,0.04
6,2,0.2,75,10,0.3,0.3,13,3,-2.71299250205308,0.04
6,2,0.2,91,10,0.3,0.3,13,3,-2.18548967278554,0.04
6,2,0.2,286,10,0.3,0.3,13,3,-2.93542379297492,0.04
6,2,0.2,338,10,0.3,0.3,13,3,-3.36071067054354,0.04
6,2,0.2,341,10,0.3,0.3,13,3,-1.51076368041262,0.04
6,2,0.2,358,10,0.3,0.3,13,3,-2.87386901315369,0.04
6,2,0.2,414,10,0.3,0.3,13,3,-2.67507111026055,0.04
6,2,0.2,437,10,0.3,0.3,13,3,-3.15944427535689,0.04
6,2,0.2,446,10,0.3,0.3,13,3,-2.84193379389779,0.04
6,2,0.2,482,10,0.3,0.3,13,3,-3.6092967103767,0.04
6,2,0.2,21,10,0.3,0.3,13,3,-2.70823373168957,0.042
6,2,0.2,87,10,0.3,0.3,13,3,-2.23935988116327,0.042
6,2,0.2,99,10,0.3,0.3,13,3,-2.63958610411461,0.042
6,2,0.2,169,10,0.3,0.3,13,3,-2.90595072721385,0.042
6,2,0.2,179,10,0.3,0.3,13,3,-3.03192620638384,0.042
6,2,0.2,314,10,0.3,0.3,13,3,-2.59078878846285,0.042
6,2,0.2,336,10,0.3,0.3,13,3,-3.38253886290525,0.042
6,2,0.2,364,10,0.3,0.3,13,3,-2.67045787395332,0.042
6,2,0.2,417,10,0.3,0.3,13,3,-3.00926329210884,0.042
6,2,0.2,479,10,0.3,0.3,13,3,-3.78811801757368,0.042
6,2,0.2,60,10,0.3,0.3,13,3,-2.97888312381778,0.044
6,2,0.2,92,10,0.3,0.3,13,3,-1.98296151787093,0.044
6,2,0.2,120,10,0.3,0.3,13,3,-3.18321211327375,0.044
6,2,0.2,214,10,0.3,0.3,13,3,-2.7264585678526,0.044
6,2,0.2,264,10,0.3,0.3,13,3,-3.08110469161116,0.044
6,2,0.2,284,10,0.3,0.3,13,3,-3.65608521255484,0.044
6,2,0.2,313,10,0.3,0.3,13,3,-3.68593133866131,0.044
6,2,0.2,332,10,0.3,0.3,13,3,-2.63767094596179,0.044
6,2,0.2,413,10,0.3,0.3,13,3,-3.29445810732295,0.044
6,2,0.2,442,10,0.3,0.3,13,3,-2.37653574214505,0.044
6,2,0.2,493,10,0.3,0.3,13,3,-3.16682174424724,0.044
6,2,0.2,7,10,0.3,0.3,13,3,-3.16779567385794,0.046
6,2,0.2,26,10,0.3,0.3,13,3,-2.39004443663333,0.046
6,2,0.2,69,10,0.3,0.3,13,3,-2.91179758712167,0.046
6,2,0.2,94,10,0.3,0.3,13,3,-2.58041981646269,0.046
6,2,0.2,114,10,0.3,0.3,13,3,-3.02948826760209,0.046
6,2,0.2,148,10,0.3,0.3,13,3,-2.59952506877579,0.046
6,2,0.2,163,10,0.3,0.3,13,3,-2.0741982306875,0.046
6,2,0.2,180,10,0.3,0.3,13,3,-2.63636325225673,0.046
6,2,0.2,238,10,0.3,0.3,13,3,-3.05472995792513,0.046
6,2,0.2,278,10,0.3,0.3,13,3,-1.59234113830763,0.046
6,2,0.2,420,10,0.3,0.3,13,3,-3.07935727457405,0.046
6,2,0.2,23,10,0.3,0.3,13,3,-2.67110881455216,0.048
6,2,0.2,106,10,0.3,0.3,13,3,-2.55116107220942,0.048
6,2,0.2,111,10,0.3,0.3,13,3,-1.77962109267096,0.048
6,2,0.2,124,10,0.3,0.3,13,3,-2.57903390339033,0.048
6,2,0.2,197,10,0.3,0.3,13,3,-2.57253856061664,0.048
6,2,0.2,234,10,0.3,0.3,13,3,-3.1675992584116,0.048
6,2,0.2,266,10,0.3,0.3,13,3,-2.66846579238572,0.048
6,2,0.2,290,10,0.3,0.3,13,3,-3.08704506174269,0.048
6,2,0.2,317,10,0.3,0.3,13,3,-2.26177694296769,0.048
6,2,0.2,347,10,0.3,0.3,13,3,-2.69280114077574,0.048
6,2,0.2,369,10,0.3,0.3,13,3,-3.37910054647389,0.048
6,2,0.2,399,10,0.3,0.3,13,3,-3.42438522102111,0.048
6,2,0.2,411,10,0.3,0.3,13,3,-2.7212069496955,0.048
6,2,0.2,430,10,0.3,0.3,13,3,-2.33413931365604,0.048
6,2,0.2,460,10,0.3,0.3,13,3,-2.38797315805311,0.048
6,2,0.2,19,10,0.3,0.3,13,3,-1.75584411973895,0.05
6,2,0.2,22,10,0.3,0.3,13,3,-3.60730610874114,0.05
6,2,0.2,32,10,0.3,0.3,13,3,-2.01032536671352,0.05
6,2,0.2,162,10,0.3,0.3,13,3,-3.33169085456112,0.05
6,2,0.2,195,10,0.3,0.3,13,3,-3.57257334017643,0.05
6,2,0.2,269,10,0.3,0.3,13,3,-2.21827076833452,0.05
6,2,0.2,283,10,0.3,0.3,13,3,-2.65696588785471,0.05
6,2,0.2,337,10,0.3,0.3,13,3,-3.53621770051922,0.05
6,2,0.2,348,10,0.3,0.3,13,3,-2.16994695328944,0.05
6,2,0.2,368,10,0.3,0.3,13,3,-2.64452519490951,0.05
6,2,0.2,453,10,0.3,0.3,13,3,-2.66911921731827,0.05
6,2,0.2,481,10,0.3,0.3,13,3,-2.28699244182448,0.05
6,2,0.2,215,10,0.3,0.3,13,3,-2.55482155615297,0.052
6,2,0.2,231,10,0.3,0.3,13,3,-2.27023908610104,0.052
6,2,0.2,311,10,0.3,0.3,13,3,-2.72528531013418,0.052
6,2,0.2,324,10,0.3,0.3,13,3,-2.36661439097119,0.052
6,2,0.2,333,10,0.3,0.3,13,3,-3.39097111907589,0.052
6,2,0.2,345,10,0.3,0.3,13,3,-2.89582804378836,0.052
6,2,0.2,389,10,0.3,0.3,13,3,-2.02910654281851,0.052
6,2,0.2,447,10,0.3,0.3,13,3,-2.98295753958598,0.052
6,2,0.2,498,10,0.3,0.3,13,3,-2.90853611933824,0.052
6,2,0.2,73,10,0.3,0.3,13,3,-3.45190926717152,0.054
6,2,0.2,105,10,0.3,0.3,13,3,-3.359434438297,0.054
6,2,0.2,113,10,0.3,0.3,13,3,-2.05853123724359,0.054
6,2,0.2,168,10,0.3,0.3,13,3,-2.6133327006354,0.054
6,2,0.2,196,10,0.3,0.3,13,3,-3.01245997335636,0.054
6,2,0.2,237,10,0.3,0.3,13,3,-1.5398724314918,0.054
6,2,0.2,241,10,0.3,0.3,13,3,-4.54286330535484,0.054
6,2,0.2,262,10,0.3,0.3,13,3,-2.53737514852494,0.054
6,2,0.2,408,10,0.3,0.3,13,3,-3.49877007489593,0.054
6,2,0.2,499,10,0.3,0.3,13,3,-2.71761650748562,0.054
6,2,0.2,56,10,0.3,0.3,13,3,-1.94792454574679,0.056
6,2,0.2,65,10,0.3,0.3,13,3,-2.6512634410137,0.056
6,2,0.2,165,10,0.3,0.3,13,3,-2.32554334844843,0.056
6,2,0.2,221,10,0.3,0.3,13,3,-3.20928034273265,0.056
6,2,0.2,275,10,0.3,0.3,13,3,-3.23362691231239,0.056
6,2,0.2,287,10,0.3,0.3,13,3,-3.13169948542861,0.056
6,2,0.2,300,10,0.3,0.3,13,3,-2.50023444786697,0.056
6,2,0.2,334,10,0.3,0.3,13,3,-3.77503638144645,0.056
6,2,0.2,353,10,0.3,0.3,13,3,-1.83276313520182,0.056
6,2,0.2,463,10,0.3,0.3,13,3,-3.4453206309135,0.056
6,2,0.2,492,10,0.3,0.3,13,3,-2.38783331460925,0.056
6,2,0.2,11,10,0.3,0.3,13,3,-2.29383804971582,0.058
6,2,0.2,31,10,0.3,0.3,13,3,-2.37465169608464,0.058
6,2,0.2,67,10,0.3,0.3,13,3,-2.81097227619733,0.058
6,2,0.2,68,10,0.3,0.3,13,3,-2.94976629181338,0.058
6,2,0.2,71,10,0.3,0.3,13,3,-3.8336473532419,0.058
6,2,0.2,133,10,0.3,0.3,13,3,-2.7378293386287,0.058
6,2,0.2,137,10,0.3,0.3,13,3,-3.37928191508524,0.058
6,2,0.2,229,10,0.3,0.3,13,3,-3.09587215791339,0.058
6,2,0.2,236,10,0.3,0.3,13,3,-2.52327397712858,0.058
6,2,0.2,279,10,0.3,0.3,13,3,-3.51299231110434,0.058
6,2,0.2,342,10,0.3,0.3,13,3,-1.87794144986557,0.058
6,2,0.2,448,10,0.3,0.3,13,3,-1.94166887161211,0.058
6,2,0.2,42,10,0.3,0.3,13,3,-1.77201070513917,0.06
6,2,0.2,166,10,0.3,0.3,13,3,-3.18260760242299,0.06
6,2,0.2,227,10,0.3,0.3,13,3,-2.56958208966134,0.06
6,2,0.2,243,10,0.3,0.3,13,3,-2.18945964661521,0.06
6,2,0.2,270,10,0.3,0.3,13,3,-1.55061378040642,0.06
6,2,0.2,130,10,0.3,0.3,13,3,-2.29486207445714,0.062
6,2,0.2,225,10,0.3,0.3,13,3,-3.21547607068533,0.062
6,2,0.2,253,10,0.3,0.3,13,3,-2.97153498937865,0.062
6,2,0.2,296,10,0.3,0.3,13,3,-2.76919393167404,0.062
6,2,0.2,386,10,0.3,0.3,13,3,-2.98844206425829,0.062
6,2,0.2,394,10,0.3,0.3,13,3,-2.17013979735376,0.062
6,2,0.2,395,10,0.3,0.3,13,3,-3.23840009208041,0.062
6,2,0.2,488,10,0.3,0.3,13,3,-3.43047692023205,0.062
6,2,0.2,126,10,0.3,0.3,13,3,-2.74762900438733,0.064
6,2,0.2,273,10,0.3,0.3,13,3,-3.08400386083952,0.064
6,2,0.2,392,10,0.3,0.3,13,3,-1.93132473041337,0.064
6,2,0.2,423,10,0.3,0.3,13,3,-2.72841825638383,0.064
6,2,0.2,483,10,0.3,0.3,13,3,-3.56960813708204,0.064
6,2,0.2,160,10,0.3,0.3,13,3,-3.25394010100362,0.066
6,2,0.2,212,10,0.3,0.3,13,3,-2.39747297011311,0.066
6,2,0.2,220,10,0.3,0.3,13,3,-3.7374174264113,0.066
6,2,0.2,252,10,0.3,0.3,13,3,-3.7101234875656,0.066
6,2,0.2,281,10,0.3,0.3,13,3,-2.05110548734771,0.066
6,2,0.2,320,10,0.3,0.3,13,3,-3.38312888135314,0.066
6,2,0.2,367,10,0.3,0.3,13,3,-2.27442745724903,0.066
6,2,0.2,473,10,0.3,0.3,13,3,-2.96218173274497,0.066
6,2,0.2,110,10,0.3,0.3,13,3,-2.94057354697367,0.068
6,2,0.2,211,10,0.3,0.3,13,3,-2.31155401103942,0.068
6,2,0.2,344,10,0.3,0.3,13,3,-2.49646681260103,0.068
6,2,0.2,490,10,0.3,0.3,13,3,-3.19246364559896,0.068
6,2,0.2,159,10,0.3,0.3,13,3,-2.31792238800992,0.07
6,2,0.2,204,10,0.3,0.3,13,3,-2.60261958960072,0.07
6,2,0.2,242,10,0.3,0.3,13,3,-2.97213541317885,0.07
6,2,0.2,298,10,0.3,0.3,13,3,-2.38512738341561,0.072
6,2,0.2,404,10,0.3,0.3,13,3,-2.82967030311505,0.072
6,2,0.2,239,10,0.3,0.3,13,3,-2.39712866467499,0.074
6,2,0.2,405,10,0.3,0.3,13,3,-1.97056455459375,0.074
6,2,0.2,131,10,0.3,0.3,13,3,-3.45975196788092,0.08
6,2,0.2,141,10,0.3,0.3,13,3,-3.46398375004773,0.08
6,2,0.2,50,10,0.3,0.3,13,3,-2.01169513116568,0.082
6,2,0.2,355,10,0.3,0.3,13,3,-3.40267492617036,0.082
6,2,0.2,93,10,0.3,0.3,13,3,-1.46815632208401,0.096
6,2,0.2,350,10,0.3,0.3,13,3,-1.7580619418359,0.1
6,2,0.2,468,10,0.3,0.3,13,3,-1.39836942242718,0.106
6,2,0.2,152,10,0.3,0.3,13,3,-1.78592300117541,0.11
6,2,0.2,3,10,0.3,0.3,14,3,-3.62912588888679,0
6,2,0.2,7,10,0.3,0.3,14,3,-3.94429062896324,0
6,2,0.2,8,10,0.3,0.3,14,3,-3.32602245290556,0
6,2,0.2,16,10,0.3,0.3,14,3,-2.01870905042367,0
6,2,0.2,45,10,0.3,0.3,14,3,-2.51573913773643,0
6,2,0.2,50,10,0.3,0.3,14,3,-3.24890361801377,0
6,2,0.2,53,10,0.3,0.3,14,3,-2.47587247020635,0
6,2,0.2,80,10,0.3,0.3,14,3,-3.58294597941838,0
6,2,0.2,83,10,0.3,0.3,14,3,-3.04065923652632,0
6,2,0.2,103,10,0.3,0.3,14,3,-2.73121591919744,0
6,2,0.2,106,10,0.3,0.3,14,3,-3.27807130134047,0
6,2,0.2,144,10,0.3,0.3,14,3,-2.44459440346361,0
6,2,0.2,167,10,0.3,0.3,14,3,-3.23944520832748,0
6,2,0.2,172,10,0.3,0.3,14,3,-3.16310446827376,0
6,2,0.2,175,10,0.3,0.3,14,3,-4.17456334265469,0
6,2,0.2,185,10,0.3,0.3,14,3,-2.50059287373895,0
6,2,0.2,199,10,0.3,0.3,14,3,-3.8957109826822,0
6,2,0.2,224,10,0.3,0.3,14,3,-3.39501931648789,0
6,2,0.2,229,10,0.3,0.3,14,3,-2.72812828519821,0
6,2,0.2,234,10,0.3,0.3,14,3,-3.81861873632732,0
6,2,0.2,238,10,0.3,0.3,14,3,-2.86945931952394,0
6,2,0.2,259,10,0.3,0.3,14,3,-3.18540092219203,0
6,2,0.2,266,10,0.3,0.3,14,3,-3.62144889625668,0
6,2,0.2,287,10,0.3,0.3,14,3,-2.90634075418151,0
6,2,0.2,298,10,0.3,0.3,14,3,-2.65332534812592,0
6,2,0.2,342,10,0.3,0.3,14,3,-3.07155843477329,0
6,2,0.2,360,10,0.3,0.3,14,3,-3.85970712440658,0
6,2,0.2,369,10,0.3,0.3,14,3,-4.0464247728556,0
6,2,0.2,370,10,0.3,0.3,14,3,-3.16686852249401,0
6,2,0.2,379,10,0.3,0.3,14,3,-3.21042278516035,0
6,2,0.2,423,10,0.3,0.3,14,3,-2.56618522498923,0
6,2,0.2,435,10,0.3,0.3,14,3,-2.87614419719858,0
6,2,0.2,455,10,0.3,0.3,14,3,-3.90157308127982,0
6,2,0.2,461,10,0.3,0.3,14,3,-3.94605389447173,0
6,2,0.2,467,10,0.3,0.3,14,3,-2.91850392145554,0
6,2,0.2,481,10,0.3,0.3,14,3,-3.15559862724513,0
6,2,0.2,488,10,0.3,0.3,14,3,-4.13653617673683,0
6,2,0.2,490,10,0.3,0.3,14,3,-3.57194253250944,0
6,2,0.2,24,10,0.3,0.3,14,3,-3.59732166083251,0.002
6,2,0.2,34,10,0.3,0.3,14,3,-2.45747819742724,0.002
6,2,0.2,42,10,0.3,0.3,14,3,-2.28037197756402,0.002
6,2,0.2,43,10,0.3,0.3,14,3,-3.60768442227496,0.002
6,2,0.2,46,10,0.3,0.3,14,3,-2.78449617779663,0.002
6,2,0.2,48,10,0.3,0.3,14,3,-2.66274927223043,0.002
6,2,0.2,58,10,0.3,0.3,14,3,-2.4404874865032,0.002
6,2,0.2,69,10,0.3,0.3,14,3,-2.74992201430942,0.002
6,2,0.2,71,10,0.3,0.3,14,3,-4.02765433546168,0.002
6,2,0.2,75,10,0.3,0.3,14,3,-3.21319082361805,0.002
6,2,0.2,88,10,0.3,0.3,14,3,-3.563118763033,0.002
6,2,0.2,123,10,0.3,0.3,14,3,-2.86324394967599,0.002
6,2,0.2,151,10,0.3,0.3,14,3,-4.02960893628889,0.002
6,2,0.2,160,10,0.3,0.3,14,3,-2.73152941205376,0.002
6,2,0.2,161,10,0.3,0.3,14,3,-3.10809611480101,0.002
6,2,0.2,173,10,0.3,0.3,14,3,-2.8755573718646,0.002
6,2,0.2,176,10,0.3,0.3,14,3,-2.73273134044592,0.002
6,2,0.2,178,10,0.3,0.3,14,3,-2.71198456551934,0.002
6,2,0.2,189,10,0.3,0.3,14,3,-2.71393852699308,0.002
6,2,0.2,203,10,0.3,0.3,14,3,-2.90563560407296,0.002
6,2,0.2,212,10,0.3,0.3,14,3,-3.77592800666491,0.002
6,2,0.2,213,10,0.3,0.3,14,3,-3.2793455875061,0.002
6,2,0.2,216,10,0.3,0.3,14,3,-3.29381408850887,0.002
6,2,0.2,240,10,0.3,0.3,14,3,-3.16204233563406,0.002
6,2,0.2,260,10,0.3,0.3,14,3,-2.7659366126793,0.002
6,2,0.2,299,10,0.3,0.3,14,3,-3.58021434980623,0.002
6,2,0.2,312,10,0.3,0.3,14,3,-3.23036368102896,0.002
6,2,0.2,330,10,0.3,0.3,14,3,-3.51098074394639,0.002
6,2,0.2,339,10,0.3,0.3,14,3,-3.4412315006133,0.002
6,2,0.2,347,10,0.3,0.3,14,3,-3.48231525484042,0.002
6,2,0.2,358,10,0.3,0.3,14,3,-3.70083176695184,0.002
6,2,0.2,367,10,0.3,0.3,14,3,-2.76579248488054,0.002
6,2,0.2,380,10,0.3,0.3,14,3,-3.08921777913454,0.002
6,2,0.2,385,10,0.3,0.3,14,3,-3.70037607923044,0.002
6,2,0.2,400,10,0.3,0.3,14,3,-3.88893035324844,0.002
6,2,0.2,410,10,0.3,0.3,14,3,-3.24205752187319,0.002
6,2,0.2,413,10,0.3,0.3,14,3,-3.11387295302853,0.002
6,2,0.2,452,10,0.3,0.3,14,3,-2.55053527569785,0.002
6,2,0.2,463,10,0.3,0.3,14,3,-3.44797933507797,0.002
6,2,0.2,472,10,0.3,0.3,14,3,-3.53452235000017,0.002
6,2,0.2,477,10,0.3,0.3,14,3,-3.05686861022849,0.002
6,2,0.2,478,10,0.3,0.3,14,3,-3.0601975247092,0.002
6,2,0.2,479,10,0.3,0.3,14,3,-3.50751423893885,0.002
6,2,0.2,491,10,0.3,0.3,14,3,-2.67278007832826,0.002
6,2,0.2,18,10,0.3,0.3,14,3,-3.1167458185862,0.004
6,2,0.2,57,10,0.3,0.3,14,3,-3.22243405191315,0.004
6,2,0.2,60,10,0.3,0.3,14,3,-2.17648764974976,0.004
6,2,0.2,73,10,0.3,0.3,14,3,-3.72126637414462,0.004
6,2,0.2,79,10,0.3,0.3,14,3,-2.81299132758951,0.004
6,2,0.2,87,10,0.3,0.3,14,3,-3.72865767671499,0.004
6,2,0.2,92,10,0.3,0.3,14,3,-3.27672218691688,0.004
6,2,0.2,109,10,0.3,0.3,14,3,-2.49265073380215,0.004
6,2,0.2,119,10,0.3,0.3,14,3,-2.90146914415919,0.004
6,2,0.2,125,10,0.3,0.3,14,3,-2.82119826182725,0.004
6,2,0.2,139,10,0.3,0.3,14,3,-2.70274548366515,0.004
6,2,0.2,158,10,0.3,0.3,14,3,-3.10519641715547,0.004
6,2,0.2,188,10,0.3,0.3,14,3,-3.60228045231463,0.004
6,2,0.2,192,10,0.3,0.3,14,3,-3.05603669908228,0.004
6,2,0.2,214,10,0.3,0.3,14,3,-2.92488395503423,0.004
6,2,0.2,220,10,0.3,0.3,14,3,-3.26906117510103,0.004
6,2,0.2,226,10,0.3,0.3,14,3,-3.14959744323878,0.004
6,2,0.2,233,10,0.3,0.3,14,3,-3.1147846550416,0.004
6,2,0.2,242,10,0.3,0.3,14,3,-2.55992310579526,0.004
6,2,0.2,253,10,0.3,0.3,14,3,-4.46371084276288,0.004
6,2,0.2,258,10,0.3,0.3,14,3,-2.91878949332175,0.004
6,2,0.2,272,10,0.3,0.3,14,3,-2.63775069544999,0.004
6,2,0.2,279,10,0.3,0.3,14,3,-3.51957989188242,0.004
6,2,0.2,281,10,0.3,0.3,14,3,-3.43167790801263,0.004
6,2,0.2,307,10,0.3,0.3,14,3,-3.54089399315075,0.004
6,2,0.2,351,10,0.3,0.3,14,3,-2.91209016322648,0.004
6,2,0.2,361,10,0.3,0.3,14,3,-3.12785128915976,0.004
6,2,0.2,387,10,0.3,0.3,14,3,-3.43707396557119,0.004
6,2,0.2,389,10,0.3,0.3,14,3,-2.73262107113507,0.004
6,2,0.2,437,10,0.3,0.3,14,3,-2.65905809173262,0.004
6,2,0.2,446,10,0.3,0.3,14,3,-3.20746358388229,0.004
6,2,0.2,464,10,0.3,0.3,14,3,-2.67566158562926,0.004
6,2,0.2,20,10,0.3,0.3,14,3,-2.8898377468939,0.006
6,2,0.2,23,10,0.3,0.3,14,3,-2.85750171164275,0.006
6,2,0.2,29,10,0.3,0.3,14,3,-3.1181435817148,0.006
6,2,0.2,37,10,0.3,0.3,14,3,-2.73516807193724,0.006
6,2,0.2,44,10,0.3,0.3,14,3,-2.62430130271039,0.006
6,2,0.2,59,10,0.3,0.3,14,3,-3.01400475913255,0.006
6,2,0.2,67,10,0.3,0.3,14,3,-2.88096575501726,0.006
6,2,0.2,86,10,0.3,0.3,14,3,-3.4994391146345,0.006
6,2,0.2,99,10,0.3,0.3,14,3,-2.97543353152017,0.006
6,2,0.2,111,10,0.3,0.3,14,3,-3.21793121757963,0.006
6,2,0.2,129,10,0.3,0.3,14,3,-2.78568335940406,0.006
6,2,0.2,136,10,0.3,0.3,14,3,-3.26244989051199,0.006
6,2,0.2,146,10,0.3,0.3,14,3,-2.95783955714259,0.006
6,2,0.2,148,10,0.3,0.3,14,3,-3.37813057954097,0.006
6,2,0.2,153,10,0.3,0.3,14,3,-3.34719534574245,0.006
6,2,0.2,154,10,0.3,0.3,14,3,-2.81928985161599,0.006
6,2,0.2,155,10,0.3,0.3,14,3,-3.11587854349989,0.006
6,2,0.2,166,10,0.3,0.3,14,3,-2.49538535642455,0.006
6,2,0.2,205,10,0.3,0.3,14,3,-3.72212458832206,0.006
6,2,0.2,218,10,0.3,0.3,14,3,-2.25841706481563,0.006
6,2,0.2,221,10,0.3,0.3,14,3,-4.0240164670162,0.006
6,2,0.2,232,10,0.3,0.3,14,3,-3.29906881708587,0.006
6,2,0.2,235,10,0.3,0.3,14,3,-3.09102079957177,0.006
6,2,0.2,236,10,0.3,0.3,14,3,-3.28527407816213,0.006
6,2,0.2,241,10,0.3,0.3,14,3,-3.20233610196229,0.006
6,2,0.2,277,10,0.3,0.3,14,3,-3.07181129518887,0.006
6,2,0.2,280,10,0.3,0.3,14,3,-3.63025171211552,0.006
6,2,0.2,304,10,0.3,0.3,14,3,-3.84604048908204,0.006
6,2,0.2,326,10,0.3,0.3,14,3,-2.62983841033969,0.006
6,2,0.2,334,10,0.3,0.3,14,3,-2.78673538148277,0.006
6,2,0.2,336,10,0.3,0.3,14,3,-3.18038441165592,0.006
6,2,0.2,337,10,0.3,0.3,14,3,-2.08453591308009,0.006
6,2,0.2,338,10,0.3,0.3,14,3,-4.28286536527483,0.006
6,2,0.2,349,10,0.3,0.3,14,3,-3.83692584240822,0.006
6,2,0.2,357,10,0.3,0.3,14,3,-2.66177134609018,0.006
6,2,0.2,368,10,0.3,0.3,14,3,-2.6200811446059,0.006
6,2,0.2,381,10,0.3,0.3,14,3,-2.84592563242211,0.006
6,2,0.2,390,10,0.3,0.3,14,3,-2.25223809310225,0.006
6,2,0.2,418,10,0.3,0.3,14,3,-4.21452295523744,0.006
6,2,0.2,419,10,0.3,0.3,14,3,-3.28969856765679,0.006
6,2,0.2,420,10,0.3,0.3,14,3,-4.18657725859018,0.006
6,2,0.2,425,10,0.3,0.3,14,3,-2.24780548344526,0.006
6,2,0.2,429,10,0.3,0.3,14,3,-3.27256247561672,0.006
6,2,0.2,448,10,0.3,0.3,14,3,-3.40117132477778,0.006
6,2,0.2,465,10,0.3,0.3,14,3,-3.04576589453907,0.006
6,2,0.2,471,10,0.3,0.3,14,3,-3.4664488112434,0.006
6,2,0.2,498,10,0.3,0.3,14,3,-3.63807235405355,0.006
6,2,0.2,5,10,0.3,0.3,14,3,-3.03903154535294,0.008
6,2,0.2,10,10,0.3,0.3,14,3,-3.06202665383904,0.008
6,2,0.2,14,10,0.3,0.3,14,3,-3.47807994038419,0.008
6,2,0.2,35,10,0.3,0.3,14,3,-2.11914046853963,0.008
6,2,0.2,47,10,0.3,0.3,14,3,-3.42817158940426,0.008
6,2,0.2,51,10,0.3,0.3,14,3,-3.66421396470039,0.008
6,2,0.2,61,10,0.3,0.3,14,3,-2.94437225765901,0.008
6,2,0.2,64,10,0.3,0.3,14,3,-3.10609311567995,0.008
6,2,0.2,89,10,0.3,0.3,14,3,-3.5111153012478,0.008
6,2,0.2,100,10,0.3,0.3,14,3,-2.79724016424515,0.008
6,2,0.2,164,10,0.3,0.3,14,3,-3.18572102040127,0.008
6,2,0.2,183,10,0.3,0.3,14,3,-3.00466997429396,0.008
6,2,0.2,222,10,0.3,0.3,14,3,-3.33864487077449,0.008
6,2,0.2,231,10,0.3,0.3,14,3,-2.8872186972882,0.008
6,2,0.2,250,10,0.3,0.3,14,3,-2.76621874524557,0.008
6,2,0.2,263,10,0.3,0.3,14,3,-3.36562749410012,0.008
6,2,0.2,290,10,0.3,0.3,14,3,-3.27149427044239,0.008
6,2,0.2,302,10,0.3,0.3,14,3,-3.98892467131955,0.008
6,2,0.2,305,10,0.3,0.3,14,3,-2.45287739647273,0.008
6,2,0.2,346,10,0.3,0.3,14,3,-2.98900404944686,0.008
6,2,0.2,393,10,0.3,0.3,14,3,-2.82830458839538,0.008
6,2,0.2,394,10,0.3,0.3,14,3,-3.11157815940453,0.008
6,2,0.2,403,10,0.3,0.3,14,3,-3.60541702621825,0.008
6,2,0.2,453,10,0.3,0.3,14,3,-2.60660637812762,0.008
6,2,0.2,480,10,0.3,0.3,14,3,-2.69774120107681,0.008
6,2,0.2,482,10,0.3,0.3,14,3,-3.2965631756031,0.008
6,2,0.2,9,10,0.3,0.3,14,3,-3.51192513315803,0.01
6,2,0.2,63,10,0.3,0.3,14,3,-3.31700260798613,0.01
6,2,0.2,94,10,0.3,0.3,14,3,-2.98086576451934,0.01
6,2,0.2,117,10,0.3,0.3,14,3,-3.02385453981879,0.01
6,2,0.2,130,10,0.3,0.3,14,3,-2.17679937335873,0.01
6,2,0.2,141,10,0.3,0.3,14,3,-3.65774925853071,0.01
6,2,0.2,181,10,0.3,0.3,14,3,-2.77025765125859,0.01
6,2,0.2,191,10,0.3,0.3,14,3,-2.63718870406584,0.01
6,2,0.2,202,10,0.3,0.3,14,3,-2.59161352774009,0.01
6,2,0.2,211,10,0.3,0.3,14,3,-2.64022898200813,0.01
6,2,0.2,270,10,0.3,0.3,14,3,-2.32329373915778,0.01
6,2,0.2,296,10,0.3,0.3,14,3,-2.74788869485297,0.01
6,2,0.2,327,10,0.3,0.3,14,3,-3.59161038611614,0.01
6,2,0.2,345,10,0.3,0.3,14,3,-3.38264973129202,0.01
6,2,0.2,443,10,0.3,0.3,14,3,-3.38718597811956,0.01
6,2,0.2,449,10,0.3,0.3,14,3,-2.41784260560024,0.01
6,2,0.2,454,10,0.3,0.3,14,3,-3.25465419915918,0.01
6,2,0.2,483,10,0.3,0.3,14,3,-2.84739936632187,0.01
6,2,0.2,95,10,0.3,0.3,14,3,-2.77750115945636,0.012
6,2,0.2,110,10,0.3,0.3,14,3,-3.44931794896024,0.012
6,2,0.2,127,10,0.3,0.3,14,3,-2.78089390703761,0.012
6,2,0.2,140,10,0.3,0.3,14,3,-2.69729727400571,0.012
6,2,0.2,145,10,0.3,0.3,14,3,-3.52256597184311,0.012
6,2,0.2,162,10,0.3,0.3,14,3,-3.00468172679277,0.012
6,2,0.2,179,10,0.3,0.3,14,3,-3.24150342468866,0.012
6,2,0.2,297,10,0.3,0.3,14,3,-3.26831771693418,0.012
6,2,0.2,343,10,0.3,0.3,14,3,-3.33796869895968,0.012
6,2,0.2,344,10,0.3,0.3,14,3,-2.90969736428681,0.012
6,2,0.2,353,10,0.3,0.3,14,3,-3.60706039225067,0.012
6,2,0.2,375,10,0.3,0.3,14,3,-2.92036115432865,0.012
6,2,0.2,391,10,0.3,0.3,14,3,-4.06610395760242,0.012
6,2,0.2,406,10,0.3,0.3,14,3,-2.32989289952394,0.012
6,2,0.2,411,10,0.3,0.3,14,3,-3.99648294423059,0.012
6,2,0.2,438,10,0.3,0.3,14,3,-2.81202664121119,0.012
6,2,0.2,444,10,0.3,0.3,14,3,-3.30014415304134,0.012
6,2,0.2,457,10,0.3,0.3,14,3,-2.61667947799353,0.012
6,2,0.2,497,10,0.3,0.3,14,3,-3.21782435071469,0.012
6,2,0.2,11,10,0.3,0.3,14,3,-2.49928356618281,0.014
6,2,0.2,17,10,0.3,0.3,14,3,-3.70346729169285,0.014
6,2,0.2,66,10,0.3,0.3,14,3,-3.34389792778427,0.014
6,2,0.2,72,10,0.3,0.3,14,3,-3.15231951740878,0.014
6,2,0.2,108,10,0.3,0.3,14,3,-3.81587111649603,0.014
6,2,0.2,135,10,0.3,0.3,14,3,-2.96070535552613,0.014
6,2,0.2,171,10,0.3,0.3,14,3,-3.3864647773276,0.014
6,2,0.2,200,10,0.3,0.3,14,3,-2.81251250330152,0.014
6,2,0.2,237,10,0.3,0.3,14,3,-2.44651762245246,0.014
6,2,0.2,246,10,0.3,0.3,14,3,-2.85454265273515,0.014
6,2,0.2,268,10,0.3,0.3,14,3,-3.39099261120637,0.014
6,2,0.2,303,10,0.3,0.3,14,3,-2.41112914770935,0.014
6,2,0.2,442,10,0.3,0.3,14,3,-3.34372566167221,0.014
6,2,0.2,6,10,0.3,0.3,14,3,-3.24266693577061,0.016
6,2,0.2,12,10,0.3,0.3,14,3,-2.97814526638277,0.016
6,2,0.2,39,10,0.3,0.3,14,3,-2.06531640251481,0.016
6,2,0.2,62,10,0.3,0.3,14,3,-3.73383616549611,0.016
6,2,0.2,68,10,0.3,0.3,14,3,-2.54761413919789,0.016
6,2,0.2,76,10,0.3,0.3,14,3,-3.15567202587727,0.016
6,2,0.2,81,10,0.3,0.3,14,3,-2.69599199991265,0.016
6,2,0.2,93,10,0.3,0.3,14,3,-3.42865130782076,0.016
6,2,0.2,114,10,0.3,0.3,14,3,-4.31800911800028,0.016
6,2,0.2,118,10,0.3,0.3,14,3,-2.21398873897988,0.016
6,2,0.2,120,10,0.3,0.3,14,3,-2.03601750428709,0.016
6,2,0.2,122,10,0.3,0.3,14,3,-3.94911505541378,0.016
6,2,0.2,142,10,0.3,0.3,14,3,-2.94586381511675,0.016
6,2,0.2,196,10,0.3,0.3,14,3,-2.93547836461744,0.016
6,2,0.2,208,10,0.3,0.3,14,3,-3.09235939744019,0.016
6,2,0.2,254,10,0.3,0.3,14,3,-3.9564942497918,0.016
6,2,0.2,256,10,0.3,0.3,14,3,-3.21347858432239,0.016
6,2,0.2,267,10,0.3,0.3,14,3,-2.9504059300987,0.016
6,2,0.2,292,10,0.3,0.3,14,3,-3.46147622538538,0.016
6,2,0.2,313,10,0.3,0.3,14,3,-2.62020446095531,0.016
6,2,0.2,320,10,0.3,0.3,14,3,-2.46690824342909,0.016
6,2,0.2,374,10,0.3,0.3,14,3,-3.19121765838565,0.016
6,2,0.2,473,10,0.3,0.3,14,3,-3.02691405590872,0.016
6,2,0.2,476,10,0.3,0.3,14,3,-3.23077023736687,0.016
6,2,0.2,485,10,0.3,0.3,14,3,-2.71400505037525,0.016
6,2,0.2,21,10,0.3,0.3,14,3,-3.08018423846221,0.018
6,2,0.2,30,10,0.3,0.3,14,3,-2.63038001678905,0.018
6,2,0.2,116,10,0.3,0.3,14,3,-3.54449322538952,0.018
6,2,0.2,128,10,0.3,0.3,14,3,-3.75128618548493,0.018
6,2,0.2,156,10,0.3,0.3,14,3,-3.33243169934673,0.018
6,2,0.2,157,10,0.3,0.3,14,3,-2.71938030467564,0.018
6,2,0.2,169,10,0.3,0.3,14,3,-2.59671962077792,0.018
6,2,0.2,194,10,0.3,0.3,14,3,-2.65876696414637,0.018
6,2,0.2,215,10,0.3,0.3,14,3,-3.43999958433221,0.018
6,2,0.2,228,10,0.3,0.3,14,3,-4.07935967809343,0.018
6,2,0.2,230,10,0.3,0.3,14,3,-2.86742295323515,0.018
6,2,0.2,243,10,0.3,0.3,14,3,-3.25295889556864,0.018
6,2,0.2,248,10,0.3,0.3,14,3,-2.55315021723007,0.018
6,2,0.2,269,10,0.3,0.3,14,3,-2.35033378121827,0.018
6,2,0.2,286,10,0.3,0.3,14,3,-2.98329099617101,0.018
6,2,0.2,331,10,0.3,0.3,14,3,-4.1868168005218,0.018
6,2,0.2,348,10,0.3,0.3,14,3,-3.02975884290495,0.018
6,2,0.2,363,10,0.3,0.3,14,3,-3.29078709331671,0.018
6,2,0.2,383,10,0.3,0.3,14,3,-3.18460208121002,0.018
6,2,0.2,386,10,0.3,0.3,14,3,-2.41052085481402,0.018
6,2,0.2,399,10,0.3,0.3,14,3,-2.33181303519575,0.018
6,2,0.2,415,10,0.3,0.3,14,3,-3.67790187574619,0.018
6,2,0.2,447,10,0.3,0.3,14,3,-2.53468557847975,0.018
6,2,0.2,459,10,0.3,0.3,14,3,-3.30271331674223,0.018
6,2,0.2,493,10,0.3,0.3,14,3,-4.18222714463539,0.018
6,2,0.2,494,10,0.3,0.3,14,3,-3.0006983417301,0.018
6,2,0.2,25,10,0.3,0.3,14,3,-3.75272283068841,0.02
6,2,0.2,27,10,0.3,0.3,14,3,-2.92218555593655,0.02
6,2,0.2,65,10,0.3,0.3,14,3,-3.26901125982221,0.02
6,2,0.2,74,10,0.3,0.3,14,3,-3.07033534943116,0.02
6,2,0.2,97,10,0.3,0.3,14,3,-2.59744380826572,0.02
6,2,0.2,170,10,0.3,0.3,14,3,-2.14730842361746,0.02
6,2,0.2,184,10,0.3,0.3,14,3,-3.30626852265402,0.02
6,2,0.2,198,10,0.3,0.3,14,3,-3.11169810708202,0.02
6,2,0.2,284,10,0.3,0.3,14,3,-2.44949133182712,0.02
6,2,0.2,285,10,0.3,0.3,14,3,-3.1890456447334,0.02
6,2,0.2,294,10,0.3,0.3,14,3,-2.84526490974241,0.02
6,2,0.2,308,10,0.3,0.3,14,3,-3.8093269808945,0.02
6,2,0.2,354,10,0.3,0.3,14,3,-2.9071167958048,0.02
6,2,0.2,388,10,0.3,0.3,14,3,-2.84020324339761,0.02
6,2,0.2,396,10,0.3,0.3,14,3,-2.32245766383662,0.02
6,2,0.2,409,10,0.3,0.3,14,3,-1.76125381325878,0.02
6,2,0.2,417,10,0.3,0.3,14,3,-1.95181707787376,0.02
6,2,0.2,427,10,0.3,0.3,14,3,-3.1698556246167,0.02
6,2,0.2,456,10,0.3,0.3,14,3,-2.6804133149088,0.02
6,2,0.2,499,10,0.3,0.3,14,3,-2.88156453015043,0.02
6,2,0.2,500,10,0.3,0.3,14,3,-3.23964215089453,0.02
6,2,0.2,15,10,0.3,0.3,14,3,-3.39493412794727,0.022
6,2,0.2,38,10,0.3,0.3,14,3,-2.82791726513383,0.022
6,2,0.2,52,10,0.3,0.3,14,3,-2.7483710255724,0.022
6,2,0.2,138,10,0.3,0.3,14,3,-3.54814233377442,0.022
6,2,0.2,149,10,0.3,0.3,14,3,-4.00701202802409,0.022
6,2,0.2,310,10,0.3,0.3,14,3,-2.89725234179505,0.022
6,2,0.2,412,10,0.3,0.3,14,3,-2.7317016230144,0.022
6,2,0.2,434,10,0.3,0.3,14,3,-2.79017414720775,0.022
6,2,0.2,484,10,0.3,0.3,14,3,-2.5567156220369,0.022
6,2,0.2,112,10,0.3,0.3,14,3,-2.50832041450801,0.024
6,2,0.2,159,10,0.3,0.3,14,3,-3.39920590623478,0.024
6,2,0.2,168,10,0.3,0.3,14,3,-2.94625125120109,0.024
6,2,0.2,356,10,0.3,0.3,14,3,-3.42538493751232,0.024
6,2,0.2,366,10,0.3,0.3,14,3,-2.65247794628499,0.024
6,2,0.2,432,10,0.3,0.3,14,3,-2.60684323492868,0.024
6,2,0.2,193,10,0.3,0.3,14,3,-3.45961018453309,0.026
6,2,0.2,210,10,0.3,0.3,14,3,-3.16770585729608,0.026
6,2,0.2,239,10,0.3,0.3,14,3,-3.11875941420178,0.026
6,2,0.2,245,10,0.3,0.3,14,3,-3.34754846342497,0.026
6,2,0.2,278,10,0.3,0.3,14,3,-2.92464412105795,0.026
6,2,0.2,283,10,0.3,0.3,14,3,-2.7800168814845,0.026
6,2,0.2,289,10,0.3,0.3,14,3,-1.82845500928988,0.026
6,2,0.2,315,10,0.3,0.3,14,3,-2.81837096666661,0.026
6,2,0.2,395,10,0.3,0.3,14,3,-3.18950976008779,0.026
6,2,0.2,398,10,0.3,0.3,14,3,-2.882189784015,0.026
6,2,0.2,421,10,0.3,0.3,14,3,-2.93530539321853,0.026
6,2,0.2,433,10,0.3,0.3,14,3,-2.85786712897161,0.026
6,2,0.2,440,10,0.3,0.3,14,3,-3.06339936937775,0.026
6,2,0.2,22,10,0.3,0.3,14,3,-2.65769631887565,0.028
6,2,0.2,54,10,0.3,0.3,14,3,-3.81141056866812,0.028
6,2,0.2,91,10,0.3,0.3,14,3,-2.51787887927554,0.028
6,2,0.2,177,10,0.3,0.3,14,3,-2.75388482981703,0.028
6,2,0.2,288,10,0.3,0.3,14,3,-2.35864550951368,0.028
6,2,0.2,314,10,0.3,0.3,14,3,-3.14303804444856,0.028
6,2,0.2,372,10,0.3,0.3,14,3,-2.750137845453,0.028
6,2,0.2,489,10,0.3,0.3,14,3,-3.36469990383824,0.028
6,2,0.2,13,10,0.3,0.3,14,3,-2.99810306161302,0.03
6,2,0.2,31,10,0.3,0.3,14,3,-3.15235976527291,0.03
6,2,0.2,82,10,0.3,0.3,14,3,-3.31891525717023,0.03
6,2,0.2,113,10,0.3,0.3,14,3,-2.99398453079962,0.03
6,2,0.2,219,10,0.3,0.3,14,3,-1.67491153523844,0.03
6,2,0.2,247,10,0.3,0.3,14,3,-2.49960860224428,0.03
6,2,0.2,341,10,0.3,0.3,14,3,-2.36900397719432,0.03
6,2,0.2,416,10,0.3,0.3,14,3,-2.49007272072717,0.03
6,2,0.2,33,10,0.3,0.3,14,3,-3.00631332525455,0.032
6,2,0.2,132,10,0.3,0.3,14,3,-3.08132735165628,0.032
6,2,0.2,187,10,0.3,0.3,14,3,-2.44549387480285,0.032
6,2,0.2,204,10,0.3,0.3,14,3,-3.95938620889152,0.032
6,2,0.2,257,10,0.3,0.3,14,3,-2.08152146884115,0.032
6,2,0.2,261,10,0.3,0.3,14,3,-2.77588012511566,0.032
6,2,0.2,352,10,0.3,0.3,14,3,-2.90879398095026,0.032
6,2,0.2,26,10,0.3,0.3,14,3,-2.06618069276266,0.034
6,2,0.2,36,10,0.3,0.3,14,3,-2.69136968545342,0.034
6,2,0.2,107,10,0.3,0.3,14,3,-2.57803658293759,0.034
6,2,0.2,131,10,0.3,0.3,14,3,-2.06933723330843,0.034
6,2,0.2,251,10,0.3,0.3,14,3,-3.10950926048682,0.034
6,2,0.2,262,10,0.3,0.3,14,3,-2.24468659581348,0.034
6,2,0.2,293,10,0.3,0.3,14,3,-2.83608646786433,0.034
6,2,0.2,306,10,0.3,0.3,14,3,-2.60737636310211,0.034
6,2,0.2,401,10,0.3,0.3,14,3,-2.32091588387692,0.034
6,2,0.2,152,10,0.3,0.3,14,3,-2.2248860968175,0.036
6,2,0.2,197,10,0.3,0.3,14,3,-3.24465629517576,0.036
6,2,0.2,255,10,0.3,0.3,14,3,-2.57148027633647,0.036
6,2,0.2,274,10,0.3,0.3,14,3,-2.78627720364531,0.036
6,2,0.2,311,10,0.3,0.3,14,3,-2.89514289792746,0.036
6,2,0.2,328,10,0.3,0.3,14,3,-2.99775447050115,0.036
6,2,0.2,371,10,0.3,0.3,14,3,-3.22573812646473,0.036
6,2,0.2,405,10,0.3,0.3,14,3,-3.67949404852149,0.036
6,2,0.2,428,10,0.3,0.3,14,3,-2.5816692046796,0.036
6,2,0.2,451,10,0.3,0.3,14,3,-2.07887850913755,0.036
6,2,0.2,475,10,0.3,0.3,14,3,-2.52762018431443,0.036
6,2,0.2,40,10,0.3,0.3,14,3,-2.7152825608799,0.038
6,2,0.2,41,10,0.3,0.3,14,3,-3.30824151452097,0.038
6,2,0.2,137,10,0.3,0.3,14,3,-2.21083564433371,0.038
6,2,0.2,209,10,0.3,0.3,14,3,-3.2246452942241,0.038
6,2,0.2,271,10,0.3,0.3,14,3,-2.45354074925271,0.038
6,2,0.2,276,10,0.3,0.3,14,3,-3.30102048770598,0.038
6,2,0.2,309,10,0.3,0.3,14,3,-2.7736577437594,0.038
6,2,0.2,436,10,0.3,0.3,14,3,-2.45869126564463,0.038
6,2,0.2,439,10,0.3,0.3,14,3,-2.37174251253595,0.038
6,2,0.2,495,10,0.3,0.3,14,3,-2.7049872510556,0.038
6,2,0.2,182,10,0.3,0.3,14,3,-3.47444182209506,0.04
6,2,0.2,190,10,0.3,0.3,14,3,-2.33191603796081,0.04
6,2,0.2,206,10,0.3,0.3,14,3,-2.52404084466667,0.04
6,2,0.2,223,10,0.3,0.3,14,3,-3.00346207311503,0.04
6,2,0.2,295,10,0.3,0.3,14,3,-3.39581350986759,0.04
6,2,0.2,329,10,0.3,0.3,14,3,-2.58550261003361,0.04
6,2,0.2,407,10,0.3,0.3,14,3,-2.25025255268113,0.04
6,2,0.2,408,10,0.3,0.3,14,3,-3.3767684392557,0.04
6,2,0.2,431,10,0.3,0.3,14,3,-3.98859635010945,0.04
6,2,0.2,445,10,0.3,0.3,14,3,-2.84029547026711,0.04
6,2,0.2,466,10,0.3,0.3,14,3,-2.79154794219863,0.04
6,2,0.2,28,10,0.3,0.3,14,3,-2.73079563084949,0.042
6,2,0.2,55,10,0.3,0.3,14,3,-3.19070775593019,0.042
6,2,0.2,56,10,0.3,0.3,14,3,-2.31848811587957,0.042
6,2,0.2,70,10,0.3,0.3,14,3,-3.42665981330637,0.042
6,2,0.2,126,10,0.3,0.3,14,3,-2.38301207809627,0.042
6,2,0.2,291,10,0.3,0.3,14,3,-3.61492883586365,0.042
6,2,0.2,359,10,0.3,0.3,14,3,-3.63315434746332,0.042
6,2,0.2,376,10,0.3,0.3,14,3,-2.76177338041362,0.042
6,2,0.2,163,10,0.3,0.3,14,3,-3.28560797679518,0.044
6,2,0.2,335,10,0.3,0.3,14,3,-2.84248653913568,0.044
6,2,0.2,340,10,0.3,0.3,14,3,-3.30441161612205,0.044
6,2,0.2,441,10,0.3,0.3,14,3,-2.7547630961439,0.044
6,2,0.2,98,10,0.3,0.3,14,3,-2.312193757795,0.046
6,2,0.2,333,10,0.3,0.3,14,3,-2.73402040465302,0.046
6,2,0.2,397,10,0.3,0.3,14,3,-3.06617822983864,0.046
6,2,0.2,470,10,0.3,0.3,14,3,-2.81309011637725,0.046
6,2,0.2,487,10,0.3,0.3,14,3,-2.83512614220052,0.046
6,2,0.2,492,10,0.3,0.3,14,3,-3.23351059341431,0.046
6,2,0.2,78,10,0.3,0.3,14,3,-2.68731411405179,0.048
6,2,0.2,121,10,0.3,0.3,14,3,-2.30061066559156,0.048
6,2,0.2,124,10,0.3,0.3,14,3,-3.52092756470878,0.048
6,2,0.2,227,10,0.3,0.3,14,3,-2.5576473846838,0.048
6,2,0.2,392,10,0.3,0.3,14,3,-3.41859404828332,0.048
6,2,0.2,460,10,0.3,0.3,14,3,-2.11726316996632,0.048
6,2,0.2,468,10,0.3,0.3,14,3,-3.05969801572448,0.048
6,2,0.2,474,10,0.3,0.3,14,3,-2.42049542034391,0.048
6,2,0.2,19,10,0.3,0.3,14,3,-3.15920657461754,0.05
6,2,0.2,143,10,0.3,0.3,14,3,-3.07058218254255,0.05
6,2,0.2,150,10,0.3,0.3,14,3,-2.17904446690986,0.05
6,2,0.2,195,10,0.3,0.3,14,3,-3.48035956922016,0.05
6,2,0.2,207,10,0.3,0.3,14,3,-2.85704785243601,0.05
6,2,0.2,217,10,0.3,0.3,14,3,-2.65467282225194,0.05
6,2,0.2,225,10,0.3,0.3,14,3,-2.52455280943011,0.05
6,2,0.2,265,10,0.3,0.3,14,3,-2.37080099809097,0.05
6,2,0.2,324,10,0.3,0.3,14,3,-2.5699720919614,0.05
6,2,0.2,325,10,0.3,0.3,14,3,-3.56574320852317,0.05
6,2,0.2,355,10,0.3,0.3,14,3,-3.36137075693378,0.05
6,2,0.2,362,10,0.3,0.3,14,3,-3.38694770695031,0.05
6,2,0.2,373,10,0.3,0.3,14,3,-2.32525779207486,0.05
6,2,0.2,378,10,0.3,0.3,14,3,-2.66976701119222,0.05
6,2,0.2,462,10,0.3,0.3,14,3,-2.53144426552964,0.05
6,2,0.2,134,10,0.3,0.3,14,3,-2.99230865575956,0.052
6,2,0.2,165,10,0.3,0.3,14,3,-3.52972290782867,0.052
6,2,0.2,174,10,0.3,0.3,14,3,-2.5668394458871,0.052
6,2,0.2,350,10,0.3,0.3,14,3,-2.78881636847228,0.052
6,2,0.2,1,10,0.3,0.3,14,3,-3.01939827566227,0.054
6,2,0.2,147,10,0.3,0.3,14,3,-2.96354496597834,0.054
6,2,0.2,282,10,0.3,0.3,14,3,-3.27920049288991,0.054
6,2,0.2,322,10,0.3,0.3,14,3,-3.5014281801455,0.054
6,2,0.2,364,10,0.3,0.3,14,3,-2.4921973919935,0.054
6,2,0.2,424,10,0.3,0.3,14,3,-2.80113118130109,0.054
6,2,0.2,426,10,0.3,0.3,14,3,-1.90152480563893,0.054
6,2,0.2,264,10,0.3,0.3,14,3,-2.8632539160057,0.056
6,2,0.2,365,10,0.3,0.3,14,3,-3.19490149622993,0.056
6,2,0.2,450,10,0.3,0.3,14,3,-2.24294607310037,0.056
6,2,0.2,469,10,0.3,0.3,14,3,-2.93419436404668,0.056
6,2,0.2,77,10,0.3,0.3,14,3,-2.22104494372707,0.058
6,2,0.2,101,10,0.3,0.3,14,3,-2.72792120650746,0.058
6,2,0.2,201,10,0.3,0.3,14,3,-2.92889392675113,0.058
6,2,0.2,244,10,0.3,0.3,14,3,-2.48948083147104,0.058
6,2,0.2,321,10,0.3,0.3,14,3,-3.02952519644569,0.058
6,2,0.2,384,10,0.3,0.3,14,3,-3.00872195218062,0.058
6,2,0.2,96,10,0.3,0.3,14,3,-1.78446945277449,0.06
6,2,0.2,105,10,0.3,0.3,14,3,-2.36517600624782,0.06
6,2,0.2,300,10,0.3,0.3,14,3,-2.78192880205731,0.06
6,2,0.2,317,10,0.3,0.3,14,3,-2.72955925822771,0.06
6,2,0.2,323,10,0.3,0.3,14,3,-3.11785055301522,0.06
6,2,0.2,377,10,0.3,0.3,14,3,-2.50074790738572,0.06
6,2,0.2,496,10,0.3,0.3,14,3,-2.66755365041342,0.06
6,2,0.2,4,10,0.3,0.3,14,3,-2.18998620000667,0.062
6,2,0.2,90,10,0.3,0.3,14,3,-1.59409885098643,0.062
6,2,0.2,252,10,0.3,0.3,14,3,-2.47978916602457,0.062
6,2,0.2,414,10,0.3,0.3,14,3,-2.43751122278383,0.062
6,2,0.2,430,10,0.3,0.3,14,3,-3.51784806781717,0.062
6,2,0.2,458,10,0.3,0.3,14,3,-3.0285054060879,0.062
6,2,0.2,486,10,0.3,0.3,14,3,-3.23355527196205,0.062
6,2,0.2,49,10,0.3,0.3,14,3,-2.92004743110886,0.064
6,2,0.2,104,10,0.3,0.3,14,3,-3.83710825707524,0.064
6,2,0.2,180,10,0.3,0.3,14,3,-3.28623680140439,0.064
6,2,0.2,301,10,0.3,0.3,14,3,-1.96891808555142,0.064
6,2,0.2,318,10,0.3,0.3,14,3,-2.56614383251375,0.064
6,2,0.2,382,10,0.3,0.3,14,3,-3.63326881820228,0.064
6,2,0.2,402,10,0.3,0.3,14,3,-2.61520291077377,0.064
6,2,0.2,2,10,0.3,0.3,14,3,-2.49665335445181,0.066
6,2,0.2,85,10,0.3,0.3,14,3,-2.16136086456581,0.066
6,2,0.2,102,10,0.3,0.3,14,3,-1.95558585218143,0.066
6,2,0.2,275,10,0.3,0.3,14,3,-3.32116791559295,0.068
6,2,0.2,332,10,0.3,0.3,14,3,-3.11064185829693,0.068
6,2,0.2,133,10,0.3,0.3,14,3,-3.60043027287321,0.07
6,2,0.2,273,10,0.3,0.3,14,3,-2.61200097980156,0.07
6,2,0.2,186,10,0.3,0.3,14,3,-2.51034824885897,0.072
6,2,0.2,115,10,0.3,0.3,14,3,-2.48392544152176,0.074
6,2,0.2,422,10,0.3,0.3,14,3,-3.03568286373394,0.074
6,2,0.2,84,10,0.3,0.3,14,3,-3.26397583672562,0.078
6,2,0.2,319,10,0.3,0.3,14,3,-2.44865126096221,0.082
6,2,0.2,404,10,0.3,0.3,14,3,-2.32747703902356,0.084
6,2,0.2,316,10,0.3,0.3,14,3,-2.21886459618071,0.086
6,2,0.2,249,10,0.3,0.3,14,3,-1.69944180243436,0.112
6,2,0.2,32,10,0.3,0.3,14,3,-2.07232299126886,0.438
6,2,0.2,16,10,0.3,0.3,15,3,-3.30247963891307,0
6,2,0.2,18,10,0.3,0.3,15,3,-3.45069112758512,0
6,2,0.2,36,10,0.3,0.3,15,3,-2.94444373792851,0
6,2,0.2,39,10,0.3,0.3,15,3,-2.83666281052925,0
6,2,0.2,45,10,0.3,0.3,15,3,-3.09731061191982,0
6,2,0.2,77,10,0.3,0.3,15,3,-3.88583289848117,0
6,2,0.2,91,10,0.3,0.3,15,3,-3.41823210086858,0
6,2,0.2,99,10,0.3,0.3,15,3,-3.2134150664111,0
6,2,0.2,118,10,0.3,0.3,15,3,-3.49814589151597,0
6,2,0.2,129,10,0.3,0.3,15,3,-3.41166414732396,0
6,2,0.2,130,10,0.3,0.3,15,3,-3.76027212913709,0
6,2,0.2,136,10,0.3,0.3,15,3,-4.04370396684857,0
6,2,0.2,144,10,0.3,0.3,15,3,-3.08171518270896,0
6,2,0.2,151,10,0.3,0.3,15,3,-3.95758100536557,0
6,2,0.2,172,10,0.3,0.3,15,3,-3.66350950182624,0
6,2,0.2,178,10,0.3,0.3,15,3,-4.2026296193045,0
6,2,0.2,179,10,0.3,0.3,15,3,-3.75412887113899,0
6,2,0.2,180,10,0.3,0.3,15,3,-3.87202134172097,0
6,2,0.2,184,10,0.3,0.3,15,3,-3.88436901428472,0
6,2,0.2,200,10,0.3,0.3,15,3,-3.38909378624069,0
6,2,0.2,224,10,0.3,0.3,15,3,-3.23280957960188,0
6,2,0.2,232,10,0.3,0.3,15,3,-3.2225088619754,0
6,2,0.2,250,10,0.3,0.3,15,3,-3.18283890992618,0
6,2,0.2,254,10,0.3,0.3,15,3,-2.92700678979247,0
6,2,0.2,261,10,0.3,0.3,15,3,-2.83291845664397,0
6,2,0.2,277,10,0.3,0.3,15,3,-4.61457931768513,0
6,2,0.2,289,10,0.3,0.3,15,3,-3.62046187935601,0
6,2,0.2,299,10,0.3,0.3,15,3,-2.95179177480972,0
6,2,0.2,339,10,0.3,0.3,15,3,-3.90727614888249,0
6,2,0.2,341,10,0.3,0.3,15,3,-2.63850529821198,0
6,2,0.2,348,10,0.3,0.3,15,3,-2.83426383360072,0
6,2,0.2,351,10,0.3,0.3,15,3,-2.63813241362698,0
6,2,0.2,354,10,0.3,0.3,15,3,-3.28365803812287,0
6,2,0.2,368,10,0.3,0.3,15,3,-3.71910284173126,0
6,2,0.2,374,10,0.3,0.3,15,3,-3.09592389782497,0
6,2,0.2,421,10,0.3,0.3,15,3,-3.48597967625167,0
6,2,0.2,424,10,0.3,0.3,15,3,-2.95892988701081,0
6,2,0.2,439,10,0.3,0.3,15,3,-3.8613129979733,0
6,2,0.2,440,10,0.3,0.3,15,3,-3.38157267916677,0
6,2,0.2,451,10,0.3,0.3,15,3,-3.22555081611264,0
6,2,0.2,453,10,0.3,0.3,15,3,-3.84034595769197,0
6,2,0.2,455,10,0.3,0.3,15,3,-3.61294036268453,0
6,2,0.2,466,10,0.3,0.3,15,3,-3.6210243490226,0
6,2,0.2,494,10,0.3,0.3,15,3,-3.31776767594758,0
6,2,0.2,44,10,0.3,0.3,15,3,-2.40149390104096,0.002
6,2,0.2,64,10,0.3,0.3,15,3,-3.25410756004089,0.002
6,2,0.2,68,10,0.3,0.3,15,3,-3.93398542974208,0.002
6,2,0.2,87,10,0.3,0.3,15,3,-3.36768622705819,0.002
6,2,0.2,100,10,0.3,0.3,15,3,-4.09769502622055,0.002
6,2,0.2,133,10,0.3,0.3,15,3,-3.34906929071252,0.002
6,2,0.2,140,10,0.3,0.3,15,3,-1.86214641095643,0.002
6,2,0.2,148,10,0.3,0.3,15,3,-2.97059507903924,0.002
6,2,0.2,152,10,0.3,0.3,15,3,-2.71514135331134,0.002
6,2,0.2,161,10,0.3,0.3,15,3,-3.23063034719993,0.002
6,2,0.2,163,10,0.3,0.3,15,3,-4.21924769888921,0.002
6,2,0.2,168,10,0.3,0.3,15,3,-3.65575504401903,0.002
6,2,0.2,171,10,0.3,0.3,15,3,-3.54874513291338,0.002
6,2,0.2,176,10,0.3,0.3,15,3,-3.67623581931645,0.002
6,2,0.2,182,10,0.3,0.3,15,3,-3.39507154747307,0.002
6,2,0.2,209,10,0.3,0.3,15,3,-3.97485622277259,0.002
6,2,0.2,211,10,0.3,0.3,15,3,-3.06561664705529,0.002
6,2,0.2,213,10,0.3,0.3,15,3,-3.83587474173621,0.002
6,2,0.2,226,10,0.3,0.3,15,3,-2.49119805456994,0.002
6,2,0.2,252,10,0.3,0.3,15,3,-3.29577356640795,0.002
6,2,0.2,256,10,0.3,0.3,15,3,-3.7248126593295,0.002
6,2,0.2,260,10,0.3,0.3,15,3,-3.1902633683687,0.002
6,2,0.2,270,10,0.3,0.3,15,3,-3.45827164177211,0.002
6,2,0.2,285,10,0.3,0.3,15,3,-2.99552845868712,0.002
6,2,0.2,288,10,0.3,0.3,15,3,-3.96305363144896,0.002
6,2,0.2,296,10,0.3,0.3,15,3,-2.48157848933647,0.002
6,2,0.2,307,10,0.3,0.3,15,3,-3.81593193684446,0.002
6,2,0.2,310,10,0.3,0.3,15,3,-3.14230264029692,0.002
6,2,0.2,323,10,0.3,0.3,15,3,-2.82619501884193,0.002
6,2,0.2,325,10,0.3,0.3,15,3,-3.00109659942095,0.002
6,2,0.2,331,10,0.3,0.3,15,3,-2.68092614984039,0.002
6,2,0.2,338,10,0.3,0.3,15,3,-3.8729989814293,0.002
6,2,0.2,344,10,0.3,0.3,15,3,-2.85179664680712,0.002
6,2,0.2,360,10,0.3,0.3,15,3,-2.7974675136131,0.002
6,2,0.2,361,10,0.3,0.3,15,3,-2.93447462517662,0.002
6,2,0.2,382,10,0.3,0.3,15,3,-2.65393715095607,0.002
6,2,0.2,388,10,0.3,0.3,15,3,-3.35292294183819,0.002
6,2,0.2,393,10,0.3,0.3,15,3,-3.80186437275066,0.002
6,2,0.2,396,10,0.3,0.3,15,3,-3.57679736468478,0.002
6,2,0.2,431,10,0.3,0.3,15,3,-3.34383131303912,0.002
6,2,0.2,445,10,0.3,0.3,15,3,-2.71678132889991,0.002
6,2,0.2,490,10,0.3,0.3,15,3,-3.75648594935728,0.002
6,2,0.2,8,10,0.3,0.3,15,3,-3.558380183607,0.004
6,2,0.2,9,10,0.3,0.3,15,3,-2.90948298432116,0.004
6,2,0.2,11,10,0.3,0.3,15,3,-3.14948930345545,0.004
6,2,0.2,35,10,0.3,0.3,15,3,-4.01614407092285,0.004
6,2,0.2,54,10,0.3,0.3,15,3,-3.84370563302807,0.004
6,2,0.2,66,10,0.3,0.3,15,3,-4.12076773203421,0.004
6,2,0.2,97,10,0.3,0.3,15,3,-2.97846885159584,0.004
6,2,0.2,121,10,0.3,0.3,15,3,-2.67062828353363,0.004
6,2,0.2,134,10,0.3,0.3,15,3,-3.68834869453784,0.004
6,2,0.2,157,10,0.3,0.3,15,3,-3.91289616025509,0.004
6,2,0.2,158,10,0.3,0.3,15,3,-3.12629660262542,0.004
6,2,0.2,159,10,0.3,0.3,15,3,-3.63640619900477,0.004
6,2,0.2,164,10,0.3,0.3,15,3,-3.49792596471212,0.004
6,2,0.2,170,10,0.3,0.3,15,3,-3.0628439232886,0.004
6,2,0.2,175,10,0.3,0.3,15,3,-2.48209978355081,0.004
6,2,0.2,191,10,0.3,0.3,15,3,-2.58915079667329,0.004
6,2,0.2,194,10,0.3,0.3,15,3,-3.06032798525356,0.004
6,2,0.2,210,10,0.3,0.3,15,3,-1.58035482404472,0.004
6,2,0.2,257,10,0.3,0.3,15,3,-2.95932573060182,0.004
6,2,0.2,263,10,0.3,0.3,15,3,-2.3437972035762,0.004
6,2,0.2,305,10,0.3,0.3,15,3,-3.19281860703379,0.004
6,2,0.2,306,10,0.3,0.3,15,3,-2.71168060939169,0.004
6,2,0.2,346,10,0.3,0.3,15,3,-4.57696059900653,0.004
6,2,0.2,350,10,0.3,0.3,15,3,-2.22770715461613,0.004
6,2,0.2,398,10,0.3,0.3,15,3,-3.29664187231799,0.004
6,2,0.2,401,10,0.3,0.3,15,3,-3.21996244786652,0.004
6,2,0.2,416,10,0.3,0.3,15,3,-3.55386898568969,0.004
6,2,0.2,427,10,0.3,0.3,15,3,-3.18829947839038,0.004
6,2,0.2,437,10,0.3,0.3,15,3,-2.43969308726923,0.004
6,2,0.2,438,10,0.3,0.3,15,3,-3.83562007589009,0.004
6,2,0.2,441,10,0.3,0.3,15,3,-3.57557026666646,0.004
6,2,0.2,448,10,0.3,0.3,15,3,-2.53338821583972,0.004
6,2,0.2,454,10,0.3,0.3,15,3,-3.64447835758514,0.004
6,2,0.2,462,10,0.3,0.3,15,3,-3.37333816020259,0.004
6,2,0.2,469,10,0.3,0.3,15,3,-2.60996591060325,0.004
6,2,0.2,471,10,0.3,0.3,15,3,-4.07774285808273,0.004
6,2,0.2,492,10,0.3,0.3,15,3,-3.3558873205634,0.004
6,2,0.2,3,10,0.3,0.3,15,3,-3.26158165987508,0.006
6,2,0.2,14,10,0.3,0.3,15,3,-3.69940138903274,0.006
6,2,0.2,21,10,0.3,0.3,15,3,-3.53978645031989,0.006
6,2,0.2,53,10,0.3,0.3,15,3,-3.07531691428926,0.006
6,2,0.2,59,10,0.3,0.3,15,3,-3.7520241147916,0.006
6,2,0.2,76,10,0.3,0.3,15,3,-3.62534324566434,0.006
6,2,0.2,79,10,0.3,0.3,15,3,-3.35822274622714,0.006
6,2,0.2,80,10,0.3,0.3,15,3,-3.47603748486452,0.006
6,2,0.2,84,10,0.3,0.3,15,3,-2.48790861184858,0.006
6,2,0.2,96,10,0.3,0.3,15,3,-3.66404750115763,0.006
6,2,0.2,109,10,0.3,0.3,15,3,-3.79725462258068,0.006
6,2,0.2,115,10,0.3,0.3,15,3,-3.53392847256853,0.006
6,2,0.2,131,10,0.3,0.3,15,3,-2.94794009236202,0.006
6,2,0.2,135,10,0.3,0.3,15,3,-3.59517908988852,0.006
6,2,0.2,139,10,0.3,0.3,15,3,-3.11424273882915,0.006
6,2,0.2,141,10,0.3,0.3,15,3,-3.02884581629922,0.006
6,2,0.2,149,10,0.3,0.3,15,3,-2.70182791197428,0.006
6,2,0.2,160,10,0.3,0.3,15,3,-2.1233150475168,0.006
6,2,0.2,188,10,0.3,0.3,15,3,-3.89592913781701,0.006
6,2,0.2,197,10,0.3,0.3,15,3,-3.6169143213545,0.006
6,2,0.2,335,10,0.3,0.3,15,3,-3.66767651515869,0.006
6,2,0.2,387,10,0.3,0.3,15,3,-2.69847256769768,0.006
6,2,0.2,397,10,0.3,0.3,15,3,-3.59006832287412,0.006
6,2,0.2,400,10,0.3,0.3,15,3,-3.30224818841498,0.006
6,2,0.2,414,10,0.3,0.3,15,3,-2.82072799188396,0.006
6,2,0.2,429,10,0.3,0.3,15,3,-2.87878025597735,0.006
6,2,0.2,430,10,0.3,0.3,15,3,-2.89697969003288,0.006
6,2,0.2,435,10,0.3,0.3,15,3,-3.03929990385453,0.006
6,2,0.2,458,10,0.3,0.3,15,3,-3.6609810875255,0.006
6,2,0.2,7,10,0.3,0.3,15,3,-2.77711357314647,0.008
6,2,0.2,48,10,0.3,0.3,15,3,-3.59663622132729,0.008
6,2,0.2,52,10,0.3,0.3,15,3,-3.3289301456706,0.008
6,2,0.2,63,10,0.3,0.3,15,3,-2.92352805656424,0.008
6,2,0.2,101,10,0.3,0.3,15,3,-3.50202188421576,0.008
6,2,0.2,125,10,0.3,0.3,15,3,-2.74663334115016,0.008
6,2,0.2,146,10,0.3,0.3,15,3,-2.69114251527847,0.008
6,2,0.2,187,10,0.3,0.3,15,3,-2.89816615055673,0.008
6,2,0.2,214,10,0.3,0.3,15,3,-3.54152508984487,0.008
6,2,0.2,222,10,0.3,0.3,15,3,-2.97940816335301,0.008
6,2,0.2,273,10,0.3,0.3,15,3,-3.41744060581257,0.008
6,2,0.2,304,10,0.3,0.3,15,3,-2.40620799205874,0.008
6,2,0.2,314,10,0.3,0.3,15,3,-2.77822655736503,0.008
6,2,0.2,318,10,0.3,0.3,15,3,-3.65679892657496,0.008
6,2,0.2,319,10,0.3,0.3,15,3,-3.31564612755636,0.008
6,2,0.2,329,10,0.3,0.3,15,3,-3.22013284997354,0.008
6,2,0.2,334,10,0.3,0.3,15,3,-3.85241437052508,0.008
6,2,0.2,342,10,0.3,0.3,15,3,-3.55796562862824,0.008
6,2,0.2,353,10,0.3,0.3,15,3,-1.72432802882869,0.008
6,2,0.2,372,10,0.3,0.3,15,3,-2.82908120004953,0.008
6,2,0.2,379,10,0.3,0.3,15,3,-3.62348941988705,0.008
6,2,0.2,405,10,0.3,0.3,15,3,-2.94180693364808,0.008
6,2,0.2,436,10,0.3,0.3,15,3,-2.83600838390086,0.008
6,2,0.2,463,10,0.3,0.3,15,3,-3.6228504086541,0.008
6,2,0.2,495,10,0.3,0.3,15,3,-3.87250122398376,0.008
6,2,0.2,30,10,0.3,0.3,15,3,-2.29045425128533,0.01
6,2,0.2,58,10,0.3,0.3,15,3,-3.38046906606351,0.01
6,2,0.2,86,10,0.3,0.3,15,3,-2.6709180664856,0.01
6,2,0.2,89,10,0.3,0.3,15,3,-2.47046978101804,0.01
6,2,0.2,153,10,0.3,0.3,15,3,-2.54295620165954,0.01
6,2,0.2,198,10,0.3,0.3,15,3,-2.86770247604247,0.01
6,2,0.2,204,10,0.3,0.3,15,3,-3.47298591730009,0.01
6,2,0.2,216,10,0.3,0.3,15,3,-3.05373421744963,0.01
6,2,0.2,218,10,0.3,0.3,15,3,-3.57448540006251,0.01
6,2,0.2,243,10,0.3,0.3,15,3,-3.49331542376646,0.01
6,2,0.2,271,10,0.3,0.3,15,3,-2.81331715159973,0.01
6,2,0.2,315,10,0.3,0.3,15,3,-2.8342572327351,0.01
6,2,0.2,373,10,0.3,0.3,15,3,-3.14877391158547,0.01
6,2,0.2,399,10,0.3,0.3,15,3,-4.32394261841785,0.01
6,2,0.2,402,10,0.3,0.3,15,3,-2.64698604619906,0.01
6,2,0.2,418,10,0.3,0.3,15,3,-2.3862072198892,0.01
6,2,0.2,446,10,0.3,0.3,15,3,-2.74598247694925,0.01
6,2,0.2,460,10,0.3,0.3,15,3,-3.08744266216493,0.01
6,2,0.2,480,10,0.3,0.3,15,3,-2.82156982049375,0.01
6,2,0.2,497,10,0.3,0.3,15,3,-3.37759341647302,0.01
6,2,0.2,2,10,0.3,0.3,15,3,-3.20220871079889,0.012
6,2,0.2,37,10,0.3,0.3,15,3,-3.24769878830503,0.012
6,2,0.2,71,10,0.3,0.3,15,3,-2.86694759427559,0.012
6,2,0.2,73,10,0.3,0.3,15,3,-3.0960526029132,0.012
6,2,0.2,90,10,0.3,0.3,15,3,-2.88938169146343,0.012
6,2,0.2,122,10,0.3,0.3,15,3,-2.65594831301834,0.012
6,2,0.2,166,10,0.3,0.3,15,3,-3.48523284485663,0.012
6,2,0.2,181,10,0.3,0.3,15,3,-2.48556184923055,0.012
6,2,0.2,183,10,0.3,0.3,15,3,-2.75770102444145,0.012
6,2,0.2,258,10,0.3,0.3,15,3,-3.55912201437405,0.012
6,2,0.2,280,10,0.3,0.3,15,3,-3.10717685957704,0.012
6,2,0.2,295,10,0.3,0.3,15,3,-3.68833921605798,0.012
6,2,0.2,408,10,0.3,0.3,15,3,-3.15081140689057,0.012
6,2,0.2,4,10,0.3,0.3,15,3,-3.58306532899766,0.014
6,2,0.2,28,10,0.3,0.3,15,3,-3.74990473429204,0.014
6,2,0.2,34,10,0.3,0.3,15,3,-2.66853160413305,0.014
6,2,0.2,38,10,0.3,0.3,15,3,-3.52616075862653,0.014
6,2,0.2,81,10,0.3,0.3,15,3,-3.28153296439197,0.014
6,2,0.2,215,10,0.3,0.3,15,3,-3.17952398401684,0.014
6,2,0.2,282,10,0.3,0.3,15,3,-3.02814333481018,0.014
6,2,0.2,301,10,0.3,0.3,15,3,-2.99773136837882,0.014
6,2,0.2,324,10,0.3,0.3,15,3,-2.63420032756977,0.014
6,2,0.2,345,10,0.3,0.3,15,3,-2.9806582341192,0.014
6,2,0.2,384,10,0.3,0.3,15,3,-1.88928951546643,0.014
6,2,0.2,385,10,0.3,0.3,15,3,-4.17667481589578,0.014
6,2,0.2,407,10,0.3,0.3,15,3,-3.5307019094154,0.014
6,2,0.2,461,10,0.3,0.3,15,3,-3.21375872028887,0.014
6,2,0.2,482,10,0.3,0.3,15,3,-2.57713595958353,0.014
6,2,0.2,67,10,0.3,0.3,15,3,-3.30531513325639,0.016
6,2,0.2,155,10,0.3,0.3,15,3,-2.83192109005859,0.016
6,2,0.2,173,10,0.3,0.3,15,3,-3.17347565890205,0.016
6,2,0.2,208,10,0.3,0.3,15,3,-2.9522332513879,0.016
6,2,0.2,264,10,0.3,0.3,15,3,-2.57273081188595,0.016
6,2,0.2,267,10,0.3,0.3,15,3,-2.05787807681844,0.016
6,2,0.2,275,10,0.3,0.3,15,3,-2.77147032145785,0.016
6,2,0.2,291,10,0.3,0.3,15,3,-2.67134029116207,0.016
6,2,0.2,300,10,0.3,0.3,15,3,-2.5466937096717,0.016
6,2,0.2,330,10,0.3,0.3,15,3,-2.41453436990184,0.016
6,2,0.2,352,10,0.3,0.3,15,3,-2.5551709965429,0.016
6,2,0.2,369,10,0.3,0.3,15,3,-2.04244755545315,0.016
6,2,0.2,389,10,0.3,0.3,15,3,-2.35848378543153,0.016
6,2,0.2,428,10,0.3,0.3,15,3,-3.81352276681642,0.016
6,2,0.2,444,10,0.3,0.3,15,3,-3.62571935269688,0.016
6,2,0.2,476,10,0.3,0.3,15,3,-2.99600861237792,0.016
6,2,0.2,496,10,0.3,0.3,15,3,-2.91618967009913,0.016
6,2,0.2,6,10,0.3,0.3,15,3,-3.86310652203929,0.018
6,2,0.2,22,10,0.3,0.3,15,3,-3.04179282903613,0.018
6,2,0.2,29,10,0.3,0.3,15,3,-3.03237007022653,0.018
6,2,0.2,42,10,0.3,0.3,15,3,-3.53215732981994,0.018
6,2,0.2,43,10,0.3,0.3,15,3,-3.35419116266061,0.018
6,2,0.2,56,10,0.3,0.3,15,3,-2.49548365181423,0.018
6,2,0.2,57,10,0.3,0.3,15,3,-3.07050670105014,0.018
6,2,0.2,85,10,0.3,0.3,15,3,-2.49057193064556,0.018
6,2,0.2,124,10,0.3,0.3,15,3,-2.3449612055893,0.018
6,2,0.2,294,10,0.3,0.3,15,3,-3.40953484359812,0.018
6,2,0.2,365,10,0.3,0.3,15,3,-3.79721098489799,0.018
6,2,0.2,381,10,0.3,0.3,15,3,-1.8941633927501,0.018
6,2,0.2,464,10,0.3,0.3,15,3,-2.60786350239519,0.018
6,2,0.2,465,10,0.3,0.3,15,3,-2.94212930800146,0.018
6,2,0.2,498,10,0.3,0.3,15,3,-3.42967690863813,0.018
6,2,0.2,93,10,0.3,0.3,15,3,-3.07973427488807,0.02
6,2,0.2,108,10,0.3,0.3,15,3,-2.81592852470385,0.02
6,2,0.2,127,10,0.3,0.3,15,3,-3.47315796937147,0.02
6,2,0.2,137,10,0.3,0.3,15,3,-3.69244105563573,0.02
6,2,0.2,169,10,0.3,0.3,15,3,-2.44838040634642,0.02
6,2,0.2,227,10,0.3,0.3,15,3,-2.97375952020354,0.02
6,2,0.2,268,10,0.3,0.3,15,3,-2.65385029254261,0.02
6,2,0.2,316,10,0.3,0.3,15,3,-3.01432588174114,0.02
6,2,0.2,322,10,0.3,0.3,15,3,-2.60999518345966,0.02
6,2,0.2,332,10,0.3,0.3,15,3,-2.923296902781,0.02
6,2,0.2,333,10,0.3,0.3,15,3,-3.05053994113106,0.02
6,2,0.2,391,10,0.3,0.3,15,3,-2.63259245537992,0.02
6,2,0.2,409,10,0.3,0.3,15,3,-3.20796254688975,0.02
6,2,0.2,432,10,0.3,0.3,15,3,-2.10462617663723,0.02
6,2,0.2,479,10,0.3,0.3,15,3,-2.19855624337291,0.02
6,2,0.2,484,10,0.3,0.3,15,3,-3.47346767537002,0.02
6,2,0.2,78,10,0.3,0.3,15,3,-3.07123977773793,0.022
6,2,0.2,105,10,0.3,0.3,15,3,-2.62887419767608,0.022
6,2,0.2,145,10,0.3,0.3,15,3,-3.4744922293217,0.022
6,2,0.2,189,10,0.3,0.3,15,3,-1.78455853427326,0.022
6,2,0.2,223,10,0.3,0.3,15,3,-2.5082777890419,0.022
6,2,0.2,238,10,0.3,0.3,15,3,-2.2468390384926,0.022
6,2,0.2,302,10,0.3,0.3,15,3,-2.53201899890925,0.022
6,2,0.2,386,10,0.3,0.3,15,3,-1.83560584763859,0.022
6,2,0.2,420,10,0.3,0.3,15,3,-3.24586600656826,0.022
6,2,0.2,449,10,0.3,0.3,15,3,-2.62697140700885,0.022
6,2,0.2,474,10,0.3,0.3,15,3,-2.95986603056207,0.022
6,2,0.2,1,10,0.3,0.3,15,3,-3.16138087710783,0.024
6,2,0.2,92,10,0.3,0.3,15,3,-2.9749627322949,0.024
6,2,0.2,103,10,0.3,0.3,15,3,-3.51287513256614,0.024
6,2,0.2,156,10,0.3,0.3,15,3,-2.85127084213468,0.024
6,2,0.2,165,10,0.3,0.3,15,3,-2.50697357949701,0.024
6,2,0.2,167,10,0.3,0.3,15,3,-2.08224569435455,0.024
6,2,0.2,199,10,0.3,0.3,15,3,-3.1533843947789,0.024
6,2,0.2,240,10,0.3,0.3,15,3,-3.14653881449939,0.024
6,2,0.2,265,10,0.3,0.3,15,3,-3.30120870916161,0.024
6,2,0.2,292,10,0.3,0.3,15,3,-3.11815721548541,0.024
6,2,0.2,336,10,0.3,0.3,15,3,-2.9555263876961,0.024
6,2,0.2,337,10,0.3,0.3,15,3,-2.19785595042137,0.024
6,2,0.2,366,10,0.3,0.3,15,3,-3.41430728327953,0.024
6,2,0.2,377,10,0.3,0.3,15,3,-3.07933945609369,0.024
6,2,0.2,412,10,0.3,0.3,15,3,-3.58687409606446,0.024
6,2,0.2,423,10,0.3,0.3,15,3,-3.78243171412578,0.024
6,2,0.2,434,10,0.3,0.3,15,3,-2.67684440610915,0.024
6,2,0.2,467,10,0.3,0.3,15,3,-2.91871928069128,0.024
6,2,0.2,12,10,0.3,0.3,15,3,-2.15692485971149,0.026
6,2,0.2,65,10,0.3,0.3,15,3,-2.70361022908264,0.026
6,2,0.2,110,10,0.3,0.3,15,3,-2.90889031171452,0.026
6,2,0.2,192,10,0.3,0.3,15,3,-2.64532197692154,0.026
6,2,0.2,195,10,0.3,0.3,15,3,-2.88240360810514,0.026
6,2,0.2,309,10,0.3,0.3,15,3,-3.03794375923081,0.026
6,2,0.2,347,10,0.3,0.3,15,3,-2.00939755357598,0.026
6,2,0.2,349,10,0.3,0.3,15,3,-2.08205046643704,0.026
6,2,0.2,470,10,0.3,0.3,15,3,-3.13387013935923,0.026
6,2,0.2,493,10,0.3,0.3,15,3,-3.39618469267631,0.026
6,2,0.2,88,10,0.3,0.3,15,3,-3.23813787991688,0.028
6,2,0.2,119,10,0.3,0.3,15,3,-3.3879143992869,0.028
6,2,0.2,150,10,0.3,0.3,15,3,-2.9182777845339,0.028
6,2,0.2,205,10,0.3,0.3,15,3,-2.40604548616571,0.028
6,2,0.2,234,10,0.3,0.3,15,3,-3.00304624586329,0.028
6,2,0.2,242,10,0.3,0.3,15,3,-3.29733542944166,0.028
6,2,0.2,259,10,0.3,0.3,15,3,-2.28637396486576,0.028
6,2,0.2,272,10,0.3,0.3,15,3,-2.98499773644502,0.028
6,2,0.2,274,10,0.3,0.3,15,3,-1.66914484140912,0.028
6,2,0.2,281,10,0.3,0.3,15,3,-2.19104223664976,0.028
6,2,0.2,290,10,0.3,0.3,15,3,-2.97402434835485,0.028
6,2,0.2,327,10,0.3,0.3,15,3,-2.46431209344334,0.028
6,2,0.2,328,10,0.3,0.3,15,3,-2.84642841740546,0.028
6,2,0.2,364,10,0.3,0.3,15,3,-3.51339253507686,0.028
6,2,0.2,390,10,0.3,0.3,15,3,-3.04772740823935,0.028
6,2,0.2,392,10,0.3,0.3,15,3,-3.75963083412361,0.028
6,2,0.2,411,10,0.3,0.3,15,3,-2.53883805939427,0.028
6,2,0.2,422,10,0.3,0.3,15,3,-3.32696314675971,0.028
6,2,0.2,442,10,0.3,0.3,15,3,-3.4093638837335,0.028
6,2,0.2,477,10,0.3,0.3,15,3,-4.29369780536419,0.028
6,2,0.2,19,10,0.3,0.3,15,3,-2.46680796877712,0.03
6,2,0.2,98,10,0.3,0.3,15,3,-2.63858335089262,0.03
6,2,0.2,104,10,0.3,0.3,15,3,-3.59765002492222,0.03
6,2,0.2,143,10,0.3,0.3,15,3,-3.50774425961782,0.03
6,2,0.2,193,10,0.3,0.3,15,3,-2.56933395902206,0.03
6,2,0.2,202,10,0.3,0.3,15,3,-3.16047666904799,0.03
6,2,0.2,378,10,0.3,0.3,15,3,-2.94381385907394,0.03
6,2,0.2,491,10,0.3,0.3,15,3,-2.38154070157381,0.03
6,2,0.2,49,10,0.3,0.3,15,3,-3.16850357624159,0.032
6,2,0.2,106,10,0.3,0.3,15,3,-2.28616613839642,0.032
6,2,0.2,196,10,0.3,0.3,15,3,-2.9149130529178,0.032
6,2,0.2,201,10,0.3,0.3,15,3,-3.03106334792383,0.032
6,2,0.2,207,10,0.3,0.3,15,3,-2.46909818235687,0.032
6,2,0.2,217,10,0.3,0.3,15,3,-3.20518433156866,0.032
6,2,0.2,246,10,0.3,0.3,15,3,-2.13340853687771,0.032
6,2,0.2,284,10,0.3,0.3,15,3,-2.50788935963587,0.032
6,2,0.2,456,10,0.3,0.3,15,3,-2.2544254597174,0.032
6,2,0.2,499,10,0.3,0.3,15,3,-2.80010107035932,0.032
6,2,0.2,60,10,0.3,0.3,15,3,-3.47895846480472,0.034
6,2,0.2,177,10,0.3,0.3,15,3,-2.94688516349891,0.034
6,2,0.2,221,10,0.3,0.3,15,3,-3.49192817302512,0.034
6,2,0.2,313,10,0.3,0.3,15,3,-3.03820533504106,0.034
6,2,0.2,375,10,0.3,0.3,15,3,-2.76849361357321,0.034
6,2,0.2,475,10,0.3,0.3,15,3,-2.71969513582431,0.034
6,2,0.2,478,10,0.3,0.3,15,3,-3.67855924832369,0.034
6,2,0.2,114,10,0.3,0.3,15,3,-2.19946610733567,0.036
6,2,0.2,117,10,0.3,0.3,15,3,-3.36239448139324,0.036
6,2,0.2,206,10,0.3,0.3,15,3,-3.12511128893269,0.036
6,2,0.2,235,10,0.3,0.3,15,3,-2.91913885713436,0.036
6,2,0.2,249,10,0.3,0.3,15,3,-3.25387164039162,0.036
6,2,0.2,287,10,0.3,0.3,15,3,-2.82922398489657,0.036
6,2,0.2,303,10,0.3,0.3,15,3,-3.20597345016128,0.036
6,2,0.2,312,10,0.3,0.3,15,3,-3.19025683927251,0.036
6,2,0.2,317,10,0.3,0.3,15,3,-3.04451348225999,0.036
6,2,0.2,395,10,0.3,0.3,15,3,-1.80250990732478,0.036
6,2,0.2,433,10,0.3,0.3,15,3,-3.09047671077417,0.036
6,2,0.2,23,10,0.3,0.3,15,3,-2.50030259236877,0.038
6,2,0.2,47,10,0.3,0.3,15,3,-2.40663077622972,0.038
6,2,0.2,50,10,0.3,0.3,15,3,-2.27739125760169,0.038
6,2,0.2,62,10,0.3,0.3,15,3,-2.26735422898508,0.038
6,2,0.2,128,10,0.3,0.3,15,3,-2.472703843879,0.038
6,2,0.2,138,10,0.3,0.3,15,3,-2.36548982899052,0.038
6,2,0.2,228,10,0.3,0.3,15,3,-2.79930024157395,0.038
6,2,0.2,321,10,0.3,0.3,15,3,-3.4706081039601,0.038
6,2,0.2,326,10,0.3,0.3,15,3,-2.68219462100379,0.038
6,2,0.2,359,10,0.3,0.3,15,3,-3.65298003594668,0.038
6,2,0.2,380,10,0.3,0.3,15,3,-2.40511759501115,0.038
6,2,0.2,483,10,0.3,0.3,15,3,-2.98351419584915,0.038
6,2,0.2,10,10,0.3,0.3,15,3,-2.64956666310542,0.04
6,2,0.2,24,10,0.3,0.3,15,3,-2.88530375141994,0.04
6,2,0.2,278,10,0.3,0.3,15,3,-3.03168519169409,0.04
6,2,0.2,283,10,0.3,0.3,15,3,-3.0118965874349,0.04
6,2,0.2,485,10,0.3,0.3,15,3,-2.41141277859973,0.04
6,2,0.2,488,10,0.3,0.3,15,3,-3.0991866349172,0.04
6,2,0.2,72,10,0.3,0.3,15,3,-2.57499971356629,0.042
6,2,0.2,94,10,0.3,0.3,15,3,-3.23671651735054,0.042
6,2,0.2,132,10,0.3,0.3,15,3,-2.64741327396868,0.042
6,2,0.2,233,10,0.3,0.3,15,3,-3.08677900479353,0.042
6,2,0.2,298,10,0.3,0.3,15,3,-2.49642104709929,0.042
6,2,0.2,417,10,0.3,0.3,15,3,-2.63721691389634,0.042
6,2,0.2,459,10,0.3,0.3,15,3,-2.74580702780179,0.042
6,2,0.2,20,10,0.3,0.3,15,3,-2.10785721060722,0.044
6,2,0.2,32,10,0.3,0.3,15,3,-3.23826380902739,0.044
6,2,0.2,102,10,0.3,0.3,15,3,-2.47670465374216,0.044
6,2,0.2,112,10,0.3,0.3,15,3,-3.65338234451912,0.044
6,2,0.2,231,10,0.3,0.3,15,3,-2.82289651762994,0.044
6,2,0.2,236,10,0.3,0.3,15,3,-2.16558964562356,0.044
6,2,0.2,262,10,0.3,0.3,15,3,-3.45682061735167,0.044
6,2,0.2,356,10,0.3,0.3,15,3,-3.21265922720937,0.044
6,2,0.2,383,10,0.3,0.3,15,3,-2.60869538859538,0.044
6,2,0.2,452,10,0.3,0.3,15,3,-3.33572325802871,0.044
6,2,0.2,468,10,0.3,0.3,15,3,-2.30997994436805,0.044
6,2,0.2,472,10,0.3,0.3,15,3,-3.50783398724641,0.044
6,2,0.2,473,10,0.3,0.3,15,3,-3.41176139030944,0.044
6,2,0.2,17,10,0.3,0.3,15,3,-2.70708770622863,0.046
6,2,0.2,41,10,0.3,0.3,15,3,-2.58923273675097,0.046
6,2,0.2,107,10,0.3,0.3,15,3,-2.28475081100015,0.046
6,2,0.2,116,10,0.3,0.3,15,3,-3.3875414788418,0.046
6,2,0.2,241,10,0.3,0.3,15,3,-3.18736980340287,0.046
6,2,0.2,253,10,0.3,0.3,15,3,-2.27492608433244,0.046
6,2,0.2,362,10,0.3,0.3,15,3,-4.13472788654039,0.046
6,2,0.2,376,10,0.3,0.3,15,3,-2.35105745035955,0.046
6,2,0.2,489,10,0.3,0.3,15,3,-2.7598837942582,0.046
6,2,0.2,5,10,0.3,0.3,15,3,-3.34481029364036,0.048
6,2,0.2,185,10,0.3,0.3,15,3,-2.56403896249967,0.048
6,2,0.2,219,10,0.3,0.3,15,3,-2.43638127509215,0.048
6,2,0.2,220,10,0.3,0.3,15,3,-3.41218935880173,0.048
6,2,0.2,239,10,0.3,0.3,15,3,-2.55252644938321,0.048
6,2,0.2,245,10,0.3,0.3,15,3,-1.80913211233351,0.048
6,2,0.2,367,10,0.3,0.3,15,3,-2.46510415231879,0.048
6,2,0.2,13,10,0.3,0.3,15,3,-3.27130897474424,0.05
6,2,0.2,61,10,0.3,0.3,15,3,-3.15958604624944,0.05
6,2,0.2,74,10,0.3,0.3,15,3,-2.94470096888125,0.05
6,2,0.2,142,10,0.3,0.3,15,3,-2.11826992692977,0.05
6,2,0.2,308,10,0.3,0.3,15,3,-2.4517257150124,0.05
6,2,0.2,370,10,0.3,0.3,15,3,-3.16864808032776,0.05
6,2,0.2,394,10,0.3,0.3,15,3,-3.09948313384436,0.05
6,2,0.2,15,10,0.3,0.3,15,3,-4.28539260807455,0.052
6,2,0.2,26,10,0.3,0.3,15,3,-2.6659748318622,0.052
6,2,0.2,51,10,0.3,0.3,15,3,-2.84316652484233,0.052
6,2,0.2,83,10,0.3,0.3,15,3,-2.19542410223022,0.052
6,2,0.2,174,10,0.3,0.3,15,3,-2.55798824674162,0.052
6,2,0.2,248,10,0.3,0.3,15,3,-2.76498739758509,0.052
6,2,0.2,266,10,0.3,0.3,15,3,-3.51005211175826,0.052
6,2,0.2,293,10,0.3,0.3,15,3,-2.42242610000872,0.052
6,2,0.2,343,10,0.3,0.3,15,3,-3.62001486725632,0.052
6,2,0.2,406,10,0.3,0.3,15,3,-2.1989701235633,0.052
6,2,0.2,413,10,0.3,0.3,15,3,-1.77551603699709,0.052
6,2,0.2,419,10,0.3,0.3,15,3,-3.0978911855473,0.052
6,2,0.2,46,10,0.3,0.3,15,3,-1.91215973476591,0.054
6,2,0.2,75,10,0.3,0.3,15,3,-2.6392342786954,0.054
6,2,0.2,111,10,0.3,0.3,15,3,-2.20571421338198,0.054
6,2,0.2,162,10,0.3,0.3,15,3,-3.27074471321293,0.054
6,2,0.2,237,10,0.3,0.3,15,3,-2.49874093904009,0.054
6,2,0.2,269,10,0.3,0.3,15,3,-2.62717490016303,0.054
6,2,0.2,355,10,0.3,0.3,15,3,-3.05545488618731,0.054
6,2,0.2,363,10,0.3,0.3,15,3,-2.62729242947273,0.054
6,2,0.2,410,10,0.3,0.3,15,3,-2.60869077183764,0.054
6,2,0.2,415,10,0.3,0.3,15,3,-3.10859642718384,0.054
6,2,0.2,27,10,0.3,0.3,15,3,-3.77870223799991,0.056
6,2,0.2,31,10,0.3,0.3,15,3,-2.94927740340555,0.056
6,2,0.2,82,10,0.3,0.3,15,3,-3.63267463125715,0.056
6,2,0.2,154,10,0.3,0.3,15,3,-2.07511564553553,0.056
6,2,0.2,297,10,0.3,0.3,15,3,-2.10023116806801,0.056
6,2,0.2,358,10,0.3,0.3,15,3,-2.86004692990039,0.056
6,2,0.2,443,10,0.3,0.3,15,3,-3.5421276088683,0.056
6,2,0.2,40,10,0.3,0.3,15,3,-2.52737049882927,0.058
6,2,0.2,212,10,0.3,0.3,15,3,-2.4283533312819,0.058
6,2,0.2,244,10,0.3,0.3,15,3,-1.99853755527002,0.058
6,2,0.2,276,10,0.3,0.3,15,3,-2.52553983695583,0.058
6,2,0.2,69,10,0.3,0.3,15,3,-2.84837119677059,0.06
6,2,0.2,70,10,0.3,0.3,15,3,-2.6108792859184,0.06
6,2,0.2,95,10,0.3,0.3,15,3,-2.26791956453104,0.06
6,2,0.2,403,10,0.3,0.3,15,3,-1.89226167437462,0.06
6,2,0.2,425,10,0.3,0.3,15,3,-2.81584934951135,0.06
6,2,0.2,447,10,0.3,0.3,15,3,-1.94594004249578,0.06
6,2,0.2,55,10,0.3,0.3,15,3,-2.44260371547125,0.062
6,2,0.2,203,10,0.3,0.3,15,3,-2.83577052700832,0.062
6,2,0.2,251,10,0.3,0.3,15,3,-2.79583376886404,0.062
6,2,0.2,311,10,0.3,0.3,15,3,-2.89234664740823,0.062
6,2,0.2,340,10,0.3,0.3,15,3,-2.57776965316384,0.062
6,2,0.2,357,10,0.3,0.3,15,3,-3.10701103298348,0.062
6,2,0.2,126,10,0.3,0.3,15,3,-3.44537646395122,0.064
6,2,0.2,229,10,0.3,0.3,15,3,-2.48160225206928,0.064
6,2,0.2,247,10,0.3,0.3,15,3,-3.98521836689105,0.064
6,2,0.2,371,10,0.3,0.3,15,3,-2.90786759302767,0.064
6,2,0.2,486,10,0.3,0.3,15,3,-2.15146289344617,0.064
6,2,0.2,25,10,0.3,0.3,15,3,-2.19767975550599,0.066
6,2,0.2,147,10,0.3,0.3,15,3,-2.86744712639066,0.066
6,2,0.2,190,10,0.3,0.3,15,3,-3.27877590511659,0.066
6,2,0.2,320,10,0.3,0.3,15,3,-2.91241129655529,0.066
6,2,0.2,457,10,0.3,0.3,15,3,-2.63665728025157,0.066
6,2,0.2,113,10,0.3,0.3,15,3,-3.34091333705229,0.068
6,2,0.2,286,10,0.3,0.3,15,3,-2.50296253206875,0.068
6,2,0.2,426,10,0.3,0.3,15,3,-2.53600650348093,0.068
6,2,0.2,279,10,0.3,0.3,15,3,-3.1749170729538,0.07
6,2,0.2,404,10,0.3,0.3,15,3,-1.86789727035321,0.072
6,2,0.2,33,10,0.3,0.3,15,3,-2.18585372080182,0.074
6,2,0.2,186,10,0.3,0.3,15,3,-2.25457250594383,0.074
6,2,0.2,225,10,0.3,0.3,15,3,-2.2127997745271,0.074
6,2,0.2,230,10,0.3,0.3,15,3,-3.50519861919997,0.074
6,2,0.2,255,10,0.3,0.3,15,3,-3.42292888647651,0.074
6,2,0.2,487,10,0.3,0.3,15,3,-3.49028919073376,0.074
6,2,0.2,481,10,0.3,0.3,15,3,-3.125728586609,0.076
6,2,0.2,500,10,0.3,0.3,15,3,-2.69636309666575,0.078
6,2,0.2,120,10,0.3,0.3,15,3,-3.30075169857935,0.08
6,2,0.2,450,10,0.3,0.3,15,3,-2.49383006829433,0.08
6,2,0.2,123,10,0.3,0.3,15,3,-2.17871031688611,0.082
