"nGroupT","nGroupC","sdC","iteration","meanC","ef","rho","sampleSize","idSD","coef","boot_pval"
6,2,0.2,270,10,0,0.3,6,3,1.53501639635257,0.024
6,2,0.2,300,10,0,0.3,6,3,1.57683528960752,0.026
6,2,0.2,479,10,0,0.3,6,3,-1.95820892845418,0.028
6,2,0.2,330,10,0,0.3,6,3,1.43583527279407,0.03
6,2,0.2,457,10,0,0.3,6,3,-0.57912962288097,0.032
6,2,0.2,372,10,0,0.3,6,3,-1.1448519895003,0.036
6,2,0.2,119,10,0,0.3,6,3,2.31522107389628,0.04
6,2,0.2,113,10,0,0.3,6,3,1.91307547461477,0.042
6,2,0.2,191,10,0,0.3,6,3,-1.7980471345457,0.042
6,2,0.2,232,10,0,0.3,6,3,-0.669659039355992,0.042
6,2,0.2,75,10,0,0.3,6,3,2.11530493150477,0.044
6,2,0.2,485,10,0,0.3,6,3,2.22385169755512,0.046
6,2,0.2,429,10,0,0.3,6,3,-1.36412426670469,0.052
6,2,0.2,126,10,0,0.3,6,3,-1.51896977494371,0.056
6,2,0.2,164,10,0,0.3,6,3,-2.4433881859959,0.056
6,2,0.2,496,10,0,0.3,6,3,-1.00315929187531,0.056
6,2,0.2,58,10,0,0.3,6,3,-0.798271492354729,0.058
6,2,0.2,87,10,0,0.3,6,3,-2.59982476177476,0.058
6,2,0.2,265,10,0,0.3,6,3,1.23788843875107,0.058
6,2,0.2,285,10,0,0.3,6,3,-1.46896964366911,0.058
6,2,0.2,344,10,0,0.3,6,3,0.745527551004471,0.058
6,2,0.2,367,10,0,0.3,6,3,-1.24369202370738,0.058
6,2,0.2,157,10,0,0.3,6,3,1.95693018314051,0.06
6,2,0.2,399,10,0,0.3,6,3,1.36626482407883,0.06
6,2,0.2,181,10,0,0.3,6,3,1.03641690974808,0.062
6,2,0.2,340,10,0,0.3,6,3,-1.82613412600878,0.062
6,2,0.2,94,10,0,0.3,6,3,1.48629323726678,0.064
6,2,0.2,131,10,0,0.3,6,3,1.49243765025855,0.064
6,2,0.2,183,10,0,0.3,6,3,1.50538470982815,0.064
6,2,0.2,451,10,0,0.3,6,3,1.86437695164472,0.064
6,2,0.2,252,10,0,0.3,6,3,-1.92295361043915,0.066
6,2,0.2,44,10,0,0.3,6,3,1.11421454345611,0.07
6,2,0.2,493,10,0,0.3,6,3,1.54198486221929,0.07
6,2,0.2,33,10,0,0.3,6,3,1.18076851864043,0.072
6,2,0.2,102,10,0,0.3,6,3,1.17241928642179,0.072
6,2,0.2,337,10,0,0.3,6,3,-1.30265508567112,0.074
6,2,0.2,23,10,0,0.3,6,3,1.26645483502415,0.076
6,2,0.2,204,10,0,0.3,6,3,1.38013607772629,0.076
6,2,0.2,197,10,0,0.3,6,3,1.24494610141502,0.078
6,2,0.2,172,10,0,0.3,6,3,-1.45706185191108,0.08
6,2,0.2,401,10,0,0.3,6,3,-1.45506837910898,0.08
6,2,0.2,123,10,0,0.3,6,3,-1.39758844487426,0.082
6,2,0.2,247,10,0,0.3,6,3,1.80737722159984,0.082
6,2,0.2,21,10,0,0.3,6,3,-1.82763689709284,0.086
6,2,0.2,57,10,0,0.3,6,3,-1.82141127352023,0.086
6,2,0.2,388,10,0,0.3,6,3,-0.599188918716493,0.086
6,2,0.2,89,10,0,0.3,6,3,-0.977999850239485,0.088
6,2,0.2,4,10,0,0.3,6,3,-0.996130369613809,0.09
6,2,0.2,93,10,0,0.3,6,3,1.64666234125423,0.09
6,2,0.2,2,10,0,0.3,6,3,0.950282562958535,0.092
6,2,0.2,19,10,0,0.3,6,3,-1.42298184509758,0.092
6,2,0.2,214,10,0,0.3,6,3,-1.39151612163593,0.092
6,2,0.2,279,10,0,0.3,6,3,-1.13924724594145,0.092
6,2,0.2,186,10,0,0.3,6,3,0.819870533030439,0.094
6,2,0.2,321,10,0,0.3,6,3,-1.72962960882597,0.094
6,2,0.2,55,10,0,0.3,6,3,0.744024169290668,0.096
6,2,0.2,145,10,0,0.3,6,3,-1.67970069610601,0.096
6,2,0.2,166,10,0,0.3,6,3,-1.60985158374635,0.096
6,2,0.2,328,10,0,0.3,6,3,1.29955002363602,0.096
6,2,0.2,471,10,0,0.3,6,3,1.44285600986646,0.096
6,2,0.2,109,10,0,0.3,6,3,1.88585729179295,0.098
6,2,0.2,319,10,0,0.3,6,3,-0.826616036513798,0.102
6,2,0.2,497,10,0,0.3,6,3,-1.88350843217208,0.102
6,2,0.2,179,10,0,0.3,6,3,-1.68362270379174,0.104
6,2,0.2,193,10,0,0.3,6,3,1.2004179395289,0.104
6,2,0.2,368,10,0,0.3,6,3,-1.26598857026184,0.104
6,2,0.2,278,10,0,0.3,6,3,-1.29246218159395,0.106
6,2,0.2,470,10,0,0.3,6,3,-1.74872442242972,0.106
6,2,0.2,271,10,0,0.3,6,3,-0.694020317815244,0.108
6,2,0.2,139,10,0,0.3,6,3,0.830850110570623,0.11
6,2,0.2,315,10,0,0.3,6,3,-0.793580559171261,0.11
6,2,0.2,379,10,0,0.3,6,3,0.83588124791649,0.11
6,2,0.2,184,10,0,0.3,6,3,1.55045512839851,0.112
6,2,0.2,5,10,0,0.3,6,3,-0.990911452576,0.114
6,2,0.2,40,10,0,0.3,6,3,1.17298142054139,0.114
6,2,0.2,136,10,0,0.3,6,3,-1.15413516114344,0.114
6,2,0.2,318,10,0,0.3,6,3,1.05707695742964,0.116
6,2,0.2,369,10,0,0.3,6,3,0.712465973438213,0.116
6,2,0.2,400,10,0,0.3,6,3,-1.57777401369162,0.116
6,2,0.2,137,10,0,0.3,6,3,-2.10919346847655,0.118
6,2,0.2,201,10,0,0.3,6,3,-2.41838181431018,0.118
6,2,0.2,230,10,0,0.3,6,3,-0.907572242417132,0.118
6,2,0.2,301,10,0,0.3,6,3,0.945216738823689,0.118
6,2,0.2,34,10,0,0.3,6,3,1.56735706563487,0.122
6,2,0.2,35,10,0,0.3,6,3,1.22887845610782,0.122
6,2,0.2,435,10,0,0.3,6,3,1.54090984720023,0.122
6,2,0.2,88,10,0,0.3,6,3,0.978124976164338,0.124
6,2,0.2,260,10,0,0.3,6,3,-0.98232226826795,0.126
6,2,0.2,282,10,0,0.3,6,3,-1.27309344229982,0.126
6,2,0.2,173,10,0,0.3,6,3,1.14675985549903,0.128
6,2,0.2,373,10,0,0.3,6,3,-0.85745166730041,0.13
6,2,0.2,74,10,0,0.3,6,3,0.959033117606367,0.132
6,2,0.2,426,10,0,0.3,6,3,-1.25527327749552,0.134
6,2,0.2,437,10,0,0.3,6,3,1.04631588830944,0.134
6,2,0.2,298,10,0,0.3,6,3,-0.7859802596561,0.136
6,2,0.2,420,10,0,0.3,6,3,-1.04902049201573,0.136
6,2,0.2,148,10,0,0.3,6,3,1.32471485644879,0.138
6,2,0.2,170,10,0,0.3,6,3,-1.33691192379473,0.138
6,2,0.2,358,10,0,0.3,6,3,-1.64334266417859,0.14
6,2,0.2,481,10,0,0.3,6,3,1.1137089412596,0.14
6,2,0.2,499,10,0,0.3,6,3,0.794449207713114,0.14
6,2,0.2,61,10,0,0.3,6,3,0.723583943922563,0.144
6,2,0.2,310,10,0,0.3,6,3,-0.996547145193603,0.144
6,2,0.2,81,10,0,0.3,6,3,0.631969602008837,0.146
6,2,0.2,338,10,0,0.3,6,3,-0.57901644007103,0.146
6,2,0.2,441,10,0,0.3,6,3,0.843820021280351,0.146
6,2,0.2,177,10,0,0.3,6,3,-1.69332964452201,0.15
6,2,0.2,182,10,0,0.3,6,3,-1.17777095650987,0.15
6,2,0.2,385,10,0,0.3,6,3,-1.36426977901118,0.15
6,2,0.2,99,10,0,0.3,6,3,1.15245232934487,0.152
6,2,0.2,212,10,0,0.3,6,3,1.27897529800865,0.152
6,2,0.2,226,10,0,0.3,6,3,0.737201719330272,0.152
6,2,0.2,498,10,0,0.3,6,3,-1.41297811042512,0.152
6,2,0.2,68,10,0,0.3,6,3,-1.21500372539919,0.158
6,2,0.2,448,10,0,0.3,6,3,0.62814519509277,0.158
6,2,0.2,303,10,0,0.3,6,3,-0.864597043313324,0.162
6,2,0.2,163,10,0,0.3,6,3,0.610605927257353,0.164
6,2,0.2,215,10,0,0.3,6,3,-0.905618048428408,0.164
6,2,0.2,262,10,0,0.3,6,3,1.00431922461246,0.164
6,2,0.2,351,10,0,0.3,6,3,-0.659274009975775,0.164
6,2,0.2,359,10,0,0.3,6,3,-0.597020436460014,0.164
6,2,0.2,7,10,0,0.3,6,3,1.24352310878635,0.166
6,2,0.2,143,10,0,0.3,6,3,-1.85564964334617,0.166
6,2,0.2,427,10,0,0.3,6,3,-0.720201170548222,0.166
6,2,0.2,151,10,0,0.3,6,3,-0.951173320569353,0.168
6,2,0.2,357,10,0,0.3,6,3,-0.554440770575866,0.168
6,2,0.2,45,10,0,0.3,6,3,1.22816345824879,0.174
6,2,0.2,159,10,0,0.3,6,3,-0.814366481039315,0.174
6,2,0.2,115,10,0,0.3,6,3,0.861406228727844,0.176
6,2,0.2,274,10,0,0.3,6,3,1.29333663805875,0.176
6,2,0.2,51,10,0,0.3,6,3,-0.76184155516836,0.178
6,2,0.2,185,10,0,0.3,6,3,-0.551570448285077,0.178
6,2,0.2,129,10,0,0.3,6,3,1.35840259675953,0.18
6,2,0.2,352,10,0,0.3,6,3,-1.22071339991811,0.18
6,2,0.2,14,10,0,0.3,6,3,-0.975540505476431,0.182
6,2,0.2,273,10,0,0.3,6,3,-0.548906422638964,0.182
6,2,0.2,500,10,0,0.3,6,3,0.696228843412626,0.184
6,2,0.2,178,10,0,0.3,6,3,-1.08523505348001,0.186
6,2,0.2,393,10,0,0.3,6,3,1.36913624673716,0.192
6,2,0.2,15,10,0,0.3,6,3,0.853690141284289,0.194
6,2,0.2,431,10,0,0.3,6,3,0.589460322866245,0.198
6,2,0.2,345,10,0,0.3,6,3,-0.520171824654994,0.204
6,2,0.2,54,10,0,0.3,6,3,-0.494092708773564,0.206
6,2,0.2,97,10,0,0.3,6,3,-1.24017017456873,0.206
6,2,0.2,43,10,0,0.3,6,3,-0.584664712433153,0.21
6,2,0.2,77,10,0,0.3,6,3,0.972845343319989,0.21
6,2,0.2,460,10,0,0.3,6,3,0.687240975159597,0.212
6,2,0.2,65,10,0,0.3,6,3,0.749995489556625,0.214
6,2,0.2,80,10,0,0.3,6,3,-0.49135711163666,0.214
6,2,0.2,167,10,0,0.3,6,3,-0.685740129585866,0.22
6,2,0.2,413,10,0,0.3,6,3,1.12314754241314,0.22
6,2,0.2,495,10,0,0.3,6,3,0.630269591996893,0.22
6,2,0.2,235,10,0,0.3,6,3,-1.11091022163706,0.222
6,2,0.2,90,10,0,0.3,6,3,0.717435106965354,0.23
6,2,0.2,224,10,0,0.3,6,3,0.944885706528794,0.238
6,2,0.2,370,10,0,0.3,6,3,-1.04729241993959,0.238
6,2,0.2,31,10,0,0.3,6,3,-0.572601159466359,0.24
6,2,0.2,390,10,0,0.3,6,3,-0.419592151237566,0.242
6,2,0.2,39,10,0,0.3,6,3,-0.438522871344844,0.248
6,2,0.2,421,10,0,0.3,6,3,0.790514150606811,0.25
6,2,0.2,308,10,0,0.3,6,3,-0.433516294005585,0.252
6,2,0.2,30,10,0,0.3,6,3,0.457497083909203,0.26
6,2,0.2,122,10,0,0.3,6,3,-0.453897570071007,0.26
6,2,0.2,446,10,0,0.3,6,3,-0.488137488418289,0.262
6,2,0.2,116,10,0,0.3,6,3,0.361012897943539,0.266
6,2,0.2,160,10,0,0.3,6,3,0.580189908781051,0.266
6,2,0.2,304,10,0,0.3,6,3,-0.630967664988361,0.266
6,2,0.2,48,10,0,0.3,6,3,0.767137830394915,0.268
6,2,0.2,423,10,0,0.3,6,3,0.720686037842938,0.27
6,2,0.2,472,10,0,0.3,6,3,-0.910376332021627,0.27
6,2,0.2,17,10,0,0.3,6,3,-1.10374499551986,0.272
6,2,0.2,408,10,0,0.3,6,3,0.654015466597201,0.272
6,2,0.2,253,10,0,0.3,6,3,0.604147380764829,0.274
6,2,0.2,348,10,0,0.3,6,3,-1.22360782614371,0.274
6,2,0.2,374,10,0,0.3,6,3,-0.963908299965738,0.276
6,2,0.2,438,10,0,0.3,6,3,0.582058585788275,0.276
6,2,0.2,251,10,0,0.3,6,3,-0.754668412780234,0.278
6,2,0.2,322,10,0,0.3,6,3,-0.449002639525844,0.278
6,2,0.2,175,10,0,0.3,6,3,0.961217565038709,0.28
6,2,0.2,486,10,0,0.3,6,3,0.713727483692111,0.284
6,2,0.2,20,10,0,0.3,6,3,0.430436835610777,0.288
6,2,0.2,297,10,0,0.3,6,3,-0.85512141326106,0.29
6,2,0.2,246,10,0,0.3,6,3,1.56080964704904,0.292
6,2,0.2,272,10,0,0.3,6,3,-0.864978951813214,0.296
6,2,0.2,324,10,0,0.3,6,3,0.810702980068868,0.296
6,2,0.2,402,10,0,0.3,6,3,0.490254104637756,0.296
6,2,0.2,206,10,0,0.3,6,3,0.9466958895365,0.298
6,2,0.2,209,10,0,0.3,6,3,-0.602055112153209,0.298
6,2,0.2,101,10,0,0.3,6,3,0.843691174624098,0.3
6,2,0.2,180,10,0,0.3,6,3,0.34095876093005,0.3
6,2,0.2,16,10,0,0.3,6,3,0.80652309444767,0.302
6,2,0.2,277,10,0,0.3,6,3,0.42720473883827,0.304
6,2,0.2,219,10,0,0.3,6,3,-0.605571986494283,0.306
6,2,0.2,430,10,0,0.3,6,3,-0.460100461009404,0.306
6,2,0.2,346,10,0,0.3,6,3,0.615588999296875,0.308
6,2,0.2,156,10,0,0.3,6,3,-0.965707268884586,0.31
6,2,0.2,155,10,0,0.3,6,3,-0.878669726599924,0.312
6,2,0.2,312,10,0,0.3,6,3,0.393404548669423,0.312
6,2,0.2,194,10,0,0.3,6,3,-0.563938822599965,0.318
6,2,0.2,410,10,0,0.3,6,3,0.305655996453339,0.322
6,2,0.2,394,10,0,0.3,6,3,-0.635489868912344,0.328
6,2,0.2,445,10,0,0.3,6,3,-0.814333852685309,0.33
6,2,0.2,107,10,0,0.3,6,3,0.798188768138886,0.332
6,2,0.2,397,10,0,0.3,6,3,1.10478336806301,0.336
6,2,0.2,307,10,0,0.3,6,3,0.428303782300759,0.34
6,2,0.2,37,10,0,0.3,6,3,0.486011221721213,0.352
6,2,0.2,296,10,0,0.3,6,3,-0.767979280118595,0.352
6,2,0.2,417,10,0,0.3,6,3,-0.578917929324859,0.352
6,2,0.2,468,10,0,0.3,6,3,0.561356292264378,0.352
6,2,0.2,375,10,0,0.3,6,3,0.26006139568986,0.356
6,2,0.2,108,10,0,0.3,6,3,1.10075022531041,0.36
6,2,0.2,210,10,0,0.3,6,3,-0.789324176768446,0.36
6,2,0.2,480,10,0,0.3,6,3,0.487368373121399,0.366
6,2,0.2,334,10,0,0.3,6,3,-0.952811422826528,0.37
6,2,0.2,53,10,0,0.3,6,3,-0.419876512447445,0.372
6,2,0.2,459,10,0,0.3,6,3,1.03936074027902,0.374
6,2,0.2,347,10,0,0.3,6,3,-1.39617183333732,0.378
6,2,0.2,411,10,0,0.3,6,3,-0.550746245343845,0.378
6,2,0.2,95,10,0,0.3,6,3,0.298361335291276,0.384
6,2,0.2,152,10,0,0.3,6,3,0.600968753556259,0.388
6,2,0.2,47,10,0,0.3,6,3,0.18541641765114,0.392
6,2,0.2,10,10,0,0.3,6,3,0.953967676877653,0.396
6,2,0.2,86,10,0,0.3,6,3,-0.400819970291451,0.398
6,2,0.2,465,10,0,0.3,6,3,-1.03502255870745,0.41
6,2,0.2,190,10,0,0.3,6,3,0.414315264540278,0.414
6,2,0.2,256,10,0,0.3,6,3,-0.693184751929351,0.414
6,2,0.2,484,10,0,0.3,6,3,0.729325617759599,0.414
6,2,0.2,11,10,0,0.3,6,3,0.653656577195676,0.416
6,2,0.2,266,10,0,0.3,6,3,-0.836322034894607,0.416
6,2,0.2,418,10,0,0.3,6,3,-0.28779386879404,0.422
6,2,0.2,168,10,0,0.3,6,3,1.63683958524024,0.432
6,2,0.2,242,10,0,0.3,6,3,-1.25810558075827,0.436
6,2,0.2,62,10,0,0.3,6,3,0.267930115883644,0.438
6,2,0.2,103,10,0,0.3,6,3,-0.229232380972064,0.438
6,2,0.2,187,10,0,0.3,6,3,-0.549963386383439,0.438
6,2,0.2,276,10,0,0.3,6,3,0.575751645595631,0.438
6,2,0.2,436,10,0,0.3,6,3,1.08370462492817,0.438
6,2,0.2,440,10,0,0.3,6,3,-1.20463836249061,0.45
6,2,0.2,73,10,0,0.3,6,3,-0.527306064161991,0.452
6,2,0.2,83,10,0,0.3,6,3,-0.292326492510142,0.454
6,2,0.2,442,10,0,0.3,6,3,0.346509555918828,0.454
6,2,0.2,189,10,0,0.3,6,3,0.943748396734406,0.456
6,2,0.2,415,10,0,0.3,6,3,0.492435582074904,0.456
6,2,0.2,261,10,0,0.3,6,3,-0.313161890245453,0.458
6,2,0.2,456,10,0,0.3,6,3,-0.842773338291465,0.458
6,2,0.2,461,10,0,0.3,6,3,-0.393178339423827,0.458
6,2,0.2,205,10,0,0.3,6,3,-0.382594393124322,0.466
6,2,0.2,361,10,0,0.3,6,3,-0.528551138872615,0.472
6,2,0.2,462,10,0,0.3,6,3,0.839273831907747,0.474
6,2,0.2,241,10,0,0.3,6,3,0.200277277718726,0.476
6,2,0.2,326,10,0,0.3,6,3,-0.381658413943654,0.478
6,2,0.2,165,10,0,0.3,6,3,-0.47549999808777,0.482
6,2,0.2,96,10,0,0.3,6,3,-0.287853707523681,0.486
6,2,0.2,364,10,0,0.3,6,3,-1.00391944084768,0.488
6,2,0.2,142,10,0,0.3,6,3,0.683049067756059,0.49
6,2,0.2,221,10,0,0.3,6,3,-0.422640568990147,0.49
6,2,0.2,52,10,0,0.3,6,3,0.778241881468773,0.492
6,2,0.2,220,10,0,0.3,6,3,1.09730151994174,0.492
6,2,0.2,92,10,0,0.3,6,3,-0.645901223979962,0.496
6,2,0.2,105,10,0,0.3,6,3,1.42328831308552,0.498
6,2,0.2,243,10,0,0.3,6,3,-0.436461467880122,0.502
6,2,0.2,293,10,0,0.3,6,3,-0.986473595089592,0.502
6,2,0.2,349,10,0,0.3,6,3,-0.159717911747549,0.506
6,2,0.2,153,10,0,0.3,6,3,0.901264895164474,0.51
6,2,0.2,231,10,0,0.3,6,3,0.448570740050911,0.512
6,2,0.2,141,10,0,0.3,6,3,-0.460187240373671,0.514
6,2,0.2,403,10,0,0.3,6,3,-0.315981674081343,0.514
6,2,0.2,229,10,0,0.3,6,3,-0.833330056581445,0.518
6,2,0.2,106,10,0,0.3,6,3,-0.381134380487765,0.524
6,2,0.2,405,10,0,0.3,6,3,-0.918923502349969,0.526
6,2,0.2,56,10,0,0.3,6,3,-0.264687403745683,0.528
6,2,0.2,469,10,0,0.3,6,3,0.338103782359809,0.528
6,2,0.2,336,10,0,0.3,6,3,-0.366449983335514,0.536
6,2,0.2,239,10,0,0.3,6,3,0.97945426022622,0.538
6,2,0.2,432,10,0,0.3,6,3,0.485365535334978,0.542
6,2,0.2,305,10,0,0.3,6,3,0.478790955744358,0.548
6,2,0.2,409,10,0,0.3,6,3,-0.316255280431335,0.548
6,2,0.2,84,10,0,0.3,6,3,0.260578213617094,0.554
6,2,0.2,439,10,0,0.3,6,3,0.478735947956125,0.56
6,2,0.2,216,10,0,0.3,6,3,-0.437176522153379,0.562
6,2,0.2,428,10,0,0.3,6,3,0.298159111385218,0.562
6,2,0.2,240,10,0,0.3,6,3,-0.492099111919259,0.564
6,2,0.2,292,10,0,0.3,6,3,-0.510368676401555,0.566
6,2,0.2,8,10,0,0.3,6,3,0.636917320583649,0.568
6,2,0.2,263,10,0,0.3,6,3,0.945779167960154,0.57
6,2,0.2,41,10,0,0.3,6,3,-0.299718702751619,0.572
6,2,0.2,255,10,0,0.3,6,3,-0.25973150214034,0.572
6,2,0.2,146,10,0,0.3,6,3,0.900900068390513,0.574
6,2,0.2,404,10,0,0.3,6,3,-0.662477774871604,0.574
6,2,0.2,138,10,0,0.3,6,3,0.571549197292654,0.576
6,2,0.2,49,10,0,0.3,6,3,-0.793711908892533,0.58
6,2,0.2,283,10,0,0.3,6,3,-0.909877196203212,0.582
6,2,0.2,218,10,0,0.3,6,3,0.38255625020679,0.584
6,2,0.2,325,10,0,0.3,6,3,0.445636070651659,0.584
6,2,0.2,329,10,0,0.3,6,3,0.199228458507491,0.584
6,2,0.2,339,10,0,0.3,6,3,-0.892106817745741,0.586
6,2,0.2,211,10,0,0.3,6,3,0.541894829507754,0.594
6,2,0.2,473,10,0,0.3,6,3,0.205568746025278,0.594
6,2,0.2,228,10,0,0.3,6,3,-1.03609160680796,0.596
6,2,0.2,492,10,0,0.3,6,3,0.647497409169262,0.598
6,2,0.2,466,10,0,0.3,6,3,1.38763294107596,0.6
6,2,0.2,477,10,0,0.3,6,3,-0.616274083083425,0.6
6,2,0.2,217,10,0,0.3,6,3,0.768207892347476,0.602
6,2,0.2,288,10,0,0.3,6,3,-0.615293530847538,0.602
6,2,0.2,449,10,0,0.3,6,3,-0.672798902830493,0.604
6,2,0.2,434,10,0,0.3,6,3,1.21972554807013,0.608
6,2,0.2,450,10,0,0.3,6,3,0.266286504836785,0.612
6,2,0.2,458,10,0,0.3,6,3,-0.567776425984732,0.62
6,2,0.2,203,10,0,0.3,6,3,-0.644251796190019,0.622
6,2,0.2,176,10,0,0.3,6,3,0.411736555898017,0.624
6,2,0.2,286,10,0,0.3,6,3,-0.805847319899613,0.624
6,2,0.2,78,10,0,0.3,6,3,0.183832411301466,0.626
6,2,0.2,79,10,0,0.3,6,3,-1.02230663413678,0.63
6,2,0.2,50,10,0,0.3,6,3,0.228887830178763,0.632
6,2,0.2,3,10,0,0.3,6,3,0.308878036240458,0.634
6,2,0.2,387,10,0,0.3,6,3,-0.868874097777223,0.634
6,2,0.2,416,10,0,0.3,6,3,-0.338642190747152,0.634
6,2,0.2,111,10,0,0.3,6,3,0.359360879424116,0.638
6,2,0.2,407,10,0,0.3,6,3,0.501413913493337,0.64
6,2,0.2,70,10,0,0.3,6,3,-0.515247964631897,0.644
6,2,0.2,447,10,0,0.3,6,3,0.336164308126996,0.644
6,2,0.2,91,10,0,0.3,6,3,-0.48088935260958,0.648
6,2,0.2,100,10,0,0.3,6,3,0.305867521637055,0.648
6,2,0.2,360,10,0,0.3,6,3,-0.5995997160569,0.648
6,2,0.2,85,10,0,0.3,6,3,0.308714871312986,0.65
6,2,0.2,67,10,0,0.3,6,3,-0.109994080081179,0.652
6,2,0.2,127,10,0,0.3,6,3,-0.359993686917306,0.652
6,2,0.2,488,10,0,0.3,6,3,-0.322427198966011,0.652
6,2,0.2,26,10,0,0.3,6,3,-0.685173708616759,0.654
6,2,0.2,198,10,0,0.3,6,3,0.367148619418032,0.654
6,2,0.2,238,10,0,0.3,6,3,1.02055791524975,0.656
6,2,0.2,391,10,0,0.3,6,3,-0.508809825488157,0.656
6,2,0.2,69,10,0,0.3,6,3,-0.51953046421346,0.658
6,2,0.2,287,10,0,0.3,6,3,0.306464435618125,0.66
6,2,0.2,289,10,0,0.3,6,3,-0.681497103077504,0.66
6,2,0.2,490,10,0,0.3,6,3,-0.296958283355735,0.66
6,2,0.2,494,10,0,0.3,6,3,-0.698028731933874,0.662
6,2,0.2,314,10,0,0.3,6,3,-0.673560105188415,0.664
6,2,0.2,332,10,0,0.3,6,3,-0.238017473983518,0.664
6,2,0.2,192,10,0,0.3,6,3,0.667739133108199,0.67
6,2,0.2,454,10,0,0.3,6,3,0.422813369347381,0.67
6,2,0.2,12,10,0,0.3,6,3,0.449457720769942,0.676
6,2,0.2,82,10,0,0.3,6,3,0.093501468404213,0.676
6,2,0.2,104,10,0,0.3,6,3,-0.109691439460988,0.676
6,2,0.2,199,10,0,0.3,6,3,0.41852242293217,0.676
6,2,0.2,306,10,0,0.3,6,3,-0.349908296196219,0.676
6,2,0.2,114,10,0,0.3,6,3,0.889826080513103,0.68
6,2,0.2,171,10,0,0.3,6,3,-0.717558114846668,0.68
6,2,0.2,245,10,0,0.3,6,3,-0.521689753298801,0.682
6,2,0.2,225,10,0,0.3,6,3,-0.31288442481906,0.684
6,2,0.2,32,10,0,0.3,6,3,0.41828765822271,0.686
6,2,0.2,237,10,0,0.3,6,3,0.692665647833707,0.686
6,2,0.2,341,10,0,0.3,6,3,0.162266413179594,0.686
6,2,0.2,280,10,0,0.3,6,3,-0.435283758466142,0.688
6,2,0.2,376,10,0,0.3,6,3,0.574918897126338,0.688
6,2,0.2,386,10,0,0.3,6,3,0.412372389870114,0.688
6,2,0.2,24,10,0,0.3,6,3,-0.228763539536686,0.69
6,2,0.2,110,10,0,0.3,6,3,-0.0994431908729325,0.69
6,2,0.2,128,10,0,0.3,6,3,-0.165639131589245,0.69
6,2,0.2,275,10,0,0.3,6,3,-0.340121551096018,0.69
6,2,0.2,71,10,0,0.3,6,3,-0.270040898669521,0.692
6,2,0.2,412,10,0,0.3,6,3,-0.530997611197165,0.692
6,2,0.2,291,10,0,0.3,6,3,0.471688680538364,0.696
6,2,0.2,213,10,0,0.3,6,3,0.374965549492714,0.698
6,2,0.2,464,10,0,0.3,6,3,0.231407835775684,0.698
6,2,0.2,195,10,0,0.3,6,3,0.354421188149558,0.7
6,2,0.2,269,10,0,0.3,6,3,0.276792333278649,0.7
6,2,0.2,134,10,0,0.3,6,3,-0.488108691052815,0.706
6,2,0.2,284,10,0,0.3,6,3,0.294784005351687,0.706
6,2,0.2,396,10,0,0.3,6,3,-0.270610898392505,0.706
6,2,0.2,342,10,0,0.3,6,3,0.200998085692731,0.708
6,2,0.2,487,10,0,0.3,6,3,-0.39231752780762,0.708
6,2,0.2,118,10,0,0.3,6,3,0.51912597705325,0.71
6,2,0.2,149,10,0,0.3,6,3,0.340568935390223,0.712
6,2,0.2,331,10,0,0.3,6,3,0.183946260308943,0.72
6,2,0.2,188,10,0,0.3,6,3,0.352802993512313,0.722
6,2,0.2,323,10,0,0.3,6,3,-0.457862124283139,0.726
6,2,0.2,463,10,0,0.3,6,3,0.368999201917092,0.726
6,2,0.2,117,10,0,0.3,6,3,-0.436308602703519,0.728
6,2,0.2,299,10,0,0.3,6,3,0.370435214959087,0.73
6,2,0.2,365,10,0,0.3,6,3,0.232818418286683,0.73
6,2,0.2,491,10,0,0.3,6,3,-0.207511889790169,0.73
6,2,0.2,250,10,0,0.3,6,3,0.252143830615012,0.736
6,2,0.2,395,10,0,0.3,6,3,0.165140609770418,0.742
6,2,0.2,254,10,0,0.3,6,3,-0.0917165169046257,0.744
6,2,0.2,125,10,0,0.3,6,3,0.181298822823152,0.746
6,2,0.2,489,10,0,0.3,6,3,0.19857032987619,0.746
6,2,0.2,223,10,0,0.3,6,3,-0.301789131964881,0.75
6,2,0.2,236,10,0,0.3,6,3,-0.445280757040365,0.75
6,2,0.2,475,10,0,0.3,6,3,-0.270574399189456,0.75
6,2,0.2,414,10,0,0.3,6,3,0.280511412706943,0.752
6,2,0.2,422,10,0,0.3,6,3,-0.166956840187851,0.752
6,2,0.2,36,10,0,0.3,6,3,-0.544301284354844,0.754
6,2,0.2,169,10,0,0.3,6,3,0.315369366851087,0.756
6,2,0.2,234,10,0,0.3,6,3,0.352298269729488,0.758
6,2,0.2,433,10,0,0.3,6,3,-0.342764883137761,0.76
6,2,0.2,424,10,0,0.3,6,3,-0.299860692168153,0.766
6,2,0.2,467,10,0,0.3,6,3,-0.310335427552417,0.766
6,2,0.2,350,10,0,0.3,6,3,-0.293891718082449,0.776
6,2,0.2,382,10,0,0.3,6,3,0.191302186630367,0.778
6,2,0.2,144,10,0,0.3,6,3,0.158039648401513,0.782
6,2,0.2,13,10,0,0.3,6,3,-0.393761854940379,0.784
6,2,0.2,353,10,0,0.3,6,3,0.140517620920633,0.786
6,2,0.2,133,10,0,0.3,6,3,0.162096221327403,0.792
6,2,0.2,150,10,0,0.3,6,3,0.156612538649568,0.792
6,2,0.2,398,10,0,0.3,6,3,0.282081410999837,0.794
6,2,0.2,264,10,0,0.3,6,3,-0.151784795871066,0.796
6,2,0.2,474,10,0,0.3,6,3,0.114133679266104,0.802
6,2,0.2,233,10,0,0.3,6,3,0.155023242762695,0.804
6,2,0.2,28,10,0,0.3,6,3,0.19358394693009,0.81
6,2,0.2,244,10,0,0.3,6,3,0.218477891877939,0.81
6,2,0.2,302,10,0,0.3,6,3,-0.140930487254593,0.812
6,2,0.2,483,10,0,0.3,6,3,-0.18026797663623,0.812
6,2,0.2,27,10,0,0.3,6,3,0.0869311185309982,0.814
6,2,0.2,419,10,0,0.3,6,3,-0.107372179921128,0.814
6,2,0.2,335,10,0,0.3,6,3,0.0695275632392054,0.816
6,2,0.2,476,10,0,0.3,6,3,0.177602501657617,0.816
6,2,0.2,42,10,0,0.3,6,3,-0.222279558520228,0.818
6,2,0.2,200,10,0,0.3,6,3,0.167509228352486,0.818
6,2,0.2,366,10,0,0.3,6,3,0.111028517515166,0.82
6,2,0.2,389,10,0,0.3,6,3,-0.264339694441105,0.822
6,2,0.2,443,10,0,0.3,6,3,0.202833375089313,0.822
6,2,0.2,383,10,0,0.3,6,3,0.141141363995331,0.824
6,2,0.2,207,10,0,0.3,6,3,-0.0928104982642424,0.826
6,2,0.2,362,10,0,0.3,6,3,-0.193521112162244,0.834
6,2,0.2,478,10,0,0.3,6,3,0.0787493268178991,0.834
6,2,0.2,147,10,0,0.3,6,3,-0.284758996024578,0.838
6,2,0.2,258,10,0,0.3,6,3,0.158453643323639,0.842
6,2,0.2,196,10,0,0.3,6,3,0.112918950669325,0.846
6,2,0.2,120,10,0,0.3,6,3,0.234335802192646,0.848
6,2,0.2,121,10,0,0.3,6,3,-0.185659753043552,0.848
6,2,0.2,259,10,0,0.3,6,3,0.11826541435633,0.848
6,2,0.2,38,10,0,0.3,6,3,0.116083594113519,0.85
6,2,0.2,22,10,0,0.3,6,3,-0.13358582025657,0.852
6,2,0.2,355,10,0,0.3,6,3,-0.106054746146611,0.852
6,2,0.2,320,10,0,0.3,6,3,0.0670784759911385,0.854
6,2,0.2,295,10,0,0.3,6,3,0.0688913711868508,0.86
6,2,0.2,317,10,0,0.3,6,3,0.0732539447825786,0.86
6,2,0.2,158,10,0,0.3,6,3,-0.0867667696920194,0.862
6,2,0.2,249,10,0,0.3,6,3,0.107169175381586,0.862
6,2,0.2,356,10,0,0.3,6,3,0.146757425325433,0.862
6,2,0.2,124,10,0,0.3,6,3,0.0743153139873129,0.87
6,2,0.2,333,10,0,0.3,6,3,-0.108664757627281,0.872
6,2,0.2,9,10,0,0.3,6,3,0.0604129474251067,0.874
6,2,0.2,132,10,0,0.3,6,3,0.0792363265514382,0.876
6,2,0.2,1,10,0,0.3,6,3,-0.0754953667588723,0.882
6,2,0.2,257,10,0,0.3,6,3,-0.122190790811402,0.884
6,2,0.2,343,10,0,0.3,6,3,0.10020674430956,0.888
6,2,0.2,208,10,0,0.3,6,3,0.0909836687257553,0.89
6,2,0.2,72,10,0,0.3,6,3,-0.104159820186197,0.892
6,2,0.2,6,10,0,0.3,6,3,-0.0515672220879537,0.898
6,2,0.2,222,10,0,0.3,6,3,0.0466864399522819,0.904
6,2,0.2,140,10,0,0.3,6,3,0.095687263829717,0.906
6,2,0.2,154,10,0,0.3,6,3,-0.0827985059750063,0.908
6,2,0.2,63,10,0,0.3,6,3,-0.066874736233359,0.912
6,2,0.2,380,10,0,0.3,6,3,0.121176664066354,0.914
6,2,0.2,453,10,0,0.3,6,3,-0.0765491723042828,0.914
6,2,0.2,18,10,0,0.3,6,3,0.0804690010814113,0.918
6,2,0.2,76,10,0,0.3,6,3,0.101997909974756,0.92
6,2,0.2,227,10,0,0.3,6,3,0.0838529928580272,0.92
6,2,0.2,455,10,0,0.3,6,3,-0.05669929246028,0.92
6,2,0.2,112,10,0,0.3,6,3,-0.097819522169857,0.924
6,2,0.2,354,10,0,0.3,6,3,-0.0683940136979118,0.926
6,2,0.2,64,10,0,0.3,6,3,-0.0667279672186964,0.928
6,2,0.2,316,10,0,0.3,6,3,0.0686454566604766,0.928
6,2,0.2,248,10,0,0.3,6,3,-0.0579829367862601,0.932
6,2,0.2,66,10,0,0.3,6,3,-0.0698133651698072,0.934
6,2,0.2,135,10,0,0.3,6,3,0.0785722223053824,0.934
6,2,0.2,268,10,0,0.3,6,3,-0.0639713585936192,0.934
6,2,0.2,425,10,0,0.3,6,3,0.0533598425580522,0.934
6,2,0.2,327,10,0,0.3,6,3,0.0865798208739932,0.938
6,2,0.2,384,10,0,0.3,6,3,-0.108318909454681,0.938
6,2,0.2,59,10,0,0.3,6,3,0.0406852273445111,0.94
6,2,0.2,161,10,0,0.3,6,3,0.0128613820817804,0.94
6,2,0.2,25,10,0,0.3,6,3,0.0594323234898582,0.942
6,2,0.2,162,10,0,0.3,6,3,-0.0242131284935283,0.942
6,2,0.2,311,10,0,0.3,6,3,0.0784094412129832,0.944
6,2,0.2,130,10,0,0.3,6,3,-0.05516895760735,0.946
6,2,0.2,46,10,0,0.3,6,3,0.0175853636516763,0.952
6,2,0.2,174,10,0,0.3,6,3,0.0786616208296778,0.952
6,2,0.2,202,10,0,0.3,6,3,-0.0569738319934174,0.954
6,2,0.2,452,10,0,0.3,6,3,0.0378590420755529,0.956
6,2,0.2,406,10,0,0.3,6,3,-0.0282666398213109,0.958
6,2,0.2,371,10,0,0.3,6,3,0.0466450845003976,0.96
6,2,0.2,381,10,0,0.3,6,3,-0.0338299171172594,0.964
6,2,0.2,444,10,0,0.3,6,3,-0.0373907468402308,0.968
6,2,0.2,363,10,0,0.3,6,3,0.0165763936076644,0.976
6,2,0.2,281,10,0,0.3,6,3,-0.0206764725799644,0.978
6,2,0.2,309,10,0,0.3,6,3,0.0199665425598425,0.98
6,2,0.2,313,10,0,0.3,6,3,-0.0220828357214202,0.982
6,2,0.2,392,10,0,0.3,6,3,-0.0182398534976471,0.982
6,2,0.2,290,10,0,0.3,6,3,-0.0127897738420302,0.984
6,2,0.2,60,10,0,0.3,6,3,-0.0140817719012603,0.986
6,2,0.2,377,10,0,0.3,6,3,0.0111314649103917,0.986
6,2,0.2,29,10,0,0.3,6,3,-0.0277257500284236,0.988
6,2,0.2,294,10,0,0.3,6,3,-0.00836520529651352,0.99
6,2,0.2,482,10,0,0.3,6,3,0.00698077213752413,0.99
6,2,0.2,267,10,0,0.3,6,3,-0.0320945822117835,0.992
6,2,0.2,98,10,0,0.3,6,3,0.00677626769666517,0.994
6,2,0.2,378,10,0,0.3,6,3,0.0143158501113874,0.994
6,2,0.2,224,10,0,0.3,7,3,1.4056467724927,0.022
6,2,0.2,85,10,0,0.3,7,3,-0.771817852642585,0.028
6,2,0.2,306,10,0,0.3,7,3,1.42816365303105,0.03
6,2,0.2,386,10,0,0.3,7,3,-1.25705332624747,0.042
6,2,0.2,112,10,0,0.3,7,3,-1.24532191292738,0.048
6,2,0.2,303,10,0,0.3,7,3,1.70419450480338,0.048
6,2,0.2,447,10,0,0.3,7,3,-1.25709201146063,0.048
6,2,0.2,356,10,0,0.3,7,3,-1.22312963440498,0.05
6,2,0.2,47,10,0,0.3,7,3,-0.805638141991835,0.054
6,2,0.2,92,10,0,0.3,7,3,1.69677051849234,0.056
6,2,0.2,313,10,0,0.3,7,3,-1.66123058767309,0.058
6,2,0.2,316,10,0,0.3,7,3,1.80820122536025,0.06
6,2,0.2,78,10,0,0.3,7,3,-1.86613950443882,0.062
6,2,0.2,428,10,0,0.3,7,3,1.84439261738794,0.064
6,2,0.2,91,10,0,0.3,7,3,1.79866213848638,0.066
6,2,0.2,279,10,0,0.3,7,3,2.22377112414836,0.066
6,2,0.2,8,10,0,0.3,7,3,1.25711691978572,0.068
6,2,0.2,37,10,0,0.3,7,3,-1.46214215118954,0.068
6,2,0.2,61,10,0,0.3,7,3,-1.17561758386165,0.072
6,2,0.2,173,10,0,0.3,7,3,0.674641656429628,0.072
6,2,0.2,59,10,0,0.3,7,3,-1.31765932453015,0.074
6,2,0.2,490,10,0,0.3,7,3,-1.56227532566649,0.076
6,2,0.2,276,10,0,0.3,7,3,-1.34317556979667,0.078
6,2,0.2,39,10,0,0.3,7,3,1.56708064053527,0.08
6,2,0.2,336,10,0,0.3,7,3,1.35555299558968,0.08
6,2,0.2,69,10,0,0.3,7,3,1.1787347712023,0.082
6,2,0.2,448,10,0,0.3,7,3,-1.57923618791756,0.082
6,2,0.2,221,10,0,0.3,7,3,-1.27283177352649,0.084
6,2,0.2,435,10,0,0.3,7,3,1.33846883701307,0.084
6,2,0.2,168,10,0,0.3,7,3,1.42922606998542,0.086
6,2,0.2,208,10,0,0.3,7,3,-1.04631610265193,0.086
6,2,0.2,379,10,0,0.3,7,3,1.67562653854648,0.086
6,2,0.2,196,10,0,0.3,7,3,-1.18038141573234,0.09
6,2,0.2,337,10,0,0.3,7,3,1.05449786765686,0.092
6,2,0.2,253,10,0,0.3,7,3,-0.908680070845037,0.094
6,2,0.2,251,10,0,0.3,7,3,0.778596170149996,0.098
6,2,0.2,214,10,0,0.3,7,3,0.921325762882503,0.1
6,2,0.2,248,10,0,0.3,7,3,-1.20213566843552,0.1
6,2,0.2,288,10,0,0.3,7,3,-1.26040045134479,0.1
6,2,0.2,310,10,0,0.3,7,3,-1.34939332883687,0.1
6,2,0.2,1,10,0,0.3,7,3,-1.87358288050814,0.102
6,2,0.2,142,10,0,0.3,7,3,-0.701378836628322,0.102
6,2,0.2,444,10,0,0.3,7,3,1.01841331503189,0.102
6,2,0.2,338,10,0,0.3,7,3,-1.88757021026984,0.104
6,2,0.2,36,10,0,0.3,7,3,-0.881948207561152,0.106
6,2,0.2,148,10,0,0.3,7,3,0.847721686233456,0.106
6,2,0.2,55,10,0,0.3,7,3,1.30666937328337,0.108
6,2,0.2,30,10,0,0.3,7,3,-0.539383893530754,0.11
6,2,0.2,342,10,0,0.3,7,3,1.47684770069682,0.112
6,2,0.2,134,10,0,0.3,7,3,-0.826582077588256,0.116
6,2,0.2,283,10,0,0.3,7,3,-0.706128248908158,0.116
6,2,0.2,365,10,0,0.3,7,3,1.49360690651537,0.118
6,2,0.2,26,10,0,0.3,7,3,0.811640345039052,0.12
6,2,0.2,452,10,0,0.3,7,3,0.532673860532753,0.12
6,2,0.2,500,10,0,0.3,7,3,-1.21142529634511,0.12
6,2,0.2,113,10,0,0.3,7,3,-1.33839332398804,0.124
6,2,0.2,125,10,0,0.3,7,3,0.979966750938701,0.124
6,2,0.2,420,10,0,0.3,7,3,1.40997278936038,0.124
6,2,0.2,267,10,0,0.3,7,3,-1.38076215443417,0.126
6,2,0.2,151,10,0,0.3,7,3,-0.56641090726859,0.128
6,2,0.2,154,10,0,0.3,7,3,-1.79182635421628,0.128
6,2,0.2,341,10,0,0.3,7,3,-1.1918602948154,0.128
6,2,0.2,346,10,0,0.3,7,3,0.868208185583285,0.13
6,2,0.2,369,10,0,0.3,7,3,-0.931406242729963,0.132
6,2,0.2,88,10,0,0.3,7,3,-0.56376556373192,0.134
6,2,0.2,318,10,0,0.3,7,3,-1.07158490931684,0.134
6,2,0.2,56,10,0,0.3,7,3,-0.604489245829939,0.136
6,2,0.2,115,10,0,0.3,7,3,-0.667151465289322,0.136
6,2,0.2,106,10,0,0.3,7,3,-1.19449471383842,0.138
6,2,0.2,193,10,0,0.3,7,3,-1.35589747086934,0.138
6,2,0.2,314,10,0,0.3,7,3,-0.715976395892881,0.138
6,2,0.2,426,10,0,0.3,7,3,-1.02576669060608,0.138
6,2,0.2,95,10,0,0.3,7,3,-1.07814548955778,0.14
6,2,0.2,146,10,0,0.3,7,3,1.44489390983264,0.14
6,2,0.2,383,10,0,0.3,7,3,-1.33824407662473,0.14
6,2,0.2,291,10,0,0.3,7,3,-0.828187303931145,0.142
6,2,0.2,121,10,0,0.3,7,3,-0.71229644841884,0.144
6,2,0.2,212,10,0,0.3,7,3,1.34607490070181,0.144
6,2,0.2,487,10,0,0.3,7,3,-0.72263940897372,0.144
6,2,0.2,240,10,0,0.3,7,3,-1.01365754868763,0.146
6,2,0.2,262,10,0,0.3,7,3,-0.87858433748093,0.146
6,2,0.2,228,10,0,0.3,7,3,-0.796363395401187,0.148
6,2,0.2,295,10,0,0.3,7,3,-1.30588065549449,0.148
6,2,0.2,300,10,0,0.3,7,3,0.826853262682306,0.148
6,2,0.2,254,10,0,0.3,7,3,-1.14413677729107,0.15
6,2,0.2,486,10,0,0.3,7,3,-0.819575979201687,0.15
6,2,0.2,107,10,0,0.3,7,3,1.1634157623962,0.152
6,2,0.2,489,10,0,0.3,7,3,-0.835525156771723,0.154
6,2,0.2,123,10,0,0.3,7,3,-0.476612639171378,0.156
6,2,0.2,192,10,0,0.3,7,3,-1.04028526225056,0.156
6,2,0.2,434,10,0,0.3,7,3,-0.859741848076794,0.156
6,2,0.2,89,10,0,0.3,7,3,0.770415125159701,0.158
6,2,0.2,133,10,0,0.3,7,3,-1.02882680342918,0.158
6,2,0.2,236,10,0,0.3,7,3,0.231534728630521,0.16
6,2,0.2,446,10,0,0.3,7,3,-0.498016772168597,0.16
6,2,0.2,456,10,0,0.3,7,3,0.588248347089205,0.16
6,2,0.2,98,10,0,0.3,7,3,-0.780101934254844,0.162
6,2,0.2,220,10,0,0.3,7,3,1.03015222912947,0.164
6,2,0.2,250,10,0,0.3,7,3,-0.873225774149887,0.164
6,2,0.2,188,10,0,0.3,7,3,-1.24852888273628,0.166
6,2,0.2,409,10,0,0.3,7,3,1.45799210040681,0.166
6,2,0.2,437,10,0,0.3,7,3,1.12962375572636,0.166
6,2,0.2,20,10,0,0.3,7,3,0.383198072810274,0.168
6,2,0.2,478,10,0,0.3,7,3,0.73166705672557,0.168
6,2,0.2,159,10,0,0.3,7,3,-0.716035401399495,0.172
6,2,0.2,472,10,0,0.3,7,3,0.69727070864559,0.172
6,2,0.2,462,10,0,0.3,7,3,0.800573505456356,0.176
6,2,0.2,178,10,0,0.3,7,3,-0.982735899891708,0.178
6,2,0.2,201,10,0,0.3,7,3,-0.84461565739511,0.178
6,2,0.2,332,10,0,0.3,7,3,0.74639467197045,0.178
6,2,0.2,482,10,0,0.3,7,3,0.779688279704828,0.178
6,2,0.2,439,10,0,0.3,7,3,0.480673571138823,0.182
6,2,0.2,287,10,0,0.3,7,3,-0.454078282021385,0.184
6,2,0.2,330,10,0,0.3,7,3,-0.834800859889754,0.184
6,2,0.2,162,10,0,0.3,7,3,-0.743931098856962,0.186
6,2,0.2,200,10,0,0.3,7,3,1.27247594204997,0.186
6,2,0.2,363,10,0,0.3,7,3,0.631049986402928,0.188
6,2,0.2,18,10,0,0.3,7,3,0.758043481193681,0.19
6,2,0.2,292,10,0,0.3,7,3,-0.57979470722745,0.19
6,2,0.2,273,10,0,0.3,7,3,1.27626996894196,0.194
6,2,0.2,110,10,0,0.3,7,3,-0.829947882595491,0.198
6,2,0.2,375,10,0,0.3,7,3,0.86021884194102,0.202
6,2,0.2,50,10,0,0.3,7,3,-0.44620607387472,0.204
6,2,0.2,80,10,0,0.3,7,3,-1.06630541205703,0.204
6,2,0.2,344,10,0,0.3,7,3,-0.529837102887626,0.204
6,2,0.2,445,10,0,0.3,7,3,0.540492808691141,0.204
6,2,0.2,451,10,0,0.3,7,3,-0.94070774966832,0.204
6,2,0.2,241,10,0,0.3,7,3,0.574864521800265,0.206
6,2,0.2,353,10,0,0.3,7,3,0.875720731394722,0.21
6,2,0.2,371,10,0,0.3,7,3,-0.717670016924473,0.21
6,2,0.2,32,10,0,0.3,7,3,-0.999230498436219,0.212
6,2,0.2,170,10,0,0.3,7,3,0.341883802012887,0.214
6,2,0.2,491,10,0,0.3,7,3,-0.700066491837759,0.214
6,2,0.2,139,10,0,0.3,7,3,-0.544480980090697,0.218
6,2,0.2,308,10,0,0.3,7,3,0.615235134892799,0.218
6,2,0.2,392,10,0,0.3,7,3,-0.717294439163567,0.22
6,2,0.2,238,10,0,0.3,7,3,-0.703458334241049,0.222
6,2,0.2,97,10,0,0.3,7,3,0.974812609742543,0.224
6,2,0.2,304,10,0,0.3,7,3,0.553405752339927,0.224
6,2,0.2,185,10,0,0.3,7,3,0.890581985521607,0.228
6,2,0.2,28,10,0,0.3,7,3,0.592682303688662,0.232
6,2,0.2,269,10,0,0.3,7,3,-0.592371000461696,0.232
6,2,0.2,494,10,0,0.3,7,3,0.598539042194062,0.232
6,2,0.2,294,10,0,0.3,7,3,0.727901605661941,0.236
6,2,0.2,29,10,0,0.3,7,3,0.478949826717667,0.238
6,2,0.2,102,10,0,0.3,7,3,-0.986704001134513,0.238
6,2,0.2,394,10,0,0.3,7,3,0.374002235657656,0.238
6,2,0.2,218,10,0,0.3,7,3,-0.625978154639512,0.244
6,2,0.2,175,10,0,0.3,7,3,0.811184903383293,0.252
6,2,0.2,312,10,0,0.3,7,3,0.714132805231884,0.252
6,2,0.2,401,10,0,0.3,7,3,1.30476495725262,0.252
6,2,0.2,191,10,0,0.3,7,3,-0.502678485668241,0.256
6,2,0.2,131,10,0,0.3,7,3,0.617062815931916,0.258
6,2,0.2,144,10,0,0.3,7,3,-0.801088145483419,0.258
6,2,0.2,474,10,0,0.3,7,3,-0.859240536847693,0.262
6,2,0.2,289,10,0,0.3,7,3,0.635862067336916,0.264
6,2,0.2,358,10,0,0.3,7,3,0.391972412596886,0.272
6,2,0.2,176,10,0,0.3,7,3,0.605107481647366,0.278
6,2,0.2,252,10,0,0.3,7,3,-0.540649820507838,0.28
6,2,0.2,109,10,0,0.3,7,3,0.296463110792558,0.286
6,2,0.2,160,10,0,0.3,7,3,-0.557014052071679,0.286
6,2,0.2,391,10,0,0.3,7,3,-0.644312121249669,0.286
6,2,0.2,215,10,0,0.3,7,3,0.660941509892297,0.288
6,2,0.2,343,10,0,0.3,7,3,0.706638302004791,0.288
6,2,0.2,49,10,0,0.3,7,3,-0.466086959765391,0.294
6,2,0.2,67,10,0,0.3,7,3,0.616540285739205,0.298
6,2,0.2,119,10,0,0.3,7,3,0.731212670052599,0.3
6,2,0.2,362,10,0,0.3,7,3,-0.931010710190492,0.3
6,2,0.2,156,10,0,0.3,7,3,0.574852809585167,0.304
6,2,0.2,425,10,0,0.3,7,3,-0.617060495007962,0.304
6,2,0.2,99,10,0,0.3,7,3,0.258505158465368,0.31
6,2,0.2,66,10,0,0.3,7,3,0.598412652814204,0.312
6,2,0.2,317,10,0,0.3,7,3,-0.643027326959356,0.312
6,2,0.2,480,10,0,0.3,7,3,-0.44550276619708,0.314
6,2,0.2,143,10,0,0.3,7,3,0.587245061982202,0.316
6,2,0.2,345,10,0,0.3,7,3,0.515870541907333,0.316
6,2,0.2,211,10,0,0.3,7,3,-0.881828742804259,0.32
6,2,0.2,359,10,0,0.3,7,3,0.762186346420208,0.322
6,2,0.2,181,10,0,0.3,7,3,0.48424847259281,0.324
6,2,0.2,367,10,0,0.3,7,3,-0.654865550808807,0.328
6,2,0.2,136,10,0,0.3,7,3,0.576545135933799,0.33
6,2,0.2,315,10,0,0.3,7,3,0.800414206538136,0.332
6,2,0.2,22,10,0,0.3,7,3,0.623950485276367,0.334
6,2,0.2,132,10,0,0.3,7,3,0.387571741588658,0.336
6,2,0.2,404,10,0,0.3,7,3,0.895256942996639,0.336
6,2,0.2,395,10,0,0.3,7,3,-0.823498662602987,0.338
6,2,0.2,108,10,0,0.3,7,3,-0.733903105389658,0.342
6,2,0.2,187,10,0,0.3,7,3,-0.597896147253181,0.342
6,2,0.2,476,10,0,0.3,7,3,-0.427195813774006,0.344
6,2,0.2,65,10,0,0.3,7,3,0.580517162330011,0.356
6,2,0.2,348,10,0,0.3,7,3,0.728671923656691,0.356
6,2,0.2,149,10,0,0.3,7,3,-0.922162573620682,0.362
6,2,0.2,400,10,0,0.3,7,3,0.385428456651596,0.366
6,2,0.2,60,10,0,0.3,7,3,-0.297716389691146,0.368
6,2,0.2,225,10,0,0.3,7,3,0.611603521307813,0.368
6,2,0.2,244,10,0,0.3,7,3,-0.845903682078273,0.372
6,2,0.2,71,10,0,0.3,7,3,0.523480801517763,0.376
6,2,0.2,124,10,0,0.3,7,3,-0.310192864302167,0.38
6,2,0.2,453,10,0,0.3,7,3,-0.690777284533738,0.382
6,2,0.2,12,10,0,0.3,7,3,-0.489076568739421,0.384
6,2,0.2,86,10,0,0.3,7,3,0.618109012822742,0.388
6,2,0.2,209,10,0,0.3,7,3,0.943578853916165,0.388
6,2,0.2,441,10,0,0.3,7,3,0.745402394882859,0.392
6,2,0.2,492,10,0,0.3,7,3,0.743429077991237,0.392
6,2,0.2,138,10,0,0.3,7,3,-0.252744634631313,0.396
6,2,0.2,466,10,0,0.3,7,3,-0.978004830473282,0.396
6,2,0.2,302,10,0,0.3,7,3,1.32013244865394,0.406
6,2,0.2,15,10,0,0.3,7,3,0.287413826614113,0.408
6,2,0.2,45,10,0,0.3,7,3,-0.852656798267873,0.408
6,2,0.2,340,10,0,0.3,7,3,0.615458606025499,0.408
6,2,0.2,9,10,0,0.3,7,3,0.308509353837763,0.414
6,2,0.2,53,10,0,0.3,7,3,1.84038374843365,0.416
6,2,0.2,266,10,0,0.3,7,3,0.384511389120235,0.418
6,2,0.2,469,10,0,0.3,7,3,0.317204561116796,0.418
6,2,0.2,405,10,0,0.3,7,3,0.297859392886835,0.42
6,2,0.2,321,10,0,0.3,7,3,0.483177904584949,0.426
6,2,0.2,364,10,0,0.3,7,3,-0.61591446079413,0.426
6,2,0.2,25,10,0,0.3,7,3,0.515598020314911,0.43
6,2,0.2,272,10,0,0.3,7,3,0.386087531292929,0.434
6,2,0.2,231,10,0,0.3,7,3,0.442124420189913,0.438
6,2,0.2,234,10,0,0.3,7,3,0.988084201629903,0.442
6,2,0.2,260,10,0,0.3,7,3,0.545415886831421,0.442
6,2,0.2,274,10,0,0.3,7,3,0.397194382914932,0.442
6,2,0.2,374,10,0,0.3,7,3,0.495281734159278,0.442
6,2,0.2,3,10,0,0.3,7,3,-0.305901467950179,0.45
6,2,0.2,48,10,0,0.3,7,3,-0.381537579809134,0.45
6,2,0.2,7,10,0,0.3,7,3,-0.697089598186892,0.452
6,2,0.2,440,10,0,0.3,7,3,0.672368339136,0.46
6,2,0.2,417,10,0,0.3,7,3,0.443352869474438,0.464
6,2,0.2,463,10,0,0.3,7,3,-0.78028014015473,0.464
6,2,0.2,165,10,0,0.3,7,3,0.314084435389532,0.47
6,2,0.2,436,10,0,0.3,7,3,-0.356993465097588,0.47
6,2,0.2,207,10,0,0.3,7,3,0.981633457760921,0.472
6,2,0.2,484,10,0,0.3,7,3,-1.12179652169985,0.474
6,2,0.2,42,10,0,0.3,7,3,0.564380891763022,0.476
6,2,0.2,430,10,0,0.3,7,3,-0.450329735030408,0.478
6,2,0.2,418,10,0,0.3,7,3,-0.810085975742879,0.484
6,2,0.2,319,10,0,0.3,7,3,0.476983269541563,0.488
6,2,0.2,44,10,0,0.3,7,3,-0.42396784273194,0.49
6,2,0.2,63,10,0,0.3,7,3,-0.452595485375582,0.492
6,2,0.2,235,10,0,0.3,7,3,0.347443983231216,0.498
6,2,0.2,116,10,0,0.3,7,3,-0.427813391855693,0.502
6,2,0.2,161,10,0,0.3,7,3,0.711253115754971,0.504
6,2,0.2,370,10,0,0.3,7,3,-0.292340559818683,0.506
6,2,0.2,10,10,0,0.3,7,3,0.208066747126651,0.508
6,2,0.2,169,10,0,0.3,7,3,0.514712145112469,0.508
6,2,0.2,299,10,0,0.3,7,3,-0.575687707122569,0.51
6,2,0.2,147,10,0,0.3,7,3,0.657541778823145,0.512
6,2,0.2,70,10,0,0.3,7,3,-0.539215084840976,0.514
6,2,0.2,389,10,0,0.3,7,3,0.311483307869707,0.514
6,2,0.2,298,10,0,0.3,7,3,0.45142406688538,0.516
6,2,0.2,333,10,0,0.3,7,3,-0.349469039306257,0.516
6,2,0.2,361,10,0,0.3,7,3,-0.657985246271835,0.522
6,2,0.2,354,10,0,0.3,7,3,0.26840869201817,0.524
6,2,0.2,309,10,0,0.3,7,3,-1.12101435704599,0.526
6,2,0.2,427,10,0,0.3,7,3,-0.506453162180094,0.526
6,2,0.2,62,10,0,0.3,7,3,0.430166413589035,0.534
6,2,0.2,79,10,0,0.3,7,3,0.833690276563004,0.536
6,2,0.2,145,10,0,0.3,7,3,0.655964713352432,0.542
6,2,0.2,412,10,0,0.3,7,3,0.313985781353153,0.542
6,2,0.2,190,10,0,0.3,7,3,1.33557828203257,0.544
6,2,0.2,94,10,0,0.3,7,3,-0.566838641508753,0.546
6,2,0.2,179,10,0,0.3,7,3,0.36407167898787,0.546
6,2,0.2,290,10,0,0.3,7,3,0.398540279722283,0.546
6,2,0.2,443,10,0,0.3,7,3,-1.21823072953484,0.546
6,2,0.2,271,10,0,0.3,7,3,-0.505403957702413,0.55
6,2,0.2,498,10,0,0.3,7,3,-0.331267292875452,0.552
6,2,0.2,130,10,0,0.3,7,3,-0.294251168717608,0.562
6,2,0.2,184,10,0,0.3,7,3,1.13217446652243,0.562
6,2,0.2,54,10,0,0.3,7,3,0.311553189596793,0.564
6,2,0.2,422,10,0,0.3,7,3,0.414215490151491,0.566
6,2,0.2,471,10,0,0.3,7,3,-1.0129831754127,0.566
6,2,0.2,96,10,0,0.3,7,3,0.684530800285813,0.568
6,2,0.2,408,10,0,0.3,7,3,0.287912978150587,0.568
6,2,0.2,495,10,0,0.3,7,3,-0.871055032560548,0.57
6,2,0.2,197,10,0,0.3,7,3,-0.272782798809942,0.572
6,2,0.2,323,10,0,0.3,7,3,-0.831818914162909,0.572
6,2,0.2,459,10,0,0.3,7,3,0.889017634180334,0.572
6,2,0.2,35,10,0,0.3,7,3,0.440357394828652,0.574
6,2,0.2,82,10,0,0.3,7,3,-0.379651871561606,0.574
6,2,0.2,416,10,0,0.3,7,3,-0.155859177580851,0.576
6,2,0.2,128,10,0,0.3,7,3,0.383767171666477,0.58
6,2,0.2,481,10,0,0.3,7,3,-0.412136000831282,0.58
6,2,0.2,198,10,0,0.3,7,3,0.530031344153315,0.586
6,2,0.2,210,10,0,0.3,7,3,0.15528880295517,0.586
6,2,0.2,382,10,0,0.3,7,3,0.313798086469575,0.586
6,2,0.2,81,10,0,0.3,7,3,-0.312085379464492,0.588
6,2,0.2,450,10,0,0.3,7,3,-0.405531965681888,0.59
6,2,0.2,350,10,0,0.3,7,3,-0.601088773337182,0.596
6,2,0.2,23,10,0,0.3,7,3,-0.437615919740693,0.602
6,2,0.2,137,10,0,0.3,7,3,-0.418023637542404,0.602
6,2,0.2,433,10,0,0.3,7,3,-0.307114685919146,0.602
6,2,0.2,122,10,0,0.3,7,3,-0.173101491776038,0.61
6,2,0.2,141,10,0,0.3,7,3,1.14931114228747,0.61
6,2,0.2,256,10,0,0.3,7,3,0.618543089272436,0.61
6,2,0.2,285,10,0,0.3,7,3,0.593415651177338,0.61
6,2,0.2,34,10,0,0.3,7,3,0.884313056155662,0.614
6,2,0.2,19,10,0,0.3,7,3,0.349305650110068,0.62
6,2,0.2,27,10,0,0.3,7,3,-0.353233632968625,0.62
6,2,0.2,157,10,0,0.3,7,3,-0.2207876406178,0.622
6,2,0.2,217,10,0,0.3,7,3,-0.693243226451244,0.622
6,2,0.2,385,10,0,0.3,7,3,-0.464769350408062,0.626
6,2,0.2,242,10,0,0.3,7,3,0.19876890830966,0.628
6,2,0.2,40,10,0,0.3,7,3,-0.665495970532561,0.63
6,2,0.2,72,10,0,0.3,7,3,-0.499756870986744,0.63
6,2,0.2,322,10,0,0.3,7,3,0.646312686251065,0.63
6,2,0.2,239,10,0,0.3,7,3,-1.0627481745432,0.632
6,2,0.2,384,10,0,0.3,7,3,-0.343020121554076,0.634
6,2,0.2,390,10,0,0.3,7,3,0.329998735798711,0.634
6,2,0.2,43,10,0,0.3,7,3,-0.740841198415751,0.636
6,2,0.2,68,10,0,0.3,7,3,-0.23735766398778,0.636
6,2,0.2,257,10,0,0.3,7,3,-0.230510558003374,0.64
6,2,0.2,366,10,0,0.3,7,3,-0.251369584731606,0.64
6,2,0.2,104,10,0,0.3,7,3,0.608776205157511,0.642
6,2,0.2,129,10,0,0.3,7,3,-0.670471458214564,0.642
6,2,0.2,204,10,0,0.3,7,3,0.721116666766335,0.644
6,2,0.2,243,10,0,0.3,7,3,0.232797461210794,0.644
6,2,0.2,258,10,0,0.3,7,3,-0.388334503410732,0.644
6,2,0.2,378,10,0,0.3,7,3,0.414004867871483,0.648
6,2,0.2,223,10,0,0.3,7,3,0.263162933624102,0.65
6,2,0.2,381,10,0,0.3,7,3,-0.150009002000701,0.65
6,2,0.2,475,10,0,0.3,7,3,-0.191073758462977,0.652
6,2,0.2,488,10,0,0.3,7,3,0.721213712575604,0.654
6,2,0.2,393,10,0,0.3,7,3,-0.229381330487655,0.656
6,2,0.2,339,10,0,0.3,7,3,0.226647720785962,0.658
6,2,0.2,74,10,0,0.3,7,3,-0.378265038169843,0.66
6,2,0.2,301,10,0,0.3,7,3,0.499854883386462,0.664
6,2,0.2,406,10,0,0.3,7,3,0.264445809742739,0.664
6,2,0.2,411,10,0,0.3,7,3,-0.577027473417843,0.664
6,2,0.2,167,10,0,0.3,7,3,0.343169362983105,0.666
6,2,0.2,326,10,0,0.3,7,3,0.617326525931389,0.666
6,2,0.2,2,10,0,0.3,7,3,0.20091370362735,0.668
6,2,0.2,233,10,0,0.3,7,3,0.702674020494925,0.668
6,2,0.2,237,10,0,0.3,7,3,-0.218789424240128,0.668
6,2,0.2,429,10,0,0.3,7,3,0.333930320218315,0.668
6,2,0.2,277,10,0,0.3,7,3,-0.56917249309717,0.67
6,2,0.2,357,10,0,0.3,7,3,-0.472281462913401,0.67
6,2,0.2,442,10,0,0.3,7,3,0.604768622884933,0.672
6,2,0.2,265,10,0,0.3,7,3,0.621850920324505,0.674
6,2,0.2,183,10,0,0.3,7,3,-0.585517670449718,0.676
6,2,0.2,473,10,0,0.3,7,3,0.347072366693084,0.676
6,2,0.2,4,10,0,0.3,7,3,-0.415142739791577,0.678
6,2,0.2,280,10,0,0.3,7,3,0.364153702713935,0.678
6,2,0.2,397,10,0,0.3,7,3,0.271016408545051,0.678
6,2,0.2,33,10,0,0.3,7,3,-0.219875695880432,0.682
6,2,0.2,111,10,0,0.3,7,3,0.388633015222211,0.682
6,2,0.2,140,10,0,0.3,7,3,0.674873110375444,0.682
6,2,0.2,255,10,0,0.3,7,3,0.988330190773581,0.682
6,2,0.2,282,10,0,0.3,7,3,-0.360623671061518,0.684
6,2,0.2,83,10,0,0.3,7,3,-0.13462128907949,0.686
6,2,0.2,199,10,0,0.3,7,3,-0.292240289147315,0.688
6,2,0.2,203,10,0,0.3,7,3,0.45181669072187,0.688
6,2,0.2,479,10,0,0.3,7,3,0.117432877968639,0.688
6,2,0.2,205,10,0,0.3,7,3,0.506302696977343,0.69
6,2,0.2,261,10,0,0.3,7,3,0.411644166690621,0.69
6,2,0.2,172,10,0,0.3,7,3,0.600838342292235,0.692
6,2,0.2,311,10,0,0.3,7,3,-0.206888017707001,0.692
6,2,0.2,419,10,0,0.3,7,3,-0.389648933980453,0.694
6,2,0.2,455,10,0,0.3,7,3,0.193357608356621,0.694
6,2,0.2,305,10,0,0.3,7,3,-0.507217455358557,0.696
6,2,0.2,499,10,0,0.3,7,3,0.25664738535994,0.696
6,2,0.2,118,10,0,0.3,7,3,0.18366570817912,0.7
6,2,0.2,126,10,0,0.3,7,3,-0.478934988269515,0.7
6,2,0.2,153,10,0,0.3,7,3,-0.267010678849374,0.702
6,2,0.2,377,10,0,0.3,7,3,0.211833473555856,0.704
6,2,0.2,264,10,0,0.3,7,3,0.233251738568413,0.708
6,2,0.2,127,10,0,0.3,7,3,-0.389743817325638,0.71
6,2,0.2,493,10,0,0.3,7,3,-0.202958461157891,0.71
6,2,0.2,410,10,0,0.3,7,3,0.242283130964097,0.712
6,2,0.2,105,10,0,0.3,7,3,0.22308524390229,0.714
6,2,0.2,117,10,0,0.3,7,3,-0.369328989550525,0.714
6,2,0.2,171,10,0,0.3,7,3,-0.28898248899398,0.714
6,2,0.2,402,10,0,0.3,7,3,-0.509079688321464,0.714
6,2,0.2,64,10,0,0.3,7,3,0.427814663091993,0.716
6,2,0.2,87,10,0,0.3,7,3,0.553201584637861,0.716
6,2,0.2,373,10,0,0.3,7,3,0.296313699416515,0.716
6,2,0.2,41,10,0,0.3,7,3,0.259888690835965,0.72
6,2,0.2,399,10,0,0.3,7,3,0.357154911532973,0.72
6,2,0.2,114,10,0,0.3,7,3,0.269006553587104,0.722
6,2,0.2,17,10,0,0.3,7,3,0.277918339051183,0.724
6,2,0.2,84,10,0,0.3,7,3,-0.130418778766369,0.724
6,2,0.2,229,10,0,0.3,7,3,-0.242036761188814,0.724
6,2,0.2,155,10,0,0.3,7,3,0.457193173466948,0.726
6,2,0.2,227,10,0,0.3,7,3,-0.415813853823352,0.726
6,2,0.2,75,10,0,0.3,7,3,-0.295276008398048,0.728
6,2,0.2,135,10,0,0.3,7,3,-0.38655867389798,0.728
6,2,0.2,259,10,0,0.3,7,3,-0.177965585122621,0.728
6,2,0.2,16,10,0,0.3,7,3,-0.298215240743048,0.73
6,2,0.2,90,10,0,0.3,7,3,0.551738503163392,0.732
6,2,0.2,216,10,0,0.3,7,3,0.326462042338164,0.738
6,2,0.2,328,10,0,0.3,7,3,0.360132053139154,0.742
6,2,0.2,485,10,0,0.3,7,3,0.410462960525422,0.744
6,2,0.2,226,10,0,0.3,7,3,0.479199161163507,0.748
6,2,0.2,38,10,0,0.3,7,3,-0.185679228717561,0.75
6,2,0.2,355,10,0,0.3,7,3,0.380747312747019,0.75
6,2,0.2,13,10,0,0.3,7,3,-0.189447905880456,0.754
6,2,0.2,166,10,0,0.3,7,3,0.175140637333584,0.754
6,2,0.2,206,10,0,0.3,7,3,-0.324832910850091,0.756
6,2,0.2,268,10,0,0.3,7,3,-0.375431712661481,0.758
6,2,0.2,100,10,0,0.3,7,3,-0.174069366670864,0.76
6,2,0.2,296,10,0,0.3,7,3,0.164311769019349,0.762
6,2,0.2,368,10,0,0.3,7,3,-0.2440081915679,0.762
6,2,0.2,180,10,0,0.3,7,3,0.303485077674083,0.764
6,2,0.2,464,10,0,0.3,7,3,0.293538095541862,0.764
6,2,0.2,21,10,0,0.3,7,3,0.20586941374583,0.766
6,2,0.2,246,10,0,0.3,7,3,0.294718340341547,0.768
6,2,0.2,461,10,0,0.3,7,3,-0.165129395523053,0.768
6,2,0.2,230,10,0,0.3,7,3,-0.486055037801208,0.77
6,2,0.2,307,10,0,0.3,7,3,-0.187678972866337,0.77
6,2,0.2,174,10,0,0.3,7,3,0.0938138766373129,0.772
6,2,0.2,331,10,0,0.3,7,3,0.205903735159694,0.772
6,2,0.2,497,10,0,0.3,7,3,-0.255502063162453,0.772
6,2,0.2,76,10,0,0.3,7,3,0.162440037763218,0.78
6,2,0.2,57,10,0,0.3,7,3,0.273322125661252,0.786
6,2,0.2,421,10,0,0.3,7,3,-0.201032156615611,0.786
6,2,0.2,46,10,0,0.3,7,3,0.152749364331044,0.788
6,2,0.2,284,10,0,0.3,7,3,-0.0565300770077215,0.79
6,2,0.2,186,10,0,0.3,7,3,-0.0745489978253602,0.792
6,2,0.2,349,10,0,0.3,7,3,0.262806960328675,0.792
6,2,0.2,152,10,0,0.3,7,3,-0.127421635405142,0.796
6,2,0.2,431,10,0,0.3,7,3,-0.327770070260129,0.796
6,2,0.2,189,10,0,0.3,7,3,-0.248835941692278,0.798
6,2,0.2,347,10,0,0.3,7,3,-0.213252190316808,0.798
6,2,0.2,376,10,0,0.3,7,3,0.145662598359053,0.798
6,2,0.2,177,10,0,0.3,7,3,-0.182462142980796,0.802
6,2,0.2,194,10,0,0.3,7,3,0.165916488449369,0.806
6,2,0.2,380,10,0,0.3,7,3,-0.164849639069672,0.812
6,2,0.2,164,10,0,0.3,7,3,0.39121573315478,0.814
6,2,0.2,249,10,0,0.3,7,3,0.230738154566978,0.816
6,2,0.2,458,10,0,0.3,7,3,0.144501592075812,0.816
6,2,0.2,263,10,0,0.3,7,3,0.139671938692885,0.818
6,2,0.2,101,10,0,0.3,7,3,0.204431020275734,0.82
6,2,0.2,432,10,0,0.3,7,3,-0.19978071912837,0.82
6,2,0.2,438,10,0,0.3,7,3,0.132818213976577,0.82
6,2,0.2,281,10,0,0.3,7,3,-0.0862272202771521,0.826
6,2,0.2,388,10,0,0.3,7,3,-0.162148761029613,0.83
6,2,0.2,423,10,0,0.3,7,3,-0.157308339087649,0.834
6,2,0.2,297,10,0,0.3,7,3,0.142157532451336,0.844
6,2,0.2,467,10,0,0.3,7,3,0.130848212864635,0.846
6,2,0.2,58,10,0,0.3,7,3,-0.179256212760606,0.848
6,2,0.2,352,10,0,0.3,7,3,-0.105705223291324,0.854
6,2,0.2,470,10,0,0.3,7,3,0.14472805874712,0.854
6,2,0.2,93,10,0,0.3,7,3,-0.10870365927471,0.86
6,2,0.2,213,10,0,0.3,7,3,-0.071687503497742,0.862
6,2,0.2,232,10,0,0.3,7,3,0.178518697802502,0.862
6,2,0.2,103,10,0,0.3,7,3,-0.0786317903028078,0.866
6,2,0.2,424,10,0,0.3,7,3,0.10576727985918,0.866
6,2,0.2,327,10,0,0.3,7,3,0.14317695928213,0.87
6,2,0.2,351,10,0,0.3,7,3,0.113202640422486,0.872
6,2,0.2,31,10,0,0.3,7,3,-0.104196687673749,0.874
6,2,0.2,158,10,0,0.3,7,3,-0.0623781246215742,0.874
6,2,0.2,182,10,0,0.3,7,3,-0.0629155166392934,0.874
6,2,0.2,286,10,0,0.3,7,3,0.0983374233487098,0.874
6,2,0.2,14,10,0,0.3,7,3,-0.0800906251961919,0.878
6,2,0.2,24,10,0,0.3,7,3,-0.0652907485619494,0.878
6,2,0.2,73,10,0,0.3,7,3,-0.0586115453186267,0.878
6,2,0.2,150,10,0,0.3,7,3,0.130403184296227,0.884
6,2,0.2,454,10,0,0.3,7,3,-0.128190383599303,0.886
6,2,0.2,222,10,0,0.3,7,3,0.107247827431507,0.888
6,2,0.2,407,10,0,0.3,7,3,0.132515962178502,0.888
6,2,0.2,415,10,0,0.3,7,3,-0.080071866036576,0.888
6,2,0.2,460,10,0,0.3,7,3,0.12766166358449,0.888
6,2,0.2,398,10,0,0.3,7,3,0.0737929025848416,0.896
6,2,0.2,413,10,0,0.3,7,3,-0.0819403513039845,0.896
6,2,0.2,275,10,0,0.3,7,3,-0.102337296853335,0.898
6,2,0.2,320,10,0,0.3,7,3,-0.126161988494459,0.898
6,2,0.2,396,10,0,0.3,7,3,0.0959020083203654,0.902
6,2,0.2,51,10,0,0.3,7,3,-0.0939047205574184,0.904
6,2,0.2,293,10,0,0.3,7,3,-0.0925290025967342,0.906
6,2,0.2,360,10,0,0.3,7,3,-0.0757866380942005,0.906
6,2,0.2,195,10,0,0.3,7,3,0.0614461655581238,0.908
6,2,0.2,324,10,0,0.3,7,3,-0.049013999655017,0.914
6,2,0.2,77,10,0,0.3,7,3,-0.0734930922130843,0.916
6,2,0.2,163,10,0,0.3,7,3,-0.0845230841875946,0.918
6,2,0.2,270,10,0,0.3,7,3,-0.0556045195820332,0.918
6,2,0.2,325,10,0,0.3,7,3,-0.0762346127725095,0.924
6,2,0.2,457,10,0,0.3,7,3,0.110700586444437,0.932
6,2,0.2,477,10,0,0.3,7,3,0.114346074548678,0.932
6,2,0.2,202,10,0,0.3,7,3,-0.0303682682405508,0.934
6,2,0.2,278,10,0,0.3,7,3,0.0380546182924206,0.936
6,2,0.2,468,10,0,0.3,7,3,0.0634856402720061,0.938
6,2,0.2,414,10,0,0.3,7,3,-0.0768214201903561,0.942
6,2,0.2,403,10,0,0.3,7,3,0.0424214371917344,0.95
6,2,0.2,247,10,0,0.3,7,3,0.0353847176916418,0.954
6,2,0.2,465,10,0,0.3,7,3,-0.0263410638754351,0.96
6,2,0.2,335,10,0,0.3,7,3,-0.0386441258982018,0.962
6,2,0.2,120,10,0,0.3,7,3,0.0146134094920001,0.966
6,2,0.2,449,10,0,0.3,7,3,-0.0299924663983688,0.97
6,2,0.2,387,10,0,0.3,7,3,-0.0411875226458278,0.972
6,2,0.2,496,10,0,0.3,7,3,-0.0175507445770222,0.978
6,2,0.2,11,10,0,0.3,7,3,0.0194994847294652,0.982
6,2,0.2,52,10,0,0.3,7,3,-0.0227722884914385,0.982
6,2,0.2,334,10,0,0.3,7,3,-0.00871443303006458,0.988
6,2,0.2,329,10,0,0.3,7,3,0.0118189165042395,0.99
6,2,0.2,5,10,0,0.3,7,3,0.000743075487832812,0.992
6,2,0.2,6,10,0,0.3,7,3,-0.013449794864016,0.992
6,2,0.2,219,10,0,0.3,7,3,-0.00363266074745638,0.992
6,2,0.2,483,10,0,0.3,7,3,0.00304204445885148,0.992
6,2,0.2,245,10,0,0.3,7,3,0.00275424175382,0.994
6,2,0.2,372,10,0,0.3,7,3,0.00830079162398079,0.998
6,2,0.2,382,10,0,0.3,8,3,2.24230072237319,0.002
6,2,0.2,381,10,0,0.3,8,3,1.09896710022025,0.034
6,2,0.2,42,10,0,0.3,8,3,1.00494842471696,0.04
6,2,0.2,98,10,0,0.3,8,3,2.28659988982562,0.04
6,2,0.2,405,10,0,0.3,8,3,-1.85364035591365,0.04
6,2,0.2,216,10,0,0.3,8,3,-1.26346950816136,0.048
6,2,0.2,308,10,0,0.3,8,3,-1.27144214403037,0.048
6,2,0.2,193,10,0,0.3,8,3,1.47105708134353,0.05
6,2,0.2,391,10,0,0.3,8,3,1.62559693595244,0.05
6,2,0.2,464,10,0,0.3,8,3,0.733603320762967,0.05
6,2,0.2,156,10,0,0.3,8,3,1.92681605157637,0.052
6,2,0.2,365,10,0,0.3,8,3,-1.26746518724624,0.052
6,2,0.2,393,10,0,0.3,8,3,2.54407306175912,0.052
6,2,0.2,72,10,0,0.3,8,3,0.945897696731834,0.054
6,2,0.2,179,10,0,0.3,8,3,1.18705369995322,0.054
6,2,0.2,215,10,0,0.3,8,3,-1.80469954132604,0.054
6,2,0.2,398,10,0,0.3,8,3,-1.59602711578586,0.054
6,2,0.2,59,10,0,0.3,8,3,1.10790242053028,0.056
6,2,0.2,485,10,0,0.3,8,3,1.57283956980186,0.056
6,2,0.2,311,10,0,0.3,8,3,0.604452001000823,0.058
6,2,0.2,241,10,0,0.3,8,3,1.24902270060838,0.062
6,2,0.2,475,10,0,0.3,8,3,-1.87980381031804,0.062
6,2,0.2,24,10,0,0.3,8,3,-1.45273420711217,0.064
6,2,0.2,375,10,0,0.3,8,3,-0.609444152944093,0.064
6,2,0.2,77,10,0,0.3,8,3,1.10157946805452,0.066
6,2,0.2,427,10,0,0.3,8,3,1.2788224855376,0.066
6,2,0.2,267,10,0,0.3,8,3,1.47995036872732,0.068
6,2,0.2,269,10,0,0.3,8,3,-1.39723014047507,0.068
6,2,0.2,123,10,0,0.3,8,3,-1.10482997925308,0.072
6,2,0.2,229,10,0,0.3,8,3,-1.19804438794793,0.072
6,2,0.2,15,10,0,0.3,8,3,-0.833992491231129,0.074
6,2,0.2,150,10,0,0.3,8,3,1.5229440799792,0.074
6,2,0.2,253,10,0,0.3,8,3,0.793984978716765,0.076
6,2,0.2,473,10,0,0.3,8,3,-2.08235455505871,0.076
6,2,0.2,34,10,0,0.3,8,3,-1.23210778833993,0.078
6,2,0.2,37,10,0,0.3,8,3,-0.746606297439399,0.078
6,2,0.2,148,10,0,0.3,8,3,1.5788228573407,0.08
6,2,0.2,291,10,0,0.3,8,3,-1.65047107177662,0.08
6,2,0.2,53,10,0,0.3,8,3,-1.12379092647998,0.082
6,2,0.2,127,10,0,0.3,8,3,-1.03622022217067,0.082
6,2,0.2,399,10,0,0.3,8,3,1.24616799201328,0.082
6,2,0.2,337,10,0,0.3,8,3,-1.05061882153944,0.084
6,2,0.2,184,10,0,0.3,8,3,0.913237571052775,0.086
6,2,0.2,228,10,0,0.3,8,3,-0.773825893970212,0.086
6,2,0.2,446,10,0,0.3,8,3,-0.416783754595627,0.086
6,2,0.2,292,10,0,0.3,8,3,1.10065101394386,0.088
6,2,0.2,376,10,0,0.3,8,3,0.859917501891459,0.088
6,2,0.2,35,10,0,0.3,8,3,-1.02363048793435,0.09
6,2,0.2,238,10,0,0.3,8,3,-1.76432742594523,0.094
6,2,0.2,494,10,0,0.3,8,3,-1.2897457235604,0.096
6,2,0.2,158,10,0,0.3,8,3,1.10901743502598,0.098
6,2,0.2,187,10,0,0.3,8,3,-1.66186304723252,0.098
6,2,0.2,83,10,0,0.3,8,3,-0.79959332301263,0.104
6,2,0.2,194,10,0,0.3,8,3,0.808712893163829,0.104
6,2,0.2,51,10,0,0.3,8,3,-1.92927084667892,0.106
6,2,0.2,96,10,0,0.3,8,3,-1.3637325261526,0.106
6,2,0.2,260,10,0,0.3,8,3,-0.81400686263774,0.106
6,2,0.2,315,10,0,0.3,8,3,1.02063805473205,0.106
6,2,0.2,479,10,0,0.3,8,3,-0.605470102970486,0.106
6,2,0.2,76,10,0,0.3,8,3,1.16901669974507,0.108
6,2,0.2,358,10,0,0.3,8,3,1.13787484529723,0.11
6,2,0.2,124,10,0,0.3,8,3,1.0579408966598,0.112
6,2,0.2,264,10,0,0.3,8,3,0.708872670945709,0.112
6,2,0.2,352,10,0,0.3,8,3,-1.0343673469909,0.112
6,2,0.2,383,10,0,0.3,8,3,0.742423977282755,0.112
6,2,0.2,86,10,0,0.3,8,3,-0.834969774814141,0.114
6,2,0.2,406,10,0,0.3,8,3,-1.49000203794782,0.114
6,2,0.2,61,10,0,0.3,8,3,0.533635511814964,0.116
6,2,0.2,235,10,0,0.3,8,3,-0.602989311744011,0.116
6,2,0.2,165,10,0,0.3,8,3,-1.53548629681725,0.118
6,2,0.2,370,10,0,0.3,8,3,1.14566778001415,0.118
6,2,0.2,424,10,0,0.3,8,3,-1.56903933221764,0.118
6,2,0.2,432,10,0,0.3,8,3,0.994333048374472,0.118
6,2,0.2,445,10,0,0.3,8,3,0.560590483771819,0.118
6,2,0.2,17,10,0,0.3,8,3,-1.11260612330256,0.12
6,2,0.2,87,10,0,0.3,8,3,0.394707994683046,0.12
6,2,0.2,297,10,0,0.3,8,3,1.29629064543838,0.12
6,2,0.2,317,10,0,0.3,8,3,-0.717970417705885,0.122
6,2,0.2,305,10,0,0.3,8,3,0.986836686193527,0.124
6,2,0.2,335,10,0,0.3,8,3,0.709088566000304,0.124
6,2,0.2,230,10,0,0.3,8,3,0.915156987384677,0.126
6,2,0.2,422,10,0,0.3,8,3,1.04078754542093,0.128
6,2,0.2,95,10,0,0.3,8,3,-0.871245420032778,0.13
6,2,0.2,239,10,0,0.3,8,3,1.41792710027497,0.13
6,2,0.2,254,10,0,0.3,8,3,0.873985330060407,0.13
6,2,0.2,476,10,0,0.3,8,3,1.05453548461801,0.13
6,2,0.2,36,10,0,0.3,8,3,-0.862552423255636,0.132
6,2,0.2,268,10,0,0.3,8,3,-0.768909621539962,0.132
6,2,0.2,403,10,0,0.3,8,3,-0.808911861886173,0.132
6,2,0.2,73,10,0,0.3,8,3,1.16229576057938,0.134
6,2,0.2,134,10,0,0.3,8,3,-0.769063572544496,0.136
6,2,0.2,191,10,0,0.3,8,3,1.08187443073396,0.136
6,2,0.2,282,10,0,0.3,8,3,1.17921431646079,0.136
6,2,0.2,336,10,0,0.3,8,3,0.967833659277403,0.136
6,2,0.2,198,10,0,0.3,8,3,-0.912513219025215,0.138
6,2,0.2,250,10,0,0.3,8,3,1.1087027683167,0.138
6,2,0.2,273,10,0,0.3,8,3,-1.28565847144753,0.138
6,2,0.2,109,10,0,0.3,8,3,-0.93612200812737,0.14
6,2,0.2,353,10,0,0.3,8,3,-0.659151862001238,0.14
6,2,0.2,221,10,0,0.3,8,3,-0.577453305745451,0.142
6,2,0.2,363,10,0,0.3,8,3,0.725163990369197,0.142
6,2,0.2,451,10,0,0.3,8,3,0.930027495647636,0.142
6,2,0.2,136,10,0,0.3,8,3,1.22400729947364,0.144
6,2,0.2,274,10,0,0.3,8,3,-0.875497267589054,0.144
6,2,0.2,293,10,0,0.3,8,3,1.04224673936181,0.146
6,2,0.2,286,10,0,0.3,8,3,-0.422967816211099,0.148
6,2,0.2,332,10,0,0.3,8,3,-1.0407408035621,0.15
6,2,0.2,121,10,0,0.3,8,3,-0.665703061232819,0.152
6,2,0.2,163,10,0,0.3,8,3,1.14114420318896,0.154
6,2,0.2,176,10,0,0.3,8,3,0.973797477830345,0.156
6,2,0.2,263,10,0,0.3,8,3,0.500814466987691,0.158
6,2,0.2,7,10,0,0.3,8,3,-0.318418875296715,0.16
6,2,0.2,137,10,0,0.3,8,3,0.768425435352498,0.166
6,2,0.2,189,10,0,0.3,8,3,-0.60608870478444,0.166
6,2,0.2,227,10,0,0.3,8,3,-0.705650683438819,0.166
6,2,0.2,351,10,0,0.3,8,3,-1.06825853759608,0.166
6,2,0.2,234,10,0,0.3,8,3,1.51648702244157,0.168
6,2,0.2,303,10,0,0.3,8,3,-1.64589108796974,0.168
6,2,0.2,138,10,0,0.3,8,3,-0.646393535639589,0.17
6,2,0.2,104,10,0,0.3,8,3,-0.693047597791036,0.172
6,2,0.2,330,10,0,0.3,8,3,-0.756040241445277,0.172
6,2,0.2,301,10,0,0.3,8,3,0.620046326986227,0.174
6,2,0.2,159,10,0,0.3,8,3,-0.702972228378286,0.18
6,2,0.2,256,10,0,0.3,8,3,-0.632404542048874,0.188
6,2,0.2,118,10,0,0.3,8,3,-0.756718848773971,0.19
6,2,0.2,167,10,0,0.3,8,3,0.700354423285972,0.19
6,2,0.2,78,10,0,0.3,8,3,-0.661835263560391,0.192
6,2,0.2,242,10,0,0.3,8,3,0.838317638893756,0.192
6,2,0.2,419,10,0,0.3,8,3,-0.65831922741333,0.192
6,2,0.2,199,10,0,0.3,8,3,0.749757554387116,0.196
6,2,0.2,6,10,0,0.3,8,3,-0.714835355940608,0.2
6,2,0.2,101,10,0,0.3,8,3,0.498676411231287,0.2
6,2,0.2,183,10,0,0.3,8,3,-1.22926157337704,0.2
6,2,0.2,430,10,0,0.3,8,3,-0.874840318778496,0.2
6,2,0.2,411,10,0,0.3,8,3,0.801388719346733,0.206
6,2,0.2,23,10,0,0.3,8,3,-0.429414049524496,0.208
6,2,0.2,416,10,0,0.3,8,3,-0.456558363634201,0.216
6,2,0.2,447,10,0,0.3,8,3,0.602171705557225,0.22
6,2,0.2,1,10,0,0.3,8,3,-0.850956877907919,0.224
6,2,0.2,111,10,0,0.3,8,3,0.8035501546928,0.224
6,2,0.2,294,10,0,0.3,8,3,-0.698737566258416,0.226
6,2,0.2,304,10,0,0.3,8,3,-0.491360073154084,0.226
6,2,0.2,367,10,0,0.3,8,3,0.613859658188773,0.226
6,2,0.2,126,10,0,0.3,8,3,0.591995380205049,0.23
6,2,0.2,195,10,0,0.3,8,3,0.507096986645706,0.232
6,2,0.2,477,10,0,0.3,8,3,-0.653113425937079,0.232
6,2,0.2,261,10,0,0.3,8,3,1.04969420808357,0.24
6,2,0.2,161,10,0,0.3,8,3,-0.597415288703871,0.244
6,2,0.2,298,10,0,0.3,8,3,0.64531900847112,0.244
6,2,0.2,356,10,0,0.3,8,3,-0.427308630794329,0.248
6,2,0.2,428,10,0,0.3,8,3,-0.802108691241699,0.252
6,2,0.2,132,10,0,0.3,8,3,0.812281957285364,0.254
6,2,0.2,55,10,0,0.3,8,3,0.854982207509295,0.256
6,2,0.2,481,10,0,0.3,8,3,0.655327257288064,0.256
6,2,0.2,295,10,0,0.3,8,3,1.06108387841434,0.26
6,2,0.2,38,10,0,0.3,8,3,0.452216257913108,0.262
6,2,0.2,321,10,0,0.3,8,3,0.272699383281946,0.27
6,2,0.2,346,10,0,0.3,8,3,0.924903865196086,0.272
6,2,0.2,407,10,0,0.3,8,3,-1.07153968533729,0.276
6,2,0.2,175,10,0,0.3,8,3,-0.501448391036149,0.278
6,2,0.2,224,10,0,0.3,8,3,-0.624786372402298,0.278
6,2,0.2,206,10,0,0.3,8,3,-0.686162700989939,0.28
6,2,0.2,33,10,0,0.3,8,3,-0.454639298415373,0.284
6,2,0.2,143,10,0,0.3,8,3,-0.669108163980923,0.284
6,2,0.2,75,10,0,0.3,8,3,0.383840428959928,0.286
6,2,0.2,74,10,0,0.3,8,3,-1.60743151307537,0.296
6,2,0.2,281,10,0,0.3,8,3,-0.669295665224269,0.296
6,2,0.2,396,10,0,0.3,8,3,-0.651493342968791,0.298
6,2,0.2,89,10,0,0.3,8,3,-0.547119840471794,0.304
6,2,0.2,226,10,0,0.3,8,3,-0.253896403746438,0.306
6,2,0.2,262,10,0,0.3,8,3,-1.13527545921934,0.308
6,2,0.2,60,10,0,0.3,8,3,0.710265473472248,0.312
6,2,0.2,218,10,0,0.3,8,3,0.618372517511972,0.314
6,2,0.2,463,10,0,0.3,8,3,-0.681249137500259,0.318
6,2,0.2,25,10,0,0.3,8,3,-0.507980061046197,0.32
6,2,0.2,320,10,0,0.3,8,3,0.671802119918397,0.32
6,2,0.2,54,10,0,0.3,8,3,-0.263628359574113,0.326
6,2,0.2,178,10,0,0.3,8,3,-0.441461205357427,0.326
6,2,0.2,81,10,0,0.3,8,3,0.305452540689714,0.332
6,2,0.2,107,10,0,0.3,8,3,0.749764931495605,0.332
6,2,0.2,71,10,0,0.3,8,3,-0.331138391645709,0.334
6,2,0.2,328,10,0,0.3,8,3,-0.744772971048747,0.334
6,2,0.2,68,10,0,0.3,8,3,-0.770245593588783,0.336
6,2,0.2,349,10,0,0.3,8,3,0.422687211303753,0.336
6,2,0.2,180,10,0,0.3,8,3,1.10490889762212,0.34
6,2,0.2,465,10,0,0.3,8,3,-0.63002929832237,0.342
6,2,0.2,418,10,0,0.3,8,3,-0.348172618268251,0.344
6,2,0.2,247,10,0,0.3,8,3,-0.535122711924032,0.346
6,2,0.2,437,10,0,0.3,8,3,-0.506501683491763,0.348
6,2,0.2,122,10,0,0.3,8,3,0.533657557306412,0.35
6,2,0.2,395,10,0,0.3,8,3,0.694172156515236,0.35
6,2,0.2,373,10,0,0.3,8,3,-0.432931624618647,0.358
6,2,0.2,32,10,0,0.3,8,3,1.01107926140367,0.36
6,2,0.2,217,10,0,0.3,8,3,0.39075887849873,0.36
6,2,0.2,66,10,0,0.3,8,3,0.518358752530219,0.362
6,2,0.2,325,10,0,0.3,8,3,0.405440362849419,0.366
6,2,0.2,255,10,0,0.3,8,3,0.415382093855555,0.368
6,2,0.2,452,10,0,0.3,8,3,0.362450527294499,0.38
6,2,0.2,168,10,0,0.3,8,3,-0.619333604781701,0.384
6,2,0.2,225,10,0,0.3,8,3,0.62769747776025,0.386
6,2,0.2,413,10,0,0.3,8,3,-0.491427977920011,0.386
6,2,0.2,155,10,0,0.3,8,3,0.288124833118843,0.39
6,2,0.2,19,10,0,0.3,8,3,-1.11116418384211,0.392
6,2,0.2,69,10,0,0.3,8,3,-0.577933662892946,0.396
6,2,0.2,31,10,0,0.3,8,3,0.575481030161143,0.4
6,2,0.2,52,10,0,0.3,8,3,-0.72795769104215,0.404
6,2,0.2,400,10,0,0.3,8,3,0.560578207638542,0.408
6,2,0.2,173,10,0,0.3,8,3,0.22259812311151,0.41
6,2,0.2,272,10,0,0.3,8,3,0.420405439932978,0.412
6,2,0.2,310,10,0,0.3,8,3,-0.535058516924238,0.414
6,2,0.2,488,10,0,0.3,8,3,-1.10780718331128,0.416
6,2,0.2,170,10,0,0.3,8,3,0.382407242071167,0.418
6,2,0.2,182,10,0,0.3,8,3,-0.924632882159756,0.42
6,2,0.2,280,10,0,0.3,8,3,1.18264472594862,0.426
6,2,0.2,105,10,0,0.3,8,3,0.501280116947839,0.434
6,2,0.2,45,10,0,0.3,8,3,-0.789549550197421,0.452
6,2,0.2,271,10,0,0.3,8,3,-0.476918825260555,0.456
6,2,0.2,366,10,0,0.3,8,3,-0.557439775983312,0.458
6,2,0.2,251,10,0,0.3,8,3,-0.456031945354283,0.46
6,2,0.2,70,10,0,0.3,8,3,-0.830865842037298,0.478
6,2,0.2,438,10,0,0.3,8,3,-0.684851018044156,0.48
6,2,0.2,371,10,0,0.3,8,3,0.354178404421162,0.484
6,2,0.2,133,10,0,0.3,8,3,0.868993743773672,0.486
6,2,0.2,172,10,0,0.3,8,3,0.379619555262821,0.488
6,2,0.2,359,10,0,0.3,8,3,-0.29413906150134,0.496
6,2,0.2,449,10,0,0.3,8,3,-0.312985235999861,0.496
6,2,0.2,486,10,0,0.3,8,3,-0.326663070405573,0.498
6,2,0.2,39,10,0,0.3,8,3,-0.20168907293413,0.5
6,2,0.2,2,10,0,0.3,8,3,-0.393503610503245,0.502
6,2,0.2,219,10,0,0.3,8,3,0.362968120332368,0.502
6,2,0.2,243,10,0,0.3,8,3,-0.292932955474868,0.504
6,2,0.2,493,10,0,0.3,8,3,0.64953253360261,0.506
6,2,0.2,119,10,0,0.3,8,3,0.552406637214034,0.51
6,2,0.2,331,10,0,0.3,8,3,-0.449054993625452,0.512
6,2,0.2,100,10,0,0.3,8,3,0.268051724966426,0.514
6,2,0.2,142,10,0,0.3,8,3,-0.166633950756307,0.514
6,2,0.2,491,10,0,0.3,8,3,0.353825467910923,0.514
6,2,0.2,499,10,0,0.3,8,3,0.497104136323259,0.516
6,2,0.2,147,10,0,0.3,8,3,0.88767496313298,0.524
6,2,0.2,498,10,0,0.3,8,3,-0.320251074323494,0.524
6,2,0.2,106,10,0,0.3,8,3,0.337090080461564,0.526
6,2,0.2,377,10,0,0.3,8,3,-0.416303354396604,0.526
6,2,0.2,436,10,0,0.3,8,3,-0.595928718049265,0.526
6,2,0.2,443,10,0,0.3,8,3,-0.365856063806376,0.526
6,2,0.2,329,10,0,0.3,8,3,-0.929289402145997,0.532
6,2,0.2,12,10,0,0.3,8,3,0.35216866708285,0.54
6,2,0.2,209,10,0,0.3,8,3,-0.372306698923012,0.54
6,2,0.2,372,10,0,0.3,8,3,0.382493278829116,0.542
6,2,0.2,283,10,0,0.3,8,3,-1.09911093894965,0.544
6,2,0.2,369,10,0,0.3,8,3,0.238590133003015,0.546
6,2,0.2,490,10,0,0.3,8,3,-0.512688956308835,0.546
6,2,0.2,91,10,0,0.3,8,3,-0.29243870058923,0.548
6,2,0.2,169,10,0,0.3,8,3,-0.434534542057833,0.55
6,2,0.2,258,10,0,0.3,8,3,0.881871745857751,0.55
6,2,0.2,306,10,0,0.3,8,3,0.496066063444488,0.55
6,2,0.2,48,10,0,0.3,8,3,0.766242631431737,0.552
6,2,0.2,265,10,0,0.3,8,3,0.486976878051252,0.552
6,2,0.2,99,10,0,0.3,8,3,-1.27087093640759,0.558
6,2,0.2,151,10,0,0.3,8,3,0.536115687478485,0.558
6,2,0.2,43,10,0,0.3,8,3,0.271183303131949,0.562
6,2,0.2,10,10,0,0.3,8,3,-0.310660229629406,0.564
6,2,0.2,374,10,0,0.3,8,3,-0.448008759483685,0.566
6,2,0.2,29,10,0,0.3,8,3,1.0033130440934,0.568
6,2,0.2,455,10,0,0.3,8,3,-0.4688720532518,0.568
6,2,0.2,340,10,0,0.3,8,3,-1.37381090620079,0.574
6,2,0.2,357,10,0,0.3,8,3,0.280286857357709,0.574
6,2,0.2,144,10,0,0.3,8,3,-0.274867448182022,0.58
6,2,0.2,296,10,0,0.3,8,3,-0.590572066870209,0.58
6,2,0.2,299,10,0,0.3,8,3,0.278561822271797,0.58
6,2,0.2,471,10,0,0.3,8,3,-0.901513903069912,0.584
6,2,0.2,131,10,0,0.3,8,3,-0.290296497385356,0.586
6,2,0.2,154,10,0,0.3,8,3,0.35774314198855,0.586
6,2,0.2,289,10,0,0.3,8,3,-0.617486671314168,0.586
6,2,0.2,461,10,0,0.3,8,3,0.362032406461537,0.586
6,2,0.2,141,10,0,0.3,8,3,-0.761654451648837,0.592
6,2,0.2,79,10,0,0.3,8,3,-0.580627824732943,0.6
6,2,0.2,360,10,0,0.3,8,3,0.555664129359627,0.6
6,2,0.2,456,10,0,0.3,8,3,-0.336603076522351,0.602
6,2,0.2,102,10,0,0.3,8,3,-0.223674732234713,0.608
6,2,0.2,208,10,0,0.3,8,3,-1.2590503186272,0.608
6,2,0.2,322,10,0,0.3,8,3,-0.913036821285061,0.608
6,2,0.2,342,10,0,0.3,8,3,-0.552671293985838,0.608
6,2,0.2,469,10,0,0.3,8,3,0.25208165809471,0.608
6,2,0.2,201,10,0,0.3,8,3,-0.782138862199247,0.61
6,2,0.2,468,10,0,0.3,8,3,-0.454248114263549,0.61
6,2,0.2,46,10,0,0.3,8,3,-0.707668995243978,0.614
6,2,0.2,313,10,0,0.3,8,3,-0.603998197600589,0.614
6,2,0.2,348,10,0,0.3,8,3,0.4914901068706,0.614
6,2,0.2,26,10,0,0.3,8,3,-0.148120877215632,0.616
6,2,0.2,108,10,0,0.3,8,3,0.519261307446129,0.616
6,2,0.2,113,10,0,0.3,8,3,-0.472702430077959,0.616
6,2,0.2,116,10,0,0.3,8,3,-0.341482441898563,0.624
6,2,0.2,244,10,0,0.3,8,3,0.270628575705103,0.624
6,2,0.2,213,10,0,0.3,8,3,0.399023132622659,0.628
6,2,0.2,417,10,0,0.3,8,3,-0.902178041503532,0.628
6,2,0.2,67,10,0,0.3,8,3,-0.866477112604855,0.634
6,2,0.2,472,10,0,0.3,8,3,0.320461223881495,0.634
6,2,0.2,270,10,0,0.3,8,3,0.689780388669021,0.636
6,2,0.2,323,10,0,0.3,8,3,-0.721015518440851,0.636
6,2,0.2,440,10,0,0.3,8,3,-0.527877296535422,0.636
6,2,0.2,41,10,0,0.3,8,3,-0.458485913246108,0.638
6,2,0.2,4,10,0,0.3,8,3,-0.202189337258346,0.644
6,2,0.2,188,10,0,0.3,8,3,-0.422461077901147,0.644
6,2,0.2,65,10,0,0.3,8,3,0.920660309651765,0.646
6,2,0.2,460,10,0,0.3,8,3,0.768610111305009,0.646
6,2,0.2,379,10,0,0.3,8,3,-0.202382672128095,0.648
6,2,0.2,459,10,0,0.3,8,3,0.278452213919621,0.648
6,2,0.2,16,10,0,0.3,8,3,0.59023730097158,0.65
6,2,0.2,259,10,0,0.3,8,3,0.339750802231066,0.65
6,2,0.2,233,10,0,0.3,8,3,-0.5812849650072,0.652
6,2,0.2,309,10,0,0.3,8,3,0.292204785322127,0.652
6,2,0.2,319,10,0,0.3,8,3,-0.565840882274614,0.654
6,2,0.2,389,10,0,0.3,8,3,0.458222900000322,0.654
6,2,0.2,454,10,0,0.3,8,3,-0.695252300331731,0.654
6,2,0.2,57,10,0,0.3,8,3,-0.338131255865619,0.656
6,2,0.2,162,10,0,0.3,8,3,-0.758168178172951,0.656
6,2,0.2,425,10,0,0.3,8,3,-0.844398065490509,0.656
6,2,0.2,420,10,0,0.3,8,3,-1.38678573025945,0.658
6,2,0.2,312,10,0,0.3,8,3,0.419187621004625,0.66
6,2,0.2,316,10,0,0.3,8,3,-0.655770049278459,0.66
6,2,0.2,347,10,0,0.3,8,3,0.477024755099734,0.66
6,2,0.2,408,10,0,0.3,8,3,-0.22541100816747,0.664
6,2,0.2,30,10,0,0.3,8,3,-0.3763675492076,0.666
6,2,0.2,171,10,0,0.3,8,3,-0.1296603288624,0.668
6,2,0.2,384,10,0,0.3,8,3,0.445549080371961,0.668
6,2,0.2,197,10,0,0.3,8,3,0.735829509867955,0.67
6,2,0.2,152,10,0,0.3,8,3,-0.444915229769975,0.672
6,2,0.2,204,10,0,0.3,8,3,0.43262570192266,0.672
6,2,0.2,415,10,0,0.3,8,3,-0.141124319059145,0.672
6,2,0.2,117,10,0,0.3,8,3,0.458076099229459,0.674
6,2,0.2,223,10,0,0.3,8,3,0.166691678063529,0.674
6,2,0.2,442,10,0,0.3,8,3,0.609897579296103,0.674
6,2,0.2,500,10,0,0.3,8,3,0.181786429185991,0.674
6,2,0.2,110,10,0,0.3,8,3,0.292801172098081,0.676
6,2,0.2,288,10,0,0.3,8,3,0.703012831186044,0.676
6,2,0.2,326,10,0,0.3,8,3,-0.348989407648958,0.676
6,2,0.2,125,10,0,0.3,8,3,0.18146135665873,0.678
6,2,0.2,457,10,0,0.3,8,3,-0.515935503662234,0.678
6,2,0.2,492,10,0,0.3,8,3,0.579415459423018,0.678
6,2,0.2,114,10,0,0.3,8,3,-0.319649862640972,0.682
6,2,0.2,487,10,0,0.3,8,3,0.203621451939426,0.682
6,2,0.2,40,10,0,0.3,8,3,0.751103278884273,0.684
6,2,0.2,58,10,0,0.3,8,3,0.370122422134898,0.684
6,2,0.2,88,10,0,0.3,8,3,0.157692157472724,0.684
6,2,0.2,47,10,0,0.3,8,3,0.294263749100367,0.686
6,2,0.2,112,10,0,0.3,8,3,0.286267506265432,0.686
6,2,0.2,426,10,0,0.3,8,3,-0.420026747302245,0.686
6,2,0.2,21,10,0,0.3,8,3,0.508630423215095,0.688
6,2,0.2,129,10,0,0.3,8,3,0.203456147973384,0.69
6,2,0.2,404,10,0,0.3,8,3,0.264841654764837,0.69
6,2,0.2,212,10,0,0.3,8,3,0.160363137520392,0.692
6,2,0.2,139,10,0,0.3,8,3,0.11750178597012,0.694
6,2,0.2,484,10,0,0.3,8,3,-0.276519391274775,0.694
6,2,0.2,94,10,0,0.3,8,3,-0.332634510084432,0.698
6,2,0.2,368,10,0,0.3,8,3,-0.503010927865802,0.7
6,2,0.2,207,10,0,0.3,8,3,0.182981277618694,0.704
6,2,0.2,334,10,0,0.3,8,3,-0.291603422966062,0.706
6,2,0.2,128,10,0,0.3,8,3,-0.167218818017489,0.708
6,2,0.2,397,10,0,0.3,8,3,0.124360465275828,0.71
6,2,0.2,232,10,0,0.3,8,3,0.182624962443299,0.714
6,2,0.2,92,10,0,0.3,8,3,0.30642337741682,0.718
6,2,0.2,401,10,0,0.3,8,3,-0.397401407253227,0.718
6,2,0.2,414,10,0,0.3,8,3,0.194342301243921,0.718
6,2,0.2,362,10,0,0.3,8,3,-0.393836993169117,0.72
6,2,0.2,354,10,0,0.3,8,3,0.249115190235045,0.722
6,2,0.2,56,10,0,0.3,8,3,-0.196640639602265,0.732
6,2,0.2,145,10,0,0.3,8,3,-0.407820434024188,0.736
6,2,0.2,248,10,0,0.3,8,3,-0.122861065088188,0.736
6,2,0.2,85,10,0,0.3,8,3,-0.167699039151387,0.738
6,2,0.2,278,10,0,0.3,8,3,-0.21673230109559,0.74
6,2,0.2,300,10,0,0.3,8,3,0.297807011440682,0.74
6,2,0.2,287,10,0,0.3,8,3,0.228608491639307,0.744
6,2,0.2,314,10,0,0.3,8,3,-0.397506629580846,0.744
6,2,0.2,327,10,0,0.3,8,3,-0.213579568015462,0.748
6,2,0.2,62,10,0,0.3,8,3,0.366008134999248,0.752
6,2,0.2,307,10,0,0.3,8,3,0.205546977982664,0.754
6,2,0.2,429,10,0,0.3,8,3,-0.10801427757724,0.756
6,2,0.2,433,10,0,0.3,8,3,0.141055833079093,0.756
6,2,0.2,214,10,0,0.3,8,3,0.299532996401638,0.758
6,2,0.2,344,10,0,0.3,8,3,-0.133328340042539,0.758
6,2,0.2,410,10,0,0.3,8,3,0.196641555707572,0.764
6,2,0.2,9,10,0,0.3,8,3,-0.241227345393185,0.766
6,2,0.2,380,10,0,0.3,8,3,-0.215147596082261,0.766
6,2,0.2,483,10,0,0.3,8,3,0.148388085356686,0.768
6,2,0.2,22,10,0,0.3,8,3,-0.300392490250744,0.77
6,2,0.2,205,10,0,0.3,8,3,0.18416870426023,0.772
6,2,0.2,28,10,0,0.3,8,3,0.26029356916564,0.776
6,2,0.2,146,10,0,0.3,8,3,0.416884090351459,0.778
6,2,0.2,478,10,0,0.3,8,3,0.177444469531224,0.778
6,2,0.2,324,10,0,0.3,8,3,0.270090081039911,0.78
6,2,0.2,489,10,0,0.3,8,3,-0.265475026549069,0.78
6,2,0.2,202,10,0,0.3,8,3,-0.184895041959493,0.782
6,2,0.2,153,10,0,0.3,8,3,0.233090931250331,0.784
6,2,0.2,279,10,0,0.3,8,3,-0.197622433339689,0.786
6,2,0.2,441,10,0,0.3,8,3,0.177863543043713,0.786
6,2,0.2,50,10,0,0.3,8,3,0.335852423089506,0.792
6,2,0.2,103,10,0,0.3,8,3,-0.159943905826935,0.792
6,2,0.2,385,10,0,0.3,8,3,-0.28361861906933,0.794
6,2,0.2,388,10,0,0.3,8,3,-0.181784873868821,0.794
6,2,0.2,149,10,0,0.3,8,3,0.160045061315344,0.796
6,2,0.2,240,10,0,0.3,8,3,0.297054003349871,0.796
6,2,0.2,434,10,0,0.3,8,3,0.189213231814335,0.796
6,2,0.2,177,10,0,0.3,8,3,0.191137957373201,0.8
6,2,0.2,392,10,0,0.3,8,3,-0.160047362566729,0.8
6,2,0.2,470,10,0,0.3,8,3,0.209667838477003,0.8
6,2,0.2,495,10,0,0.3,8,3,-0.169914312921151,0.8
6,2,0.2,49,10,0,0.3,8,3,-0.198778686597223,0.802
6,2,0.2,115,10,0,0.3,8,3,-0.0259767179553876,0.802
6,2,0.2,166,10,0,0.3,8,3,-0.160282858105148,0.804
6,2,0.2,210,10,0,0.3,8,3,0.126411745695719,0.804
6,2,0.2,285,10,0,0.3,8,3,0.109214301585666,0.806
6,2,0.2,378,10,0,0.3,8,3,0.102921666780588,0.806
6,2,0.2,97,10,0,0.3,8,3,-0.198181562420416,0.808
6,2,0.2,44,10,0,0.3,8,3,-0.224469966225143,0.814
6,2,0.2,14,10,0,0.3,8,3,0.183570179936879,0.816
6,2,0.2,90,10,0,0.3,8,3,0.153550019852446,0.816
6,2,0.2,203,10,0,0.3,8,3,-0.0983453132583634,0.816
6,2,0.2,467,10,0,0.3,8,3,-0.305163608207124,0.816
6,2,0.2,27,10,0,0.3,8,3,-0.129635577794716,0.818
6,2,0.2,284,10,0,0.3,8,3,0.182053428030969,0.82
6,2,0.2,496,10,0,0.3,8,3,0.108789182477295,0.82
6,2,0.2,220,10,0,0.3,8,3,-0.187552183604225,0.824
6,2,0.2,186,10,0,0.3,8,3,-0.0947750514497727,0.826
6,2,0.2,318,10,0,0.3,8,3,-0.217508806405363,0.826
6,2,0.2,482,10,0,0.3,8,3,-0.0438609918087423,0.828
6,2,0.2,135,10,0,0.3,8,3,-0.0899612633386369,0.83
6,2,0.2,181,10,0,0.3,8,3,-0.0763669710559896,0.832
6,2,0.2,339,10,0,0.3,8,3,-0.164526806390995,0.834
6,2,0.2,462,10,0,0.3,8,3,-0.153657957155247,0.836
6,2,0.2,211,10,0,0.3,8,3,-0.092032527814581,0.84
6,2,0.2,190,10,0,0.3,8,3,0.120222113438984,0.842
6,2,0.2,231,10,0,0.3,8,3,-0.128543412094388,0.842
6,2,0.2,236,10,0,0.3,8,3,0.100245427557866,0.842
6,2,0.2,13,10,0,0.3,8,3,0.121478035840738,0.846
6,2,0.2,84,10,0,0.3,8,3,0.204518391502774,0.848
6,2,0.2,435,10,0,0.3,8,3,0.183935902531147,0.85
6,2,0.2,466,10,0,0.3,8,3,0.0702825214719098,0.854
6,2,0.2,439,10,0,0.3,8,3,0.0775881909859777,0.856
6,2,0.2,18,10,0,0.3,8,3,0.0548669228962524,0.86
6,2,0.2,196,10,0,0.3,8,3,-0.109030727731493,0.86
6,2,0.2,222,10,0,0.3,8,3,0.0976026845474678,0.86
6,2,0.2,200,10,0,0.3,8,3,0.0803008625450445,0.864
6,2,0.2,302,10,0,0.3,8,3,-0.111362997024685,0.864
6,2,0.2,421,10,0,0.3,8,3,-0.147158430813249,0.868
6,2,0.2,480,10,0,0.3,8,3,0.133059563473125,0.87
6,2,0.2,341,10,0,0.3,8,3,-0.109389062271816,0.872
6,2,0.2,174,10,0,0.3,8,3,0.116059068176469,0.874
6,2,0.2,409,10,0,0.3,8,3,0.13146696667738,0.874
6,2,0.2,257,10,0,0.3,8,3,-0.0982898799049678,0.884
6,2,0.2,277,10,0,0.3,8,3,-0.109636746809286,0.886
6,2,0.2,275,10,0,0.3,8,3,-0.09020295284094,0.89
6,2,0.2,245,10,0,0.3,8,3,-0.158867105422303,0.892
6,2,0.2,355,10,0,0.3,8,3,0.0561450318255083,0.894
6,2,0.2,252,10,0,0.3,8,3,-0.0577733806528897,0.9
6,2,0.2,338,10,0,0.3,8,3,0.104062546634111,0.9
6,2,0.2,5,10,0,0.3,8,3,-0.040939552605181,0.902
6,2,0.2,80,10,0,0.3,8,3,0.0641177147334702,0.904
6,2,0.2,458,10,0,0.3,8,3,0.0453496528758706,0.904
6,2,0.2,474,10,0,0.3,8,3,-0.0938110528042557,0.904
6,2,0.2,93,10,0,0.3,8,3,0.0862109830414113,0.906
6,2,0.2,192,10,0,0.3,8,3,0.0881522741380536,0.906
6,2,0.2,431,10,0,0.3,8,3,-0.0534782080665934,0.906
6,2,0.2,120,10,0,0.3,8,3,-0.0532134117393923,0.916
6,2,0.2,185,10,0,0.3,8,3,-0.0298650910966671,0.92
6,2,0.2,423,10,0,0.3,8,3,0.0517440219498155,0.92
6,2,0.2,453,10,0,0.3,8,3,0.0518356056258256,0.92
6,2,0.2,497,10,0,0.3,8,3,-0.0421728470997493,0.922
6,2,0.2,64,10,0,0.3,8,3,-0.0391005157075597,0.924
6,2,0.2,160,10,0,0.3,8,3,-0.0554157036160348,0.926
6,2,0.2,333,10,0,0.3,8,3,0.070499835300069,0.926
6,2,0.2,412,10,0,0.3,8,3,0.0408863229291683,0.926
6,2,0.2,290,10,0,0.3,8,3,-0.116944997756633,0.932
6,2,0.2,157,10,0,0.3,8,3,0.0331719229853604,0.936
6,2,0.2,164,10,0,0.3,8,3,-0.0186604308106837,0.94
6,2,0.2,3,10,0,0.3,8,3,0.0496873761854317,0.944
6,2,0.2,63,10,0,0.3,8,3,-0.0275515607565922,0.944
6,2,0.2,82,10,0,0.3,8,3,-0.0573189033650578,0.944
6,2,0.2,130,10,0,0.3,8,3,0.0922179274296866,0.944
6,2,0.2,345,10,0,0.3,8,3,-0.0589962131881805,0.946
6,2,0.2,402,10,0,0.3,8,3,0.0410100222827339,0.946
6,2,0.2,448,10,0,0.3,8,3,0.0557532183655667,0.946
6,2,0.2,246,10,0,0.3,8,3,-0.0252114713570109,0.948
6,2,0.2,249,10,0,0.3,8,3,0.0304273020874177,0.948
6,2,0.2,343,10,0,0.3,8,3,0.0354931315454223,0.948
6,2,0.2,266,10,0,0.3,8,3,-0.0179418016364252,0.952
6,2,0.2,350,10,0,0.3,8,3,-0.0303968073485237,0.952
6,2,0.2,450,10,0,0.3,8,3,-0.0238351143034663,0.952
6,2,0.2,140,10,0,0.3,8,3,0.0350114414125073,0.954
6,2,0.2,444,10,0,0.3,8,3,-0.0415053071492082,0.958
6,2,0.2,364,10,0,0.3,8,3,-0.0262327531835638,0.97
6,2,0.2,237,10,0,0.3,8,3,-0.00821158038522185,0.978
6,2,0.2,8,10,0,0.3,8,3,-0.0128580544519821,0.98
6,2,0.2,20,10,0,0.3,8,3,0.00640956917223434,0.984
6,2,0.2,386,10,0,0.3,8,3,0.0126713615150891,0.984
6,2,0.2,361,10,0,0.3,8,3,0.00703565385185811,0.986
6,2,0.2,11,10,0,0.3,8,3,-0.0251347106156743,0.99
6,2,0.2,276,10,0,0.3,8,3,-0.0143186044494712,0.992
6,2,0.2,394,10,0,0.3,8,3,-0.00318462779728179,0.994
6,2,0.2,387,10,0,0.3,8,3,0.000975369611438737,1
6,2,0.2,390,10,0,0.3,8,3,0.0038962612160276,1
6,2,0.2,60,10,0,0.3,9,3,1.94980120529897,0.022
6,2,0.2,65,10,0,0.3,9,3,1.35897692113059,0.022
6,2,0.2,9,10,0,0.3,9,3,-1.86087975809963,0.032
6,2,0.2,483,10,0,0.3,9,3,-2.02624095041867,0.032
6,2,0.2,330,10,0,0.3,9,3,1.28184203466026,0.036
6,2,0.2,233,10,0,0.3,9,3,-1.69217991740871,0.04
6,2,0.2,476,10,0,0.3,9,3,-1.71167472448366,0.04
6,2,0.2,29,10,0,0.3,9,3,-1.15791674696504,0.042
6,2,0.2,144,10,0,0.3,9,3,1.7096455094769,0.046
6,2,0.2,293,10,0,0.3,9,3,-1.57245452017909,0.046
6,2,0.2,311,10,0,0.3,9,3,-1.19455380420789,0.05
6,2,0.2,324,10,0,0.3,9,3,-1.19531469817642,0.05
6,2,0.2,71,10,0,0.3,9,3,1.47693005869169,0.052
6,2,0.2,231,10,0,0.3,9,3,-0.773836273673851,0.054
6,2,0.2,151,10,0,0.3,9,3,2.03979363126612,0.056
6,2,0.2,161,10,0,0.3,9,3,-0.878933843876723,0.056
6,2,0.2,458,10,0,0.3,9,3,-1.49590109452481,0.058
6,2,0.2,312,10,0,0.3,9,3,-0.900107360162167,0.06
6,2,0.2,206,10,0,0.3,9,3,1.31431087122814,0.062
6,2,0.2,456,10,0,0.3,9,3,-1.54748909684284,0.062
6,2,0.2,91,10,0,0.3,9,3,0.974009877771209,0.066
6,2,0.2,341,10,0,0.3,9,3,2.09745323271068,0.066
6,2,0.2,274,10,0,0.3,9,3,1.2273435439628,0.068
6,2,0.2,282,10,0,0.3,9,3,-0.860142834691629,0.07
6,2,0.2,432,10,0,0.3,9,3,-1.37298380144455,0.072
6,2,0.2,141,10,0,0.3,9,3,-1.29412077118587,0.074
6,2,0.2,85,10,0,0.3,9,3,1.13637654393065,0.076
6,2,0.2,180,10,0,0.3,9,3,0.851262896450606,0.076
6,2,0.2,377,10,0,0.3,9,3,0.346093446218532,0.076
6,2,0.2,130,10,0,0.3,9,3,-1.70876241322017,0.078
6,2,0.2,255,10,0,0.3,9,3,-0.871297012778086,0.078
6,2,0.2,355,10,0,0.3,9,3,-1.34216868703456,0.08
6,2,0.2,473,10,0,0.3,9,3,0.843577855409933,0.08
6,2,0.2,36,10,0,0.3,9,3,0.917984364590865,0.084
6,2,0.2,246,10,0,0.3,9,3,-0.728377717943175,0.088
6,2,0.2,396,10,0,0.3,9,3,-1.16986931829263,0.088
6,2,0.2,417,10,0,0.3,9,3,1.52521706430019,0.088
6,2,0.2,259,10,0,0.3,9,3,1.28068019031829,0.09
6,2,0.2,69,10,0,0.3,9,3,-1.01471842498432,0.092
6,2,0.2,208,10,0,0.3,9,3,1.15390985546935,0.092
6,2,0.2,340,10,0,0.3,9,3,-1.38979816186449,0.094
6,2,0.2,429,10,0,0.3,9,3,-1.14158739933021,0.094
6,2,0.2,183,10,0,0.3,9,3,-1.02117908357098,0.096
6,2,0.2,193,10,0,0.3,9,3,-1.33123705631476,0.096
6,2,0.2,463,10,0,0.3,9,3,-0.981832580950851,0.1
6,2,0.2,22,10,0,0.3,9,3,-0.805883705317598,0.102
6,2,0.2,129,10,0,0.3,9,3,1.14994431650467,0.102
6,2,0.2,176,10,0,0.3,9,3,-0.829245536672204,0.102
6,2,0.2,185,10,0,0.3,9,3,-1.13338934297877,0.102
6,2,0.2,209,10,0,0.3,9,3,0.874047508828141,0.102
6,2,0.2,348,10,0,0.3,9,3,0.696463328048537,0.102
6,2,0.2,359,10,0,0.3,9,3,0.972548667215619,0.102
6,2,0.2,373,10,0,0.3,9,3,-0.807098895593242,0.102
6,2,0.2,31,10,0,0.3,9,3,-1.40306034105575,0.104
6,2,0.2,79,10,0,0.3,9,3,0.936400954975795,0.104
6,2,0.2,276,10,0,0.3,9,3,-0.905881820491828,0.104
6,2,0.2,64,10,0,0.3,9,3,-1.08312133220377,0.106
6,2,0.2,425,10,0,0.3,9,3,1.41454925948094,0.106
6,2,0.2,30,10,0,0.3,9,3,1.24480450808565,0.108
6,2,0.2,301,10,0,0.3,9,3,0.607867698935308,0.108
6,2,0.2,12,10,0,0.3,9,3,1.48367531506113,0.11
6,2,0.2,361,10,0,0.3,9,3,-1.0308653208991,0.11
6,2,0.2,118,10,0,0.3,9,3,1.11034977614193,0.112
6,2,0.2,217,10,0,0.3,9,3,1.1629398722929,0.112
6,2,0.2,267,10,0,0.3,9,3,-1.02903505043076,0.112
6,2,0.2,275,10,0,0.3,9,3,-1.31817467307391,0.112
6,2,0.2,447,10,0,0.3,9,3,1.79924885884901,0.112
6,2,0.2,62,10,0,0.3,9,3,-0.952613793636175,0.114
6,2,0.2,318,10,0,0.3,9,3,0.972077283578983,0.114
6,2,0.2,393,10,0,0.3,9,3,0.691170270036679,0.116
6,2,0.2,27,10,0,0.3,9,3,1.66990171140102,0.118
6,2,0.2,133,10,0,0.3,9,3,-1.20025940795068,0.118
6,2,0.2,154,10,0,0.3,9,3,-0.386596321805598,0.12
6,2,0.2,178,10,0,0.3,9,3,1.04385824725321,0.12
6,2,0.2,100,10,0,0.3,9,3,-0.817305351494667,0.122
6,2,0.2,362,10,0,0.3,9,3,0.991591639241562,0.124
6,2,0.2,460,10,0,0.3,9,3,-0.826232505711829,0.124
6,2,0.2,44,10,0,0.3,9,3,1.06483441635308,0.126
6,2,0.2,331,10,0,0.3,9,3,0.598529416368763,0.126
6,2,0.2,297,10,0,0.3,9,3,0.772225232636771,0.13
6,2,0.2,239,10,0,0.3,9,3,1.14269636383321,0.132
6,2,0.2,17,10,0,0.3,9,3,-0.924844102825688,0.134
6,2,0.2,160,10,0,0.3,9,3,-0.674005020947135,0.138
6,2,0.2,169,10,0,0.3,9,3,-0.694300429703588,0.138
6,2,0.2,86,10,0,0.3,9,3,-0.970565975559197,0.14
6,2,0.2,109,10,0,0.3,9,3,-0.918411362787964,0.14
6,2,0.2,299,10,0,0.3,9,3,-0.506502912405068,0.14
6,2,0.2,385,10,0,0.3,9,3,-0.71882106604707,0.14
6,2,0.2,156,10,0,0.3,9,3,1.01074472487136,0.142
6,2,0.2,229,10,0,0.3,9,3,-0.572616540823958,0.142
6,2,0.2,76,10,0,0.3,9,3,1.06260329613323,0.144
6,2,0.2,138,10,0,0.3,9,3,-0.838737024547669,0.144
6,2,0.2,215,10,0,0.3,9,3,-0.664958361457536,0.144
6,2,0.2,327,10,0,0.3,9,3,1.06045770190951,0.144
6,2,0.2,328,10,0,0.3,9,3,0.810643437804288,0.144
6,2,0.2,353,10,0,0.3,9,3,0.868254535607264,0.144
6,2,0.2,53,10,0,0.3,9,3,-0.570373993011458,0.146
6,2,0.2,1,10,0,0.3,9,3,-0.830564495141573,0.148
6,2,0.2,157,10,0,0.3,9,3,-1.02916329330083,0.148
6,2,0.2,190,10,0,0.3,9,3,-0.788815806671153,0.148
6,2,0.2,296,10,0,0.3,9,3,0.790639928032363,0.148
6,2,0.2,378,10,0,0.3,9,3,-0.874569923260481,0.148
6,2,0.2,420,10,0,0.3,9,3,1.09567877731865,0.148
6,2,0.2,262,10,0,0.3,9,3,-0.611524811657091,0.15
6,2,0.2,270,10,0,0.3,9,3,0.869089653142908,0.15
6,2,0.2,441,10,0,0.3,9,3,-1.12498089709172,0.15
6,2,0.2,87,10,0,0.3,9,3,-0.913631731134757,0.152
6,2,0.2,108,10,0,0.3,9,3,1.46182800918561,0.154
6,2,0.2,265,10,0,0.3,9,3,-0.447739268321669,0.154
6,2,0.2,289,10,0,0.3,9,3,-0.688455781856192,0.154
6,2,0.2,319,10,0,0.3,9,3,1.26756412691702,0.154
6,2,0.2,367,10,0,0.3,9,3,0.990159671565493,0.156
6,2,0.2,16,10,0,0.3,9,3,-0.846482912606461,0.158
6,2,0.2,142,10,0,0.3,9,3,-0.538254624789431,0.158
6,2,0.2,248,10,0,0.3,9,3,0.997717887556774,0.16
6,2,0.2,309,10,0,0.3,9,3,-0.752735828712957,0.16
6,2,0.2,419,10,0,0.3,9,3,-0.675910661782837,0.16
6,2,0.2,6,10,0,0.3,9,3,-0.867702515807281,0.162
6,2,0.2,25,10,0,0.3,9,3,0.851502615714281,0.162
6,2,0.2,115,10,0,0.3,9,3,0.453671760773176,0.162
6,2,0.2,266,10,0,0.3,9,3,-0.778246157570663,0.162
6,2,0.2,380,10,0,0.3,9,3,0.745252189219457,0.162
6,2,0.2,19,10,0,0.3,9,3,-0.465106231499732,0.164
6,2,0.2,173,10,0,0.3,9,3,0.856228958587707,0.164
6,2,0.2,488,10,0,0.3,9,3,-0.517502449811388,0.164
6,2,0.2,258,10,0,0.3,9,3,-1.18265744786851,0.168
6,2,0.2,310,10,0,0.3,9,3,0.847033970418948,0.168
6,2,0.2,448,10,0,0.3,9,3,-0.699964545107292,0.168
6,2,0.2,124,10,0,0.3,9,3,0.485664006252904,0.17
6,2,0.2,288,10,0,0.3,9,3,-1.25418349819404,0.17
6,2,0.2,294,10,0,0.3,9,3,0.582555419832289,0.17
6,2,0.2,213,10,0,0.3,9,3,-0.567377185947294,0.172
6,2,0.2,390,10,0,0.3,9,3,1.21607363671848,0.172
6,2,0.2,48,10,0,0.3,9,3,-0.677488496895251,0.174
6,2,0.2,145,10,0,0.3,9,3,0.801292311257356,0.174
6,2,0.2,13,10,0,0.3,9,3,0.95950864594036,0.176
6,2,0.2,74,10,0,0.3,9,3,-0.544823217857072,0.176
6,2,0.2,137,10,0,0.3,9,3,0.875794009620108,0.178
6,2,0.2,314,10,0,0.3,9,3,0.73316555515251,0.178
6,2,0.2,317,10,0,0.3,9,3,0.507189495846632,0.178
6,2,0.2,321,10,0,0.3,9,3,-0.992763383648509,0.178
6,2,0.2,391,10,0,0.3,9,3,0.810398643581493,0.178
6,2,0.2,152,10,0,0.3,9,3,0.416427110210037,0.18
6,2,0.2,81,10,0,0.3,9,3,0.506757316596548,0.186
6,2,0.2,434,10,0,0.3,9,3,0.38474514531643,0.186
6,2,0.2,250,10,0,0.3,9,3,-0.787133555334947,0.188
6,2,0.2,489,10,0,0.3,9,3,-0.889944550714603,0.192
6,2,0.2,78,10,0,0.3,9,3,-0.653123121809074,0.194
6,2,0.2,338,10,0,0.3,9,3,-0.557674203920982,0.194
6,2,0.2,80,10,0,0.3,9,3,0.531729784251809,0.196
6,2,0.2,41,10,0,0.3,9,3,0.458008056929856,0.198
6,2,0.2,125,10,0,0.3,9,3,-0.97941249067469,0.198
6,2,0.2,315,10,0,0.3,9,3,0.669298729837294,0.198
6,2,0.2,179,10,0,0.3,9,3,-0.588557157374936,0.2
6,2,0.2,352,10,0,0.3,9,3,-0.462924007803423,0.206
6,2,0.2,439,10,0,0.3,9,3,-0.566108887310094,0.206
6,2,0.2,350,10,0,0.3,9,3,0.982820188849928,0.21
6,2,0.2,374,10,0,0.3,9,3,-0.671659785684568,0.212
6,2,0.2,464,10,0,0.3,9,3,-0.608992423079172,0.212
6,2,0.2,46,10,0,0.3,9,3,-0.485474662097261,0.216
6,2,0.2,224,10,0,0.3,9,3,-0.353017749006995,0.224
6,2,0.2,440,10,0,0.3,9,3,-0.518036465102313,0.224
6,2,0.2,245,10,0,0.3,9,3,0.850336197551485,0.228
6,2,0.2,49,10,0,0.3,9,3,-0.796538199877858,0.23
6,2,0.2,57,10,0,0.3,9,3,0.630143911383357,0.234
6,2,0.2,68,10,0,0.3,9,3,0.754849228270672,0.234
6,2,0.2,358,10,0,0.3,9,3,-0.454545953724789,0.234
6,2,0.2,418,10,0,0.3,9,3,-0.659501330475081,0.238
6,2,0.2,234,10,0,0.3,9,3,0.562542674600508,0.24
6,2,0.2,332,10,0,0.3,9,3,-0.461516678345106,0.242
6,2,0.2,300,10,0,0.3,9,3,-0.583038033161131,0.244
6,2,0.2,54,10,0,0.3,9,3,0.364194488526152,0.248
6,2,0.2,99,10,0,0.3,9,3,1.00201726489479,0.248
6,2,0.2,63,10,0,0.3,9,3,0.78637837885023,0.25
6,2,0.2,230,10,0,0.3,9,3,0.477875784088525,0.254
6,2,0.2,354,10,0,0.3,9,3,-0.690017851191925,0.256
6,2,0.2,401,10,0,0.3,9,3,-0.795261623817424,0.26
6,2,0.2,494,10,0,0.3,9,3,-0.425576941825284,0.264
6,2,0.2,500,10,0,0.3,9,3,-0.624388066628967,0.264
6,2,0.2,466,10,0,0.3,9,3,0.567642706044325,0.268
6,2,0.2,174,10,0,0.3,9,3,0.915301363932286,0.27
6,2,0.2,431,10,0,0.3,9,3,-0.900862605664912,0.27
6,2,0.2,238,10,0,0.3,9,3,-0.289182788808688,0.276
6,2,0.2,398,10,0,0.3,9,3,0.767303822455091,0.276
6,2,0.2,21,10,0,0.3,9,3,0.701356622116805,0.282
6,2,0.2,223,10,0,0.3,9,3,-0.915906460691275,0.282
6,2,0.2,325,10,0,0.3,9,3,0.457249988550075,0.282
6,2,0.2,39,10,0,0.3,9,3,0.576836823695174,0.284
6,2,0.2,14,10,0,0.3,9,3,-0.521500899120412,0.292
6,2,0.2,406,10,0,0.3,9,3,-0.62550490620572,0.292
6,2,0.2,88,10,0,0.3,9,3,0.796705507443903,0.298
6,2,0.2,256,10,0,0.3,9,3,-0.347547357360611,0.298
6,2,0.2,360,10,0,0.3,9,3,-0.598675256329528,0.298
6,2,0.2,416,10,0,0.3,9,3,-0.638343522343348,0.298
6,2,0.2,24,10,0,0.3,9,3,1.00985609653705,0.308
6,2,0.2,113,10,0,0.3,9,3,0.519720076871749,0.308
6,2,0.2,357,10,0,0.3,9,3,0.577010581969972,0.31
6,2,0.2,4,10,0,0.3,9,3,0.532443254059956,0.312
6,2,0.2,271,10,0,0.3,9,3,0.318646123892762,0.312
6,2,0.2,392,10,0,0.3,9,3,-0.599841543387271,0.314
6,2,0.2,413,10,0,0.3,9,3,0.497002183335354,0.314
6,2,0.2,20,10,0,0.3,9,3,0.725561733916493,0.318
6,2,0.2,136,10,0,0.3,9,3,0.577371396122857,0.322
6,2,0.2,158,10,0,0.3,9,3,0.358378733568316,0.324
6,2,0.2,7,10,0,0.3,9,3,-0.678885436369143,0.326
6,2,0.2,268,10,0,0.3,9,3,-0.852811508785237,0.326
6,2,0.2,342,10,0,0.3,9,3,-0.82575538956354,0.326
6,2,0.2,302,10,0,0.3,9,3,0.204044691595101,0.342
6,2,0.2,498,10,0,0.3,9,3,0.339952517956164,0.344
6,2,0.2,492,10,0,0.3,9,3,0.251168008009387,0.348
6,2,0.2,339,10,0,0.3,9,3,-0.695936939208877,0.352
6,2,0.2,104,10,0,0.3,9,3,-0.603996823683474,0.354
6,2,0.2,187,10,0,0.3,9,3,0.507685980046034,0.354
6,2,0.2,384,10,0,0.3,9,3,-0.413995872283607,0.354
6,2,0.2,120,10,0,0.3,9,3,0.396598166901896,0.356
6,2,0.2,84,10,0,0.3,9,3,0.388765071655911,0.36
6,2,0.2,241,10,0,0.3,9,3,-0.200823392331301,0.36
6,2,0.2,308,10,0,0.3,9,3,-0.526206998918838,0.36
6,2,0.2,423,10,0,0.3,9,3,-0.78511610622067,0.362
6,2,0.2,407,10,0,0.3,9,3,0.436280949558608,0.374
6,2,0.2,426,10,0,0.3,9,3,-0.331983829309053,0.374
6,2,0.2,298,10,0,0.3,9,3,-0.75511324717499,0.382
6,2,0.2,387,10,0,0.3,9,3,0.317613790112972,0.382
6,2,0.2,462,10,0,0.3,9,3,0.50908032047289,0.384
6,2,0.2,165,10,0,0.3,9,3,-0.755041784657095,0.386
6,2,0.2,480,10,0,0.3,9,3,0.280733497164277,0.386
6,2,0.2,2,10,0,0.3,9,3,0.358367474662401,0.39
6,2,0.2,92,10,0,0.3,9,3,0.654217188169866,0.392
6,2,0.2,97,10,0,0.3,9,3,-0.363100495398157,0.392
6,2,0.2,452,10,0,0.3,9,3,-0.363700801752742,0.392
6,2,0.2,484,10,0,0.3,9,3,-1.64122005534082,0.394
6,2,0.2,38,10,0,0.3,9,3,0.357681639893201,0.408
6,2,0.2,42,10,0,0.3,9,3,0.878193394549214,0.408
6,2,0.2,146,10,0,0.3,9,3,0.420110477122137,0.408
6,2,0.2,421,10,0,0.3,9,3,-0.242705872423159,0.416
6,2,0.2,135,10,0,0.3,9,3,-0.34338631914494,0.418
6,2,0.2,306,10,0,0.3,9,3,0.567475020378197,0.418
6,2,0.2,89,10,0,0.3,9,3,-0.828898089091211,0.42
6,2,0.2,442,10,0,0.3,9,3,0.400019655377179,0.422
6,2,0.2,412,10,0,0.3,9,3,-0.426387431173396,0.426
6,2,0.2,499,10,0,0.3,9,3,0.291103788579079,0.43
6,2,0.2,202,10,0,0.3,9,3,0.313364794155234,0.434
6,2,0.2,363,10,0,0.3,9,3,-0.320274959346222,0.436
6,2,0.2,471,10,0,0.3,9,3,0.454969783949338,0.44
6,2,0.2,422,10,0,0.3,9,3,0.429544054430806,0.444
6,2,0.2,37,10,0,0.3,9,3,-1.05661458059299,0.452
6,2,0.2,457,10,0,0.3,9,3,-0.488063336700947,0.452
6,2,0.2,166,10,0,0.3,9,3,-0.291149908316015,0.454
6,2,0.2,94,10,0,0.3,9,3,-0.251843658604542,0.458
6,2,0.2,454,10,0,0.3,9,3,-0.339864249298756,0.458
6,2,0.2,101,10,0,0.3,9,3,-0.4724465670445,0.46
6,2,0.2,394,10,0,0.3,9,3,-0.255218575505921,0.462
6,2,0.2,55,10,0,0.3,9,3,0.763904342800345,0.474
6,2,0.2,203,10,0,0.3,9,3,0.203237083982486,0.474
6,2,0.2,351,10,0,0.3,9,3,0.581903517971966,0.474
6,2,0.2,195,10,0,0.3,9,3,0.394965212102477,0.476
6,2,0.2,336,10,0,0.3,9,3,-0.494856828919609,0.476
6,2,0.2,82,10,0,0.3,9,3,-0.521647168359465,0.478
6,2,0.2,493,10,0,0.3,9,3,1.08424179648358,0.478
6,2,0.2,273,10,0,0.3,9,3,-0.450248536921663,0.482
6,2,0.2,279,10,0,0.3,9,3,-0.438853821853456,0.482
6,2,0.2,404,10,0,0.3,9,3,0.267841101861507,0.484
6,2,0.2,307,10,0,0.3,9,3,-0.424531911221237,0.486
6,2,0.2,389,10,0,0.3,9,3,0.236083066610064,0.486
6,2,0.2,191,10,0,0.3,9,3,-0.642526312397877,0.49
6,2,0.2,139,10,0,0.3,9,3,0.682592249649105,0.492
6,2,0.2,397,10,0,0.3,9,3,0.333327036765468,0.494
6,2,0.2,201,10,0,0.3,9,3,0.348976031857546,0.504
6,2,0.2,322,10,0,0.3,9,3,-0.261787341180337,0.504
6,2,0.2,205,10,0,0.3,9,3,0.466901584735751,0.51
6,2,0.2,96,10,0,0.3,9,3,-0.299482763217895,0.512
6,2,0.2,470,10,0,0.3,9,3,0.399778885942084,0.512
6,2,0.2,252,10,0,0.3,9,3,-0.492849026704647,0.516
6,2,0.2,286,10,0,0.3,9,3,-0.358653838037071,0.524
6,2,0.2,132,10,0,0.3,9,3,0.306913046872523,0.526
6,2,0.2,371,10,0,0.3,9,3,1.16586696483566,0.526
6,2,0.2,122,10,0,0.3,9,3,0.434468985403697,0.53
6,2,0.2,281,10,0,0.3,9,3,0.94522343942748,0.53
6,2,0.2,284,10,0,0.3,9,3,-0.425197659208635,0.532
6,2,0.2,383,10,0,0.3,9,3,0.903912015085297,0.534
6,2,0.2,242,10,0,0.3,9,3,0.982471427161016,0.546
6,2,0.2,345,10,0,0.3,9,3,-0.162697285388589,0.55
6,2,0.2,214,10,0,0.3,9,3,0.286914913261569,0.558
6,2,0.2,486,10,0,0.3,9,3,0.448142152973219,0.56
6,2,0.2,93,10,0,0.3,9,3,-0.584519338230734,0.562
6,2,0.2,175,10,0,0.3,9,3,-0.400427689524918,0.562
6,2,0.2,198,10,0,0.3,9,3,0.6802261060609,0.562
6,2,0.2,184,10,0,0.3,9,3,-0.168535249209583,0.566
6,2,0.2,212,10,0,0.3,9,3,0.586230097011253,0.57
6,2,0.2,112,10,0,0.3,9,3,-0.831150742730188,0.58
6,2,0.2,192,10,0,0.3,9,3,-0.363272995523658,0.58
6,2,0.2,495,10,0,0.3,9,3,-0.201316100229633,0.58
6,2,0.2,116,10,0,0.3,9,3,-0.337356922661087,0.582
6,2,0.2,335,10,0,0.3,9,3,-0.231233564443812,0.582
6,2,0.2,370,10,0,0.3,9,3,-0.489410125908989,0.582
6,2,0.2,243,10,0,0.3,9,3,0.21147398971803,0.584
6,2,0.2,131,10,0,0.3,9,3,-0.238524790572541,0.588
6,2,0.2,364,10,0,0.3,9,3,-0.651949866858928,0.588
6,2,0.2,337,10,0,0.3,9,3,-0.194130101121914,0.59
6,2,0.2,346,10,0,0.3,9,3,0.146419097393334,0.602
6,2,0.2,47,10,0,0.3,9,3,0.270749648078151,0.604
6,2,0.2,58,10,0,0.3,9,3,-0.448872786498697,0.604
6,2,0.2,199,10,0,0.3,9,3,-0.387634643469767,0.604
6,2,0.2,326,10,0,0.3,9,3,0.374840516326174,0.604
6,2,0.2,280,10,0,0.3,9,3,-0.559395179693951,0.606
6,2,0.2,147,10,0,0.3,9,3,-0.44232489795516,0.608
6,2,0.2,453,10,0,0.3,9,3,-0.129346684725022,0.612
6,2,0.2,70,10,0,0.3,9,3,0.76219416268458,0.614
6,2,0.2,356,10,0,0.3,9,3,0.747781381232841,0.614
6,2,0.2,264,10,0,0.3,9,3,-0.180889326513267,0.616
6,2,0.2,117,10,0,0.3,9,3,0.512079846088596,0.62
6,2,0.2,159,10,0,0.3,9,3,0.445879639504454,0.62
6,2,0.2,210,10,0,0.3,9,3,-0.494985002818026,0.62
6,2,0.2,379,10,0,0.3,9,3,-0.179385462384687,0.622
6,2,0.2,119,10,0,0.3,9,3,-0.858339043409472,0.626
6,2,0.2,162,10,0,0.3,9,3,-0.328088285815852,0.626
6,2,0.2,90,10,0,0.3,9,3,0.258421398341994,0.628
6,2,0.2,303,10,0,0.3,9,3,-0.234502587378955,0.632
6,2,0.2,433,10,0,0.3,9,3,0.427740052787186,0.632
6,2,0.2,497,10,0,0.3,9,3,0.629501234861465,0.632
6,2,0.2,28,10,0,0.3,9,3,0.197330363851961,0.634
6,2,0.2,72,10,0,0.3,9,3,-0.080165759865281,0.636
6,2,0.2,475,10,0,0.3,9,3,0.540984879499234,0.636
6,2,0.2,478,10,0,0.3,9,3,-0.371096526867802,0.636
6,2,0.2,211,10,0,0.3,9,3,-0.298727502814074,0.638
6,2,0.2,225,10,0,0.3,9,3,0.311020369540415,0.638
6,2,0.2,290,10,0,0.3,9,3,0.312023437045724,0.638
6,2,0.2,323,10,0,0.3,9,3,-0.217923584619115,0.638
6,2,0.2,496,10,0,0.3,9,3,-0.397212237966613,0.638
6,2,0.2,381,10,0,0.3,9,3,0.312561910821245,0.64
6,2,0.2,443,10,0,0.3,9,3,0.171161160618141,0.642
6,2,0.2,411,10,0,0.3,9,3,-0.275205601464251,0.644
6,2,0.2,220,10,0,0.3,9,3,0.750237727190552,0.646
6,2,0.2,75,10,0,0.3,9,3,-0.28165675611757,0.65
6,2,0.2,105,10,0,0.3,9,3,-0.710862710990796,0.65
6,2,0.2,444,10,0,0.3,9,3,0.169808100652574,0.652
6,2,0.2,386,10,0,0.3,9,3,0.257198648945121,0.654
6,2,0.2,467,10,0,0.3,9,3,-0.511649350711821,0.656
6,2,0.2,103,10,0,0.3,9,3,-0.349012444448022,0.658
6,2,0.2,114,10,0,0.3,9,3,0.786671534945384,0.658
6,2,0.2,121,10,0,0.3,9,3,0.440725974793224,0.658
6,2,0.2,427,10,0,0.3,9,3,-0.279999317938888,0.66
6,2,0.2,334,10,0,0.3,9,3,-0.359295392560597,0.666
6,2,0.2,450,10,0,0.3,9,3,-0.139123154282942,0.666
6,2,0.2,219,10,0,0.3,9,3,-0.225349464182273,0.67
6,2,0.2,278,10,0,0.3,9,3,-0.5192618715501,0.67
6,2,0.2,474,10,0,0.3,9,3,0.119073454476876,0.67
6,2,0.2,128,10,0,0.3,9,3,0.313288510042696,0.672
6,2,0.2,469,10,0,0.3,9,3,0.303875633092815,0.672
6,2,0.2,172,10,0,0.3,9,3,-0.532035506286547,0.674
6,2,0.2,221,10,0,0.3,9,3,0.264537200731155,0.678
6,2,0.2,490,10,0,0.3,9,3,0.197076800476594,0.678
6,2,0.2,424,10,0,0.3,9,3,0.245999662316592,0.68
6,2,0.2,106,10,0,0.3,9,3,0.158221008248233,0.682
6,2,0.2,269,10,0,0.3,9,3,-0.159159031745304,0.682
6,2,0.2,414,10,0,0.3,9,3,0.343423045202428,0.682
6,2,0.2,10,10,0,0.3,9,3,0.336098873891586,0.688
6,2,0.2,240,10,0,0.3,9,3,0.174985150994928,0.688
6,2,0.2,472,10,0,0.3,9,3,0.228114259518094,0.688
6,2,0.2,376,10,0,0.3,9,3,0.317598371094249,0.69
6,2,0.2,388,10,0,0.3,9,3,-0.322159087693592,0.69
6,2,0.2,479,10,0,0.3,9,3,-1.06729182216844,0.69
6,2,0.2,435,10,0,0.3,9,3,-0.363905503866562,0.692
6,2,0.2,283,10,0,0.3,9,3,-0.190081061308661,0.694
6,2,0.2,272,10,0,0.3,9,3,-0.645250835403203,0.696
6,2,0.2,277,10,0,0.3,9,3,-0.183509286786546,0.698
6,2,0.2,23,10,0,0.3,9,3,0.532887101458215,0.7
6,2,0.2,77,10,0,0.3,9,3,-0.22236683368871,0.7
6,2,0.2,177,10,0,0.3,9,3,-0.182654538683295,0.7
6,2,0.2,226,10,0,0.3,9,3,-0.393820458259768,0.7
6,2,0.2,459,10,0,0.3,9,3,-0.167534187868,0.7
6,2,0.2,134,10,0,0.3,9,3,0.441378613937502,0.702
6,2,0.2,260,10,0,0.3,9,3,-0.641140551423263,0.702
6,2,0.2,369,10,0,0.3,9,3,0.515031290236294,0.702
6,2,0.2,313,10,0,0.3,9,3,0.272082088137154,0.704
6,2,0.2,153,10,0,0.3,9,3,0.203432540721593,0.706
6,2,0.2,168,10,0,0.3,9,3,0.240012034462893,0.706
6,2,0.2,207,10,0,0.3,9,3,-0.344674137442922,0.706
6,2,0.2,257,10,0,0.3,9,3,-0.401227177039971,0.708
6,2,0.2,51,10,0,0.3,9,3,0.312547416959262,0.71
6,2,0.2,349,10,0,0.3,9,3,0.167024150688405,0.71
6,2,0.2,465,10,0,0.3,9,3,0.118921637894942,0.71
6,2,0.2,167,10,0,0.3,9,3,-0.52250324565361,0.712
6,2,0.2,253,10,0,0.3,9,3,-0.286218072747658,0.714
6,2,0.2,344,10,0,0.3,9,3,-0.177460346917826,0.716
6,2,0.2,291,10,0,0.3,9,3,-0.27404347290522,0.718
6,2,0.2,437,10,0,0.3,9,3,0.267020539174212,0.722
6,2,0.2,188,10,0,0.3,9,3,0.305677837942739,0.724
6,2,0.2,400,10,0,0.3,9,3,-0.231557243229958,0.726
6,2,0.2,446,10,0,0.3,9,3,-0.104905328465435,0.728
6,2,0.2,430,10,0,0.3,9,3,-0.414638496006091,0.734
6,2,0.2,455,10,0,0.3,9,3,-0.300430297414493,0.734
6,2,0.2,18,10,0,0.3,9,3,-0.219075367419748,0.736
6,2,0.2,8,10,0,0.3,9,3,-0.253487689934218,0.738
6,2,0.2,73,10,0,0.3,9,3,-0.123133286544089,0.738
6,2,0.2,123,10,0,0.3,9,3,-0.202779946934925,0.738
6,2,0.2,143,10,0,0.3,9,3,-0.17301610018194,0.738
6,2,0.2,45,10,0,0.3,9,3,0.498281677001501,0.746
6,2,0.2,181,10,0,0.3,9,3,0.36781954925064,0.746
6,2,0.2,155,10,0,0.3,9,3,-0.251508340580443,0.748
6,2,0.2,40,10,0,0.3,9,3,-0.327492105645149,0.75
6,2,0.2,232,10,0,0.3,9,3,0.0910393380555377,0.75
6,2,0.2,52,10,0,0.3,9,3,-0.210438830075134,0.752
6,2,0.2,249,10,0,0.3,9,3,0.170054857346457,0.77
6,2,0.2,227,10,0,0.3,9,3,0.160503057635196,0.772
6,2,0.2,11,10,0,0.3,9,3,0.227918731231739,0.774
6,2,0.2,67,10,0,0.3,9,3,0.203596199274273,0.774
6,2,0.2,170,10,0,0.3,9,3,0.0865050756789572,0.778
6,2,0.2,237,10,0,0.3,9,3,-0.217850976630899,0.78
6,2,0.2,305,10,0,0.3,9,3,0.0924001403621446,0.78
6,2,0.2,485,10,0,0.3,9,3,0.128046859668132,0.78
6,2,0.2,34,10,0,0.3,9,3,-0.230124149345585,0.782
6,2,0.2,26,10,0,0.3,9,3,0.217354979127094,0.784
6,2,0.2,216,10,0,0.3,9,3,0.123565044208419,0.786
6,2,0.2,261,10,0,0.3,9,3,0.310316954880108,0.786
6,2,0.2,61,10,0,0.3,9,3,0.312609833653454,0.788
6,2,0.2,235,10,0,0.3,9,3,-0.174334382238499,0.792
6,2,0.2,445,10,0,0.3,9,3,-0.202870849976421,0.792
6,2,0.2,59,10,0,0.3,9,3,0.145004338210327,0.794
6,2,0.2,149,10,0,0.3,9,3,0.271859292483384,0.796
6,2,0.2,163,10,0,0.3,9,3,-0.151873524325509,0.796
6,2,0.2,285,10,0,0.3,9,3,-0.15164569961442,0.804
6,2,0.2,263,10,0,0.3,9,3,0.0711336392406281,0.808
6,2,0.2,449,10,0,0.3,9,3,0.122844982270692,0.81
6,2,0.2,316,10,0,0.3,9,3,-0.101750064395304,0.814
6,2,0.2,15,10,0,0.3,9,3,0.159316736439848,0.818
6,2,0.2,32,10,0,0.3,9,3,0.0976887754819131,0.82
6,2,0.2,197,10,0,0.3,9,3,0.090504257148865,0.82
6,2,0.2,375,10,0,0.3,9,3,-0.0775414075183676,0.822
6,2,0.2,295,10,0,0.3,9,3,-0.207257855286457,0.824
6,2,0.2,399,10,0,0.3,9,3,0.0768235018794314,0.828
6,2,0.2,410,10,0,0.3,9,3,0.219960811356799,0.828
6,2,0.2,189,10,0,0.3,9,3,0.0825388812414474,0.83
6,2,0.2,171,10,0,0.3,9,3,0.119603191825917,0.834
6,2,0.2,428,10,0,0.3,9,3,-0.173430045403023,0.838
6,2,0.2,194,10,0,0.3,9,3,-0.10150002151741,0.844
6,2,0.2,292,10,0,0.3,9,3,-0.0854458105541767,0.846
6,2,0.2,405,10,0,0.3,9,3,-0.127862649330609,0.854
6,2,0.2,43,10,0,0.3,9,3,-0.0622733542134597,0.856
6,2,0.2,254,10,0,0.3,9,3,0.0889402449854231,0.856
6,2,0.2,320,10,0,0.3,9,3,-0.0714742933140258,0.86
6,2,0.2,244,10,0,0.3,9,3,0.0798721733166587,0.862
6,2,0.2,368,10,0,0.3,9,3,0.068355636404732,0.862
6,2,0.2,382,10,0,0.3,9,3,0.0777811127053667,0.862
6,2,0.2,247,10,0,0.3,9,3,-0.0870494155844028,0.864
6,2,0.2,451,10,0,0.3,9,3,0.082565504075319,0.868
6,2,0.2,366,10,0,0.3,9,3,0.0413427980060703,0.87
6,2,0.2,395,10,0,0.3,9,3,-0.0847652200444031,0.872
6,2,0.2,436,10,0,0.3,9,3,-0.0977033863115082,0.872
6,2,0.2,304,10,0,0.3,9,3,0.113468329905771,0.874
6,2,0.2,186,10,0,0.3,9,3,0.0700332679995483,0.878
6,2,0.2,222,10,0,0.3,9,3,0.162136864977072,0.878
6,2,0.2,365,10,0,0.3,9,3,-0.130504483161133,0.882
6,2,0.2,468,10,0,0.3,9,3,-0.0327490309800851,0.882
6,2,0.2,482,10,0,0.3,9,3,-0.171080901699838,0.882
6,2,0.2,409,10,0,0.3,9,3,0.125109576431498,0.886
6,2,0.2,481,10,0,0.3,9,3,-0.0409195070507451,0.89
6,2,0.2,83,10,0,0.3,9,3,0.127191959434697,0.892
6,2,0.2,204,10,0,0.3,9,3,0.0712547473032714,0.894
6,2,0.2,98,10,0,0.3,9,3,0.0792051388559116,0.898
6,2,0.2,218,10,0,0.3,9,3,-0.101506789863265,0.898
6,2,0.2,333,10,0,0.3,9,3,0.0681576270187065,0.898
6,2,0.2,329,10,0,0.3,9,3,-0.0998821448766307,0.9
6,2,0.2,56,10,0,0.3,9,3,0.052062956772545,0.904
6,2,0.2,33,10,0,0.3,9,3,-0.0463786843800449,0.908
6,2,0.2,343,10,0,0.3,9,3,-0.0525359810179964,0.918
6,2,0.2,228,10,0,0.3,9,3,0.0579792782299933,0.928
6,2,0.2,95,10,0,0.3,9,3,0.0603437268572691,0.93
6,2,0.2,126,10,0,0.3,9,3,0.0552265674212151,0.93
6,2,0.2,251,10,0,0.3,9,3,0.036286050560733,0.93
6,2,0.2,66,10,0,0.3,9,3,-0.0305863121685661,0.934
6,2,0.2,127,10,0,0.3,9,3,0.0357918827966444,0.94
6,2,0.2,50,10,0,0.3,9,3,-0.0320431750654393,0.942
6,2,0.2,438,10,0,0.3,9,3,0.0503068634512545,0.942
6,2,0.2,196,10,0,0.3,9,3,-0.0495132096615976,0.946
6,2,0.2,287,10,0,0.3,9,3,-0.031239308002398,0.946
6,2,0.2,402,10,0,0.3,9,3,-0.0496056283915038,0.946
6,2,0.2,408,10,0,0.3,9,3,-0.0235568646361344,0.946
6,2,0.2,35,10,0,0.3,9,3,-0.0241951116566668,0.948
6,2,0.2,200,10,0,0.3,9,3,0.04130326190446,0.948
6,2,0.2,347,10,0,0.3,9,3,0.0860849499492815,0.948
6,2,0.2,150,10,0,0.3,9,3,-0.0375325624420668,0.95
6,2,0.2,415,10,0,0.3,9,3,0.0391306209384368,0.954
6,2,0.2,3,10,0,0.3,9,3,-0.0346403569030258,0.956
6,2,0.2,461,10,0,0.3,9,3,-0.0408034639793584,0.956
6,2,0.2,102,10,0,0.3,9,3,0.0477426605768585,0.962
6,2,0.2,140,10,0,0.3,9,3,0.0270252257846266,0.964
6,2,0.2,182,10,0,0.3,9,3,-0.0332014138612351,0.966
6,2,0.2,5,10,0,0.3,9,3,0.0311407973848929,0.972
6,2,0.2,487,10,0,0.3,9,3,0.0365512912681538,0.974
6,2,0.2,111,10,0,0.3,9,3,-0.0193206111577808,0.976
6,2,0.2,164,10,0,0.3,9,3,-0.0280531059601969,0.976
6,2,0.2,148,10,0,0.3,9,3,-0.0103995798403673,0.978
6,2,0.2,477,10,0,0.3,9,3,0.0134749613762608,0.984
6,2,0.2,403,10,0,0.3,9,3,0.00661150082160589,0.986
6,2,0.2,491,10,0,0.3,9,3,-0.0174560389387182,0.99
6,2,0.2,110,10,0,0.3,9,3,-0.00391152728397515,0.992
6,2,0.2,372,10,0,0.3,9,3,-0.0121266755739953,0.992
6,2,0.2,107,10,0,0.3,9,3,-0.00461193602438925,0.996
6,2,0.2,236,10,0,0.3,9,3,-0.0149602001577591,0.996
6,2,0.2,361,10,0,0.3,10,3,1.12529391762939,0.02
6,2,0.2,48,10,0,0.3,10,3,-1.98217804510114,0.024
6,2,0.2,121,10,0,0.3,10,3,0.951031434940603,0.026
6,2,0.2,221,10,0,0.3,10,3,-1.11085525409672,0.03
6,2,0.2,368,10,0,0.3,10,3,1.6958084584202,0.034
6,2,0.2,372,10,0,0.3,10,3,-1.29467357687975,0.042
6,2,0.2,153,10,0,0.3,10,3,1.5979157261595,0.044
6,2,0.2,315,10,0,0.3,10,3,0.738841066601651,0.05
6,2,0.2,327,10,0,0.3,10,3,1.65834869882625,0.05
6,2,0.2,81,10,0,0.3,10,3,-1.94894956394495,0.052
6,2,0.2,112,10,0,0.3,10,3,1.35977428374528,0.052
6,2,0.2,356,10,0,0.3,10,3,0.902409113311677,0.052
6,2,0.2,2,10,0,0.3,10,3,1.13515613090624,0.054
6,2,0.2,340,10,0,0.3,10,3,-1.45576364395049,0.058
6,2,0.2,484,10,0,0.3,10,3,1.80533257566213,0.058
6,2,0.2,98,10,0,0.3,10,3,1.7632275978425,0.06
6,2,0.2,49,10,0,0.3,10,3,-1.07140315935158,0.064
6,2,0.2,106,10,0,0.3,10,3,0.736788599470117,0.066
6,2,0.2,136,10,0,0.3,10,3,1.0691030041796,0.066
6,2,0.2,311,10,0,0.3,10,3,-0.871580522892401,0.066
6,2,0.2,469,10,0,0.3,10,3,-1.32500007104875,0.066
6,2,0.2,67,10,0,0.3,10,3,-0.912147034334055,0.068
6,2,0.2,291,10,0,0.3,10,3,-1.21993062296323,0.068
6,2,0.2,331,10,0,0.3,10,3,-1.0320858028235,0.068
6,2,0.2,478,10,0,0.3,10,3,-1.24756510636234,0.068
6,2,0.2,147,10,0,0.3,10,3,-0.998252168007951,0.07
6,2,0.2,285,10,0,0.3,10,3,-1.05123104154424,0.07
6,2,0.2,142,10,0,0.3,10,3,0.849401333743344,0.072
6,2,0.2,450,10,0,0.3,10,3,-0.994303095196841,0.072
6,2,0.2,474,10,0,0.3,10,3,-1.3024072240172,0.072
6,2,0.2,41,10,0,0.3,10,3,-1.42742398889533,0.074
6,2,0.2,44,10,0,0.3,10,3,1.32273368154202,0.074
6,2,0.2,166,10,0,0.3,10,3,-0.830846435436314,0.074
6,2,0.2,495,10,0,0.3,10,3,1.58874109653885,0.074
6,2,0.2,116,10,0,0.3,10,3,-1.44817608811152,0.076
6,2,0.2,303,10,0,0.3,10,3,0.733634441440472,0.078
6,2,0.2,138,10,0,0.3,10,3,0.707533886836387,0.08
6,2,0.2,352,10,0,0.3,10,3,1.02785109642178,0.08
6,2,0.2,440,10,0,0.3,10,3,1.26962888670303,0.082
6,2,0.2,371,10,0,0.3,10,3,-1.71811038571511,0.084
6,2,0.2,27,10,0,0.3,10,3,-0.730657267811921,0.086
6,2,0.2,350,10,0,0.3,10,3,1.03383224394162,0.086
6,2,0.2,463,10,0,0.3,10,3,1.45396788806653,0.086
6,2,0.2,182,10,0,0.3,10,3,-1.3105945925993,0.088
6,2,0.2,428,10,0,0.3,10,3,1.06394521610628,0.088
6,2,0.2,442,10,0,0.3,10,3,-0.960661549743435,0.088
6,2,0.2,444,10,0,0.3,10,3,-0.775790935644238,0.088
6,2,0.2,80,10,0,0.3,10,3,-0.94679218594689,0.09
6,2,0.2,266,10,0,0.3,10,3,1.21236667134107,0.092
6,2,0.2,498,10,0,0.3,10,3,1.00582278925017,0.092
6,2,0.2,78,10,0,0.3,10,3,-0.99222578980644,0.094
6,2,0.2,378,10,0,0.3,10,3,-1.40643716945391,0.094
6,2,0.2,375,10,0,0.3,10,3,1.09638377318069,0.098
6,2,0.2,414,10,0,0.3,10,3,-0.903350027267948,0.098
6,2,0.2,155,10,0,0.3,10,3,-0.935197033733203,0.1
6,2,0.2,210,10,0,0.3,10,3,1.01427707987554,0.1
6,2,0.2,274,10,0,0.3,10,3,0.810189153826371,0.1
6,2,0.2,338,10,0,0.3,10,3,-0.925061601892367,0.1
6,2,0.2,382,10,0,0.3,10,3,0.759351808680378,0.1
6,2,0.2,485,10,0,0.3,10,3,-0.812698033015465,0.1
6,2,0.2,131,10,0,0.3,10,3,1.24149926968812,0.102
6,2,0.2,256,10,0,0.3,10,3,-0.547854686076477,0.102
6,2,0.2,188,10,0,0.3,10,3,0.987711862480865,0.104
6,2,0.2,231,10,0,0.3,10,3,0.877794371237712,0.104
6,2,0.2,497,10,0,0.3,10,3,1.55247047609811,0.104
6,2,0.2,500,10,0,0.3,10,3,-0.663206635442037,0.104
6,2,0.2,287,10,0,0.3,10,3,-1.32503537368964,0.108
6,2,0.2,452,10,0,0.3,10,3,1.0679374279093,0.108
6,2,0.2,489,10,0,0.3,10,3,1.02978356766369,0.108
6,2,0.2,216,10,0,0.3,10,3,-1.38032252930995,0.11
6,2,0.2,218,10,0,0.3,10,3,1.28646925819106,0.11
6,2,0.2,309,10,0,0.3,10,3,-0.8144407662692,0.11
6,2,0.2,468,10,0,0.3,10,3,-0.645103706188394,0.11
6,2,0.2,8,10,0,0.3,10,3,0.973245885959273,0.112
6,2,0.2,207,10,0,0.3,10,3,-0.568751092271441,0.112
6,2,0.2,399,10,0,0.3,10,3,1.15064231928233,0.112
6,2,0.2,170,10,0,0.3,10,3,-1.26700804497764,0.116
6,2,0.2,397,10,0,0.3,10,3,-0.520897841507491,0.116
6,2,0.2,214,10,0,0.3,10,3,0.540461324594105,0.118
6,2,0.2,268,10,0,0.3,10,3,-1.20014412332154,0.118
6,2,0.2,460,10,0,0.3,10,3,1.01979090876949,0.118
6,2,0.2,341,10,0,0.3,10,3,1.37676429677705,0.12
6,2,0.2,354,10,0,0.3,10,3,0.922079889918564,0.12
6,2,0.2,87,10,0,0.3,10,3,-1.00490579977222,0.122
6,2,0.2,319,10,0,0.3,10,3,-1.17659802237716,0.122
6,2,0.2,415,10,0,0.3,10,3,-0.620664497973792,0.124
6,2,0.2,423,10,0,0.3,10,3,-0.55336111308489,0.124
6,2,0.2,458,10,0,0.3,10,3,-0.927915957990535,0.124
6,2,0.2,189,10,0,0.3,10,3,0.396570940733511,0.126
6,2,0.2,198,10,0,0.3,10,3,1.11303234421771,0.126
6,2,0.2,242,10,0,0.3,10,3,-1.33469370643385,0.126
6,2,0.2,390,10,0,0.3,10,3,-1.45338225317747,0.126
6,2,0.2,248,10,0,0.3,10,3,-0.582821665425115,0.128
6,2,0.2,379,10,0,0.3,10,3,0.836890849173045,0.128
6,2,0.2,427,10,0,0.3,10,3,-0.622695998023687,0.128
6,2,0.2,220,10,0,0.3,10,3,0.72357138184816,0.13
6,2,0.2,37,10,0,0.3,10,3,1.16919820606128,0.132
6,2,0.2,436,10,0,0.3,10,3,0.658601160719655,0.132
6,2,0.2,83,10,0,0.3,10,3,1.18278657931347,0.134
6,2,0.2,107,10,0,0.3,10,3,-0.484796381399008,0.134
6,2,0.2,322,10,0,0.3,10,3,-1.18969128090757,0.136
6,2,0.2,405,10,0,0.3,10,3,-0.667619510139843,0.136
6,2,0.2,178,10,0,0.3,10,3,0.904980284453615,0.14
6,2,0.2,203,10,0,0.3,10,3,0.477215465373092,0.14
6,2,0.2,328,10,0,0.3,10,3,-0.948464302461502,0.14
6,2,0.2,465,10,0,0.3,10,3,1.2195981167651,0.14
6,2,0.2,250,10,0,0.3,10,3,0.781414594692109,0.142
6,2,0.2,140,10,0,0.3,10,3,-0.586553221653986,0.144
6,2,0.2,409,10,0,0.3,10,3,0.741203137467807,0.144
6,2,0.2,24,10,0,0.3,10,3,1.14036813257979,0.146
6,2,0.2,92,10,0,0.3,10,3,1.17180778921494,0.146
6,2,0.2,333,10,0,0.3,10,3,0.719875144764728,0.146
6,2,0.2,13,10,0,0.3,10,3,-0.896533613152855,0.148
6,2,0.2,167,10,0,0.3,10,3,-0.891930578544049,0.148
6,2,0.2,70,10,0,0.3,10,3,-0.847886791070209,0.152
6,2,0.2,454,10,0,0.3,10,3,0.332921606158777,0.152
6,2,0.2,110,10,0,0.3,10,3,0.936195341938827,0.154
6,2,0.2,190,10,0,0.3,10,3,-0.51388517832865,0.154
6,2,0.2,410,10,0,0.3,10,3,-0.632851095005691,0.154
6,2,0.2,437,10,0,0.3,10,3,0.785747926481605,0.154
6,2,0.2,22,10,0,0.3,10,3,-0.823103969355969,0.158
6,2,0.2,473,10,0,0.3,10,3,-0.767209071909377,0.158
6,2,0.2,185,10,0,0.3,10,3,-0.474780508664168,0.16
6,2,0.2,296,10,0,0.3,10,3,-1.15083146612415,0.16
6,2,0.2,95,10,0,0.3,10,3,-0.556422583862116,0.162
6,2,0.2,293,10,0,0.3,10,3,-0.635918940689891,0.162
6,2,0.2,425,10,0,0.3,10,3,-0.403756630248154,0.162
6,2,0.2,25,10,0,0.3,10,3,0.559719966487449,0.164
6,2,0.2,82,10,0,0.3,10,3,-0.981757438713117,0.164
6,2,0.2,278,10,0,0.3,10,3,0.926952237578973,0.164
6,2,0.2,373,10,0,0.3,10,3,1.08893260470128,0.164
6,2,0.2,411,10,0,0.3,10,3,-0.845930808743248,0.168
6,2,0.2,45,10,0,0.3,10,3,0.65908666060389,0.17
6,2,0.2,255,10,0,0.3,10,3,-0.638864535367844,0.174
6,2,0.2,130,10,0,0.3,10,3,-0.758618882967681,0.176
6,2,0.2,388,10,0,0.3,10,3,-0.702461890535801,0.176
6,2,0.2,343,10,0,0.3,10,3,0.292451287409506,0.178
6,2,0.2,491,10,0,0.3,10,3,-1.76882742676466,0.18
6,2,0.2,7,10,0,0.3,10,3,-0.540093789179821,0.182
6,2,0.2,419,10,0,0.3,10,3,0.725838386060275,0.186
6,2,0.2,30,10,0,0.3,10,3,0.970824959976881,0.19
6,2,0.2,168,10,0,0.3,10,3,0.65924813376995,0.192
6,2,0.2,235,10,0,0.3,10,3,0.528911384255309,0.192
6,2,0.2,66,10,0,0.3,10,3,0.432412509212213,0.194
6,2,0.2,186,10,0,0.3,10,3,-0.57253589058439,0.196
6,2,0.2,34,10,0,0.3,10,3,-0.764236003114775,0.2
6,2,0.2,195,10,0,0.3,10,3,-0.89012025514748,0.2
6,2,0.2,15,10,0,0.3,10,3,0.872629731632713,0.202
6,2,0.2,275,10,0,0.3,10,3,-0.338238528729192,0.202
6,2,0.2,238,10,0,0.3,10,3,-0.676837474622744,0.206
6,2,0.2,443,10,0,0.3,10,3,0.600014068439521,0.206
6,2,0.2,222,10,0,0.3,10,3,0.664398254363221,0.21
6,2,0.2,422,10,0,0.3,10,3,0.695578644717642,0.21
6,2,0.2,294,10,0,0.3,10,3,0.722034341820489,0.214
6,2,0.2,381,10,0,0.3,10,3,-0.804428706263479,0.214
6,2,0.2,94,10,0,0.3,10,3,0.595963656794282,0.218
6,2,0.2,102,10,0,0.3,10,3,0.813422192642975,0.22
6,2,0.2,270,10,0,0.3,10,3,0.560180464600478,0.22
6,2,0.2,300,10,0,0.3,10,3,-0.78717389000721,0.222
6,2,0.2,449,10,0,0.3,10,3,0.522035250525533,0.222
6,2,0.2,69,10,0,0.3,10,3,-0.509953494400918,0.226
6,2,0.2,57,10,0,0.3,10,3,-0.755493349737066,0.228
6,2,0.2,42,10,0,0.3,10,3,-0.468689871191202,0.232
6,2,0.2,151,10,0,0.3,10,3,-0.44111065417141,0.232
6,2,0.2,358,10,0,0.3,10,3,0.736881794901251,0.232
6,2,0.2,11,10,0,0.3,10,3,-0.550539683229431,0.244
6,2,0.2,196,10,0,0.3,10,3,0.427314355749246,0.254
6,2,0.2,212,10,0,0.3,10,3,0.360547998608723,0.254
6,2,0.2,164,10,0,0.3,10,3,0.51474319948781,0.258
6,2,0.2,204,10,0,0.3,10,3,0.249943354731641,0.258
6,2,0.2,225,10,0,0.3,10,3,-1.06610540275361,0.26
6,2,0.2,205,10,0,0.3,10,3,-0.457082899438745,0.262
6,2,0.2,272,10,0,0.3,10,3,0.558484622433014,0.264
6,2,0.2,324,10,0,0.3,10,3,-1.08095785943109,0.268
6,2,0.2,29,10,0,0.3,10,3,-0.597579802642741,0.27
6,2,0.2,258,10,0,0.3,10,3,0.516293238476521,0.27
6,2,0.2,402,10,0,0.3,10,3,-0.96113034586736,0.27
6,2,0.2,276,10,0,0.3,10,3,0.620425845330431,0.292
6,2,0.2,61,10,0,0.3,10,3,-0.469389035125204,0.294
6,2,0.2,187,10,0,0.3,10,3,0.343828685448926,0.294
6,2,0.2,299,10,0,0.3,10,3,0.902113081852917,0.294
6,2,0.2,47,10,0,0.3,10,3,-0.464037373151427,0.296
6,2,0.2,99,10,0,0.3,10,3,-0.673014831759843,0.3
6,2,0.2,55,10,0,0.3,10,3,-0.486430522410302,0.304
6,2,0.2,325,10,0,0.3,10,3,0.436090330804632,0.304
6,2,0.2,129,10,0,0.3,10,3,0.704734003689765,0.31
6,2,0.2,391,10,0,0.3,10,3,-0.373851342620355,0.312
6,2,0.2,413,10,0,0.3,10,3,0.414048420039222,0.32
6,2,0.2,441,10,0,0.3,10,3,-0.534221922177068,0.322
6,2,0.2,307,10,0,0.3,10,3,-1.04275398932478,0.324
6,2,0.2,430,10,0,0.3,10,3,1.09932459266864,0.324
6,2,0.2,349,10,0,0.3,10,3,1.04665253478035,0.326
6,2,0.2,395,10,0,0.3,10,3,0.430783683815235,0.33
6,2,0.2,246,10,0,0.3,10,3,-0.429301976733086,0.334
6,2,0.2,364,10,0,0.3,10,3,0.4023341017961,0.336
6,2,0.2,39,10,0,0.3,10,3,0.758691317955765,0.338
6,2,0.2,403,10,0,0.3,10,3,0.410949391004095,0.338
6,2,0.2,320,10,0,0.3,10,3,-0.913145766728974,0.34
6,2,0.2,243,10,0,0.3,10,3,-0.280856674893386,0.344
6,2,0.2,466,10,0,0.3,10,3,-0.453037931188447,0.35
6,2,0.2,43,10,0,0.3,10,3,-0.630312134713193,0.352
6,2,0.2,488,10,0,0.3,10,3,0.367816140509831,0.358
6,2,0.2,77,10,0,0.3,10,3,0.585002626665243,0.364
6,2,0.2,201,10,0,0.3,10,3,-0.269121774211214,0.382
6,2,0.2,369,10,0,0.3,10,3,0.358789307991657,0.384
6,2,0.2,257,10,0,0.3,10,3,0.589507930085972,0.386
6,2,0.2,1,10,0,0.3,10,3,-0.489105244686357,0.392
6,2,0.2,316,10,0,0.3,10,3,0.518220384773485,0.394
6,2,0.2,308,10,0,0.3,10,3,-0.206670978120144,0.4
6,2,0.2,386,10,0,0.3,10,3,0.51390445846107,0.42
6,2,0.2,145,10,0,0.3,10,3,0.664792065490474,0.426
6,2,0.2,156,10,0,0.3,10,3,-0.599909977345959,0.428
6,2,0.2,479,10,0,0.3,10,3,-0.572968599019902,0.428
6,2,0.2,171,10,0,0.3,10,3,0.379715875998897,0.43
6,2,0.2,359,10,0,0.3,10,3,0.209734365792485,0.43
6,2,0.2,62,10,0,0.3,10,3,-0.726314974910309,0.432
6,2,0.2,74,10,0,0.3,10,3,-0.590080782648471,0.438
6,2,0.2,264,10,0,0.3,10,3,-0.727680767079079,0.44
6,2,0.2,445,10,0,0.3,10,3,-0.254894597042636,0.44
6,2,0.2,384,10,0,0.3,10,3,-0.353453306053325,0.448
6,2,0.2,282,10,0,0.3,10,3,0.348164748555888,0.45
6,2,0.2,163,10,0,0.3,10,3,0.598569648077245,0.46
6,2,0.2,73,10,0,0.3,10,3,-0.285081024098048,0.464
6,2,0.2,447,10,0,0.3,10,3,0.507517895163545,0.464
6,2,0.2,88,10,0,0.3,10,3,-0.377420512756117,0.47
6,2,0.2,118,10,0,0.3,10,3,0.151995285819112,0.476
6,2,0.2,240,10,0,0.3,10,3,-0.668207110712615,0.476
6,2,0.2,492,10,0,0.3,10,3,-0.349566691494715,0.478
6,2,0.2,6,10,0,0.3,10,3,0.535534713743829,0.484
6,2,0.2,181,10,0,0.3,10,3,-0.542120054055118,0.484
6,2,0.2,219,10,0,0.3,10,3,-0.296912347813446,0.484
6,2,0.2,290,10,0,0.3,10,3,-0.254207765595993,0.484
6,2,0.2,14,10,0,0.3,10,3,-0.323860567050701,0.486
6,2,0.2,132,10,0,0.3,10,3,0.279131359931426,0.486
6,2,0.2,114,10,0,0.3,10,3,-0.176105060136535,0.488
6,2,0.2,329,10,0,0.3,10,3,0.516119247203591,0.49
6,2,0.2,330,10,0,0.3,10,3,-0.31765880134256,0.494
6,2,0.2,380,10,0,0.3,10,3,-0.283105939018014,0.494
6,2,0.2,314,10,0,0.3,10,3,-0.387194104363459,0.498
6,2,0.2,392,10,0,0.3,10,3,0.591077513486823,0.502
6,2,0.2,76,10,0,0.3,10,3,0.445288519598023,0.504
6,2,0.2,241,10,0,0.3,10,3,0.291520402363403,0.504
6,2,0.2,464,10,0,0.3,10,3,-0.482754223116643,0.504
6,2,0.2,101,10,0,0.3,10,3,-0.375728004715967,0.506
6,2,0.2,127,10,0,0.3,10,3,-0.237126584167015,0.506
6,2,0.2,234,10,0,0.3,10,3,-0.587651217320484,0.506
6,2,0.2,457,10,0,0.3,10,3,0.300456865338361,0.506
6,2,0.2,18,10,0,0.3,10,3,0.524876087572721,0.508
6,2,0.2,286,10,0,0.3,10,3,0.410705008914334,0.508
6,2,0.2,438,10,0,0.3,10,3,0.379282259337771,0.51
6,2,0.2,237,10,0,0.3,10,3,0.397158481417108,0.512
6,2,0.2,345,10,0,0.3,10,3,0.535520975734499,0.512
6,2,0.2,335,10,0,0.3,10,3,-0.378008810099175,0.514
6,2,0.2,160,10,0,0.3,10,3,0.519362259439845,0.516
6,2,0.2,63,10,0,0.3,10,3,0.42913934583575,0.518
6,2,0.2,59,10,0,0.3,10,3,-0.292288642867334,0.52
6,2,0.2,305,10,0,0.3,10,3,0.395353665602528,0.52
6,2,0.2,223,10,0,0.3,10,3,-0.392836246469699,0.522
6,2,0.2,254,10,0,0.3,10,3,0.308954805789284,0.524
6,2,0.2,277,10,0,0.3,10,3,0.495044290329503,0.526
6,2,0.2,367,10,0,0.3,10,3,-0.410478997117281,0.53
6,2,0.2,89,10,0,0.3,10,3,0.489261253828005,0.532
6,2,0.2,23,10,0,0.3,10,3,-0.244739693821799,0.534
6,2,0.2,169,10,0,0.3,10,3,-0.218409626510095,0.534
6,2,0.2,279,10,0,0.3,10,3,0.377113078100223,0.534
6,2,0.2,292,10,0,0.3,10,3,0.78882050497819,0.534
6,2,0.2,192,10,0,0.3,10,3,-0.435061137098785,0.538
6,2,0.2,265,10,0,0.3,10,3,-0.127760375590327,0.54
6,2,0.2,19,10,0,0.3,10,3,-0.465911735722614,0.542
6,2,0.2,318,10,0,0.3,10,3,-0.334461208675464,0.544
6,2,0.2,259,10,0,0.3,10,3,-0.150202070966373,0.548
6,2,0.2,483,10,0,0.3,10,3,0.263826908896817,0.55
6,2,0.2,229,10,0,0.3,10,3,0.291406436349945,0.552
6,2,0.2,271,10,0,0.3,10,3,0.355211234794666,0.556
6,2,0.2,347,10,0,0.3,10,3,-0.790378387037009,0.562
6,2,0.2,398,10,0,0.3,10,3,-0.417265926284159,0.564
6,2,0.2,462,10,0,0.3,10,3,0.463732095560488,0.568
6,2,0.2,12,10,0,0.3,10,3,0.445760797800006,0.57
6,2,0.2,137,10,0,0.3,10,3,-0.376700804945386,0.57
6,2,0.2,273,10,0,0.3,10,3,-0.188437784310366,0.57
6,2,0.2,51,10,0,0.3,10,3,0.223511643902214,0.572
6,2,0.2,111,10,0,0.3,10,3,0.419288169720403,0.572
6,2,0.2,143,10,0,0.3,10,3,-0.351011780755044,0.572
6,2,0.2,113,10,0,0.3,10,3,0.487651049585367,0.578
6,2,0.2,476,10,0,0.3,10,3,-0.340620389154452,0.578
6,2,0.2,432,10,0,0.3,10,3,0.243224125534823,0.58
6,2,0.2,60,10,0,0.3,10,3,0.372251323038711,0.582
6,2,0.2,353,10,0,0.3,10,3,0.657040306411744,0.59
6,2,0.2,175,10,0,0.3,10,3,-0.369152384600142,0.594
6,2,0.2,302,10,0,0.3,10,3,0.636108530690734,0.596
6,2,0.2,455,10,0,0.3,10,3,-0.268536790523228,0.596
6,2,0.2,159,10,0,0.3,10,3,-0.943329306612981,0.598
6,2,0.2,472,10,0,0.3,10,3,0.265996833841228,0.598
6,2,0.2,366,10,0,0.3,10,3,-0.859089100020668,0.6
6,2,0.2,90,10,0,0.3,10,3,-0.690428198351526,0.602
6,2,0.2,493,10,0,0.3,10,3,0.343131866177487,0.606
6,2,0.2,53,10,0,0.3,10,3,0.299060445805225,0.608
6,2,0.2,79,10,0,0.3,10,3,0.189800911648859,0.608
6,2,0.2,120,10,0,0.3,10,3,-0.40876530305502,0.608
6,2,0.2,65,10,0,0.3,10,3,-0.689879621381436,0.614
6,2,0.2,124,10,0,0.3,10,3,0.51371585398411,0.618
6,2,0.2,233,10,0,0.3,10,3,0.290281104925867,0.618
6,2,0.2,228,10,0,0.3,10,3,0.226299924746968,0.624
6,2,0.2,494,10,0,0.3,10,3,0.772795617038724,0.624
6,2,0.2,383,10,0,0.3,10,3,0.411106842847573,0.628
6,2,0.2,28,10,0,0.3,10,3,-1.00812788384923,0.63
6,2,0.2,470,10,0,0.3,10,3,-0.211792149755638,0.63
6,2,0.2,86,10,0,0.3,10,3,0.269245804279166,0.632
6,2,0.2,103,10,0,0.3,10,3,-0.159042201380402,0.632
6,2,0.2,339,10,0,0.3,10,3,-0.539442973701597,0.632
6,2,0.2,363,10,0,0.3,10,3,-0.129322289585275,0.632
6,2,0.2,467,10,0,0.3,10,3,-0.506349361292905,0.632
6,2,0.2,85,10,0,0.3,10,3,-0.337257308877838,0.634
6,2,0.2,184,10,0,0.3,10,3,-0.172999933981231,0.634
6,2,0.2,377,10,0,0.3,10,3,-0.447944646304251,0.634
6,2,0.2,481,10,0,0.3,10,3,-0.738005648849736,0.638
6,2,0.2,496,10,0,0.3,10,3,-0.888734985164092,0.638
6,2,0.2,119,10,0,0.3,10,3,-0.593213196211707,0.64
6,2,0.2,4,10,0,0.3,10,3,0.190977630476567,0.642
6,2,0.2,109,10,0,0.3,10,3,1.03023377862769,0.644
6,2,0.2,115,10,0,0.3,10,3,-0.396619191084483,0.644
6,2,0.2,180,10,0,0.3,10,3,-0.946090403366696,0.644
6,2,0.2,312,10,0,0.3,10,3,-0.145342070446389,0.646
6,2,0.2,9,10,0,0.3,10,3,-0.332725981885858,0.648
6,2,0.2,157,10,0,0.3,10,3,0.437960566015533,0.648
6,2,0.2,407,10,0,0.3,10,3,0.367308657914407,0.648
6,2,0.2,499,10,0,0.3,10,3,-0.121125179334541,0.648
6,2,0.2,385,10,0,0.3,10,3,0.263030179962016,0.65
6,2,0.2,104,10,0,0.3,10,3,-0.666320139449567,0.652
6,2,0.2,152,10,0,0.3,10,3,-0.282954242519565,0.654
6,2,0.2,355,10,0,0.3,10,3,-0.248002502574082,0.656
6,2,0.2,16,10,0,0.3,10,3,0.138442776431475,0.658
6,2,0.2,289,10,0,0.3,10,3,-0.457353651316623,0.658
6,2,0.2,247,10,0,0.3,10,3,0.526927750228538,0.66
6,2,0.2,406,10,0,0.3,10,3,0.214941689906254,0.66
6,2,0.2,370,10,0,0.3,10,3,-0.0974898888789255,0.662
6,2,0.2,197,10,0,0.3,10,3,0.299135758625425,0.666
6,2,0.2,108,10,0,0.3,10,3,-0.375158467495368,0.668
6,2,0.2,215,10,0,0.3,10,3,0.161124175576816,0.67
6,2,0.2,239,10,0,0.3,10,3,-0.330806760626842,0.672
6,2,0.2,64,10,0,0.3,10,3,0.375933720474592,0.674
6,2,0.2,84,10,0,0.3,10,3,0.223868628887544,0.674
6,2,0.2,477,10,0,0.3,10,3,0.194918253335857,0.674
6,2,0.2,128,10,0,0.3,10,3,-0.349018531062399,0.678
6,2,0.2,144,10,0,0.3,10,3,-0.102694610070785,0.68
6,2,0.2,173,10,0,0.3,10,3,0.256830924084284,0.68
6,2,0.2,317,10,0,0.3,10,3,0.597635118911342,0.68
6,2,0.2,336,10,0,0.3,10,3,0.238529781496311,0.68
6,2,0.2,360,10,0,0.3,10,3,0.422333626897085,0.68
6,2,0.2,365,10,0,0.3,10,3,0.48059866670107,0.68
6,2,0.2,357,10,0,0.3,10,3,-0.209164817137577,0.682
6,2,0.2,211,10,0,0.3,10,3,-0.186104038913669,0.684
6,2,0.2,68,10,0,0.3,10,3,0.160577420995764,0.686
6,2,0.2,475,10,0,0.3,10,3,-0.577468259638692,0.688
6,2,0.2,376,10,0,0.3,10,3,-0.268700436900531,0.692
6,2,0.2,252,10,0,0.3,10,3,-0.261616982557484,0.696
6,2,0.2,36,10,0,0.3,10,3,0.258330677796692,0.698
6,2,0.2,334,10,0,0.3,10,3,0.277827705507718,0.698
6,2,0.2,321,10,0,0.3,10,3,0.167936614850703,0.7
6,2,0.2,35,10,0,0.3,10,3,-0.143273673793288,0.702
6,2,0.2,446,10,0,0.3,10,3,0.456254324049013,0.702
6,2,0.2,38,10,0,0.3,10,3,-0.365767160398406,0.706
6,2,0.2,226,10,0,0.3,10,3,-0.420369257334073,0.706
6,2,0.2,351,10,0,0.3,10,3,0.196357095112404,0.706
6,2,0.2,139,10,0,0.3,10,3,0.0869746877320381,0.708
6,2,0.2,346,10,0,0.3,10,3,0.259259769324927,0.708
6,2,0.2,135,10,0,0.3,10,3,-0.251556121072809,0.71
6,2,0.2,149,10,0,0.3,10,3,-0.319844723594173,0.71
6,2,0.2,123,10,0,0.3,10,3,-0.149544813783734,0.712
6,2,0.2,431,10,0,0.3,10,3,0.178054661294084,0.712
6,2,0.2,200,10,0,0.3,10,3,0.151734101898768,0.718
6,2,0.2,245,10,0,0.3,10,3,0.28704492932485,0.718
6,2,0.2,260,10,0,0.3,10,3,-0.507573945507744,0.72
6,2,0.2,313,10,0,0.3,10,3,-0.481061682765159,0.728
6,2,0.2,249,10,0,0.3,10,3,-0.113552608247886,0.73
6,2,0.2,490,10,0,0.3,10,3,-0.1149630628436,0.73
6,2,0.2,165,10,0,0.3,10,3,0.216984615296127,0.734
6,2,0.2,387,10,0,0.3,10,3,0.12020264066669,0.734
6,2,0.2,227,10,0,0.3,10,3,0.300031103318787,0.736
6,2,0.2,326,10,0,0.3,10,3,-0.255547863702986,0.738
6,2,0.2,96,10,0,0.3,10,3,0.237526056565372,0.74
6,2,0.2,71,10,0,0.3,10,3,-0.358903665315182,0.742
6,2,0.2,194,10,0,0.3,10,3,-0.171453091880409,0.742
6,2,0.2,31,10,0,0.3,10,3,0.334124276152949,0.744
6,2,0.2,40,10,0,0.3,10,3,0.148741536859319,0.744
6,2,0.2,46,10,0,0.3,10,3,-0.166028651797859,0.744
6,2,0.2,50,10,0,0.3,10,3,-0.121074695444975,0.746
6,2,0.2,288,10,0,0.3,10,3,-0.180599262095427,0.746
6,2,0.2,56,10,0,0.3,10,3,0.158219787581885,0.75
6,2,0.2,32,10,0,0.3,10,3,0.185572504434049,0.756
6,2,0.2,439,10,0,0.3,10,3,0.175812094905694,0.758
6,2,0.2,3,10,0,0.3,10,3,-0.291730894865168,0.76
6,2,0.2,141,10,0,0.3,10,3,0.198499122988522,0.76
6,2,0.2,58,10,0,0.3,10,3,-0.135431615652351,0.762
6,2,0.2,448,10,0,0.3,10,3,-0.212581308770893,0.762
6,2,0.2,17,10,0,0.3,10,3,-0.21616583630626,0.766
6,2,0.2,20,10,0,0.3,10,3,0.214381364074654,0.768
6,2,0.2,54,10,0,0.3,10,3,0.386344453797136,0.77
6,2,0.2,459,10,0,0.3,10,3,-0.235037240137274,0.774
6,2,0.2,150,10,0,0.3,10,3,0.11376710007508,0.776
6,2,0.2,281,10,0,0.3,10,3,0.20813929635662,0.776
6,2,0.2,456,10,0,0.3,10,3,0.307783685423942,0.778
6,2,0.2,461,10,0,0.3,10,3,0.213772685755004,0.78
6,2,0.2,10,10,0,0.3,10,3,0.170836842940787,0.784
6,2,0.2,267,10,0,0.3,10,3,0.28683672497408,0.786
6,2,0.2,232,10,0,0.3,10,3,0.10768879362638,0.788
6,2,0.2,471,10,0,0.3,10,3,0.0507473757577372,0.788
6,2,0.2,269,10,0,0.3,10,3,-0.282011425076121,0.79
6,2,0.2,295,10,0,0.3,10,3,-0.174124890097232,0.792
6,2,0.2,453,10,0,0.3,10,3,-0.146284359424243,0.798
6,2,0.2,435,10,0,0.3,10,3,-0.17415963460428,0.8
6,2,0.2,162,10,0,0.3,10,3,-0.173964261397259,0.802
6,2,0.2,209,10,0,0.3,10,3,0.115346101173913,0.802
6,2,0.2,125,10,0,0.3,10,3,0.10643484489546,0.806
6,2,0.2,191,10,0,0.3,10,3,-0.207648910403179,0.806
6,2,0.2,418,10,0,0.3,10,3,0.0656025795263702,0.808
6,2,0.2,126,10,0,0.3,10,3,-0.204300361906036,0.81
6,2,0.2,429,10,0,0.3,10,3,-0.172142678166836,0.812
6,2,0.2,161,10,0,0.3,10,3,0.175550295005138,0.814
6,2,0.2,33,10,0,0.3,10,3,0.10661775799062,0.816
6,2,0.2,337,10,0,0.3,10,3,0.0547143953155853,0.816
6,2,0.2,342,10,0,0.3,10,3,-0.129936113530079,0.816
6,2,0.2,244,10,0,0.3,10,3,0.129040278324936,0.818
6,2,0.2,91,10,0,0.3,10,3,0.151786684344955,0.82
6,2,0.2,389,10,0,0.3,10,3,0.14797796606203,0.824
6,2,0.2,224,10,0,0.3,10,3,-0.0822634702651897,0.826
6,2,0.2,374,10,0,0.3,10,3,-0.18237123380257,0.826
6,2,0.2,174,10,0,0.3,10,3,0.141032399327145,0.828
6,2,0.2,217,10,0,0.3,10,3,0.026477655034455,0.828
6,2,0.2,236,10,0,0.3,10,3,-0.200240565051303,0.828
6,2,0.2,117,10,0,0.3,10,3,-0.0823595793349341,0.83
6,2,0.2,183,10,0,0.3,10,3,0.136120722694272,0.83
6,2,0.2,26,10,0,0.3,10,3,0.067364075493316,0.84
6,2,0.2,394,10,0,0.3,10,3,-0.112697551712017,0.84
6,2,0.2,401,10,0,0.3,10,3,0.153860045708853,0.84
6,2,0.2,412,10,0,0.3,10,3,-0.039690988844626,0.842
6,2,0.2,213,10,0,0.3,10,3,-0.12488448431003,0.846
6,2,0.2,362,10,0,0.3,10,3,0.0575666722805863,0.846
6,2,0.2,297,10,0,0.3,10,3,-0.116430622167172,0.848
6,2,0.2,263,10,0,0.3,10,3,0.09444057003941,0.85
6,2,0.2,433,10,0,0.3,10,3,-0.171719729945352,0.85
6,2,0.2,434,10,0,0.3,10,3,0.127148702179653,0.85
6,2,0.2,283,10,0,0.3,10,3,-0.0987753844725034,0.854
6,2,0.2,284,10,0,0.3,10,3,0.068602475623436,0.854
6,2,0.2,172,10,0,0.3,10,3,-0.0725329924045184,0.86
6,2,0.2,208,10,0,0.3,10,3,-0.0737460638843004,0.862
6,2,0.2,298,10,0,0.3,10,3,-0.169297562803507,0.862
6,2,0.2,154,10,0,0.3,10,3,-0.110802584828917,0.866
6,2,0.2,158,10,0,0.3,10,3,0.0463623077559703,0.866
6,2,0.2,408,10,0,0.3,10,3,-0.0705739857643266,0.87
6,2,0.2,97,10,0,0.3,10,3,0.154215038571948,0.872
6,2,0.2,416,10,0,0.3,10,3,-0.123774096378071,0.872
6,2,0.2,230,10,0,0.3,10,3,-0.100931256074034,0.884
6,2,0.2,451,10,0,0.3,10,3,-0.0974375697877861,0.886
6,2,0.2,301,10,0,0.3,10,3,-0.0692143878491436,0.892
6,2,0.2,344,10,0,0.3,10,3,-0.0647292445021037,0.894
6,2,0.2,417,10,0,0.3,10,3,0.105389185696112,0.894
6,2,0.2,262,10,0,0.3,10,3,-0.0476735435320848,0.896
6,2,0.2,261,10,0,0.3,10,3,0.0424765076179483,0.898
6,2,0.2,486,10,0,0.3,10,3,0.118824752881324,0.898
6,2,0.2,179,10,0,0.3,10,3,-0.0935234133775964,0.9
6,2,0.2,133,10,0,0.3,10,3,0.0477273746464277,0.908
6,2,0.2,306,10,0,0.3,10,3,0.0670589134095962,0.91
6,2,0.2,72,10,0,0.3,10,3,-0.0909877495032276,0.912
6,2,0.2,280,10,0,0.3,10,3,-0.0400174736414556,0.916
6,2,0.2,122,10,0,0.3,10,3,0.0881539692672391,0.924
6,2,0.2,176,10,0,0.3,10,3,0.0407778312706455,0.926
6,2,0.2,323,10,0,0.3,10,3,-0.0270625259794599,0.926
6,2,0.2,400,10,0,0.3,10,3,0.0817681734000928,0.936
6,2,0.2,348,10,0,0.3,10,3,0.0259562038477554,0.946
6,2,0.2,304,10,0,0.3,10,3,-0.0362019882200286,0.952
6,2,0.2,404,10,0,0.3,10,3,-0.0273061915922028,0.952
6,2,0.2,21,10,0,0.3,10,3,-0.034751302130104,0.954
6,2,0.2,202,10,0,0.3,10,3,0.0234807490621165,0.954
6,2,0.2,487,10,0,0.3,10,3,-0.0526635739989842,0.954
6,2,0.2,251,10,0,0.3,10,3,-0.0377223486621574,0.956
6,2,0.2,332,10,0,0.3,10,3,-0.0239608970730671,0.956
6,2,0.2,5,10,0,0.3,10,3,-0.0142877647299429,0.958
6,2,0.2,426,10,0,0.3,10,3,0.023471393657303,0.958
6,2,0.2,100,10,0,0.3,10,3,0.0395602503686519,0.96
6,2,0.2,253,10,0,0.3,10,3,-0.0214374275662408,0.96
6,2,0.2,396,10,0,0.3,10,3,0.0248110022300807,0.96
6,2,0.2,193,10,0,0.3,10,3,0.0253067569612995,0.962
6,2,0.2,93,10,0,0.3,10,3,0.0185388362220067,0.972
6,2,0.2,75,10,0,0.3,10,3,0.0170350165936952,0.974
6,2,0.2,105,10,0,0.3,10,3,0.0301633251013413,0.974
6,2,0.2,480,10,0,0.3,10,3,0.0114536934914895,0.974
6,2,0.2,148,10,0,0.3,10,3,-0.0245964565207828,0.976
6,2,0.2,421,10,0,0.3,10,3,0.0141247872649899,0.978
6,2,0.2,199,10,0,0.3,10,3,-0.0105629972697443,0.986
6,2,0.2,206,10,0,0.3,10,3,-0.0158136861402056,0.986
6,2,0.2,52,10,0,0.3,10,3,-0.00378759600070566,0.99
6,2,0.2,134,10,0,0.3,10,3,0.00341272862297615,0.996
6,2,0.2,310,10,0,0.3,10,3,-0.00155687513799307,0.996
6,2,0.2,420,10,0,0.3,10,3,0.0050574973864741,0.996
6,2,0.2,146,10,0,0.3,10,3,0.00205167055116817,0.998
6,2,0.2,393,10,0,0.3,10,3,0.000482344824206393,0.998
6,2,0.2,424,10,0,0.3,10,3,-0.00176271125130256,0.998
6,2,0.2,177,10,0,0.3,10,3,-0.000325885654035574,1
6,2,0.2,482,10,0,0.3,10,3,0.00267840075576942,1
6,2,0.2,280,10,0,0.3,11,3,-0.77059593578258,0.016
6,2,0.2,407,10,0,0.3,11,3,-2.02552268852926,0.02
6,2,0.2,408,10,0,0.3,11,3,0.717933679972418,0.02
6,2,0.2,184,10,0,0.3,11,3,1.24852143875566,0.038
6,2,0.2,376,10,0,0.3,11,3,-0.975397651986668,0.042
6,2,0.2,39,10,0,0.3,11,3,-1.08802095141476,0.044
6,2,0.2,389,10,0,0.3,11,3,-0.973977018031462,0.044
6,2,0.2,214,10,0,0.3,11,3,-1.36343033888693,0.046
6,2,0.2,285,10,0,0.3,11,3,-1.63200274410443,0.046
6,2,0.2,366,10,0,0.3,11,3,1.10577349319061,0.05
6,2,0.2,139,10,0,0.3,11,3,-1.86120559521174,0.052
6,2,0.2,344,10,0,0.3,11,3,-1.47377687209115,0.052
6,2,0.2,307,10,0,0.3,11,3,-1.16879544841512,0.054
6,2,0.2,463,10,0,0.3,11,3,1.53478325780355,0.054
6,2,0.2,88,10,0,0.3,11,3,-0.992913006638446,0.056
6,2,0.2,215,10,0,0.3,11,3,-0.88590397821801,0.06
6,2,0.2,292,10,0,0.3,11,3,-1.93256057896266,0.062
6,2,0.2,238,10,0,0.3,11,3,-1.72362279013743,0.064
6,2,0.2,487,10,0,0.3,11,3,-0.699642064183877,0.064
6,2,0.2,394,10,0,0.3,11,3,1.62818813540727,0.066
6,2,0.2,415,10,0,0.3,11,3,-0.800641057468226,0.068
6,2,0.2,79,10,0,0.3,11,3,1.00007126293036,0.07
6,2,0.2,287,10,0,0.3,11,3,-1.18047550670832,0.07
6,2,0.2,438,10,0,0.3,11,3,-1.16297984426637,0.07
6,2,0.2,44,10,0,0.3,11,3,0.952001690559882,0.072
6,2,0.2,203,10,0,0.3,11,3,1.04545303695457,0.072
6,2,0.2,308,10,0,0.3,11,3,1.01190089603884,0.072
6,2,0.2,319,10,0,0.3,11,3,-1.10379035816962,0.072
6,2,0.2,217,10,0,0.3,11,3,1.33334686590194,0.074
6,2,0.2,294,10,0,0.3,11,3,-1.41058878316699,0.076
6,2,0.2,302,10,0,0.3,11,3,1.09189401250862,0.076
6,2,0.2,311,10,0,0.3,11,3,-0.772559989189205,0.076
6,2,0.2,449,10,0,0.3,11,3,-1.1736606209187,0.076
6,2,0.2,275,10,0,0.3,11,3,1.42861846385506,0.078
6,2,0.2,439,10,0,0.3,11,3,1.41878102601058,0.078
6,2,0.2,17,10,0,0.3,11,3,1.44712128390196,0.08
6,2,0.2,145,10,0,0.3,11,3,-0.731961997798237,0.08
6,2,0.2,317,10,0,0.3,11,3,-1.0575261821636,0.08
6,2,0.2,221,10,0,0.3,11,3,0.880874634348288,0.082
6,2,0.2,355,10,0,0.3,11,3,-0.9925987691079,0.084
6,2,0.2,346,10,0,0.3,11,3,-0.842854432499877,0.086
6,2,0.2,314,10,0,0.3,11,3,-0.769928985338396,0.088
6,2,0.2,427,10,0,0.3,11,3,1.19281847302202,0.09
6,2,0.2,465,10,0,0.3,11,3,1.08464755268542,0.09
6,2,0.2,205,10,0,0.3,11,3,0.982010309865075,0.092
6,2,0.2,53,10,0,0.3,11,3,-1.11943675988613,0.094
6,2,0.2,150,10,0,0.3,11,3,1.03670764136558,0.094
6,2,0.2,170,10,0,0.3,11,3,-0.875663039283722,0.096
6,2,0.2,197,10,0,0.3,11,3,-0.509231813784453,0.096
6,2,0.2,212,10,0,0.3,11,3,-0.613658575914144,0.096
6,2,0.2,315,10,0,0.3,11,3,0.685892495800744,0.096
6,2,0.2,104,10,0,0.3,11,3,1.04931886097688,0.098
6,2,0.2,111,10,0,0.3,11,3,0.906789300122057,0.098
6,2,0.2,183,10,0,0.3,11,3,-1.15234374946581,0.098
6,2,0.2,189,10,0,0.3,11,3,-0.58605722293504,0.098
6,2,0.2,290,10,0,0.3,11,3,-0.819060207103206,0.098
6,2,0.2,328,10,0,0.3,11,3,1.15682090387452,0.1
6,2,0.2,489,10,0,0.3,11,3,-0.666447018895866,0.1
6,2,0.2,248,10,0,0.3,11,3,0.454334652776851,0.102
6,2,0.2,412,10,0,0.3,11,3,0.94798499016008,0.102
6,2,0.2,51,10,0,0.3,11,3,-0.733181768654333,0.106
6,2,0.2,129,10,0,0.3,11,3,0.984246533711058,0.106
6,2,0.2,244,10,0,0.3,11,3,0.769400835937716,0.106
6,2,0.2,271,10,0,0.3,11,3,-0.710055517204836,0.106
6,2,0.2,296,10,0,0.3,11,3,1.26475015701158,0.106
6,2,0.2,152,10,0,0.3,11,3,0.848876992941172,0.108
6,2,0.2,410,10,0,0.3,11,3,0.700405436690005,0.108
6,2,0.2,420,10,0,0.3,11,3,0.619737302621758,0.11
6,2,0.2,432,10,0,0.3,11,3,0.678089830725099,0.11
6,2,0.2,484,10,0,0.3,11,3,0.839694342814937,0.11
6,2,0.2,255,10,0,0.3,11,3,0.639235493272395,0.112
6,2,0.2,83,10,0,0.3,11,3,0.535808185965237,0.114
6,2,0.2,56,10,0,0.3,11,3,-1.39601777042031,0.118
6,2,0.2,57,10,0,0.3,11,3,0.84288244969909,0.118
6,2,0.2,424,10,0,0.3,11,3,-0.970432412728769,0.118
6,2,0.2,500,10,0,0.3,11,3,0.801933381414955,0.118
6,2,0.2,85,10,0,0.3,11,3,0.963917531875296,0.12
6,2,0.2,334,10,0,0.3,11,3,0.667621609890858,0.12
6,2,0.2,471,10,0,0.3,11,3,0.631183291575553,0.12
6,2,0.2,492,10,0,0.3,11,3,-0.655247461739009,0.12
6,2,0.2,282,10,0,0.3,11,3,0.61238720354342,0.122
6,2,0.2,347,10,0,0.3,11,3,-1.29733032714768,0.122
6,2,0.2,480,10,0,0.3,11,3,0.948301381805521,0.122
6,2,0.2,258,10,0,0.3,11,3,-0.801650371513546,0.126
6,2,0.2,306,10,0,0.3,11,3,0.996854733436493,0.126
6,2,0.2,60,10,0,0.3,11,3,0.801992490321453,0.132
6,2,0.2,279,10,0,0.3,11,3,-0.594244186847959,0.134
6,2,0.2,181,10,0,0.3,11,3,-0.390199486998767,0.136
6,2,0.2,249,10,0,0.3,11,3,-0.335443968493422,0.138
6,2,0.2,26,10,0,0.3,11,3,0.914524316278232,0.14
6,2,0.2,474,10,0,0.3,11,3,-0.61666941743718,0.14
6,2,0.2,97,10,0,0.3,11,3,-0.487721027617994,0.142
6,2,0.2,309,10,0,0.3,11,3,0.619323300739239,0.142
6,2,0.2,173,10,0,0.3,11,3,1.17442663854129,0.144
6,2,0.2,175,10,0,0.3,11,3,-0.681731990973191,0.144
6,2,0.2,379,10,0,0.3,11,3,1.11507895762708,0.144
6,2,0.2,423,10,0,0.3,11,3,-1.20160536042073,0.144
6,2,0.2,52,10,0,0.3,11,3,-0.47828891867718,0.146
6,2,0.2,133,10,0,0.3,11,3,-0.471421577262305,0.146
6,2,0.2,478,10,0,0.3,11,3,0.856424269619282,0.146
6,2,0.2,78,10,0,0.3,11,3,0.782858260160737,0.148
6,2,0.2,142,10,0,0.3,11,3,-0.882123694617206,0.148
6,2,0.2,246,10,0,0.3,11,3,-0.442590168404337,0.148
6,2,0.2,333,10,0,0.3,11,3,0.7514089168601,0.148
6,2,0.2,454,10,0,0.3,11,3,0.847287996264555,0.152
6,2,0.2,312,10,0,0.3,11,3,0.542761869245879,0.154
6,2,0.2,335,10,0,0.3,11,3,0.329133074930922,0.154
6,2,0.2,477,10,0,0.3,11,3,-0.545050885945159,0.154
6,2,0.2,202,10,0,0.3,11,3,-0.522871636158953,0.16
6,2,0.2,286,10,0,0.3,11,3,-0.857891345613524,0.16
6,2,0.2,325,10,0,0.3,11,3,0.679911692561092,0.162
6,2,0.2,349,10,0,0.3,11,3,-0.779695594730811,0.162
6,2,0.2,380,10,0,0.3,11,3,0.88506847922821,0.162
6,2,0.2,16,10,0,0.3,11,3,0.922483175662649,0.164
6,2,0.2,67,10,0,0.3,11,3,-0.477288375207223,0.164
6,2,0.2,283,10,0,0.3,11,3,-0.723652595807806,0.166
6,2,0.2,178,10,0,0.3,11,3,0.472000017342907,0.168
6,2,0.2,332,10,0,0.3,11,3,-0.709403783801633,0.168
6,2,0.2,208,10,0,0.3,11,3,-0.625914496545818,0.17
6,2,0.2,444,10,0,0.3,11,3,0.628834447949657,0.17
6,2,0.2,32,10,0,0.3,11,3,0.585724662836469,0.172
6,2,0.2,25,10,0,0.3,11,3,-0.686586445810121,0.178
6,2,0.2,109,10,0,0.3,11,3,-0.689195650266981,0.178
6,2,0.2,338,10,0,0.3,11,3,-0.654337282073328,0.178
6,2,0.2,360,10,0,0.3,11,3,0.869825149500514,0.18
6,2,0.2,481,10,0,0.3,11,3,-0.838274629727124,0.18
6,2,0.2,103,10,0,0.3,11,3,0.449650628116046,0.182
6,2,0.2,106,10,0,0.3,11,3,0.668868194475692,0.182
6,2,0.2,331,10,0,0.3,11,3,-0.534234587070387,0.182
6,2,0.2,421,10,0,0.3,11,3,0.858537107169468,0.182
6,2,0.2,443,10,0,0.3,11,3,-0.874723826783111,0.182
6,2,0.2,146,10,0,0.3,11,3,-0.609814366781535,0.184
6,2,0.2,374,10,0,0.3,11,3,0.792406501472414,0.184
6,2,0.2,419,10,0,0.3,11,3,0.473180703504937,0.186
6,2,0.2,45,10,0,0.3,11,3,0.471606386786192,0.188
6,2,0.2,155,10,0,0.3,11,3,-0.737764626001734,0.188
6,2,0.2,384,10,0,0.3,11,3,-0.504558644681794,0.192
6,2,0.2,448,10,0,0.3,11,3,-0.825756385751731,0.194
6,2,0.2,261,10,0,0.3,11,3,1.29351782613932,0.196
6,2,0.2,247,10,0,0.3,11,3,0.572100149700248,0.2
6,2,0.2,357,10,0,0.3,11,3,-0.441996219560934,0.202
6,2,0.2,277,10,0,0.3,11,3,-0.57538043097,0.204
6,2,0.2,462,10,0,0.3,11,3,-0.608774845778271,0.204
6,2,0.2,329,10,0,0.3,11,3,0.619846890870633,0.206
6,2,0.2,232,10,0,0.3,11,3,-0.620206122817564,0.208
6,2,0.2,490,10,0,0.3,11,3,-0.527479388909455,0.208
6,2,0.2,2,10,0,0.3,11,3,0.509295278624336,0.212
6,2,0.2,176,10,0,0.3,11,3,0.434066557280687,0.212
6,2,0.2,270,10,0,0.3,11,3,-0.466645288345603,0.214
6,2,0.2,123,10,0,0.3,11,3,0.452232107421793,0.216
6,2,0.2,84,10,0,0.3,11,3,0.901453991486449,0.218
6,2,0.2,298,10,0,0.3,11,3,0.328736124668836,0.22
6,2,0.2,388,10,0,0.3,11,3,-0.470657832098112,0.226
6,2,0.2,82,10,0,0.3,11,3,0.893927974854648,0.228
6,2,0.2,198,10,0,0.3,11,3,0.497594527844171,0.228
6,2,0.2,469,10,0,0.3,11,3,0.384577727870777,0.228
6,2,0.2,54,10,0,0.3,11,3,-0.578362081120304,0.23
6,2,0.2,7,10,0,0.3,11,3,0.355616935924218,0.232
6,2,0.2,27,10,0,0.3,11,3,-0.903666168209384,0.238
6,2,0.2,105,10,0,0.3,11,3,-0.693803587357763,0.242
6,2,0.2,46,10,0,0.3,11,3,-0.757304802264201,0.246
6,2,0.2,165,10,0,0.3,11,3,-1.15851886599845,0.246
6,2,0.2,442,10,0,0.3,11,3,-0.957402123676133,0.25
6,2,0.2,405,10,0,0.3,11,3,-0.789313878629855,0.252
6,2,0.2,98,10,0,0.3,11,3,0.691421544144134,0.256
6,2,0.2,1,10,0,0.3,11,3,-0.705949343416876,0.258
6,2,0.2,200,10,0,0.3,11,3,-0.500428535644033,0.26
6,2,0.2,206,10,0,0.3,11,3,-0.901945673201823,0.262
6,2,0.2,92,10,0,0.3,11,3,0.544665684493765,0.266
6,2,0.2,491,10,0,0.3,11,3,0.31542108266521,0.268
6,2,0.2,496,10,0,0.3,11,3,0.352374307482023,0.268
6,2,0.2,373,10,0,0.3,11,3,-1.24354833678188,0.27
6,2,0.2,31,10,0,0.3,11,3,0.529081825126667,0.272
6,2,0.2,55,10,0,0.3,11,3,0.472366931244778,0.276
6,2,0.2,240,10,0,0.3,11,3,0.609202331085584,0.276
6,2,0.2,435,10,0,0.3,11,3,0.352044734420303,0.276
6,2,0.2,313,10,0,0.3,11,3,-0.65228792215396,0.278
6,2,0.2,368,10,0,0.3,11,3,-0.47582697320999,0.288
6,2,0.2,164,10,0,0.3,11,3,0.732393990583205,0.29
6,2,0.2,167,10,0,0.3,11,3,-0.40216678954846,0.29
6,2,0.2,228,10,0,0.3,11,3,-0.676215478198287,0.292
6,2,0.2,187,10,0,0.3,11,3,0.60110812986693,0.296
6,2,0.2,38,10,0,0.3,11,3,1.03836138086714,0.3
6,2,0.2,301,10,0,0.3,11,3,-0.424995497098251,0.3
6,2,0.2,43,10,0,0.3,11,3,0.557713458666854,0.302
6,2,0.2,472,10,0,0.3,11,3,-0.689417134081509,0.302
6,2,0.2,10,10,0,0.3,11,3,-0.473477839455654,0.304
6,2,0.2,352,10,0,0.3,11,3,0.344197921486256,0.316
6,2,0.2,495,10,0,0.3,11,3,0.481353679721991,0.316
6,2,0.2,305,10,0,0.3,11,3,0.619801344353931,0.326
6,2,0.2,479,10,0,0.3,11,3,-0.324649655345098,0.328
6,2,0.2,428,10,0,0.3,11,3,0.500247282267082,0.336
6,2,0.2,310,10,0,0.3,11,3,0.411502954923122,0.338
6,2,0.2,40,10,0,0.3,11,3,0.371955648802157,0.344
6,2,0.2,218,10,0,0.3,11,3,-0.449895172101776,0.346
6,2,0.2,321,10,0,0.3,11,3,-0.619301582235011,0.348
6,2,0.2,5,10,0,0.3,11,3,0.540251366632333,0.352
6,2,0.2,226,10,0,0.3,11,3,-0.543805173299603,0.354
6,2,0.2,230,10,0,0.3,11,3,0.274539821424895,0.354
6,2,0.2,22,10,0,0.3,11,3,0.618184645933894,0.362
6,2,0.2,89,10,0,0.3,11,3,-0.312971312735101,0.362
6,2,0.2,144,10,0,0.3,11,3,-0.437403494323064,0.37
6,2,0.2,159,10,0,0.3,11,3,0.402011476291108,0.372
6,2,0.2,116,10,0,0.3,11,3,0.459410812650901,0.384
6,2,0.2,326,10,0,0.3,11,3,0.711512639334273,0.386
6,2,0.2,149,10,0,0.3,11,3,0.351852363540047,0.388
6,2,0.2,401,10,0,0.3,11,3,-0.33202332371323,0.388
6,2,0.2,447,10,0,0.3,11,3,0.346840386011621,0.392
6,2,0.2,213,10,0,0.3,11,3,0.233904342322006,0.396
6,2,0.2,336,10,0,0.3,11,3,-0.24451124288268,0.398
6,2,0.2,102,10,0,0.3,11,3,-0.290502011416322,0.406
6,2,0.2,229,10,0,0.3,11,3,0.332506706283311,0.406
6,2,0.2,369,10,0,0.3,11,3,-0.478719509095015,0.406
6,2,0.2,390,10,0,0.3,11,3,-0.391611538545732,0.406
6,2,0.2,281,10,0,0.3,11,3,0.371352388335652,0.41
6,2,0.2,122,10,0,0.3,11,3,0.280352151941884,0.414
6,2,0.2,409,10,0,0.3,11,3,0.265946794015406,0.414
6,2,0.2,174,10,0,0.3,11,3,0.569414227879804,0.416
6,2,0.2,211,10,0,0.3,11,3,0.405196531758776,0.416
6,2,0.2,269,10,0,0.3,11,3,-0.372638829329162,0.424
6,2,0.2,72,10,0,0.3,11,3,0.533660990232278,0.436
6,2,0.2,365,10,0,0.3,11,3,1.12628623786892,0.436
6,2,0.2,339,10,0,0.3,11,3,-0.40209482657778,0.446
6,2,0.2,80,10,0,0.3,11,3,0.784257913584469,0.448
6,2,0.2,266,10,0,0.3,11,3,0.450484040756493,0.45
6,2,0.2,30,10,0,0.3,11,3,-0.427023769709024,0.452
6,2,0.2,195,10,0,0.3,11,3,-0.192303695339831,0.452
6,2,0.2,399,10,0,0.3,11,3,-0.418344104834858,0.454
6,2,0.2,141,10,0,0.3,11,3,-0.441230002466398,0.456
6,2,0.2,288,10,0,0.3,11,3,-0.27003836349499,0.466
6,2,0.2,364,10,0,0.3,11,3,0.271888399526517,0.466
6,2,0.2,470,10,0,0.3,11,3,0.524163064995548,0.466
6,2,0.2,33,10,0,0.3,11,3,0.22291647340387,0.472
6,2,0.2,147,10,0,0.3,11,3,-0.520155376864466,0.472
6,2,0.2,8,10,0,0.3,11,3,0.38752581270515,0.478
6,2,0.2,61,10,0,0.3,11,3,-0.547236346569122,0.478
6,2,0.2,196,10,0,0.3,11,3,0.543503288271154,0.478
6,2,0.2,153,10,0,0.3,11,3,0.381340774825105,0.48
6,2,0.2,194,10,0,0.3,11,3,-0.192400307811141,0.49
6,2,0.2,227,10,0,0.3,11,3,0.276019137479011,0.49
6,2,0.2,253,10,0,0.3,11,3,0.231284247615719,0.49
6,2,0.2,18,10,0,0.3,11,3,-0.405431912494777,0.492
6,2,0.2,29,10,0,0.3,11,3,0.321122214086273,0.492
6,2,0.2,342,10,0,0.3,11,3,0.541544203475212,0.494
6,2,0.2,233,10,0,0.3,11,3,-0.247603928653632,0.502
6,2,0.2,395,10,0,0.3,11,3,0.537789986164142,0.502
6,2,0.2,34,10,0,0.3,11,3,-0.192584442905826,0.506
6,2,0.2,63,10,0,0.3,11,3,0.410512061196158,0.51
6,2,0.2,289,10,0,0.3,11,3,-0.431470506739601,0.512
6,2,0.2,188,10,0,0.3,11,3,-0.373972324262326,0.514
6,2,0.2,47,10,0,0.3,11,3,-1.35724828268627,0.516
6,2,0.2,166,10,0,0.3,11,3,0.30863904280875,0.516
6,2,0.2,359,10,0,0.3,11,3,0.259223396825774,0.516
6,2,0.2,457,10,0,0.3,11,3,-0.547438342466279,0.52
6,2,0.2,74,10,0,0.3,11,3,0.293082756237652,0.522
6,2,0.2,467,10,0,0.3,11,3,-0.562337840705112,0.524
6,2,0.2,49,10,0,0.3,11,3,0.39693816888294,0.528
6,2,0.2,493,10,0,0.3,11,3,-0.298387024875296,0.532
6,2,0.2,156,10,0,0.3,11,3,-0.505378771535646,0.538
6,2,0.2,377,10,0,0.3,11,3,0.755928620971787,0.538
6,2,0.2,398,10,0,0.3,11,3,0.317057116362633,0.54
6,2,0.2,378,10,0,0.3,11,3,0.669856797529064,0.542
6,2,0.2,320,10,0,0.3,11,3,0.332740151530487,0.546
6,2,0.2,220,10,0,0.3,11,3,0.545149661229601,0.55
6,2,0.2,14,10,0,0.3,11,3,0.513738866258279,0.562
6,2,0.2,24,10,0,0.3,11,3,0.267292130939865,0.564
6,2,0.2,387,10,0,0.3,11,3,-0.432846392351138,0.568
6,2,0.2,171,10,0,0.3,11,3,0.158627721456554,0.57
6,2,0.2,386,10,0,0.3,11,3,-0.29446800845605,0.57
6,2,0.2,62,10,0,0.3,11,3,0.566775229451054,0.572
6,2,0.2,362,10,0,0.3,11,3,-0.921051762166684,0.572
6,2,0.2,87,10,0,0.3,11,3,-0.125985584906402,0.576
6,2,0.2,295,10,0,0.3,11,3,0.246858489703015,0.576
6,2,0.2,433,10,0,0.3,11,3,0.507329865501561,0.578
6,2,0.2,241,10,0,0.3,11,3,-0.492951868759121,0.582
6,2,0.2,402,10,0,0.3,11,3,0.806001293290819,0.584
6,2,0.2,199,10,0,0.3,11,3,-0.215627398894924,0.586
6,2,0.2,231,10,0,0.3,11,3,0.528130929785306,0.586
6,2,0.2,107,10,0,0.3,11,3,0.46176182860853,0.588
6,2,0.2,252,10,0,0.3,11,3,0.382236535603795,0.594
6,2,0.2,95,10,0,0.3,11,3,-0.308426561772222,0.598
6,2,0.2,341,10,0,0.3,11,3,-0.441151933194675,0.6
6,2,0.2,453,10,0,0.3,11,3,-0.302399916097187,0.6
6,2,0.2,114,10,0,0.3,11,3,0.274965726258046,0.604
6,2,0.2,76,10,0,0.3,11,3,0.513985330729611,0.608
6,2,0.2,120,10,0,0.3,11,3,-0.70474063852069,0.608
6,2,0.2,264,10,0,0.3,11,3,-0.18355053457708,0.61
6,2,0.2,400,10,0,0.3,11,3,0.161685833075779,0.61
6,2,0.2,70,10,0,0.3,11,3,-0.324245074405297,0.614
6,2,0.2,124,10,0,0.3,11,3,0.229265846092801,0.614
6,2,0.2,222,10,0,0.3,11,3,0.326412525600176,0.614
6,2,0.2,71,10,0,0.3,11,3,-0.247899463835893,0.616
6,2,0.2,441,10,0,0.3,11,3,0.445713141558912,0.616
6,2,0.2,127,10,0,0.3,11,3,-0.301772193061197,0.618
6,2,0.2,179,10,0,0.3,11,3,-0.201640297283234,0.618
6,2,0.2,237,10,0,0.3,11,3,-0.403707637942517,0.62
6,2,0.2,303,10,0,0.3,11,3,0.146301226322663,0.62
6,2,0.2,351,10,0,0.3,11,3,-0.149225787605332,0.62
6,2,0.2,259,10,0,0.3,11,3,-0.457147938160659,0.622
6,2,0.2,425,10,0,0.3,11,3,-0.17270155503698,0.624
6,2,0.2,180,10,0,0.3,11,3,0.47076548079022,0.626
6,2,0.2,69,10,0,0.3,11,3,-0.214665382567176,0.628
6,2,0.2,136,10,0,0.3,11,3,0.520699391468213,0.63
6,2,0.2,385,10,0,0.3,11,3,-0.351459878264137,0.632
6,2,0.2,494,10,0,0.3,11,3,0.359298976097705,0.632
6,2,0.2,383,10,0,0.3,11,3,-0.162643527831335,0.638
6,2,0.2,48,10,0,0.3,11,3,0.172243937153723,0.64
6,2,0.2,41,10,0,0.3,11,3,0.39492074352475,0.642
6,2,0.2,118,10,0,0.3,11,3,-0.369065214734462,0.642
6,2,0.2,304,10,0,0.3,11,3,0.105513836247781,0.642
6,2,0.2,13,10,0,0.3,11,3,-0.5166694838681,0.646
6,2,0.2,466,10,0,0.3,11,3,-0.718098368365787,0.646
6,2,0.2,64,10,0,0.3,11,3,0.336182479200858,0.648
6,2,0.2,436,10,0,0.3,11,3,0.463568382295193,0.652
6,2,0.2,9,10,0,0.3,11,3,0.28076088346711,0.654
6,2,0.2,284,10,0,0.3,11,3,0.554244518333689,0.654
6,2,0.2,330,10,0,0.3,11,3,-0.6968656545165,0.654
6,2,0.2,468,10,0,0.3,11,3,0.108525741454145,0.654
6,2,0.2,23,10,0,0.3,11,3,0.676385798046567,0.658
6,2,0.2,191,10,0,0.3,11,3,0.339684406985668,0.66
6,2,0.2,367,10,0,0.3,11,3,-0.975603250663141,0.66
6,2,0.2,4,10,0,0.3,11,3,0.60084885723353,0.664
6,2,0.2,115,10,0,0.3,11,3,0.532180987953694,0.664
6,2,0.2,260,10,0,0.3,11,3,0.34326656181446,0.67
6,2,0.2,12,10,0,0.3,11,3,0.147401671638875,0.672
6,2,0.2,235,10,0,0.3,11,3,0.343705207998482,0.672
6,2,0.2,121,10,0,0.3,11,3,0.747320652538264,0.674
6,2,0.2,350,10,0,0.3,11,3,-0.279297026552427,0.674
6,2,0.2,392,10,0,0.3,11,3,-0.294115324361371,0.674
6,2,0.2,158,10,0,0.3,11,3,-0.273764502252476,0.676
6,2,0.2,345,10,0,0.3,11,3,0.3453575523979,0.676
6,2,0.2,356,10,0,0.3,11,3,0.57862898470529,0.676
6,2,0.2,101,10,0,0.3,11,3,-0.546819838698042,0.678
6,2,0.2,157,10,0,0.3,11,3,0.461940656963691,0.678
6,2,0.2,148,10,0,0.3,11,3,-0.125840874774866,0.68
6,2,0.2,382,10,0,0.3,11,3,0.403321881492104,0.68
6,2,0.2,267,10,0,0.3,11,3,-0.249953417900485,0.682
6,2,0.2,458,10,0,0.3,11,3,-0.239529185935481,0.682
6,2,0.2,58,10,0,0.3,11,3,-0.347580942072113,0.684
6,2,0.2,169,10,0,0.3,11,3,0.152485771572259,0.688
6,2,0.2,430,10,0,0.3,11,3,0.335392686712822,0.688
6,2,0.2,36,10,0,0.3,11,3,-0.447058944599689,0.69
6,2,0.2,239,10,0,0.3,11,3,0.203827180495949,0.69
6,2,0.2,499,10,0,0.3,11,3,0.207456859370836,0.69
6,2,0.2,110,10,0,0.3,11,3,-0.138483469141988,0.698
6,2,0.2,250,10,0,0.3,11,3,0.366842662283688,0.698
6,2,0.2,348,10,0,0.3,11,3,0.118705713733931,0.702
6,2,0.2,86,10,0,0.3,11,3,-0.255897701109319,0.704
6,2,0.2,256,10,0,0.3,11,3,0.232182122596726,0.704
6,2,0.2,276,10,0,0.3,11,3,-0.203488166780005,0.704
6,2,0.2,28,10,0,0.3,11,3,0.265440998666946,0.706
6,2,0.2,37,10,0,0.3,11,3,-0.267844598183075,0.706
6,2,0.2,50,10,0,0.3,11,3,-0.179897399058262,0.706
6,2,0.2,404,10,0,0.3,11,3,0.234510711353892,0.706
6,2,0.2,254,10,0,0.3,11,3,-0.239635035861539,0.708
6,2,0.2,475,10,0,0.3,11,3,0.291403967973935,0.708
6,2,0.2,68,10,0,0.3,11,3,0.212545736033348,0.712
6,2,0.2,416,10,0,0.3,11,3,-0.194345126857314,0.712
6,2,0.2,446,10,0,0.3,11,3,-0.267067727241056,0.714
6,2,0.2,455,10,0,0.3,11,3,-0.340568253033211,0.714
6,2,0.2,135,10,0,0.3,11,3,-0.317695751658391,0.716
6,2,0.2,498,10,0,0.3,11,3,-0.267137832663593,0.718
6,2,0.2,113,10,0,0.3,11,3,0.166939025157859,0.72
6,2,0.2,151,10,0,0.3,11,3,0.179431286589278,0.72
6,2,0.2,223,10,0,0.3,11,3,0.304092291718234,0.72
6,2,0.2,272,10,0,0.3,11,3,-0.23248601312153,0.722
6,2,0.2,476,10,0,0.3,11,3,-0.240875678364915,0.722
6,2,0.2,20,10,0,0.3,11,3,0.19227185252069,0.726
6,2,0.2,125,10,0,0.3,11,3,0.212457885610178,0.728
6,2,0.2,160,10,0,0.3,11,3,-0.0992149266182878,0.73
6,2,0.2,234,10,0,0.3,11,3,-0.153852700337495,0.732
6,2,0.2,353,10,0,0.3,11,3,-0.23755121092546,0.732
6,2,0.2,372,10,0,0.3,11,3,0.307093920872774,0.732
6,2,0.2,483,10,0,0.3,11,3,-0.314121946138499,0.732
6,2,0.2,251,10,0,0.3,11,3,-0.264893103403807,0.734
6,2,0.2,413,10,0,0.3,11,3,-0.156718373374616,0.734
6,2,0.2,108,10,0,0.3,11,3,0.3218960286504,0.736
6,2,0.2,66,10,0,0.3,11,3,0.193845400115293,0.738
6,2,0.2,117,10,0,0.3,11,3,-0.0787413440544924,0.738
6,2,0.2,422,10,0,0.3,11,3,-0.35392478390051,0.74
6,2,0.2,375,10,0,0.3,11,3,-0.217156939865305,0.744
6,2,0.2,192,10,0,0.3,11,3,0.144144391562037,0.748
6,2,0.2,207,10,0,0.3,11,3,-0.303404920493648,0.748
6,2,0.2,358,10,0,0.3,11,3,-0.0913489583654723,0.748
6,2,0.2,262,10,0,0.3,11,3,-0.166694875626575,0.75
6,2,0.2,323,10,0,0.3,11,3,-0.227163911214973,0.752
6,2,0.2,185,10,0,0.3,11,3,0.154983760578347,0.754
6,2,0.2,161,10,0,0.3,11,3,0.251533792093738,0.756
6,2,0.2,274,10,0,0.3,11,3,-0.239571082368229,0.756
6,2,0.2,403,10,0,0.3,11,3,0.280078580987464,0.756
6,2,0.2,163,10,0,0.3,11,3,-0.1528900684078,0.758
6,2,0.2,137,10,0,0.3,11,3,-0.155502959296172,0.76
6,2,0.2,451,10,0,0.3,11,3,0.15050745666565,0.764
6,2,0.2,6,10,0,0.3,11,3,0.197389333378823,0.766
6,2,0.2,445,10,0,0.3,11,3,-0.194798909673864,0.768
6,2,0.2,140,10,0,0.3,11,3,0.131828350461205,0.77
6,2,0.2,182,10,0,0.3,11,3,0.0557880378083837,0.77
6,2,0.2,119,10,0,0.3,11,3,0.171716138610748,0.774
6,2,0.2,316,10,0,0.3,11,3,0.210082799744782,0.782
6,2,0.2,130,10,0,0.3,11,3,-0.161930164320296,0.784
6,2,0.2,452,10,0,0.3,11,3,0.205362180938977,0.786
6,2,0.2,486,10,0,0.3,11,3,-0.143234211968604,0.786
6,2,0.2,450,10,0,0.3,11,3,-0.181718488623574,0.79
6,2,0.2,437,10,0,0.3,11,3,-0.242719592413806,0.792
6,2,0.2,90,10,0,0.3,11,3,-0.102997759715123,0.794
6,2,0.2,42,10,0,0.3,11,3,-0.0731419958453898,0.796
6,2,0.2,172,10,0,0.3,11,3,-0.129313753339716,0.796
6,2,0.2,273,10,0,0.3,11,3,-0.0896072121458076,0.796
6,2,0.2,193,10,0,0.3,11,3,-0.0831160933510091,0.798
6,2,0.2,236,10,0,0.3,11,3,-0.182785359162295,0.8
6,2,0.2,340,10,0,0.3,11,3,0.0640849766610927,0.8
6,2,0.2,434,10,0,0.3,11,3,0.117429190616605,0.802
6,2,0.2,128,10,0,0.3,11,3,-0.108890735591046,0.804
6,2,0.2,300,10,0,0.3,11,3,0.133737193931211,0.806
6,2,0.2,429,10,0,0.3,11,3,0.236168485004612,0.806
6,2,0.2,204,10,0,0.3,11,3,0.198098905853243,0.81
6,2,0.2,219,10,0,0.3,11,3,-0.255295970062406,0.81
6,2,0.2,354,10,0,0.3,11,3,0.0938906063214517,0.818
6,2,0.2,363,10,0,0.3,11,3,-0.086545282962561,0.818
6,2,0.2,397,10,0,0.3,11,3,0.116953181016981,0.818
6,2,0.2,93,10,0,0.3,11,3,-0.118199186948146,0.822
6,2,0.2,75,10,0,0.3,11,3,0.0762148910326914,0.824
6,2,0.2,243,10,0,0.3,11,3,-0.0835492376660625,0.826
6,2,0.2,268,10,0,0.3,11,3,-0.0944515064005316,0.826
6,2,0.2,371,10,0,0.3,11,3,0.0962402118222485,0.828
6,2,0.2,263,10,0,0.3,11,3,-0.0784391465421663,0.83
6,2,0.2,322,10,0,0.3,11,3,-0.0843765489948396,0.832
6,2,0.2,65,10,0,0.3,11,3,0.182732083346934,0.836
6,2,0.2,396,10,0,0.3,11,3,-0.105867439586632,0.838
6,2,0.2,393,10,0,0.3,11,3,0.141863315629877,0.84
6,2,0.2,431,10,0,0.3,11,3,-0.101603674836383,0.84
6,2,0.2,154,10,0,0.3,11,3,0.103332019902268,0.846
6,2,0.2,440,10,0,0.3,11,3,0.190227777625324,0.846
6,2,0.2,459,10,0,0.3,11,3,0.117601254259711,0.846
6,2,0.2,35,10,0,0.3,11,3,-0.130077071257602,0.848
6,2,0.2,100,10,0,0.3,11,3,-0.114302146738169,0.848
6,2,0.2,11,10,0,0.3,11,3,0.108095532976336,0.85
6,2,0.2,417,10,0,0.3,11,3,0.152270911240834,0.85
6,2,0.2,3,10,0,0.3,11,3,-0.204960512400419,0.856
6,2,0.2,216,10,0,0.3,11,3,-0.109431198375631,0.856
6,2,0.2,464,10,0,0.3,11,3,-0.106761908923232,0.856
6,2,0.2,381,10,0,0.3,11,3,0.106303457420125,0.86
6,2,0.2,488,10,0,0.3,11,3,-0.0978746208379562,0.86
6,2,0.2,91,10,0,0.3,11,3,-0.0707934669775909,0.868
6,2,0.2,473,10,0,0.3,11,3,0.104534633010985,0.868
6,2,0.2,224,10,0,0.3,11,3,0.0402357556528159,0.87
6,2,0.2,96,10,0,0.3,11,3,0.100256176109582,0.874
6,2,0.2,299,10,0,0.3,11,3,0.130312567290076,0.874
6,2,0.2,209,10,0,0.3,11,3,0.192296831714685,0.88
6,2,0.2,126,10,0,0.3,11,3,-0.0785707803017317,0.884
6,2,0.2,210,10,0,0.3,11,3,-0.0458815877991867,0.884
6,2,0.2,406,10,0,0.3,11,3,0.0652649855625498,0.884
6,2,0.2,278,10,0,0.3,11,3,-0.0651864316171213,0.888
6,2,0.2,94,10,0,0.3,11,3,0.0601927684691077,0.892
6,2,0.2,168,10,0,0.3,11,3,0.088057979951202,0.9
6,2,0.2,418,10,0,0.3,11,3,0.0612371849032911,0.9
6,2,0.2,426,10,0,0.3,11,3,0.0556532215592824,0.902
6,2,0.2,361,10,0,0.3,11,3,0.0559702912247246,0.904
6,2,0.2,414,10,0,0.3,11,3,-0.040845718095909,0.904
6,2,0.2,343,10,0,0.3,11,3,0.0646624784048697,0.906
6,2,0.2,370,10,0,0.3,11,3,-0.0667117359306246,0.906
6,2,0.2,190,10,0,0.3,11,3,0.0695824844897857,0.908
6,2,0.2,19,10,0,0.3,11,3,0.0921978879729295,0.914
6,2,0.2,59,10,0,0.3,11,3,-0.0492166104721719,0.914
6,2,0.2,201,10,0,0.3,11,3,0.0653118265086619,0.914
6,2,0.2,485,10,0,0.3,11,3,-0.0687463541877946,0.92
6,2,0.2,73,10,0,0.3,11,3,0.03987752563242,0.924
6,2,0.2,99,10,0,0.3,11,3,-0.0512513564227675,0.93
6,2,0.2,21,10,0,0.3,11,3,-0.0321839763172704,0.934
6,2,0.2,131,10,0,0.3,11,3,-0.0590398826628302,0.936
6,2,0.2,112,10,0,0.3,11,3,0.0345118179918131,0.938
6,2,0.2,461,10,0,0.3,11,3,0.0250271957091854,0.94
6,2,0.2,186,10,0,0.3,11,3,0.0337745214685867,0.944
6,2,0.2,391,10,0,0.3,11,3,-0.0462700692829401,0.944
6,2,0.2,242,10,0,0.3,11,3,-0.0146099287033792,0.946
6,2,0.2,411,10,0,0.3,11,3,0.043125477068287,0.946
6,2,0.2,265,10,0,0.3,11,3,-0.035851977366292,0.948
6,2,0.2,77,10,0,0.3,11,3,0.0181957500657575,0.954
6,2,0.2,81,10,0,0.3,11,3,0.0430093698935821,0.954
6,2,0.2,257,10,0,0.3,11,3,0.0232602826845607,0.958
6,2,0.2,318,10,0,0.3,11,3,0.0202021481811414,0.958
6,2,0.2,497,10,0,0.3,11,3,0.0238426882886245,0.958
6,2,0.2,138,10,0,0.3,11,3,0.0238482858929672,0.96
6,2,0.2,177,10,0,0.3,11,3,0.0329791575660465,0.96
6,2,0.2,324,10,0,0.3,11,3,-0.0312462939133411,0.96
6,2,0.2,297,10,0,0.3,11,3,0.0359505502294155,0.962
6,2,0.2,245,10,0,0.3,11,3,0.0153655416227423,0.964
6,2,0.2,291,10,0,0.3,11,3,0.019341176597635,0.964
6,2,0.2,293,10,0,0.3,11,3,0.0283774118908866,0.964
6,2,0.2,482,10,0,0.3,11,3,-0.0139677020492002,0.964
6,2,0.2,143,10,0,0.3,11,3,-0.02332377221299,0.97
6,2,0.2,162,10,0,0.3,11,3,0.0474372156381833,0.972
6,2,0.2,132,10,0,0.3,11,3,-0.0247892037026247,0.974
6,2,0.2,15,10,0,0.3,11,3,0.0266092995990732,0.978
6,2,0.2,134,10,0,0.3,11,3,0.0126981145068612,0.978
6,2,0.2,225,10,0,0.3,11,3,0.0216241263833012,0.98
6,2,0.2,327,10,0,0.3,11,3,0.00838084522459326,0.98
6,2,0.2,460,10,0,0.3,11,3,-0.0281029912671613,0.98
6,2,0.2,337,10,0,0.3,11,3,-0.0116102990715206,0.986
6,2,0.2,456,10,0,0.3,11,3,0.00658975968610775,0.988
6,2,0.2,438,10,0,0.3,12,3,1.23802256657632,0.008
6,2,0.2,261,10,0,0.3,12,3,1.50558739058951,0.028
6,2,0.2,322,10,0,0.3,12,3,0.65195300646576,0.032
6,2,0.2,250,10,0,0.3,12,3,1.69644023663858,0.042
6,2,0.2,445,10,0,0.3,12,3,1.3991429394865,0.044
6,2,0.2,24,10,0,0.3,12,3,-1.22476358695201,0.05
6,2,0.2,309,10,0,0.3,12,3,1.11911419119102,0.052
6,2,0.2,19,10,0,0.3,12,3,0.987961803721277,0.054
6,2,0.2,233,10,0,0.3,12,3,-0.885805036318573,0.054
6,2,0.2,337,10,0,0.3,12,3,-0.653547547456128,0.054
6,2,0.2,366,10,0,0.3,12,3,-0.974763187385946,0.054
6,2,0.2,136,10,0,0.3,12,3,1.34103692802765,0.056
6,2,0.2,426,10,0,0.3,12,3,-0.826488250058446,0.058
6,2,0.2,5,10,0,0.3,12,3,-1.27262359098876,0.06
6,2,0.2,364,10,0,0.3,12,3,-1.03596873008215,0.062
6,2,0.2,390,10,0,0.3,12,3,-1.08761077830124,0.062
6,2,0.2,137,10,0,0.3,12,3,-1.04630358133025,0.068
6,2,0.2,27,10,0,0.3,12,3,1.20307029465789,0.07
6,2,0.2,192,10,0,0.3,12,3,-0.8166105195819,0.07
6,2,0.2,477,10,0,0.3,12,3,0.58664798161368,0.07
6,2,0.2,36,10,0,0.3,12,3,-1.2683742703118,0.072
6,2,0.2,253,10,0,0.3,12,3,0.78360435980585,0.072
6,2,0.2,448,10,0,0.3,12,3,-1.17404895389529,0.076
6,2,0.2,57,10,0,0.3,12,3,-0.957488989157184,0.078
6,2,0.2,299,10,0,0.3,12,3,1.0713799802042,0.078
6,2,0.2,329,10,0,0.3,12,3,-2.02727765961083,0.078
6,2,0.2,398,10,0,0.3,12,3,0.741739570705278,0.08
6,2,0.2,488,10,0,0.3,12,3,-1.20991870573147,0.08
6,2,0.2,189,10,0,0.3,12,3,0.935621497991264,0.086
6,2,0.2,312,10,0,0.3,12,3,-1.17344521530933,0.088
6,2,0.2,461,10,0,0.3,12,3,0.908010395015111,0.088
6,2,0.2,479,10,0,0.3,12,3,-0.874813026983844,0.088
6,2,0.2,140,10,0,0.3,12,3,1.22505254108012,0.09
6,2,0.2,169,10,0,0.3,12,3,1.1502330915057,0.09
6,2,0.2,262,10,0,0.3,12,3,1.14173739725419,0.09
6,2,0.2,310,10,0,0.3,12,3,-0.561721617951576,0.09
6,2,0.2,55,10,0,0.3,12,3,-1.3903204217749,0.092
6,2,0.2,92,10,0,0.3,12,3,0.585975845686221,0.092
6,2,0.2,353,10,0,0.3,12,3,-0.721195990645811,0.092
6,2,0.2,95,10,0,0.3,12,3,1.24329868373252,0.094
6,2,0.2,21,10,0,0.3,12,3,-1.2316595812577,0.096
6,2,0.2,343,10,0,0.3,12,3,0.694586128482428,0.096
6,2,0.2,109,10,0,0.3,12,3,0.986436173884982,0.098
6,2,0.2,172,10,0,0.3,12,3,0.965416911015495,0.098
6,2,0.2,498,10,0,0.3,12,3,0.799690254907119,0.098
6,2,0.2,86,10,0,0.3,12,3,-1.10431164031942,0.1
6,2,0.2,297,10,0,0.3,12,3,-0.787786499628112,0.102
6,2,0.2,350,10,0,0.3,12,3,0.940368871863484,0.106
6,2,0.2,367,10,0,0.3,12,3,-0.855867445627979,0.106
6,2,0.2,440,10,0,0.3,12,3,0.706936603495933,0.106
6,2,0.2,49,10,0,0.3,12,3,-0.824345501710894,0.108
6,2,0.2,290,10,0,0.3,12,3,0.911249681401699,0.108
6,2,0.2,383,10,0,0.3,12,3,1.01371534579394,0.108
6,2,0.2,494,10,0,0.3,12,3,-0.682367337267777,0.108
6,2,0.2,402,10,0,0.3,12,3,1.1521261635439,0.11
6,2,0.2,235,10,0,0.3,12,3,-0.918345472607854,0.112
6,2,0.2,242,10,0,0.3,12,3,0.668711127286485,0.114
6,2,0.2,301,10,0,0.3,12,3,-0.627316187280712,0.114
6,2,0.2,363,10,0,0.3,12,3,0.758011619167149,0.114
6,2,0.2,444,10,0,0.3,12,3,-1.00365898844279,0.116
6,2,0.2,499,10,0,0.3,12,3,-1.08119433297645,0.116
6,2,0.2,2,10,0,0.3,12,3,-0.625797340480233,0.118
6,2,0.2,264,10,0,0.3,12,3,-0.888753224411033,0.118
6,2,0.2,430,10,0,0.3,12,3,-0.937891927764724,0.118
6,2,0.2,446,10,0,0.3,12,3,-0.895584648311996,0.118
6,2,0.2,139,10,0,0.3,12,3,-0.49109020789416,0.12
6,2,0.2,270,10,0,0.3,12,3,-1.08469079597288,0.12
6,2,0.2,321,10,0,0.3,12,3,-0.934028712346674,0.12
6,2,0.2,244,10,0,0.3,12,3,-0.564489133220292,0.122
6,2,0.2,304,10,0,0.3,12,3,1.11195942864242,0.122
6,2,0.2,382,10,0,0.3,12,3,-0.71313134264625,0.122
6,2,0.2,345,10,0,0.3,12,3,-0.933927040060979,0.124
6,2,0.2,407,10,0,0.3,12,3,0.786120558284807,0.126
6,2,0.2,195,10,0,0.3,12,3,0.546205543805144,0.128
6,2,0.2,83,10,0,0.3,12,3,-0.711855560213792,0.132
6,2,0.2,118,10,0,0.3,12,3,-0.916484561933174,0.132
6,2,0.2,119,10,0,0.3,12,3,-0.745634508081366,0.132
6,2,0.2,277,10,0,0.3,12,3,0.725233817928199,0.132
6,2,0.2,282,10,0,0.3,12,3,-1.20699181767023,0.132
6,2,0.2,64,10,0,0.3,12,3,-0.696953231867951,0.134
6,2,0.2,332,10,0,0.3,12,3,-1.00521167782341,0.136
6,2,0.2,44,10,0,0.3,12,3,1.24689065844265,0.138
6,2,0.2,91,10,0,0.3,12,3,1.20603421056856,0.138
6,2,0.2,129,10,0,0.3,12,3,0.627204867541877,0.138
6,2,0.2,106,10,0,0.3,12,3,-0.645988060342006,0.14
6,2,0.2,236,10,0,0.3,12,3,-0.724992792950303,0.14
6,2,0.2,324,10,0,0.3,12,3,-0.629351385529048,0.14
6,2,0.2,360,10,0,0.3,12,3,-1.08968468378822,0.14
6,2,0.2,74,10,0,0.3,12,3,-0.431242433530457,0.142
6,2,0.2,221,10,0,0.3,12,3,0.573199829708585,0.142
6,2,0.2,252,10,0,0.3,12,3,-0.638898487774725,0.142
6,2,0.2,369,10,0,0.3,12,3,1.02472441560298,0.142
6,2,0.2,414,10,0,0.3,12,3,0.404441620252953,0.142
6,2,0.2,117,10,0,0.3,12,3,-0.508924354164805,0.144
6,2,0.2,272,10,0,0.3,12,3,-0.857432734149995,0.144
6,2,0.2,489,10,0,0.3,12,3,0.758265964806327,0.144
6,2,0.2,160,10,0,0.3,12,3,0.926048222108989,0.146
6,2,0.2,302,10,0,0.3,12,3,-0.410253975782041,0.146
6,2,0.2,326,10,0,0.3,12,3,0.87490845256491,0.146
6,2,0.2,31,10,0,0.3,12,3,-0.582354063577242,0.148
6,2,0.2,186,10,0,0.3,12,3,-0.957003406264988,0.148
6,2,0.2,138,10,0,0.3,12,3,0.608998158673103,0.15
6,2,0.2,375,10,0,0.3,12,3,0.665140372926913,0.15
6,2,0.2,208,10,0,0.3,12,3,0.852236732013324,0.152
6,2,0.2,313,10,0,0.3,12,3,0.670553771700611,0.152
6,2,0.2,413,10,0,0.3,12,3,-0.903758146408364,0.152
6,2,0.2,500,10,0,0.3,12,3,-0.650985713698617,0.154
6,2,0.2,393,10,0,0.3,12,3,-0.824723446259242,0.158
6,2,0.2,101,10,0,0.3,12,3,-0.679690188955789,0.16
6,2,0.2,296,10,0,0.3,12,3,0.619772562657801,0.162
6,2,0.2,452,10,0,0.3,12,3,0.617386956645646,0.162
6,2,0.2,84,10,0,0.3,12,3,-0.857146064004411,0.164
6,2,0.2,150,10,0,0.3,12,3,0.684282634563061,0.164
6,2,0.2,211,10,0,0.3,12,3,-1.26523363248111,0.166
6,2,0.2,225,10,0,0.3,12,3,-1.04992689320548,0.166
6,2,0.2,263,10,0,0.3,12,3,0.545290702805545,0.166
6,2,0.2,292,10,0,0.3,12,3,-0.673908976323389,0.172
6,2,0.2,406,10,0,0.3,12,3,0.737365608589158,0.172
6,2,0.2,346,10,0,0.3,12,3,-0.561998336123196,0.178
6,2,0.2,16,10,0,0.3,12,3,0.767729716601423,0.18
6,2,0.2,103,10,0,0.3,12,3,0.714752077451834,0.18
6,2,0.2,308,10,0,0.3,12,3,0.729220712178943,0.182
6,2,0.2,87,10,0,0.3,12,3,-0.629196978455383,0.184
6,2,0.2,491,10,0,0.3,12,3,-0.462749630409121,0.184
6,2,0.2,102,10,0,0.3,12,3,0.957100724775984,0.186
6,2,0.2,6,10,0,0.3,12,3,-0.354044426483995,0.196
6,2,0.2,394,10,0,0.3,12,3,-0.454328579626974,0.196
6,2,0.2,416,10,0,0.3,12,3,-0.599995669181567,0.202
6,2,0.2,425,10,0,0.3,12,3,-0.828984201688741,0.202
6,2,0.2,358,10,0,0.3,12,3,-0.839036255887834,0.204
6,2,0.2,171,10,0,0.3,12,3,0.703109997248077,0.212
6,2,0.2,224,10,0,0.3,12,3,-0.545754401806505,0.212
6,2,0.2,247,10,0,0.3,12,3,0.664870939671545,0.212
6,2,0.2,356,10,0,0.3,12,3,0.766446177082315,0.212
6,2,0.2,374,10,0,0.3,12,3,0.53367813624223,0.216
6,2,0.2,451,10,0,0.3,12,3,-0.68450542207097,0.218
6,2,0.2,196,10,0,0.3,12,3,-0.692782636584042,0.22
6,2,0.2,217,10,0,0.3,12,3,-0.28685220433394,0.224
6,2,0.2,419,10,0,0.3,12,3,0.485103509008781,0.224
6,2,0.2,167,10,0,0.3,12,3,-0.841601551251216,0.226
6,2,0.2,431,10,0,0.3,12,3,-0.401321459905461,0.228
6,2,0.2,25,10,0,0.3,12,3,-0.33966637921921,0.232
6,2,0.2,75,10,0,0.3,12,3,-0.34298541450795,0.232
6,2,0.2,76,10,0,0.3,12,3,-0.365242609249634,0.232
6,2,0.2,335,10,0,0.3,12,3,-0.430756346618978,0.232
6,2,0.2,207,10,0,0.3,12,3,0.997242585752872,0.238
6,2,0.2,271,10,0,0.3,12,3,-1.81564471039712,0.238
6,2,0.2,260,10,0,0.3,12,3,0.242845783234259,0.24
6,2,0.2,387,10,0,0.3,12,3,-0.65151120479905,0.242
6,2,0.2,69,10,0,0.3,12,3,0.488538260018601,0.244
6,2,0.2,447,10,0,0.3,12,3,-0.160241322537786,0.246
6,2,0.2,168,10,0,0.3,12,3,-0.463051167062019,0.248
6,2,0.2,42,10,0,0.3,12,3,0.604827259767404,0.25
6,2,0.2,142,10,0,0.3,12,3,-0.349499936967874,0.254
6,2,0.2,23,10,0,0.3,12,3,0.479064885242565,0.256
6,2,0.2,67,10,0,0.3,12,3,-0.676941556464385,0.256
6,2,0.2,145,10,0,0.3,12,3,0.79243542764479,0.256
6,2,0.2,182,10,0,0.3,12,3,0.599464990806155,0.26
6,2,0.2,12,10,0,0.3,12,3,-0.617247416332447,0.264
6,2,0.2,155,10,0,0.3,12,3,-0.252592145804556,0.264
6,2,0.2,480,10,0,0.3,12,3,-0.479719820866649,0.266
6,2,0.2,54,10,0,0.3,12,3,0.399469403805597,0.268
6,2,0.2,354,10,0,0.3,12,3,-0.739681335414787,0.268
6,2,0.2,228,10,0,0.3,12,3,-0.424852981037873,0.27
6,2,0.2,306,10,0,0.3,12,3,0.45024160293579,0.272
6,2,0.2,423,10,0,0.3,12,3,0.378874441135508,0.272
6,2,0.2,325,10,0,0.3,12,3,-0.924597852578614,0.276
6,2,0.2,458,10,0,0.3,12,3,-0.533894113217286,0.276
6,2,0.2,70,10,0,0.3,12,3,-0.357811748885837,0.278
6,2,0.2,9,10,0,0.3,12,3,-0.303288800396444,0.28
6,2,0.2,13,10,0,0.3,12,3,0.866987146754752,0.284
6,2,0.2,62,10,0,0.3,12,3,0.42059559240073,0.286
6,2,0.2,15,10,0,0.3,12,3,-0.603279285664513,0.294
6,2,0.2,125,10,0,0.3,12,3,0.340929886750644,0.294
6,2,0.2,231,10,0,0.3,12,3,-0.433965971058797,0.296
6,2,0.2,279,10,0,0.3,12,3,0.464860174217819,0.298
6,2,0.2,181,10,0,0.3,12,3,0.695453053543503,0.3
6,2,0.2,371,10,0,0.3,12,3,0.849144887073322,0.302
6,2,0.2,30,10,0,0.3,12,3,-0.472420215657138,0.31
6,2,0.2,420,10,0,0.3,12,3,-0.624120377876437,0.31
6,2,0.2,66,10,0,0.3,12,3,-0.33842816986342,0.312
6,2,0.2,428,10,0,0.3,12,3,-0.458504067420193,0.312
6,2,0.2,484,10,0,0.3,12,3,0.342007750157393,0.316
6,2,0.2,330,10,0,0.3,12,3,-0.433835307405246,0.318
6,2,0.2,105,10,0,0.3,12,3,-0.566899748492915,0.32
6,2,0.2,432,10,0,0.3,12,3,-0.657543534742928,0.32
6,2,0.2,28,10,0,0.3,12,3,-1.11032712614789,0.322
6,2,0.2,73,10,0,0.3,12,3,-0.408209183746095,0.322
6,2,0.2,278,10,0,0.3,12,3,0.432926750774612,0.328
6,2,0.2,218,10,0,0.3,12,3,-0.789288189467442,0.332
6,2,0.2,29,10,0,0.3,12,3,0.666093926571023,0.334
6,2,0.2,338,10,0,0.3,12,3,0.453670080524347,0.334
6,2,0.2,395,10,0,0.3,12,3,-0.428375228045439,0.334
6,2,0.2,71,10,0,0.3,12,3,-0.555508669456259,0.34
6,2,0.2,1,10,0,0.3,12,3,-0.522165074936254,0.344
6,2,0.2,487,10,0,0.3,12,3,0.929719185537579,0.344
6,2,0.2,311,10,0,0.3,12,3,0.496248451504812,0.346
6,2,0.2,178,10,0,0.3,12,3,0.284791894587755,0.348
6,2,0.2,170,10,0,0.3,12,3,0.346703314363452,0.352
6,2,0.2,328,10,0,0.3,12,3,-0.578273212808057,0.352
6,2,0.2,128,10,0,0.3,12,3,-0.484438908470196,0.354
6,2,0.2,243,10,0,0.3,12,3,-0.355869910833974,0.354
6,2,0.2,424,10,0,0.3,12,3,-0.619663040011517,0.356
6,2,0.2,130,10,0,0.3,12,3,0.12144898776333,0.36
6,2,0.2,4,10,0,0.3,12,3,-0.296925396914503,0.362
6,2,0.2,436,10,0,0.3,12,3,-0.387724518444685,0.368
6,2,0.2,35,10,0,0.3,12,3,1.10508561130575,0.37
6,2,0.2,216,10,0,0.3,12,3,-0.517479913846785,0.37
6,2,0.2,85,10,0,0.3,12,3,-0.335910940012809,0.374
6,2,0.2,203,10,0,0.3,12,3,-0.619268036896386,0.376
6,2,0.2,8,10,0,0.3,12,3,0.373299305079911,0.38
6,2,0.2,56,10,0,0.3,12,3,0.338422608756304,0.38
6,2,0.2,468,10,0,0.3,12,3,-0.479726192485771,0.384
6,2,0.2,473,10,0,0.3,12,3,-0.554147779247842,0.384
6,2,0.2,388,10,0,0.3,12,3,-0.253010885356559,0.386
6,2,0.2,34,10,0,0.3,12,3,0.69153840362182,0.388
6,2,0.2,100,10,0,0.3,12,3,-0.462357125201862,0.388
6,2,0.2,289,10,0,0.3,12,3,0.320936959141136,0.388
6,2,0.2,295,10,0,0.3,12,3,0.715986767396203,0.39
6,2,0.2,422,10,0,0.3,12,3,-1.06740317627049,0.394
6,2,0.2,78,10,0,0.3,12,3,-0.566189128650166,0.4
6,2,0.2,400,10,0,0.3,12,3,0.242836162578811,0.4
6,2,0.2,378,10,0,0.3,12,3,0.618285936019419,0.404
6,2,0.2,53,10,0,0.3,12,3,-0.454010876757593,0.406
6,2,0.2,234,10,0,0.3,12,3,0.527984642133049,0.408
6,2,0.2,470,10,0,0.3,12,3,0.474754414812821,0.408
6,2,0.2,146,10,0,0.3,12,3,-0.701736320046194,0.41
6,2,0.2,238,10,0,0.3,12,3,0.298883580881068,0.414
6,2,0.2,316,10,0,0.3,12,3,-0.391136372265237,0.418
6,2,0.2,460,10,0,0.3,12,3,0.279239994317351,0.42
6,2,0.2,81,10,0,0.3,12,3,-0.998297383049731,0.422
6,2,0.2,96,10,0,0.3,12,3,0.402961411188045,0.432
6,2,0.2,202,10,0,0.3,12,3,0.421160012302806,0.432
6,2,0.2,333,10,0,0.3,12,3,-0.33840926688535,0.432
6,2,0.2,124,10,0,0.3,12,3,0.413431996714763,0.438
6,2,0.2,151,10,0,0.3,12,3,0.253116795557105,0.44
6,2,0.2,365,10,0,0.3,12,3,-0.433918689131474,0.442
6,2,0.2,38,10,0,0.3,12,3,0.472846394616425,0.45
6,2,0.2,248,10,0,0.3,12,3,-0.448040902066481,0.456
6,2,0.2,222,10,0,0.3,12,3,-0.224824109883173,0.458
6,2,0.2,149,10,0,0.3,12,3,-0.415893363912971,0.462
6,2,0.2,220,10,0,0.3,12,3,-0.274259204429796,0.462
6,2,0.2,257,10,0,0.3,12,3,0.456074143624988,0.462
6,2,0.2,11,10,0,0.3,12,3,-0.201990563359715,0.466
6,2,0.2,116,10,0,0.3,12,3,-0.374235153534016,0.468
6,2,0.2,386,10,0,0.3,12,3,0.622679011222203,0.47
6,2,0.2,112,10,0,0.3,12,3,0.20037272614735,0.472
6,2,0.2,10,10,0,0.3,12,3,-0.408833997948108,0.476
6,2,0.2,314,10,0,0.3,12,3,-0.429504604155682,0.484
6,2,0.2,339,10,0,0.3,12,3,-0.512987939022139,0.484
6,2,0.2,50,10,0,0.3,12,3,-0.339525157967415,0.488
6,2,0.2,327,10,0,0.3,12,3,0.368620760167261,0.488
6,2,0.2,40,10,0,0.3,12,3,-0.26436908706728,0.49
6,2,0.2,441,10,0,0.3,12,3,0.671707903029187,0.496
6,2,0.2,93,10,0,0.3,12,3,-0.217432189773348,0.498
6,2,0.2,492,10,0,0.3,12,3,0.400125021257537,0.498
6,2,0.2,251,10,0,0.3,12,3,-0.351551595450076,0.504
6,2,0.2,497,10,0,0.3,12,3,0.401949260444155,0.504
6,2,0.2,164,10,0,0.3,12,3,-0.262911642013961,0.506
6,2,0.2,435,10,0,0.3,12,3,-0.44541790149745,0.51
6,2,0.2,449,10,0,0.3,12,3,-0.338326281521546,0.51
6,2,0.2,397,10,0,0.3,12,3,-0.315982175481594,0.516
6,2,0.2,214,10,0,0.3,12,3,-0.35547289179317,0.518
6,2,0.2,467,10,0,0.3,12,3,0.651472331185772,0.52
6,2,0.2,209,10,0,0.3,12,3,-0.203210162689146,0.524
6,2,0.2,331,10,0,0.3,12,3,-0.37636046280673,0.528
6,2,0.2,372,10,0,0.3,12,3,-0.368071733524289,0.53
6,2,0.2,131,10,0,0.3,12,3,-0.252040362022314,0.532
6,2,0.2,156,10,0,0.3,12,3,0.24311023119742,0.532
6,2,0.2,7,10,0,0.3,12,3,-0.237865677217542,0.534
6,2,0.2,275,10,0,0.3,12,3,0.680054730852078,0.536
6,2,0.2,318,10,0,0.3,12,3,-0.386496074411752,0.538
6,2,0.2,471,10,0,0.3,12,3,0.193736458478412,0.538
6,2,0.2,376,10,0,0.3,12,3,-0.645362462402232,0.546
6,2,0.2,408,10,0,0.3,12,3,0.21498986260741,0.546
6,2,0.2,389,10,0,0.3,12,3,1.06560793473938,0.55
6,2,0.2,143,10,0,0.3,12,3,0.312187349829713,0.552
6,2,0.2,486,10,0,0.3,12,3,-0.264257384392153,0.552
6,2,0.2,490,10,0,0.3,12,3,0.274985031548511,0.556
6,2,0.2,415,10,0,0.3,12,3,0.756654309723103,0.562
6,2,0.2,396,10,0,0.3,12,3,-0.188921691428789,0.566
6,2,0.2,466,10,0,0.3,12,3,0.337304251485762,0.566
6,2,0.2,273,10,0,0.3,12,3,-0.615859875236055,0.568
6,2,0.2,180,10,0,0.3,12,3,-0.270814405769414,0.574
6,2,0.2,392,10,0,0.3,12,3,0.414741232358608,0.574
6,2,0.2,453,10,0,0.3,12,3,-0.606897582834819,0.574
6,2,0.2,63,10,0,0.3,12,3,0.773112980858599,0.576
6,2,0.2,323,10,0,0.3,12,3,-0.932409026636719,0.576
6,2,0.2,357,10,0,0.3,12,3,0.260616403138016,0.576
6,2,0.2,359,10,0,0.3,12,3,0.261157859460695,0.576
6,2,0.2,89,10,0,0.3,12,3,-0.501326590274829,0.578
6,2,0.2,241,10,0,0.3,12,3,0.327390636253227,0.578
6,2,0.2,305,10,0,0.3,12,3,0.10472297339777,0.578
6,2,0.2,77,10,0,0.3,12,3,0.292353917764387,0.582
6,2,0.2,439,10,0,0.3,12,3,0.353934592050109,0.582
6,2,0.2,199,10,0,0.3,12,3,-0.857622595550765,0.584
6,2,0.2,485,10,0,0.3,12,3,-0.220411185276788,0.588
6,2,0.2,123,10,0,0.3,12,3,-0.565845785696212,0.59
6,2,0.2,404,10,0,0.3,12,3,-0.402108216381663,0.59
6,2,0.2,462,10,0,0.3,12,3,0.390763516974829,0.59
6,2,0.2,280,10,0,0.3,12,3,-0.342120632508681,0.594
6,2,0.2,355,10,0,0.3,12,3,-0.235544212584301,0.594
6,2,0.2,165,10,0,0.3,12,3,-0.774619758257245,0.596
6,2,0.2,184,10,0,0.3,12,3,-0.815870210293298,0.596
6,2,0.2,48,10,0,0.3,12,3,-0.279513116128214,0.6
6,2,0.2,88,10,0,0.3,12,3,-0.271606097014768,0.6
6,2,0.2,267,10,0,0.3,12,3,0.395864726450611,0.6
6,2,0.2,459,10,0,0.3,12,3,0.556032759605358,0.602
6,2,0.2,300,10,0,0.3,12,3,-0.676402000746521,0.604
6,2,0.2,46,10,0,0.3,12,3,-0.295462588751803,0.606
6,2,0.2,14,10,0,0.3,12,3,0.114417257391779,0.608
6,2,0.2,41,10,0,0.3,12,3,0.610171270929214,0.614
6,2,0.2,94,10,0,0.3,12,3,-0.186899226557841,0.614
6,2,0.2,198,10,0,0.3,12,3,-0.270159426548105,0.614
6,2,0.2,51,10,0,0.3,12,3,0.178230681561701,0.616
6,2,0.2,120,10,0,0.3,12,3,0.49986208454493,0.616
6,2,0.2,401,10,0,0.3,12,3,-0.606918603638206,0.618
6,2,0.2,32,10,0,0.3,12,3,-0.190436089864278,0.62
6,2,0.2,464,10,0,0.3,12,3,-0.611300222936364,0.62
6,2,0.2,158,10,0,0.3,12,3,0.184679913179423,0.622
6,2,0.2,474,10,0,0.3,12,3,-0.242464556161224,0.622
6,2,0.2,114,10,0,0.3,12,3,0.472347805062526,0.624
6,2,0.2,223,10,0,0.3,12,3,0.299479875334185,0.626
6,2,0.2,443,10,0,0.3,12,3,0.215027300679878,0.626
6,2,0.2,185,10,0,0.3,12,3,0.22493544660378,0.63
6,2,0.2,20,10,0,0.3,12,3,0.289349336780504,0.632
6,2,0.2,177,10,0,0.3,12,3,-0.138092621841764,0.632
6,2,0.2,476,10,0,0.3,12,3,-0.616004923671881,0.632
6,2,0.2,274,10,0,0.3,12,3,-0.342853711900005,0.634
6,2,0.2,409,10,0,0.3,12,3,0.232992935164475,0.634
6,2,0.2,245,10,0,0.3,12,3,-0.258547716761512,0.636
6,2,0.2,336,10,0,0.3,12,3,-0.531059665319759,0.638
6,2,0.2,344,10,0,0.3,12,3,0.401215341502308,0.642
6,2,0.2,475,10,0,0.3,12,3,-0.249888804958744,0.642
6,2,0.2,294,10,0,0.3,12,3,0.342462097197398,0.648
6,2,0.2,121,10,0,0.3,12,3,-0.565140360077663,0.65
6,2,0.2,205,10,0,0.3,12,3,-0.312766854912468,0.65
6,2,0.2,315,10,0,0.3,12,3,0.459041919929035,0.65
6,2,0.2,352,10,0,0.3,12,3,-0.434059533690714,0.65
6,2,0.2,368,10,0,0.3,12,3,-0.584554574823215,0.652
6,2,0.2,162,10,0,0.3,12,3,-0.248074311640153,0.656
6,2,0.2,317,10,0,0.3,12,3,-0.515968053073152,0.656
6,2,0.2,204,10,0,0.3,12,3,-0.0868480278874131,0.658
6,2,0.2,258,10,0,0.3,12,3,0.1777678226305,0.66
6,2,0.2,437,10,0,0.3,12,3,-0.250434927100372,0.664
6,2,0.2,60,10,0,0.3,12,3,-0.226230803924381,0.668
6,2,0.2,17,10,0,0.3,12,3,-0.378797309189707,0.672
6,2,0.2,18,10,0,0.3,12,3,-0.174341333005714,0.672
6,2,0.2,293,10,0,0.3,12,3,0.218299448623696,0.672
6,2,0.2,191,10,0,0.3,12,3,-0.533389538870495,0.674
6,2,0.2,433,10,0,0.3,12,3,0.292348493652014,0.676
6,2,0.2,122,10,0,0.3,12,3,0.577894918371015,0.678
6,2,0.2,417,10,0,0.3,12,3,-0.284973954901204,0.678
6,2,0.2,52,10,0,0.3,12,3,0.408216066684446,0.68
6,2,0.2,161,10,0,0.3,12,3,0.164472741014038,0.68
6,2,0.2,206,10,0,0.3,12,3,0.160443004979129,0.68
6,2,0.2,370,10,0,0.3,12,3,0.382137908533906,0.68
6,2,0.2,493,10,0,0.3,12,3,0.457866899865166,0.682
6,2,0.2,269,10,0,0.3,12,3,-0.190136381451708,0.684
6,2,0.2,72,10,0,0.3,12,3,-0.144953250855593,0.688
6,2,0.2,159,10,0,0.3,12,3,0.500004543018889,0.688
6,2,0.2,348,10,0,0.3,12,3,0.21318605618228,0.688
6,2,0.2,68,10,0,0.3,12,3,0.106380891004676,0.69
6,2,0.2,179,10,0,0.3,12,3,-0.486455162376359,0.692
6,2,0.2,194,10,0,0.3,12,3,0.224868603086719,0.692
6,2,0.2,226,10,0,0.3,12,3,-0.36278178283149,0.692
6,2,0.2,340,10,0,0.3,12,3,-0.232899632591028,0.692
6,2,0.2,399,10,0,0.3,12,3,-0.542960264856106,0.692
6,2,0.2,455,10,0,0.3,12,3,0.280691262260774,0.692
6,2,0.2,98,10,0,0.3,12,3,0.301000657600127,0.694
6,2,0.2,254,10,0,0.3,12,3,-0.155808838368785,0.696
6,2,0.2,379,10,0,0.3,12,3,-0.480639102462902,0.696
6,2,0.2,481,10,0,0.3,12,3,-0.231191064974809,0.698
6,2,0.2,43,10,0,0.3,12,3,0.214861832674131,0.7
6,2,0.2,193,10,0,0.3,12,3,0.135107699302438,0.7
6,2,0.2,108,10,0,0.3,12,3,0.211216638070539,0.702
6,2,0.2,144,10,0,0.3,12,3,-0.323665069430575,0.704
6,2,0.2,212,10,0,0.3,12,3,0.238317373061705,0.704
6,2,0.2,286,10,0,0.3,12,3,0.488693117228536,0.704
6,2,0.2,342,10,0,0.3,12,3,-0.388851555763807,0.706
6,2,0.2,410,10,0,0.3,12,3,-0.170385888336938,0.71
6,2,0.2,90,10,0,0.3,12,3,0.205071441982028,0.716
6,2,0.2,113,10,0,0.3,12,3,0.215950911048736,0.72
6,2,0.2,210,10,0,0.3,12,3,-0.236149099770074,0.72
6,2,0.2,307,10,0,0.3,12,3,0.0791202702657472,0.72
6,2,0.2,377,10,0,0.3,12,3,0.321986679437344,0.722
6,2,0.2,391,10,0,0.3,12,3,-0.193210447693446,0.722
6,2,0.2,442,10,0,0.3,12,3,-0.204285321988579,0.722
6,2,0.2,320,10,0,0.3,12,3,-0.344858811742881,0.728
6,2,0.2,58,10,0,0.3,12,3,-0.258381751448354,0.734
6,2,0.2,232,10,0,0.3,12,3,0.172054002846835,0.738
6,2,0.2,385,10,0,0.3,12,3,0.133838089539182,0.74
6,2,0.2,3,10,0,0.3,12,3,-0.226739644367882,0.742
6,2,0.2,201,10,0,0.3,12,3,0.266497289799759,0.744
6,2,0.2,403,10,0,0.3,12,3,0.242763016246727,0.744
6,2,0.2,434,10,0,0.3,12,3,-0.219540259940828,0.744
6,2,0.2,79,10,0,0.3,12,3,-0.0852377874780359,0.746
6,2,0.2,213,10,0,0.3,12,3,0.157589655575777,0.746
6,2,0.2,147,10,0,0.3,12,3,0.236495286934229,0.75
6,2,0.2,334,10,0,0.3,12,3,-0.200930001674465,0.75
6,2,0.2,465,10,0,0.3,12,3,0.131668958028854,0.75
6,2,0.2,65,10,0,0.3,12,3,0.260347883020927,0.752
6,2,0.2,268,10,0,0.3,12,3,0.341582102351225,0.752
6,2,0.2,33,10,0,0.3,12,3,-0.187406059106877,0.754
6,2,0.2,285,10,0,0.3,12,3,0.0854794997372323,0.754
6,2,0.2,482,10,0,0.3,12,3,-0.182787928506059,0.754
6,2,0.2,319,10,0,0.3,12,3,0.201782403889638,0.756
6,2,0.2,380,10,0,0.3,12,3,0.180444721102532,0.758
6,2,0.2,157,10,0,0.3,12,3,0.103141329260097,0.76
6,2,0.2,227,10,0,0.3,12,3,-0.108426638174649,0.766
6,2,0.2,496,10,0,0.3,12,3,0.234611078117354,0.77
6,2,0.2,240,10,0,0.3,12,3,0.220923271255117,0.772
6,2,0.2,115,10,0,0.3,12,3,-0.089473997106893,0.774
6,2,0.2,495,10,0,0.3,12,3,0.119181797235626,0.776
6,2,0.2,265,10,0,0.3,12,3,-0.128354819224626,0.778
6,2,0.2,341,10,0,0.3,12,3,-0.26686569253269,0.78
6,2,0.2,362,10,0,0.3,12,3,-0.169071261199718,0.78
6,2,0.2,59,10,0,0.3,12,3,0.249330014949578,0.782
6,2,0.2,287,10,0,0.3,12,3,0.195549669051843,0.786
6,2,0.2,80,10,0,0.3,12,3,0.141419963611185,0.788
6,2,0.2,197,10,0,0.3,12,3,-0.126868410466869,0.79
6,2,0.2,454,10,0,0.3,12,3,0.181638855939497,0.792
6,2,0.2,429,10,0,0.3,12,3,0.182286091364006,0.796
6,2,0.2,47,10,0,0.3,12,3,-0.0897829771158172,0.798
6,2,0.2,173,10,0,0.3,12,3,-0.111681852603596,0.798
6,2,0.2,134,10,0,0.3,12,3,-0.139566648086117,0.806
6,2,0.2,469,10,0,0.3,12,3,-0.0547761340754676,0.808
6,2,0.2,104,10,0,0.3,12,3,0.180812058990483,0.81
6,2,0.2,82,10,0,0.3,12,3,-0.0899456134004879,0.812
6,2,0.2,361,10,0,0.3,12,3,-0.131521602579568,0.812
6,2,0.2,45,10,0,0.3,12,3,-0.177062814405247,0.814
6,2,0.2,22,10,0,0.3,12,3,0.117811386079183,0.816
6,2,0.2,256,10,0,0.3,12,3,0.171156451316818,0.82
6,2,0.2,463,10,0,0.3,12,3,0.158876958801642,0.826
6,2,0.2,384,10,0,0.3,12,3,0.234264814641904,0.832
6,2,0.2,418,10,0,0.3,12,3,0.090884034217197,0.832
6,2,0.2,457,10,0,0.3,12,3,0.0800156386025321,0.832
6,2,0.2,176,10,0,0.3,12,3,-0.113454026802486,0.834
6,2,0.2,99,10,0,0.3,12,3,-0.179315328869365,0.836
6,2,0.2,174,10,0,0.3,12,3,0.0501042065517936,0.836
6,2,0.2,183,10,0,0.3,12,3,-0.08075101680123,0.836
6,2,0.2,291,10,0,0.3,12,3,-0.120452831475234,0.836
6,2,0.2,298,10,0,0.3,12,3,0.0568021511451775,0.836
6,2,0.2,135,10,0,0.3,12,3,0.0435735758138094,0.838
6,2,0.2,148,10,0,0.3,12,3,0.0554516329138437,0.838
6,2,0.2,229,10,0,0.3,12,3,0.080689175775575,0.84
6,2,0.2,111,10,0,0.3,12,3,-0.111602845036856,0.844
6,2,0.2,349,10,0,0.3,12,3,-0.136823656528748,0.844
6,2,0.2,427,10,0,0.3,12,3,0.154519212665832,0.846
6,2,0.2,97,10,0,0.3,12,3,-0.0876371903550535,0.848
6,2,0.2,405,10,0,0.3,12,3,0.100643690254941,0.848
6,2,0.2,259,10,0,0.3,12,3,-0.0872615372374241,0.856
6,2,0.2,284,10,0,0.3,12,3,0.0719068046170435,0.856
6,2,0.2,351,10,0,0.3,12,3,0.0890415910250226,0.862
6,2,0.2,154,10,0,0.3,12,3,-0.088760439080005,0.864
6,2,0.2,190,10,0,0.3,12,3,0.0554888117382291,0.864
6,2,0.2,450,10,0,0.3,12,3,-0.116321717792545,0.866
6,2,0.2,110,10,0,0.3,12,3,-0.068137508348741,0.868
6,2,0.2,249,10,0,0.3,12,3,-0.130156887335858,0.868
6,2,0.2,215,10,0,0.3,12,3,0.02591217343263,0.872
6,2,0.2,61,10,0,0.3,12,3,-0.0418302965740907,0.874
6,2,0.2,237,10,0,0.3,12,3,-0.105323257573474,0.876
6,2,0.2,188,10,0,0.3,12,3,0.0646151494115372,0.878
6,2,0.2,266,10,0,0.3,12,3,-0.0649373785994669,0.878
6,2,0.2,219,10,0,0.3,12,3,0.084704526311782,0.886
6,2,0.2,276,10,0,0.3,12,3,-0.117510322849654,0.886
6,2,0.2,153,10,0,0.3,12,3,-0.0415754901044636,0.894
6,2,0.2,283,10,0,0.3,12,3,0.0336078618968543,0.902
6,2,0.2,37,10,0,0.3,12,3,0.0824200522257854,0.91
6,2,0.2,421,10,0,0.3,12,3,0.101131268763197,0.912
6,2,0.2,141,10,0,0.3,12,3,0.0526678308912096,0.92
6,2,0.2,200,10,0,0.3,12,3,0.0467359058887666,0.926
6,2,0.2,483,10,0,0.3,12,3,0.0490182904713663,0.926
6,2,0.2,126,10,0,0.3,12,3,0.041214233476552,0.928
6,2,0.2,127,10,0,0.3,12,3,0.0283296996706781,0.932
6,2,0.2,152,10,0,0.3,12,3,-0.0508859901711958,0.932
6,2,0.2,456,10,0,0.3,12,3,-0.042044174958761,0.94
6,2,0.2,255,10,0,0.3,12,3,-0.0412085944729768,0.942
6,2,0.2,412,10,0,0.3,12,3,0.0385995599959301,0.942
6,2,0.2,373,10,0,0.3,12,3,0.0433749093999438,0.946
6,2,0.2,187,10,0,0.3,12,3,-0.0270183761343219,0.95
6,2,0.2,166,10,0,0.3,12,3,0.0212122604957017,0.952
6,2,0.2,478,10,0,0.3,12,3,0.0329191092938856,0.952
6,2,0.2,26,10,0,0.3,12,3,0.0455729712548703,0.954
6,2,0.2,347,10,0,0.3,12,3,0.0104973028884672,0.954
6,2,0.2,239,10,0,0.3,12,3,0.0783034810739025,0.956
6,2,0.2,230,10,0,0.3,12,3,0.0318943655384771,0.962
6,2,0.2,281,10,0,0.3,12,3,-0.0279551271469245,0.962
6,2,0.2,381,10,0,0.3,12,3,0.0169850988071403,0.964
6,2,0.2,107,10,0,0.3,12,3,0.0144179986489803,0.972
6,2,0.2,133,10,0,0.3,12,3,-0.0121035984091975,0.972
6,2,0.2,132,10,0,0.3,12,3,0.0294555486577792,0.974
6,2,0.2,303,10,0,0.3,12,3,0.0137000195454391,0.978
6,2,0.2,411,10,0,0.3,12,3,-0.0140826593100201,0.99
6,2,0.2,472,10,0,0.3,12,3,-0.0117755273438149,0.99
6,2,0.2,175,10,0,0.3,12,3,0.00845945713862761,0.992
6,2,0.2,288,10,0,0.3,12,3,-0.00428654272070617,0.992
6,2,0.2,163,10,0,0.3,12,3,-0.00154011606241511,0.994
6,2,0.2,246,10,0,0.3,12,3,-0.00470394502602289,0.998
6,2,0.2,39,10,0,0.3,12,3,-0.00238092488686448,1
6,2,0.2,449,10,0,0.3,13,3,-1.68819159591945,0.038
6,2,0.2,451,10,0,0.3,13,3,-0.964536727973069,0.038
6,2,0.2,72,10,0,0.3,13,3,-1.14194847033232,0.042
6,2,0.2,251,10,0,0.3,13,3,-1.71463095343881,0.042
6,2,0.2,92,10,0,0.3,13,3,0.959673859390108,0.046
6,2,0.2,277,10,0,0.3,13,3,-1.06870188349743,0.046
6,2,0.2,409,10,0,0.3,13,3,-0.980123366928581,0.046
6,2,0.2,197,10,0,0.3,13,3,1.13964284905722,0.048
6,2,0.2,73,10,0,0.3,13,3,1.02968206125817,0.05
6,2,0.2,51,10,0,0.3,13,3,1.29411215110972,0.054
6,2,0.2,134,10,0,0.3,13,3,-1.22226516921921,0.054
6,2,0.2,145,10,0,0.3,13,3,1.3690729147323,0.054
6,2,0.2,387,10,0,0.3,13,3,-0.630248886570683,0.054
6,2,0.2,482,10,0,0.3,13,3,-0.7147066068014,0.054
6,2,0.2,234,10,0,0.3,13,3,-0.872495500296537,0.06
6,2,0.2,494,10,0,0.3,13,3,1.59686859154246,0.062
6,2,0.2,42,10,0,0.3,13,3,1.79269423892157,0.064
6,2,0.2,396,10,0,0.3,13,3,-1.15095603935322,0.064
6,2,0.2,291,10,0,0.3,13,3,1.03240116611681,0.066
6,2,0.2,407,10,0,0.3,13,3,0.774207320759473,0.068
6,2,0.2,248,10,0,0.3,13,3,1.06645523676582,0.07
6,2,0.2,447,10,0,0.3,13,3,-0.75514054261734,0.07
6,2,0.2,286,10,0,0.3,13,3,-0.518625522577366,0.072
6,2,0.2,384,10,0,0.3,13,3,1.10612003448773,0.072
6,2,0.2,68,10,0,0.3,13,3,0.939118176537846,0.074
6,2,0.2,216,10,0,0.3,13,3,0.74389263374735,0.076
6,2,0.2,97,10,0,0.3,13,3,1.00298769385952,0.078
6,2,0.2,226,10,0,0.3,13,3,-0.964666506859544,0.084
6,2,0.2,235,10,0,0.3,13,3,0.997987444569674,0.084
6,2,0.2,37,10,0,0.3,13,3,1.19963244496239,0.086
6,2,0.2,272,10,0,0.3,13,3,-0.823433727560712,0.086
6,2,0.2,247,10,0,0.3,13,3,-1.30276584287193,0.088
6,2,0.2,471,10,0,0.3,13,3,-1.07349551689484,0.088
6,2,0.2,245,10,0,0.3,13,3,1.18297704249071,0.09
6,2,0.2,491,10,0,0.3,13,3,1.06168385830622,0.09
6,2,0.2,276,10,0,0.3,13,3,-0.828316053284766,0.092
6,2,0.2,480,10,0,0.3,13,3,-0.776845954763132,0.092
6,2,0.2,217,10,0,0.3,13,3,0.982605159106697,0.094
6,2,0.2,200,10,0,0.3,13,3,0.432032308460265,0.098
6,2,0.2,322,10,0,0.3,13,3,0.597423759172102,0.098
6,2,0.2,152,10,0,0.3,13,3,0.780460399839768,0.1
6,2,0.2,76,10,0,0.3,13,3,0.740736345621031,0.102
6,2,0.2,146,10,0,0.3,13,3,-0.910338716453168,0.104
6,2,0.2,390,10,0,0.3,13,3,1.08060009759203,0.104
6,2,0.2,83,10,0,0.3,13,3,1.1478331736927,0.106
6,2,0.2,193,10,0,0.3,13,3,-0.786044364667873,0.106
6,2,0.2,31,10,0,0.3,13,3,0.742249243880138,0.108
6,2,0.2,331,10,0,0.3,13,3,0.716895309571697,0.108
6,2,0.2,70,10,0,0.3,13,3,-1.00125018782015,0.112
6,2,0.2,102,10,0,0.3,13,3,0.990643728948044,0.112
6,2,0.2,48,10,0,0.3,13,3,0.735194568169106,0.116
6,2,0.2,221,10,0,0.3,13,3,0.834245120141048,0.116
6,2,0.2,470,10,0,0.3,13,3,0.758272204696681,0.116
6,2,0.2,32,10,0,0.3,13,3,0.430423995065496,0.118
6,2,0.2,183,10,0,0.3,13,3,0.991658623852999,0.118
6,2,0.2,437,10,0,0.3,13,3,0.633499491668971,0.118
6,2,0.2,64,10,0,0.3,13,3,-0.835640519232925,0.12
6,2,0.2,270,10,0,0.3,13,3,-0.945397463849929,0.124
6,2,0.2,312,10,0,0.3,13,3,0.414017690863318,0.124
6,2,0.2,122,10,0,0.3,13,3,0.703551938681358,0.126
6,2,0.2,431,10,0,0.3,13,3,-1.05038977761956,0.126
6,2,0.2,258,10,0,0.3,13,3,0.576416446699881,0.128
6,2,0.2,243,10,0,0.3,13,3,-0.392853188683517,0.13
6,2,0.2,374,10,0,0.3,13,3,-0.564095769369487,0.13
6,2,0.2,418,10,0,0.3,13,3,0.855085254069877,0.13
6,2,0.2,7,10,0,0.3,13,3,-0.54007428452806,0.132
6,2,0.2,209,10,0,0.3,13,3,-1.10333334495166,0.132
6,2,0.2,294,10,0,0.3,13,3,0.880975498987652,0.132
6,2,0.2,378,10,0,0.3,13,3,-0.468032353347979,0.134
6,2,0.2,432,10,0,0.3,13,3,0.476571288218167,0.136
6,2,0.2,287,10,0,0.3,13,3,-0.806382955289649,0.138
6,2,0.2,310,10,0,0.3,13,3,0.828264649891736,0.138
6,2,0.2,427,10,0,0.3,13,3,0.382738707554779,0.138
6,2,0.2,321,10,0,0.3,13,3,0.547699814197614,0.146
6,2,0.2,386,10,0,0.3,13,3,-0.666519661051638,0.146
6,2,0.2,474,10,0,0.3,13,3,0.77878066009788,0.146
6,2,0.2,86,10,0,0.3,13,3,0.49727106134543,0.148
6,2,0.2,96,10,0,0.3,13,3,-0.412076242900213,0.15
6,2,0.2,163,10,0,0.3,13,3,-0.572708738566689,0.15
6,2,0.2,458,10,0,0.3,13,3,0.691403340705421,0.15
6,2,0.2,188,10,0,0.3,13,3,-0.393692173942839,0.152
6,2,0.2,127,10,0,0.3,13,3,-0.653654119817958,0.154
6,2,0.2,150,10,0,0.3,13,3,0.867459281753696,0.154
6,2,0.2,206,10,0,0.3,13,3,0.429821408757988,0.154
6,2,0.2,231,10,0,0.3,13,3,-0.721141258552109,0.154
6,2,0.2,167,10,0,0.3,13,3,-0.879728026781123,0.156
6,2,0.2,365,10,0,0.3,13,3,-0.591843411812448,0.156
6,2,0.2,368,10,0,0.3,13,3,0.496530391526335,0.156
6,2,0.2,371,10,0,0.3,13,3,0.738952599119699,0.156
6,2,0.2,178,10,0,0.3,13,3,-0.599140136686458,0.16
6,2,0.2,377,10,0,0.3,13,3,-0.597878897315923,0.16
6,2,0.2,58,10,0,0.3,13,3,0.630172247610176,0.164
6,2,0.2,397,10,0,0.3,13,3,-0.668664989983057,0.164
6,2,0.2,151,10,0,0.3,13,3,0.546310455593272,0.166
6,2,0.2,211,10,0,0.3,13,3,0.528625760448108,0.166
6,2,0.2,274,10,0,0.3,13,3,0.648005250433556,0.166
6,2,0.2,195,10,0,0.3,13,3,-0.542014063545736,0.168
6,2,0.2,402,10,0,0.3,13,3,-0.777724697695561,0.168
6,2,0.2,435,10,0,0.3,13,3,-0.624575314629226,0.168
6,2,0.2,414,10,0,0.3,13,3,0.688393873545692,0.17
6,2,0.2,495,10,0,0.3,13,3,0.632001083395465,0.17
6,2,0.2,114,10,0,0.3,13,3,-0.754127513880491,0.172
6,2,0.2,327,10,0,0.3,13,3,0.518028913283445,0.172
6,2,0.2,115,10,0,0.3,13,3,-0.584468087819317,0.176
6,2,0.2,295,10,0,0.3,13,3,-0.845127150449883,0.176
6,2,0.2,318,10,0,0.3,13,3,-0.863220470274172,0.176
6,2,0.2,34,10,0,0.3,13,3,0.462251346835359,0.18
6,2,0.2,148,10,0,0.3,13,3,-0.393452593827476,0.18
6,2,0.2,218,10,0,0.3,13,3,-0.31544931745006,0.184
6,2,0.2,411,10,0,0.3,13,3,0.691276162924879,0.186
6,2,0.2,120,10,0,0.3,13,3,0.489863923396314,0.188
6,2,0.2,229,10,0,0.3,13,3,0.614033647991477,0.188
6,2,0.2,271,10,0,0.3,13,3,0.500721693972707,0.188
6,2,0.2,33,10,0,0.3,13,3,-0.784666210525643,0.192
6,2,0.2,125,10,0,0.3,13,3,0.494464748657833,0.192
6,2,0.2,242,10,0,0.3,13,3,-0.567462132587849,0.192
6,2,0.2,388,10,0,0.3,13,3,-0.336664831765006,0.192
6,2,0.2,104,10,0,0.3,13,3,-0.588691709986904,0.194
6,2,0.2,129,10,0,0.3,13,3,-0.899742000452903,0.194
6,2,0.2,392,10,0,0.3,13,3,0.823021212067516,0.194
6,2,0.2,82,10,0,0.3,13,3,-0.405087117555382,0.196
6,2,0.2,450,10,0,0.3,13,3,0.782411793635674,0.198
6,2,0.2,40,10,0,0.3,13,3,0.585473586791068,0.202
6,2,0.2,324,10,0,0.3,13,3,0.490793751430118,0.202
6,2,0.2,74,10,0,0.3,13,3,0.535078438126476,0.204
6,2,0.2,154,10,0,0.3,13,3,0.595195328419805,0.204
6,2,0.2,54,10,0,0.3,13,3,-0.874595524983988,0.206
6,2,0.2,174,10,0,0.3,13,3,0.615714518358516,0.206
6,2,0.2,84,10,0,0.3,13,3,-0.741329626068108,0.208
6,2,0.2,111,10,0,0.3,13,3,0.349116650992158,0.208
6,2,0.2,401,10,0,0.3,13,3,0.603799900687562,0.208
6,2,0.2,305,10,0,0.3,13,3,-0.52891183297254,0.21
6,2,0.2,8,10,0,0.3,13,3,0.510130592017902,0.218
6,2,0.2,80,10,0,0.3,13,3,-0.587110285234814,0.218
6,2,0.2,105,10,0,0.3,13,3,0.856098497270807,0.218
6,2,0.2,117,10,0,0.3,13,3,0.705529312370032,0.218
6,2,0.2,263,10,0,0.3,13,3,0.449716755974919,0.22
6,2,0.2,306,10,0,0.3,13,3,-0.597369667386943,0.22
6,2,0.2,21,10,0,0.3,13,3,-0.37063936845729,0.226
6,2,0.2,207,10,0,0.3,13,3,0.723103062618463,0.226
6,2,0.2,109,10,0,0.3,13,3,0.339103207333466,0.23
6,2,0.2,192,10,0,0.3,13,3,-0.657599152099777,0.232
6,2,0.2,279,10,0,0.3,13,3,-0.442411737494552,0.232
6,2,0.2,461,10,0,0.3,13,3,0.349734736295005,0.232
6,2,0.2,130,10,0,0.3,13,3,0.336647318365863,0.242
6,2,0.2,215,10,0,0.3,13,3,0.359522466355941,0.246
6,2,0.2,469,10,0,0.3,13,3,1.15236864897918,0.246
6,2,0.2,214,10,0,0.3,13,3,0.381671386276196,0.248
6,2,0.2,467,10,0,0.3,13,3,-0.254573705046084,0.248
6,2,0.2,262,10,0,0.3,13,3,0.529749153270302,0.254
6,2,0.2,124,10,0,0.3,13,3,-0.685201522351235,0.256
6,2,0.2,281,10,0,0.3,13,3,0.513553283238991,0.258
6,2,0.2,348,10,0,0.3,13,3,0.554703088871236,0.258
6,2,0.2,168,10,0,0.3,13,3,0.546153064987578,0.26
6,2,0.2,443,10,0,0.3,13,3,-0.568074318391638,0.26
6,2,0.2,496,10,0,0.3,13,3,0.527199398325195,0.26
6,2,0.2,140,10,0,0.3,13,3,-0.407922379568873,0.262
6,2,0.2,98,10,0,0.3,13,3,-0.429583378996711,0.266
6,2,0.2,307,10,0,0.3,13,3,-0.520197774484359,0.27
6,2,0.2,201,10,0,0.3,13,3,0.61289192173146,0.272
6,2,0.2,353,10,0,0.3,13,3,0.701128233253314,0.272
6,2,0.2,88,10,0,0.3,13,3,0.363902353142777,0.28
6,2,0.2,139,10,0,0.3,13,3,0.502952952882396,0.28
6,2,0.2,57,10,0,0.3,13,3,0.466613099006452,0.286
6,2,0.2,101,10,0,0.3,13,3,-0.464776008227943,0.296
6,2,0.2,132,10,0,0.3,13,3,-0.368988014521818,0.296
6,2,0.2,236,10,0,0.3,13,3,-0.77109537382492,0.298
6,2,0.2,266,10,0,0.3,13,3,0.560535475709145,0.298
6,2,0.2,433,10,0,0.3,13,3,-0.869669433334337,0.3
6,2,0.2,232,10,0,0.3,13,3,0.496372735522044,0.302
6,2,0.2,239,10,0,0.3,13,3,-0.258149512861536,0.302
6,2,0.2,383,10,0,0.3,13,3,0.709535711179853,0.302
6,2,0.2,41,10,0,0.3,13,3,0.422744857550072,0.304
6,2,0.2,85,10,0,0.3,13,3,0.611215578805741,0.304
6,2,0.2,486,10,0,0.3,13,3,-0.52474408763797,0.306
6,2,0.2,416,10,0,0.3,13,3,-0.459717465370147,0.308
6,2,0.2,36,10,0,0.3,13,3,0.340491624627418,0.314
6,2,0.2,121,10,0,0.3,13,3,-0.588317475156856,0.314
6,2,0.2,228,10,0,0.3,13,3,-0.383200241755901,0.32
6,2,0.2,320,10,0,0.3,13,3,0.402381899934795,0.32
6,2,0.2,4,10,0,0.3,13,3,-0.490564975750374,0.33
6,2,0.2,492,10,0,0.3,13,3,0.624952214741199,0.33
6,2,0.2,170,10,0,0.3,13,3,-0.452261320439703,0.332
6,2,0.2,176,10,0,0.3,13,3,-0.561936310570616,0.332
6,2,0.2,182,10,0,0.3,13,3,0.528455551047102,0.332
6,2,0.2,94,10,0,0.3,13,3,-0.368613408149173,0.336
6,2,0.2,71,10,0,0.3,13,3,0.559327225404672,0.338
6,2,0.2,75,10,0,0.3,13,3,-0.378067860497396,0.342
6,2,0.2,257,10,0,0.3,13,3,0.86570468433672,0.344
6,2,0.2,1,10,0,0.3,13,3,-0.297818405339711,0.346
6,2,0.2,417,10,0,0.3,13,3,0.745945954186425,0.346
6,2,0.2,436,10,0,0.3,13,3,-0.476672357538547,0.35
6,2,0.2,204,10,0,0.3,13,3,-0.153851913891913,0.352
6,2,0.2,498,10,0,0.3,13,3,0.420128986856668,0.352
6,2,0.2,367,10,0,0.3,13,3,0.43028257429583,0.356
6,2,0.2,442,10,0,0.3,13,3,0.336967108627221,0.356
6,2,0.2,103,10,0,0.3,13,3,-0.395368270893869,0.358
6,2,0.2,404,10,0,0.3,13,3,-0.448664553703281,0.362
6,2,0.2,332,10,0,0.3,13,3,0.782954466053951,0.366
6,2,0.2,55,10,0,0.3,13,3,-0.64926759144609,0.37
6,2,0.2,249,10,0,0.3,13,3,-0.42887422108214,0.372
6,2,0.2,380,10,0,0.3,13,3,0.393701147642844,0.372
6,2,0.2,166,10,0,0.3,13,3,-0.672420399110223,0.376
6,2,0.2,355,10,0,0.3,13,3,0.43127476795334,0.376
6,2,0.2,351,10,0,0.3,13,3,-0.35533041173673,0.38
6,2,0.2,358,10,0,0.3,13,3,0.406787131169381,0.38
6,2,0.2,191,10,0,0.3,13,3,-0.662860194943903,0.384
6,2,0.2,357,10,0,0.3,13,3,0.344980930297623,0.384
6,2,0.2,224,10,0,0.3,13,3,-0.549636868774797,0.388
6,2,0.2,359,10,0,0.3,13,3,-0.22319618902111,0.39
6,2,0.2,308,10,0,0.3,13,3,0.496244537840823,0.398
6,2,0.2,100,10,0,0.3,13,3,0.375525989035708,0.408
6,2,0.2,283,10,0,0.3,13,3,0.912870792030105,0.41
6,2,0.2,89,10,0,0.3,13,3,0.286139427320592,0.414
6,2,0.2,189,10,0,0.3,13,3,0.842886068885178,0.414
6,2,0.2,293,10,0,0.3,13,3,-0.135809748320355,0.414
6,2,0.2,43,10,0,0.3,13,3,-0.416304464823696,0.416
6,2,0.2,340,10,0,0.3,13,3,0.724703979993137,0.418
6,2,0.2,459,10,0,0.3,13,3,-0.471718708850972,0.42
6,2,0.2,335,10,0,0.3,13,3,-0.281415059634639,0.422
6,2,0.2,250,10,0,0.3,13,3,0.673106928730107,0.426
6,2,0.2,389,10,0,0.3,13,3,0.308196511246024,0.426
6,2,0.2,253,10,0,0.3,13,3,0.438004101017185,0.428
6,2,0.2,363,10,0,0.3,13,3,0.45601185270408,0.43
6,2,0.2,400,10,0,0.3,13,3,-0.374637988681258,0.43
6,2,0.2,213,10,0,0.3,13,3,0.299797745230734,0.434
6,2,0.2,153,10,0,0.3,13,3,-0.33939907962619,0.436
6,2,0.2,280,10,0,0.3,13,3,0.279916844186658,0.442
6,2,0.2,454,10,0,0.3,13,3,0.221815913031605,0.45
6,2,0.2,428,10,0,0.3,13,3,0.270733112542644,0.458
6,2,0.2,24,10,0,0.3,13,3,0.424742885172407,0.46
6,2,0.2,35,10,0,0.3,13,3,-0.498646998910317,0.462
6,2,0.2,113,10,0,0.3,13,3,0.336072803633186,0.464
6,2,0.2,337,10,0,0.3,13,3,0.335212585439251,0.468
6,2,0.2,128,10,0,0.3,13,3,0.230877589486454,0.47
6,2,0.2,382,10,0,0.3,13,3,-0.285336973349331,0.476
6,2,0.2,342,10,0,0.3,13,3,0.775921544454661,0.478
6,2,0.2,159,10,0,0.3,13,3,0.481303288213098,0.48
6,2,0.2,63,10,0,0.3,13,3,-0.178469474335401,0.482
6,2,0.2,227,10,0,0.3,13,3,-0.284485727665043,0.482
6,2,0.2,198,10,0,0.3,13,3,-0.758375340785733,0.494
6,2,0.2,412,10,0,0.3,13,3,-0.465834974857501,0.494
6,2,0.2,187,10,0,0.3,13,3,-0.483774442514118,0.496
6,2,0.2,179,10,0,0.3,13,3,0.417180678229698,0.5
6,2,0.2,275,10,0,0.3,13,3,0.298766798535269,0.5
6,2,0.2,25,10,0,0.3,13,3,0.350813493107125,0.508
6,2,0.2,391,10,0,0.3,13,3,1.35433961579909,0.508
6,2,0.2,265,10,0,0.3,13,3,-0.468767972415293,0.51
6,2,0.2,493,10,0,0.3,13,3,0.34777055950164,0.51
6,2,0.2,79,10,0,0.3,13,3,-0.437847649695641,0.512
6,2,0.2,311,10,0,0.3,13,3,-0.500958816207941,0.514
6,2,0.2,99,10,0,0.3,13,3,-0.256134353824876,0.516
6,2,0.2,269,10,0,0.3,13,3,-0.285700966664763,0.516
6,2,0.2,325,10,0,0.3,13,3,0.415597693479725,0.516
6,2,0.2,477,10,0,0.3,13,3,0.230351285911553,0.518
6,2,0.2,131,10,0,0.3,13,3,0.516219082761921,0.526
6,2,0.2,256,10,0,0.3,13,3,-0.333010207472483,0.526
6,2,0.2,38,10,0,0.3,13,3,0.744068322670103,0.528
6,2,0.2,65,10,0,0.3,13,3,-0.710647689550825,0.532
6,2,0.2,302,10,0,0.3,13,3,-0.452973740938944,0.532
6,2,0.2,315,10,0,0.3,13,3,0.226288147313966,0.534
6,2,0.2,126,10,0,0.3,13,3,-0.18997455745847,0.536
6,2,0.2,149,10,0,0.3,13,3,-0.221768418936108,0.538
6,2,0.2,95,10,0,0.3,13,3,-0.873484588001475,0.54
6,2,0.2,298,10,0,0.3,13,3,-0.514838974420286,0.54
6,2,0.2,17,10,0,0.3,13,3,0.131429231057211,0.544
6,2,0.2,16,10,0,0.3,13,3,0.945735047982566,0.552
6,2,0.2,30,10,0,0.3,13,3,0.332893991413385,0.554
6,2,0.2,108,10,0,0.3,13,3,0.356313296632663,0.562
6,2,0.2,344,10,0,0.3,13,3,-0.104683361646977,0.562
6,2,0.2,3,10,0,0.3,13,3,0.913223138829323,0.564
6,2,0.2,160,10,0,0.3,13,3,-0.537062686594311,0.566
6,2,0.2,237,10,0,0.3,13,3,-0.206474927826889,0.566
6,2,0.2,406,10,0,0.3,13,3,0.48744120032282,0.566
6,2,0.2,240,10,0,0.3,13,3,-0.141254194781681,0.57
6,2,0.2,370,10,0,0.3,13,3,0.466851944052308,0.572
6,2,0.2,421,10,0,0.3,13,3,-0.364337255273682,0.582
6,2,0.2,352,10,0,0.3,13,3,-0.250197878080456,0.584
6,2,0.2,448,10,0,0.3,13,3,0.381700145057238,0.584
6,2,0.2,452,10,0,0.3,13,3,-0.45473657237423,0.584
6,2,0.2,473,10,0,0.3,13,3,0.194818103271302,0.584
6,2,0.2,372,10,0,0.3,13,3,-0.253714381940569,0.586
6,2,0.2,329,10,0,0.3,13,3,0.291053087612767,0.592
6,2,0.2,463,10,0,0.3,13,3,0.348828684912434,0.592
6,2,0.2,485,10,0,0.3,13,3,0.31189382841913,0.592
6,2,0.2,210,10,0,0.3,13,3,0.270700149835193,0.594
6,2,0.2,422,10,0,0.3,13,3,-0.299518729778242,0.594
6,2,0.2,468,10,0,0.3,13,3,0.279486695669021,0.594
6,2,0.2,497,10,0,0.3,13,3,-0.707206145588799,0.594
6,2,0.2,385,10,0,0.3,13,3,-0.349145348383615,0.596
6,2,0.2,212,10,0,0.3,13,3,0.369530160076096,0.598
6,2,0.2,202,10,0,0.3,13,3,-0.184867423275676,0.6
6,2,0.2,282,10,0,0.3,13,3,0.387127199374675,0.604
6,2,0.2,478,10,0,0.3,13,3,0.317883377234779,0.604
6,2,0.2,47,10,0,0.3,13,3,-0.207398411970615,0.606
6,2,0.2,112,10,0,0.3,13,3,-0.498790725909544,0.61
6,2,0.2,323,10,0,0.3,13,3,0.302090258417252,0.61
6,2,0.2,107,10,0,0.3,13,3,0.752835789759558,0.614
6,2,0.2,361,10,0,0.3,13,3,0.426211848849874,0.614
6,2,0.2,78,10,0,0.3,13,3,0.349014283668282,0.616
6,2,0.2,366,10,0,0.3,13,3,-0.194615991934512,0.616
6,2,0.2,2,10,0,0.3,13,3,-0.305943956252605,0.618
6,2,0.2,476,10,0,0.3,13,3,-0.238450994760768,0.618
6,2,0.2,69,10,0,0.3,13,3,0.273236523333082,0.62
6,2,0.2,285,10,0,0.3,13,3,0.170649807015025,0.62
6,2,0.2,426,10,0,0.3,13,3,-0.138773888270919,0.62
6,2,0.2,453,10,0,0.3,13,3,0.339728363382477,0.62
6,2,0.2,19,10,0,0.3,13,3,0.203948846493574,0.622
6,2,0.2,261,10,0,0.3,13,3,0.345494549882289,0.624
6,2,0.2,59,10,0,0.3,13,3,0.213087443623579,0.628
6,2,0.2,62,10,0,0.3,13,3,-0.140894280633319,0.628
6,2,0.2,457,10,0,0.3,13,3,0.716635147485874,0.634
6,2,0.2,268,10,0,0.3,13,3,-0.134444625652065,0.636
6,2,0.2,460,10,0,0.3,13,3,-0.574087784692466,0.636
6,2,0.2,118,10,0,0.3,13,3,0.536167731451854,0.64
6,2,0.2,186,10,0,0.3,13,3,0.286466562886318,0.64
6,2,0.2,316,10,0,0.3,13,3,0.753867130665014,0.64
6,2,0.2,334,10,0,0.3,13,3,-0.499768221911268,0.64
6,2,0.2,456,10,0,0.3,13,3,-0.695306937774433,0.64
6,2,0.2,219,10,0,0.3,13,3,-0.285702664625859,0.642
6,2,0.2,356,10,0,0.3,13,3,0.483951958665671,0.642
6,2,0.2,424,10,0,0.3,13,3,-0.448352081211141,0.642
6,2,0.2,376,10,0,0.3,13,3,-0.464573967809656,0.646
6,2,0.2,393,10,0,0.3,13,3,0.284557591379922,0.646
6,2,0.2,119,10,0,0.3,13,3,0.434878170554072,0.648
6,2,0.2,254,10,0,0.3,13,3,0.218735876499437,0.648
6,2,0.2,162,10,0,0.3,13,3,0.141287978825517,0.65
6,2,0.2,230,10,0,0.3,13,3,0.34290590272326,0.65
6,2,0.2,314,10,0,0.3,13,3,-0.661041776423986,0.65
6,2,0.2,438,10,0,0.3,13,3,-0.420591369369362,0.65
6,2,0.2,45,10,0,0.3,13,3,0.134219856331725,0.652
6,2,0.2,161,10,0,0.3,13,3,-0.241540817075247,0.652
6,2,0.2,87,10,0,0.3,13,3,0.427951133389598,0.654
6,2,0.2,169,10,0,0.3,13,3,0.605687781306699,0.654
6,2,0.2,184,10,0,0.3,13,3,0.439283421392361,0.654
6,2,0.2,381,10,0,0.3,13,3,-0.591970512450018,0.654
6,2,0.2,464,10,0,0.3,13,3,-0.373765696436209,0.654
6,2,0.2,14,10,0,0.3,13,3,0.449478117404823,0.656
6,2,0.2,123,10,0,0.3,13,3,-0.12335991779122,0.656
6,2,0.2,264,10,0,0.3,13,3,0.156000982779744,0.656
6,2,0.2,304,10,0,0.3,13,3,-0.548851280081379,0.656
6,2,0.2,52,10,0,0.3,13,3,0.51656400480374,0.658
6,2,0.2,273,10,0,0.3,13,3,-0.140443925239509,0.658
6,2,0.2,177,10,0,0.3,13,3,0.295419437586759,0.66
6,2,0.2,284,10,0,0.3,13,3,-0.0874591902850739,0.66
6,2,0.2,133,10,0,0.3,13,3,0.417394147245176,0.662
6,2,0.2,13,10,0,0.3,13,3,-0.0959638830375411,0.666
6,2,0.2,339,10,0,0.3,13,3,0.368629526723595,0.666
6,2,0.2,241,10,0,0.3,13,3,-0.583460549640222,0.668
6,2,0.2,110,10,0,0.3,13,3,0.467212969141656,0.67
6,2,0.2,225,10,0,0.3,13,3,0.381251265172722,0.672
6,2,0.2,290,10,0,0.3,13,3,-0.293676087149976,0.672
6,2,0.2,362,10,0,0.3,13,3,-0.290062245314999,0.672
6,2,0.2,158,10,0,0.3,13,3,-0.259233517576348,0.674
6,2,0.2,157,10,0,0.3,13,3,-0.491150217697935,0.68
6,2,0.2,255,10,0,0.3,13,3,0.248018743430009,0.68
6,2,0.2,11,10,0,0.3,13,3,0.0540579003742891,0.682
6,2,0.2,23,10,0,0.3,13,3,0.166522387505751,0.682
6,2,0.2,56,10,0,0.3,13,3,0.302912721899276,0.684
6,2,0.2,349,10,0,0.3,13,3,-0.275154210585725,0.686
6,2,0.2,12,10,0,0.3,13,3,-0.191698614077978,0.688
6,2,0.2,66,10,0,0.3,13,3,-0.143632419548311,0.688
6,2,0.2,350,10,0,0.3,13,3,0.30575935147607,0.688
6,2,0.2,203,10,0,0.3,13,3,0.166195835591481,0.694
6,2,0.2,259,10,0,0.3,13,3,-0.379992757617572,0.694
6,2,0.2,354,10,0,0.3,13,3,0.126938377051289,0.704
6,2,0.2,156,10,0,0.3,13,3,0.195719838086603,0.706
6,2,0.2,233,10,0,0.3,13,3,0.214945020093239,0.706
6,2,0.2,252,10,0,0.3,13,3,0.245782508151535,0.706
6,2,0.2,360,10,0,0.3,13,3,0.194668619436584,0.706
6,2,0.2,288,10,0,0.3,13,3,-0.105409896927313,0.71
6,2,0.2,172,10,0,0.3,13,3,0.337244985813186,0.712
6,2,0.2,317,10,0,0.3,13,3,-0.169562094341444,0.714
6,2,0.2,490,10,0,0.3,13,3,-0.0919388082864145,0.714
6,2,0.2,309,10,0,0.3,13,3,0.134825097600952,0.716
6,2,0.2,319,10,0,0.3,13,3,-0.208995521879473,0.716
6,2,0.2,328,10,0,0.3,13,3,-0.195924419044474,0.72
6,2,0.2,143,10,0,0.3,13,3,-0.132160580651771,0.722
6,2,0.2,171,10,0,0.3,13,3,-0.148887249745144,0.724
6,2,0.2,425,10,0,0.3,13,3,0.153749915316752,0.724
6,2,0.2,28,10,0,0.3,13,3,-0.142303168046453,0.728
6,2,0.2,205,10,0,0.3,13,3,0.350265803747561,0.728
6,2,0.2,347,10,0,0.3,13,3,0.207174568956674,0.728
6,2,0.2,326,10,0,0.3,13,3,-0.204226361139689,0.73
6,2,0.2,90,10,0,0.3,13,3,-0.201912397186021,0.732
6,2,0.2,29,10,0,0.3,13,3,-0.1330125252355,0.736
6,2,0.2,296,10,0,0.3,13,3,-0.286753168002519,0.736
6,2,0.2,466,10,0,0.3,13,3,0.30125702976909,0.736
6,2,0.2,141,10,0,0.3,13,3,-0.319839458365237,0.738
6,2,0.2,194,10,0,0.3,13,3,-0.427026814115948,0.738
6,2,0.2,208,10,0,0.3,13,3,-0.195720461257707,0.74
6,2,0.2,444,10,0,0.3,13,3,-0.300030486147364,0.74
6,2,0.2,313,10,0,0.3,13,3,-0.167355799870336,0.742
6,2,0.2,462,10,0,0.3,13,3,0.128496310521825,0.742
6,2,0.2,190,10,0,0.3,13,3,0.199051116456104,0.744
6,2,0.2,472,10,0,0.3,13,3,0.243802549434349,0.744
6,2,0.2,49,10,0,0.3,13,3,-0.252253285126272,0.746
6,2,0.2,244,10,0,0.3,13,3,0.102860545358482,0.746
6,2,0.2,222,10,0,0.3,13,3,0.238145426775787,0.748
6,2,0.2,336,10,0,0.3,13,3,-0.0896953089820158,0.748
6,2,0.2,165,10,0,0.3,13,3,-0.350715176522243,0.75
6,2,0.2,300,10,0,0.3,13,3,0.147418425870796,0.75
6,2,0.2,403,10,0,0.3,13,3,0.202788526299599,0.75
6,2,0.2,10,10,0,0.3,13,3,0.197382104283065,0.752
6,2,0.2,142,10,0,0.3,13,3,-0.110353534899986,0.754
6,2,0.2,164,10,0,0.3,13,3,0.228966360751912,0.756
6,2,0.2,483,10,0,0.3,13,3,-0.196309740178037,0.756
6,2,0.2,22,10,0,0.3,13,3,0.138677188909924,0.762
6,2,0.2,53,10,0,0.3,13,3,0.268098587876722,0.766
6,2,0.2,301,10,0,0.3,13,3,0.360726595068854,0.766
6,2,0.2,487,10,0,0.3,13,3,-0.225355077245297,0.766
6,2,0.2,238,10,0,0.3,13,3,0.114383016981122,0.768
6,2,0.2,395,10,0,0.3,13,3,-0.355091408493479,0.77
6,2,0.2,173,10,0,0.3,13,3,0.0776740799154538,0.776
6,2,0.2,181,10,0,0.3,13,3,-0.151991819941713,0.778
6,2,0.2,465,10,0,0.3,13,3,-0.147818211021843,0.778
6,2,0.2,500,10,0,0.3,13,3,-0.219125978540632,0.78
6,2,0.2,330,10,0,0.3,13,3,-0.175060023852637,0.784
6,2,0.2,9,10,0,0.3,13,3,-0.0979513828424388,0.788
6,2,0.2,408,10,0,0.3,13,3,0.121623643722018,0.788
6,2,0.2,430,10,0,0.3,13,3,0.164405073598147,0.79
6,2,0.2,440,10,0,0.3,13,3,-0.126331981264229,0.794
6,2,0.2,39,10,0,0.3,13,3,0.182097868551836,0.796
6,2,0.2,67,10,0,0.3,13,3,0.108303363566392,0.796
6,2,0.2,420,10,0,0.3,13,3,0.102566045100104,0.798
6,2,0.2,455,10,0,0.3,13,3,0.110390944773854,0.798
6,2,0.2,77,10,0,0.3,13,3,0.158647261722564,0.802
6,2,0.2,61,10,0,0.3,13,3,-0.153453645056373,0.804
6,2,0.2,81,10,0,0.3,13,3,-0.343703253079099,0.806
6,2,0.2,116,10,0,0.3,13,3,0.133146983534886,0.806
6,2,0.2,379,10,0,0.3,13,3,-0.163172427659447,0.806
6,2,0.2,137,10,0,0.3,13,3,0.183592494269959,0.808
6,2,0.2,484,10,0,0.3,13,3,0.13599687228529,0.812
6,2,0.2,93,10,0,0.3,13,3,0.089515847652649,0.814
6,2,0.2,260,10,0,0.3,13,3,-0.0520252901212643,0.814
6,2,0.2,223,10,0,0.3,13,3,-0.123492074884723,0.816
6,2,0.2,297,10,0,0.3,13,3,-0.144935350745726,0.816
6,2,0.2,136,10,0,0.3,13,3,0.102497755395973,0.818
6,2,0.2,343,10,0,0.3,13,3,-0.0739307163949832,0.82
6,2,0.2,364,10,0,0.3,13,3,-0.0783989199255188,0.826
6,2,0.2,5,10,0,0.3,13,3,-0.0937805500816467,0.828
6,2,0.2,91,10,0,0.3,13,3,-0.07100323917075,0.832
6,2,0.2,289,10,0,0.3,13,3,0.0640717248818987,0.834
6,2,0.2,20,10,0,0.3,13,3,-0.126190839551185,0.838
6,2,0.2,15,10,0,0.3,13,3,-0.103344591250504,0.84
6,2,0.2,346,10,0,0.3,13,3,0.0883472010388857,0.84
6,2,0.2,185,10,0,0.3,13,3,-0.122443419826055,0.842
6,2,0.2,410,10,0,0.3,13,3,0.112019582593888,0.844
6,2,0.2,299,10,0,0.3,13,3,-0.0609977413123772,0.846
6,2,0.2,405,10,0,0.3,13,3,0.0467335375781204,0.854
6,2,0.2,499,10,0,0.3,13,3,-0.0748140901004035,0.856
6,2,0.2,415,10,0,0.3,13,3,0.113625585946181,0.858
6,2,0.2,147,10,0,0.3,13,3,0.0842789394646957,0.86
6,2,0.2,292,10,0,0.3,13,3,-0.107590059830073,0.862
6,2,0.2,199,10,0,0.3,13,3,-0.111031101908623,0.872
6,2,0.2,338,10,0,0.3,13,3,-0.0721059580220356,0.872
6,2,0.2,303,10,0,0.3,13,3,0.0685130761697792,0.88
6,2,0.2,445,10,0,0.3,13,3,-0.106283203471179,0.882
6,2,0.2,46,10,0,0.3,13,3,0.0456519881982729,0.884
6,2,0.2,369,10,0,0.3,13,3,-0.0944794051803513,0.888
6,2,0.2,488,10,0,0.3,13,3,-0.0874245313665085,0.894
6,2,0.2,50,10,0,0.3,13,3,0.0637399378844634,0.898
6,2,0.2,475,10,0,0.3,13,3,0.0670577832448487,0.902
6,2,0.2,398,10,0,0.3,13,3,-0.0452966864475286,0.904
6,2,0.2,373,10,0,0.3,13,3,0.0314486685867337,0.908
6,2,0.2,479,10,0,0.3,13,3,-0.0870360720760743,0.908
6,2,0.2,26,10,0,0.3,13,3,-0.0316751643634916,0.912
6,2,0.2,144,10,0,0.3,13,3,0.0399886851633369,0.912
6,2,0.2,413,10,0,0.3,13,3,0.0547213554224868,0.916
6,2,0.2,439,10,0,0.3,13,3,-0.0466962226992678,0.918
6,2,0.2,18,10,0,0.3,13,3,-0.0344867296776386,0.922
6,2,0.2,267,10,0,0.3,13,3,-0.0431390956661346,0.928
6,2,0.2,489,10,0,0.3,13,3,-0.0522345958471533,0.928
6,2,0.2,394,10,0,0.3,13,3,-0.0551799302583049,0.932
6,2,0.2,429,10,0,0.3,13,3,-0.0284124681338369,0.934
6,2,0.2,434,10,0,0.3,13,3,0.0208783397245327,0.934
6,2,0.2,60,10,0,0.3,13,3,-0.0224132970868993,0.936
6,2,0.2,423,10,0,0.3,13,3,-0.0530595447787903,0.936
6,2,0.2,175,10,0,0.3,13,3,0.0511814524211616,0.938
6,2,0.2,481,10,0,0.3,13,3,-0.0283471760001248,0.942
6,2,0.2,135,10,0,0.3,13,3,-0.0434385359693863,0.944
6,2,0.2,138,10,0,0.3,13,3,0.0590132558118341,0.944
6,2,0.2,375,10,0,0.3,13,3,0.0348252513458647,0.944
6,2,0.2,441,10,0,0.3,13,3,0.0134362165584037,0.944
6,2,0.2,419,10,0,0.3,13,3,-0.0133656761608165,0.95
6,2,0.2,246,10,0,0.3,13,3,-0.0435469726824067,0.952
6,2,0.2,399,10,0,0.3,13,3,0.022623723127424,0.954
6,2,0.2,196,10,0,0.3,13,3,0.0374963744819752,0.956
6,2,0.2,341,10,0,0.3,13,3,-0.0257191921681112,0.964
6,2,0.2,345,10,0,0.3,13,3,0.0208014848626874,0.964
6,2,0.2,446,10,0,0.3,13,3,-0.0149120438227897,0.964
6,2,0.2,155,10,0,0.3,13,3,0.0188118368783421,0.966
6,2,0.2,106,10,0,0.3,13,3,-0.0187416841575896,0.974
6,2,0.2,6,10,0,0.3,13,3,0.00828513213505744,0.978
6,2,0.2,220,10,0,0.3,13,3,0.00716441899402298,0.982
6,2,0.2,27,10,0,0.3,13,3,-0.0132087096466478,0.984
6,2,0.2,333,10,0,0.3,13,3,-0.00203639123469657,0.984
6,2,0.2,180,10,0,0.3,13,3,-0.0141984761238234,0.986
6,2,0.2,278,10,0,0.3,13,3,0.00653230934611315,0.99
6,2,0.2,44,10,0,0.3,13,3,-0.000582240701788805,0.998
6,2,0.2,372,10,0,0.3,14,3,0.722271725168582,0.008
6,2,0.2,488,10,0,0.3,14,3,1.45031892036118,0.012
6,2,0.2,191,10,0,0.3,14,3,1.52581851254288,0.016
6,2,0.2,468,10,0,0.3,14,3,1.3229237054737,0.016
6,2,0.2,38,10,0,0.3,14,3,-1.54604423767819,0.022
6,2,0.2,97,10,0,0.3,14,3,-0.972146675260973,0.024
6,2,0.2,369,10,0,0.3,14,3,-1.08738635249972,0.032
6,2,0.2,201,10,0,0.3,14,3,-1.11504429337359,0.038
6,2,0.2,327,10,0,0.3,14,3,-1.32783197383196,0.038
6,2,0.2,425,10,0,0.3,14,3,1.407710447874,0.04
6,2,0.2,32,10,0,0.3,14,3,0.622370715361086,0.046
6,2,0.2,448,10,0,0.3,14,3,-1.70976971024811,0.046
6,2,0.2,179,10,0,0.3,14,3,0.986466956547758,0.052
6,2,0.2,236,10,0,0.3,14,3,1.18279262763073,0.052
6,2,0.2,337,10,0,0.3,14,3,-0.894338761448267,0.052
6,2,0.2,330,10,0,0.3,14,3,1.63766171562398,0.054
6,2,0.2,7,10,0,0.3,14,3,-1.33515684880894,0.056
6,2,0.2,15,10,0,0.3,14,3,-1.37169892632656,0.056
6,2,0.2,382,10,0,0.3,14,3,-0.939810284825342,0.056
6,2,0.2,462,10,0,0.3,14,3,0.821175701557337,0.056
6,2,0.2,20,10,0,0.3,14,3,1.42546758412695,0.058
6,2,0.2,176,10,0,0.3,14,3,-2.40070628448757,0.06
6,2,0.2,200,10,0,0.3,14,3,-1.15105796346117,0.062
6,2,0.2,102,10,0,0.3,14,3,-0.601747346224499,0.064
6,2,0.2,405,10,0,0.3,14,3,0.777276443495907,0.066
6,2,0.2,441,10,0,0.3,14,3,1.42681714144808,0.066
6,2,0.2,185,10,0,0.3,14,3,-0.778404205054017,0.07
6,2,0.2,164,10,0,0.3,14,3,1.25140451983734,0.072
6,2,0.2,22,10,0,0.3,14,3,-0.635036864787679,0.074
6,2,0.2,206,10,0,0.3,14,3,0.705019673680653,0.074
6,2,0.2,241,10,0,0.3,14,3,1.25372294734856,0.074
6,2,0.2,304,10,0,0.3,14,3,-1.42701159422833,0.074
6,2,0.2,196,10,0,0.3,14,3,1.50665222642058,0.076
6,2,0.2,401,10,0,0.3,14,3,-1.05839767788521,0.076
6,2,0.2,451,10,0,0.3,14,3,1.0748223678336,0.076
6,2,0.2,55,10,0,0.3,14,3,-1.47681838303924,0.078
6,2,0.2,151,10,0,0.3,14,3,-0.787353363203209,0.078
6,2,0.2,220,10,0,0.3,14,3,0.801464060348309,0.078
6,2,0.2,19,10,0,0.3,14,3,0.813425121835309,0.08
6,2,0.2,300,10,0,0.3,14,3,-1.43328895208887,0.08
6,2,0.2,380,10,0,0.3,14,3,0.611828001289098,0.08
6,2,0.2,422,10,0,0.3,14,3,-1.09173232900417,0.08
6,2,0.2,60,10,0,0.3,14,3,1.05321910651216,0.082
6,2,0.2,260,10,0,0.3,14,3,-0.39189969538586,0.082
6,2,0.2,265,10,0,0.3,14,3,-1.1217381040758,0.082
6,2,0.2,143,10,0,0.3,14,3,-1.11902961133777,0.084
6,2,0.2,238,10,0,0.3,14,3,-0.635678608964213,0.084
6,2,0.2,323,10,0,0.3,14,3,1.09195821896606,0.084
6,2,0.2,139,10,0,0.3,14,3,-0.875127033805342,0.086
6,2,0.2,69,10,0,0.3,14,3,-1.06982195731266,0.088
6,2,0.2,103,10,0,0.3,14,3,-0.911968176929406,0.088
6,2,0.2,250,10,0,0.3,14,3,-0.532474589905405,0.088
6,2,0.2,410,10,0,0.3,14,3,1.13683070346099,0.088
6,2,0.2,162,10,0,0.3,14,3,-0.969966166943266,0.09
6,2,0.2,165,10,0,0.3,14,3,0.971830463663395,0.09
6,2,0.2,477,10,0,0.3,14,3,0.572663580859341,0.092
6,2,0.2,149,10,0,0.3,14,3,-0.94054770959761,0.094
6,2,0.2,363,10,0,0.3,14,3,-0.939708591515171,0.094
6,2,0.2,433,10,0,0.3,14,3,0.869864697552146,0.094
6,2,0.2,472,10,0,0.3,14,3,-0.808831150953154,0.096
6,2,0.2,182,10,0,0.3,14,3,0.875533025862808,0.098
6,2,0.2,17,10,0,0.3,14,3,-1.51547307058217,0.1
6,2,0.2,127,10,0,0.3,14,3,0.715846395953889,0.104
6,2,0.2,92,10,0,0.3,14,3,1.0135096934666,0.106
6,2,0.2,178,10,0,0.3,14,3,-1.07967229821202,0.106
6,2,0.2,213,10,0,0.3,14,3,0.55642318029723,0.106
6,2,0.2,315,10,0,0.3,14,3,-0.878613724774254,0.106
6,2,0.2,104,10,0,0.3,14,3,0.477872516373679,0.108
6,2,0.2,172,10,0,0.3,14,3,-0.891312059730865,0.108
6,2,0.2,211,10,0,0.3,14,3,0.738426395614738,0.108
6,2,0.2,301,10,0,0.3,14,3,-0.873393364731214,0.108
6,2,0.2,311,10,0,0.3,14,3,0.917828458522905,0.108
6,2,0.2,49,10,0,0.3,14,3,0.668198038821316,0.11
6,2,0.2,287,10,0,0.3,14,3,0.997264695640382,0.11
6,2,0.2,491,10,0,0.3,14,3,0.690939788579612,0.114
6,2,0.2,204,10,0,0.3,14,3,-0.780442507181107,0.116
6,2,0.2,288,10,0,0.3,14,3,-1.40277229902932,0.116
6,2,0.2,9,10,0,0.3,14,3,-0.921597073186717,0.118
6,2,0.2,145,10,0,0.3,14,3,0.758094735904194,0.122
6,2,0.2,233,10,0,0.3,14,3,-0.41038355058771,0.122
6,2,0.2,346,10,0,0.3,14,3,0.79602919739051,0.122
6,2,0.2,257,10,0,0.3,14,3,-0.555014194414241,0.124
6,2,0.2,383,10,0,0.3,14,3,0.423010599158488,0.124
6,2,0.2,154,10,0,0.3,14,3,-0.591003319006433,0.126
6,2,0.2,65,10,0,0.3,14,3,-0.579608465554969,0.128
6,2,0.2,437,10,0,0.3,14,3,0.714612279516814,0.128
6,2,0.2,452,10,0,0.3,14,3,-0.6982748126037,0.128
6,2,0.2,35,10,0,0.3,14,3,0.626723946872062,0.13
6,2,0.2,74,10,0,0.3,14,3,0.69667714135602,0.132
6,2,0.2,59,10,0,0.3,14,3,-0.439211413930423,0.134
6,2,0.2,430,10,0,0.3,14,3,-0.617892610220906,0.134
6,2,0.2,357,10,0,0.3,14,3,-0.30057545395934,0.136
6,2,0.2,273,10,0,0.3,14,3,0.853425412522142,0.138
6,2,0.2,374,10,0,0.3,14,3,-0.878799315555142,0.14
6,2,0.2,476,10,0,0.3,14,3,0.452546871968934,0.14
6,2,0.2,329,10,0,0.3,14,3,-0.862229901245286,0.142
6,2,0.2,417,10,0,0.3,14,3,-0.820086700443966,0.142
6,2,0.2,418,10,0,0.3,14,3,0.476795327746032,0.142
6,2,0.2,88,10,0,0.3,14,3,0.630764970441533,0.144
6,2,0.2,379,10,0,0.3,14,3,0.846251715599607,0.144
6,2,0.2,40,10,0,0.3,14,3,0.555093998854034,0.15
6,2,0.2,147,10,0,0.3,14,3,-0.976694482094018,0.15
6,2,0.2,223,10,0,0.3,14,3,0.591455494575769,0.152
6,2,0.2,37,10,0,0.3,14,3,-0.650861818818868,0.154
6,2,0.2,328,10,0,0.3,14,3,-0.491922930094461,0.154
6,2,0.2,188,10,0,0.3,14,3,-0.952159246034881,0.156
6,2,0.2,413,10,0,0.3,14,3,-1.11727719834687,0.156
6,2,0.2,443,10,0,0.3,14,3,0.607470634003448,0.156
6,2,0.2,202,10,0,0.3,14,3,-0.532243492963346,0.158
6,2,0.2,210,10,0,0.3,14,3,0.882233096874785,0.158
6,2,0.2,321,10,0,0.3,14,3,0.740171269463247,0.158
6,2,0.2,340,10,0,0.3,14,3,-0.429005067443114,0.158
6,2,0.2,28,10,0,0.3,14,3,0.414187152648566,0.162
6,2,0.2,62,10,0,0.3,14,3,0.524027700055939,0.164
6,2,0.2,385,10,0,0.3,14,3,-0.351002448364966,0.164
6,2,0.2,390,10,0,0.3,14,3,0.423683875295723,0.168
6,2,0.2,486,10,0,0.3,14,3,0.652044306822489,0.168
6,2,0.2,258,10,0,0.3,14,3,0.740386284597264,0.17
6,2,0.2,428,10,0,0.3,14,3,0.747681622836552,0.174
6,2,0.2,310,10,0,0.3,14,3,0.464312357039347,0.176
6,2,0.2,394,10,0,0.3,14,3,-0.45062125779998,0.176
6,2,0.2,36,10,0,0.3,14,3,-0.700975825473421,0.178
6,2,0.2,144,10,0,0.3,14,3,-0.683423514364108,0.178
6,2,0.2,375,10,0,0.3,14,3,-0.733026139565794,0.18
6,2,0.2,500,10,0,0.3,14,3,0.576534600824488,0.18
6,2,0.2,350,10,0,0.3,14,3,0.348984211947197,0.182
6,2,0.2,316,10,0,0.3,14,3,-0.467118066156189,0.186
6,2,0.2,56,10,0,0.3,14,3,0.612946673426364,0.188
6,2,0.2,249,10,0,0.3,14,3,0.582242063669156,0.192
6,2,0.2,384,10,0,0.3,14,3,-0.355536766070088,0.192
6,2,0.2,392,10,0,0.3,14,3,0.24759115470286,0.192
6,2,0.2,198,10,0,0.3,14,3,-0.403256505158339,0.194
6,2,0.2,348,10,0,0.3,14,3,0.770541750698783,0.196
6,2,0.2,76,10,0,0.3,14,3,0.493406181329561,0.198
6,2,0.2,262,10,0,0.3,14,3,-0.51370400998502,0.202
6,2,0.2,86,10,0,0.3,14,3,0.355760933268499,0.204
6,2,0.2,158,10,0,0.3,14,3,0.833936295810588,0.204
6,2,0.2,84,10,0,0.3,14,3,-0.411184436926646,0.206
6,2,0.2,214,10,0,0.3,14,3,0.716572618439471,0.206
6,2,0.2,378,10,0,0.3,14,3,0.544812800537414,0.208
6,2,0.2,403,10,0,0.3,14,3,0.383813718360983,0.208
6,2,0.2,387,10,0,0.3,14,3,-0.42223343447688,0.21
6,2,0.2,416,10,0,0.3,14,3,-0.367182570938581,0.214
6,2,0.2,326,10,0,0.3,14,3,-0.407993423478558,0.218
6,2,0.2,131,10,0,0.3,14,3,-0.391801190318574,0.22
6,2,0.2,134,10,0,0.3,14,3,0.477249824384273,0.22
6,2,0.2,226,10,0,0.3,14,3,-0.505373350002486,0.22
6,2,0.2,248,10,0,0.3,14,3,0.571245493346453,0.22
6,2,0.2,284,10,0,0.3,14,3,-0.636106229239033,0.22
6,2,0.2,254,10,0,0.3,14,3,0.42466815239797,0.224
6,2,0.2,148,10,0,0.3,14,3,-0.489501119701941,0.228
6,2,0.2,397,10,0,0.3,14,3,-0.693264274199407,0.228
6,2,0.2,424,10,0,0.3,14,3,0.350388787568761,0.23
6,2,0.2,48,10,0,0.3,14,3,0.605443840574196,0.234
6,2,0.2,391,10,0,0.3,14,3,0.746850355344833,0.238
6,2,0.2,82,10,0,0.3,14,3,-0.435772845141145,0.24
6,2,0.2,106,10,0,0.3,14,3,0.79452917236793,0.24
6,2,0.2,186,10,0,0.3,14,3,0.565437446760058,0.24
6,2,0.2,306,10,0,0.3,14,3,0.329121676544077,0.242
6,2,0.2,427,10,0,0.3,14,3,0.357313044891413,0.244
6,2,0.2,303,10,0,0.3,14,3,-0.581506325824108,0.248
6,2,0.2,362,10,0,0.3,14,3,0.514539399571134,0.252
6,2,0.2,269,10,0,0.3,14,3,0.179703480038228,0.254
6,2,0.2,420,10,0,0.3,14,3,-0.348050624188687,0.256
6,2,0.2,136,10,0,0.3,14,3,-0.401070107262115,0.26
6,2,0.2,72,10,0,0.3,14,3,-0.323826231634257,0.262
6,2,0.2,78,10,0,0.3,14,3,-0.704342275472897,0.264
6,2,0.2,140,10,0,0.3,14,3,0.380386826638698,0.264
6,2,0.2,277,10,0,0.3,14,3,0.484469512023281,0.264
6,2,0.2,339,10,0,0.3,14,3,0.485865794177414,0.266
6,2,0.2,435,10,0,0.3,14,3,0.423646921362376,0.27
6,2,0.2,473,10,0,0.3,14,3,-0.33923043099071,0.27
6,2,0.2,480,10,0,0.3,14,3,-0.41287757098209,0.274
6,2,0.2,46,10,0,0.3,14,3,0.633328598726365,0.276
6,2,0.2,156,10,0,0.3,14,3,-0.312379016432118,0.276
6,2,0.2,5,10,0,0.3,14,3,-0.936685497342552,0.28
6,2,0.2,133,10,0,0.3,14,3,-0.610231638887257,0.284
6,2,0.2,389,10,0,0.3,14,3,-0.823812465113548,0.29
6,2,0.2,219,10,0,0.3,14,3,-1.2071208506521,0.294
6,2,0.2,388,10,0,0.3,14,3,-0.393154312788596,0.294
6,2,0.2,408,10,0,0.3,14,3,0.410772045928894,0.298
6,2,0.2,93,10,0,0.3,14,3,-0.610133181444411,0.302
6,2,0.2,291,10,0,0.3,14,3,-0.490229505747976,0.304
6,2,0.2,296,10,0,0.3,14,3,-0.374206597499835,0.306
6,2,0.2,409,10,0,0.3,14,3,-0.292035902804997,0.306
6,2,0.2,232,10,0,0.3,14,3,0.47879070301039,0.308
6,2,0.2,270,10,0,0.3,14,3,-0.43938329482549,0.308
6,2,0.2,10,10,0,0.3,14,3,0.451148730934904,0.31
6,2,0.2,64,10,0,0.3,14,3,0.367438144561135,0.31
6,2,0.2,263,10,0,0.3,14,3,-0.316215087757996,0.31
6,2,0.2,283,10,0,0.3,14,3,-0.292777767787499,0.318
6,2,0.2,77,10,0,0.3,14,3,-1.18880011803031,0.32
6,2,0.2,171,10,0,0.3,14,3,0.342021946205818,0.32
6,2,0.2,39,10,0,0.3,14,3,-0.38968536635528,0.332
6,2,0.2,305,10,0,0.3,14,3,0.398316917312314,0.334
6,2,0.2,167,10,0,0.3,14,3,0.370926240275423,0.338
6,2,0.2,489,10,0,0.3,14,3,0.437718733012701,0.338
6,2,0.2,175,10,0,0.3,14,3,-0.522104955751871,0.342
6,2,0.2,52,10,0,0.3,14,3,-0.278562369304495,0.344
6,2,0.2,469,10,0,0.3,14,3,-0.570943507035423,0.348
6,2,0.2,356,10,0,0.3,14,3,0.389388732926847,0.35
6,2,0.2,105,10,0,0.3,14,3,0.37093712104803,0.358
6,2,0.2,129,10,0,0.3,14,3,-0.217010607786506,0.36
6,2,0.2,439,10,0,0.3,14,3,0.345163888710005,0.36
6,2,0.2,230,10,0,0.3,14,3,0.688462756514753,0.364
6,2,0.2,187,10,0,0.3,14,3,-0.301910536588423,0.368
6,2,0.2,353,10,0,0.3,14,3,0.33282667633722,0.372
6,2,0.2,335,10,0,0.3,14,3,0.401879753433946,0.38
6,2,0.2,150,10,0,0.3,14,3,-0.426442276204085,0.384
6,2,0.2,21,10,0,0.3,14,3,0.156566189395392,0.386
6,2,0.2,66,10,0,0.3,14,3,0.352357754051638,0.39
6,2,0.2,169,10,0,0.3,14,3,0.388220505395083,0.39
6,2,0.2,91,10,0,0.3,14,3,0.49275604516987,0.394
6,2,0.2,467,10,0,0.3,14,3,0.300588446966117,0.396
6,2,0.2,253,10,0,0.3,14,3,-0.297830608068921,0.398
6,2,0.2,107,10,0,0.3,14,3,-0.333296751238663,0.412
6,2,0.2,180,10,0,0.3,14,3,0.378806308358946,0.412
6,2,0.2,347,10,0,0.3,14,3,0.330820833312089,0.412
6,2,0.2,126,10,0,0.3,14,3,-0.912103708723322,0.414
6,2,0.2,12,10,0,0.3,14,3,-0.257924752345019,0.416
6,2,0.2,331,10,0,0.3,14,3,0.259487075673263,0.424
6,2,0.2,83,10,0,0.3,14,3,-0.25963490492137,0.432
6,2,0.2,225,10,0,0.3,14,3,0.496355685521081,0.432
6,2,0.2,217,10,0,0.3,14,3,-0.320724124114918,0.434
6,2,0.2,366,10,0,0.3,14,3,0.25718097444252,0.444
6,2,0.2,29,10,0,0.3,14,3,0.432256299950865,0.448
6,2,0.2,412,10,0,0.3,14,3,0.205694421762985,0.45
6,2,0.2,14,10,0,0.3,14,3,0.390054447552103,0.456
6,2,0.2,161,10,0,0.3,14,3,0.387770108833308,0.456
6,2,0.2,322,10,0,0.3,14,3,0.560577487834564,0.458
6,2,0.2,343,10,0,0.3,14,3,-0.477913602663506,0.458
6,2,0.2,349,10,0,0.3,14,3,-0.721539852168945,0.464
6,2,0.2,442,10,0,0.3,14,3,-0.313835384362278,0.466
6,2,0.2,23,10,0,0.3,14,3,0.319684962303,0.478
6,2,0.2,271,10,0,0.3,14,3,-0.226511348947071,0.48
6,2,0.2,109,10,0,0.3,14,3,-0.184209468508726,0.492
6,2,0.2,173,10,0,0.3,14,3,-0.272356457073585,0.492
6,2,0.2,142,10,0,0.3,14,3,0.272312227878047,0.496
6,2,0.2,207,10,0,0.3,14,3,-0.570834267909248,0.504
6,2,0.2,364,10,0,0.3,14,3,-0.164688607709394,0.506
6,2,0.2,80,10,0,0.3,14,3,0.17317099974926,0.508
6,2,0.2,115,10,0,0.3,14,3,-0.195120244086041,0.514
6,2,0.2,414,10,0,0.3,14,3,0.846909593308766,0.514
6,2,0.2,245,10,0,0.3,14,3,-0.630442634569192,0.516
6,2,0.2,118,10,0,0.3,14,3,0.332301823432857,0.518
6,2,0.2,402,10,0,0.3,14,3,0.431727952915281,0.518
6,2,0.2,370,10,0,0.3,14,3,0.533667918015738,0.524
6,2,0.2,110,10,0,0.3,14,3,-0.166627349941251,0.526
6,2,0.2,209,10,0,0.3,14,3,0.379025504218532,0.526
6,2,0.2,264,10,0,0.3,14,3,-0.184723295156772,0.528
6,2,0.2,68,10,0,0.3,14,3,-0.238203034466039,0.532
6,2,0.2,30,10,0,0.3,14,3,-0.631702101143958,0.536
6,2,0.2,336,10,0,0.3,14,3,0.601429396148291,0.536
6,2,0.2,252,10,0,0.3,14,3,-0.361706467900518,0.538
6,2,0.2,360,10,0,0.3,14,3,-0.438689951811341,0.54
6,2,0.2,285,10,0,0.3,14,3,-0.204747218595344,0.548
6,2,0.2,221,10,0,0.3,14,3,-0.449085871128176,0.55
6,2,0.2,352,10,0,0.3,14,3,0.942041416113852,0.55
6,2,0.2,45,10,0,0.3,14,3,0.55014319460193,0.554
6,2,0.2,465,10,0,0.3,14,3,0.512570389968886,0.556
6,2,0.2,309,10,0,0.3,14,3,0.467104120543752,0.558
6,2,0.2,160,10,0,0.3,14,3,0.243048661160998,0.56
6,2,0.2,137,10,0,0.3,14,3,0.276568350094664,0.562
6,2,0.2,398,10,0,0.3,14,3,0.47476198878465,0.562
6,2,0.2,298,10,0,0.3,14,3,-0.655547545110778,0.564
6,2,0.2,415,10,0,0.3,14,3,0.188639588508465,0.564
6,2,0.2,231,10,0,0.3,14,3,-0.77380414173183,0.566
6,2,0.2,274,10,0,0.3,14,3,-0.224747509550042,0.566
6,2,0.2,190,10,0,0.3,14,3,0.137454868695784,0.57
6,2,0.2,159,10,0,0.3,14,3,-0.823831069454712,0.572
6,2,0.2,470,10,0,0.3,14,3,0.693415469561558,0.572
6,2,0.2,444,10,0,0.3,14,3,0.559084537943249,0.578
6,2,0.2,41,10,0,0.3,14,3,0.591565608528271,0.58
6,2,0.2,174,10,0,0.3,14,3,-0.250239038566548,0.58
6,2,0.2,122,10,0,0.3,14,3,0.739574808120238,0.584
6,2,0.2,96,10,0,0.3,14,3,-0.253211816691646,0.586
6,2,0.2,212,10,0,0.3,14,3,0.726453052703846,0.586
6,2,0.2,297,10,0,0.3,14,3,0.189772433566674,0.59
6,2,0.2,324,10,0,0.3,14,3,0.308991428518084,0.592
6,2,0.2,272,10,0,0.3,14,3,0.330227259205031,0.594
6,2,0.2,431,10,0,0.3,14,3,-0.24011438769341,0.594
6,2,0.2,453,10,0,0.3,14,3,-0.77530170722369,0.594
6,2,0.2,290,10,0,0.3,14,3,0.132160647005463,0.596
6,2,0.2,396,10,0,0.3,14,3,-0.490635291518117,0.596
6,2,0.2,289,10,0,0.3,14,3,0.642499591392124,0.598
6,2,0.2,4,10,0,0.3,14,3,0.109212509659017,0.6
6,2,0.2,381,10,0,0.3,14,3,0.182329403357812,0.6
6,2,0.2,42,10,0,0.3,14,3,-0.330175472430312,0.604
6,2,0.2,71,10,0,0.3,14,3,0.138708708048171,0.604
6,2,0.2,279,10,0,0.3,14,3,-0.412800636805031,0.604
6,2,0.2,466,10,0,0.3,14,3,0.175241357066994,0.604
6,2,0.2,128,10,0,0.3,14,3,0.790618942677497,0.606
6,2,0.2,163,10,0,0.3,14,3,-0.350580708907245,0.61
6,2,0.2,456,10,0,0.3,14,3,-0.292432512258415,0.61
6,2,0.2,51,10,0,0.3,14,3,0.565189061987667,0.614
6,2,0.2,73,10,0,0.3,14,3,0.717462678614424,0.616
6,2,0.2,181,10,0,0.3,14,3,0.149952417593312,0.616
6,2,0.2,307,10,0,0.3,14,3,0.134304740302468,0.616
6,2,0.2,141,10,0,0.3,14,3,-0.18099561649737,0.618
6,2,0.2,259,10,0,0.3,14,3,-0.178654531526234,0.618
6,2,0.2,464,10,0,0.3,14,3,-0.552881087445542,0.62
6,2,0.2,493,10,0,0.3,14,3,-0.440632113838547,0.62
6,2,0.2,135,10,0,0.3,14,3,0.207604455919636,0.628
6,2,0.2,421,10,0,0.3,14,3,0.205620879124211,0.628
6,2,0.2,16,10,0,0.3,14,3,0.238763736373613,0.63
6,2,0.2,459,10,0,0.3,14,3,0.422590149161834,0.63
6,2,0.2,54,10,0,0.3,14,3,0.3454994464295,0.632
6,2,0.2,119,10,0,0.3,14,3,-0.251139300684713,0.632
6,2,0.2,377,10,0,0.3,14,3,-0.354114242050997,0.632
6,2,0.2,125,10,0,0.3,14,3,-0.739556859724416,0.634
6,2,0.2,293,10,0,0.3,14,3,0.445607557033242,0.634
6,2,0.2,101,10,0,0.3,14,3,0.576288288079638,0.636
6,2,0.2,205,10,0,0.3,14,3,-0.758904710602025,0.636
6,2,0.2,317,10,0,0.3,14,3,-0.493676760853901,0.636
6,2,0.2,318,10,0,0.3,14,3,0.631422803222591,0.638
6,2,0.2,295,10,0,0.3,14,3,-0.380826647949306,0.64
6,2,0.2,6,10,0,0.3,14,3,-0.346315200014686,0.642
6,2,0.2,399,10,0,0.3,14,3,-0.0906021694057699,0.642
6,2,0.2,494,10,0,0.3,14,3,0.117113351269637,0.642
6,2,0.2,479,10,0,0.3,14,3,0.242032729665652,0.644
6,2,0.2,114,10,0,0.3,14,3,0.595402686884142,0.646
6,2,0.2,192,10,0,0.3,14,3,0.437736564424256,0.65
6,2,0.2,275,10,0,0.3,14,3,0.118433822145704,0.65
6,2,0.2,240,10,0,0.3,14,3,0.26668148760956,0.652
6,2,0.2,440,10,0,0.3,14,3,-0.262833340760551,0.652
6,2,0.2,320,10,0,0.3,14,3,0.280739938678636,0.654
6,2,0.2,170,10,0,0.3,14,3,-0.427204222109594,0.656
6,2,0.2,195,10,0,0.3,14,3,0.463755622053526,0.656
6,2,0.2,193,10,0,0.3,14,3,0.173596210327361,0.658
6,2,0.2,246,10,0,0.3,14,3,0.28865197998195,0.66
6,2,0.2,67,10,0,0.3,14,3,0.365605219687922,0.662
6,2,0.2,75,10,0,0.3,14,3,0.302843843549766,0.664
6,2,0.2,168,10,0,0.3,14,3,-0.0768101260649416,0.666
6,2,0.2,332,10,0,0.3,14,3,-0.114445556061725,0.666
6,2,0.2,177,10,0,0.3,14,3,0.450565362016249,0.668
6,2,0.2,113,10,0,0.3,14,3,0.286238124734609,0.67
6,2,0.2,308,10,0,0.3,14,3,-0.118914376059479,0.67
6,2,0.2,345,10,0,0.3,14,3,0.243667717778834,0.672
6,2,0.2,393,10,0,0.3,14,3,0.430326173477084,0.672
6,2,0.2,85,10,0,0.3,14,3,0.127940538387065,0.674
6,2,0.2,244,10,0,0.3,14,3,0.135807283203832,0.674
6,2,0.2,34,10,0,0.3,14,3,-0.293233281338615,0.68
6,2,0.2,445,10,0,0.3,14,3,0.32919525581363,0.68
6,2,0.2,183,10,0,0.3,14,3,-0.170277962011994,0.682
6,2,0.2,498,10,0,0.3,14,3,-0.119552222436113,0.682
6,2,0.2,13,10,0,0.3,14,3,0.295647771731637,0.684
6,2,0.2,61,10,0,0.3,14,3,-0.26383653957933,0.686
6,2,0.2,120,10,0,0.3,14,3,0.343223531714585,0.686
6,2,0.2,166,10,0,0.3,14,3,-0.457197885202049,0.686
6,2,0.2,116,10,0,0.3,14,3,0.319505428409769,0.688
6,2,0.2,432,10,0,0.3,14,3,-0.594176940322626,0.688
6,2,0.2,438,10,0,0.3,14,3,0.156258749584737,0.69
6,2,0.2,130,10,0,0.3,14,3,-0.273834696484442,0.694
6,2,0.2,281,10,0,0.3,14,3,-0.307967582263871,0.694
6,2,0.2,455,10,0,0.3,14,3,0.433578327041232,0.694
6,2,0.2,11,10,0,0.3,14,3,0.217447337856953,0.696
6,2,0.2,94,10,0,0.3,14,3,0.256786160971501,0.696
6,2,0.2,222,10,0,0.3,14,3,0.402316768324738,0.696
6,2,0.2,243,10,0,0.3,14,3,0.483817336921675,0.696
6,2,0.2,325,10,0,0.3,14,3,-0.32179375420759,0.696
6,2,0.2,487,10,0,0.3,14,3,-0.350517906009685,0.696
6,2,0.2,138,10,0,0.3,14,3,0.0725825919438137,0.698
6,2,0.2,90,10,0,0.3,14,3,-0.261145781546873,0.7
6,2,0.2,338,10,0,0.3,14,3,0.336376631651518,0.7
6,2,0.2,234,10,0,0.3,14,3,-0.284390180112041,0.702
6,2,0.2,461,10,0,0.3,14,3,0.313094483953847,0.704
6,2,0.2,386,10,0,0.3,14,3,-0.252336721046191,0.706
6,2,0.2,302,10,0,0.3,14,3,-0.299359327082072,0.708
6,2,0.2,237,10,0,0.3,14,3,0.344643389649661,0.714
6,2,0.2,57,10,0,0.3,14,3,0.155649410574028,0.716
6,2,0.2,123,10,0,0.3,14,3,0.155050723759246,0.718
6,2,0.2,266,10,0,0.3,14,3,-0.363683288031751,0.726
6,2,0.2,1,10,0,0.3,14,3,-0.0960718265966136,0.734
6,2,0.2,208,10,0,0.3,14,3,-0.173286852543725,0.736
6,2,0.2,63,10,0,0.3,14,3,0.255245967119066,0.738
6,2,0.2,286,10,0,0.3,14,3,-0.333675931300547,0.74
6,2,0.2,89,10,0,0.3,14,3,0.212427822247776,0.742
6,2,0.2,463,10,0,0.3,14,3,-0.244797221003751,0.742
6,2,0.2,24,10,0,0.3,14,3,-0.0973871703873215,0.744
6,2,0.2,124,10,0,0.3,14,3,0.181572280804176,0.744
6,2,0.2,235,10,0,0.3,14,3,-0.200650176619604,0.744
6,2,0.2,436,10,0,0.3,14,3,-0.247799088685184,0.744
6,2,0.2,267,10,0,0.3,14,3,-0.321359072802863,0.748
6,2,0.2,278,10,0,0.3,14,3,-0.221599364756941,0.748
6,2,0.2,25,10,0,0.3,14,3,-0.123516955989714,0.75
6,2,0.2,333,10,0,0.3,14,3,0.290531256951738,0.75
6,2,0.2,373,10,0,0.3,14,3,0.152659883418295,0.752
6,2,0.2,100,10,0,0.3,14,3,-0.352827106891738,0.754
6,2,0.2,280,10,0,0.3,14,3,0.179436689012533,0.754
6,2,0.2,112,10,0,0.3,14,3,-0.105313150700141,0.756
6,2,0.2,454,10,0,0.3,14,3,0.11307135108396,0.756
6,2,0.2,457,10,0,0.3,14,3,-0.0901262240925007,0.758
6,2,0.2,475,10,0,0.3,14,3,-0.0922983246903186,0.758
6,2,0.2,481,10,0,0.3,14,3,0.165226162993122,0.758
6,2,0.2,282,10,0,0.3,14,3,-0.0966537951967439,0.76
6,2,0.2,355,10,0,0.3,14,3,0.117317668008837,0.762
6,2,0.2,483,10,0,0.3,14,3,-0.31110147507863,0.762
6,2,0.2,227,10,0,0.3,14,3,0.202722739090689,0.764
6,2,0.2,351,10,0,0.3,14,3,-0.238896646829545,0.764
6,2,0.2,26,10,0,0.3,14,3,0.0736587651045113,0.766
6,2,0.2,47,10,0,0.3,14,3,-0.0782153827739194,0.768
6,2,0.2,152,10,0,0.3,14,3,-0.0782623308013513,0.768
6,2,0.2,407,10,0,0.3,14,3,0.195285918739501,0.772
6,2,0.2,446,10,0,0.3,14,3,-0.136914060561907,0.772
6,2,0.2,132,10,0,0.3,14,3,0.194710434149698,0.774
6,2,0.2,411,10,0,0.3,14,3,0.160579739159033,0.774
6,2,0.2,344,10,0,0.3,14,3,-0.095035730062591,0.776
6,2,0.2,255,10,0,0.3,14,3,-0.171536395589925,0.78
6,2,0.2,471,10,0,0.3,14,3,-0.136951843834595,0.782
6,2,0.2,251,10,0,0.3,14,3,-0.0885300889518703,0.784
6,2,0.2,18,10,0,0.3,14,3,-0.127733291495105,0.786
6,2,0.2,299,10,0,0.3,14,3,-0.267575923456576,0.786
6,2,0.2,50,10,0,0.3,14,3,-0.132146072426991,0.788
6,2,0.2,294,10,0,0.3,14,3,-0.0589917001505285,0.788
6,2,0.2,361,10,0,0.3,14,3,-0.156075715366882,0.792
6,2,0.2,478,10,0,0.3,14,3,-0.0740752105745059,0.794
6,2,0.2,33,10,0,0.3,14,3,0.078797985335143,0.796
6,2,0.2,199,10,0,0.3,14,3,-0.113268641503282,0.796
6,2,0.2,429,10,0,0.3,14,3,0.204874688243621,0.796
6,2,0.2,43,10,0,0.3,14,3,-0.1050060541439,0.798
6,2,0.2,484,10,0,0.3,14,3,-0.163294593911388,0.798
6,2,0.2,342,10,0,0.3,14,3,0.0706184960758947,0.8
6,2,0.2,419,10,0,0.3,14,3,0.10761548082516,0.8
6,2,0.2,426,10,0,0.3,14,3,0.210478903516929,0.802
6,2,0.2,359,10,0,0.3,14,3,0.140157410145036,0.804
6,2,0.2,365,10,0,0.3,14,3,0.163537212006048,0.806
6,2,0.2,8,10,0,0.3,14,3,-0.104985008577728,0.808
6,2,0.2,256,10,0,0.3,14,3,0.121434696285036,0.81
6,2,0.2,31,10,0,0.3,14,3,-0.060767659693056,0.812
6,2,0.2,2,10,0,0.3,14,3,-0.144691672964541,0.814
6,2,0.2,268,10,0,0.3,14,3,-0.116730399240879,0.814
6,2,0.2,496,10,0,0.3,14,3,-0.0782093528551684,0.816
6,2,0.2,400,10,0,0.3,14,3,-0.166388927829985,0.818
6,2,0.2,247,10,0,0.3,14,3,0.111508127196515,0.82
6,2,0.2,3,10,0,0.3,14,3,-0.173276405566099,0.824
6,2,0.2,224,10,0,0.3,14,3,-0.127043202952251,0.824
6,2,0.2,368,10,0,0.3,14,3,-0.113920461135535,0.826
6,2,0.2,242,10,0,0.3,14,3,0.0880311886239156,0.828
6,2,0.2,27,10,0,0.3,14,3,0.113755960089009,0.832
6,2,0.2,490,10,0,0.3,14,3,0.157089164219002,0.836
6,2,0.2,482,10,0,0.3,14,3,-0.0669774692946703,0.838
6,2,0.2,314,10,0,0.3,14,3,0.091973592116176,0.84
6,2,0.2,203,10,0,0.3,14,3,0.079161308076948,0.844
6,2,0.2,495,10,0,0.3,14,3,0.0736986254994747,0.854
6,2,0.2,53,10,0,0.3,14,3,-0.0601687718898063,0.866
6,2,0.2,239,10,0,0.3,14,3,-0.0801379546225007,0.866
6,2,0.2,108,10,0,0.3,14,3,0.0837558884614111,0.87
6,2,0.2,319,10,0,0.3,14,3,-0.135577970795964,0.872
6,2,0.2,81,10,0,0.3,14,3,0.0693464627660205,0.874
6,2,0.2,44,10,0,0.3,14,3,-0.0506772314025739,0.878
6,2,0.2,121,10,0,0.3,14,3,-0.119746700921041,0.878
6,2,0.2,313,10,0,0.3,14,3,0.0414130398556267,0.878
6,2,0.2,194,10,0,0.3,14,3,-0.0729281148118446,0.88
6,2,0.2,70,10,0,0.3,14,3,0.0984803335211097,0.882
6,2,0.2,376,10,0,0.3,14,3,0.0510451226463431,0.886
6,2,0.2,87,10,0,0.3,14,3,-0.0774465483979156,0.888
6,2,0.2,99,10,0,0.3,14,3,-0.0390559403379882,0.888
6,2,0.2,276,10,0,0.3,14,3,-0.0356887699549873,0.89
6,2,0.2,371,10,0,0.3,14,3,-0.064055286102473,0.892
6,2,0.2,450,10,0,0.3,14,3,0.0901974427054597,0.892
6,2,0.2,157,10,0,0.3,14,3,0.0339635200332964,0.898
6,2,0.2,184,10,0,0.3,14,3,0.174231418652084,0.9
6,2,0.2,447,10,0,0.3,14,3,-0.0823903770553045,0.902
6,2,0.2,215,10,0,0.3,14,3,-0.0678917385932323,0.904
6,2,0.2,449,10,0,0.3,14,3,-0.0405387842621963,0.904
6,2,0.2,292,10,0,0.3,14,3,-0.0664008155542319,0.906
6,2,0.2,334,10,0,0.3,14,3,0.0550076723851873,0.906
6,2,0.2,197,10,0,0.3,14,3,-0.0364554081551205,0.908
6,2,0.2,95,10,0,0.3,14,3,-0.0695263430249895,0.91
6,2,0.2,485,10,0,0.3,14,3,0.063222023958815,0.91
6,2,0.2,395,10,0,0.3,14,3,0.0443325990547976,0.912
6,2,0.2,367,10,0,0.3,14,3,0.0459859159394114,0.916
6,2,0.2,341,10,0,0.3,14,3,-0.0616387097643667,0.918
6,2,0.2,98,10,0,0.3,14,3,0.0416323364827633,0.92
6,2,0.2,358,10,0,0.3,14,3,0.0601633385535365,0.92
6,2,0.2,406,10,0,0.3,14,3,0.0276690201815484,0.924
6,2,0.2,497,10,0,0.3,14,3,0.0250120671699392,0.924
6,2,0.2,189,10,0,0.3,14,3,0.0318669297352585,0.928
6,2,0.2,423,10,0,0.3,14,3,0.0416123704062841,0.93
6,2,0.2,229,10,0,0.3,14,3,-0.0251541472870827,0.932
6,2,0.2,312,10,0,0.3,14,3,0.0526394553352816,0.934
6,2,0.2,155,10,0,0.3,14,3,0.0317280070946708,0.938
6,2,0.2,146,10,0,0.3,14,3,-0.0282702811632589,0.94
6,2,0.2,111,10,0,0.3,14,3,0.0496762676836511,0.944
6,2,0.2,228,10,0,0.3,14,3,-0.019168881266495,0.946
6,2,0.2,153,10,0,0.3,14,3,0.027216026390164,0.954
6,2,0.2,499,10,0,0.3,14,3,-0.0182832647841735,0.958
6,2,0.2,216,10,0,0.3,14,3,-0.0116057193898769,0.964
6,2,0.2,492,10,0,0.3,14,3,-0.0108149911793589,0.97
6,2,0.2,261,10,0,0.3,14,3,-0.0095519891594904,0.972
6,2,0.2,460,10,0,0.3,14,3,-0.00543967779097443,0.974
6,2,0.2,434,10,0,0.3,14,3,-0.0178593657687998,0.976
6,2,0.2,474,10,0,0.3,14,3,0.019862007905175,0.976
6,2,0.2,117,10,0,0.3,14,3,0.0114457699998809,0.98
6,2,0.2,218,10,0,0.3,14,3,0.0277459867332084,0.98
6,2,0.2,58,10,0,0.3,14,3,0.00894921363592971,0.988
6,2,0.2,79,10,0,0.3,14,3,0.0138555606876878,0.988
6,2,0.2,404,10,0,0.3,14,3,-0.00495044611113826,0.996
6,2,0.2,458,10,0,0.3,14,3,-0.00262352637702179,0.996
6,2,0.2,354,10,0,0.3,14,3,0.00272231249314814,1
6,2,0.2,317,10,0,0.3,15,3,0.797525848122717,0.006
6,2,0.2,265,10,0,0.3,15,3,-0.946017806644818,0.02
6,2,0.2,360,10,0,0.3,15,3,-1.29072575497665,0.026
6,2,0.2,153,10,0,0.3,15,3,-1.08797805052896,0.032
6,2,0.2,258,10,0,0.3,15,3,-1.40350364841186,0.034
6,2,0.2,388,10,0,0.3,15,3,-1.48294573751176,0.034
6,2,0.2,464,10,0,0.3,15,3,0.991735307302179,0.034
6,2,0.2,135,10,0,0.3,15,3,2.13900439025343,0.036
6,2,0.2,392,10,0,0.3,15,3,1.23991210020804,0.036
6,2,0.2,55,10,0,0.3,15,3,-0.750883319535717,0.04
6,2,0.2,225,10,0,0.3,15,3,0.961048473080893,0.04
6,2,0.2,128,10,0,0.3,15,3,-0.828769526811925,0.042
6,2,0.2,473,10,0,0.3,15,3,0.846393175219106,0.044
6,2,0.2,69,10,0,0.3,15,3,1.18562487124026,0.046
6,2,0.2,25,10,0,0.3,15,3,-1.44729193034203,0.05
6,2,0.2,302,10,0,0.3,15,3,1.05685776937909,0.05
6,2,0.2,19,10,0,0.3,15,3,-1.01243194217378,0.052
6,2,0.2,58,10,0,0.3,15,3,1.05234166820102,0.052
6,2,0.2,343,10,0,0.3,15,3,-1.14173835989467,0.052
6,2,0.2,433,10,0,0.3,15,3,-0.784225443082818,0.054
6,2,0.2,223,10,0,0.3,15,3,0.900205050697252,0.056
6,2,0.2,229,10,0,0.3,15,3,-0.709833644297078,0.056
6,2,0.2,346,10,0,0.3,15,3,0.826742008915431,0.056
6,2,0.2,88,10,0,0.3,15,3,0.643258467459844,0.058
6,2,0.2,165,10,0,0.3,15,3,0.872040508169334,0.058
6,2,0.2,279,10,0,0.3,15,3,-0.964594156420389,0.058
6,2,0.2,466,10,0,0.3,15,3,-0.933042668061518,0.058
6,2,0.2,180,10,0,0.3,15,3,1.56327860557482,0.06
6,2,0.2,297,10,0,0.3,15,3,0.733998133938599,0.06
6,2,0.2,475,10,0,0.3,15,3,0.728658434116369,0.06
6,2,0.2,129,10,0,0.3,15,3,0.672728522833125,0.062
6,2,0.2,133,10,0,0.3,15,3,1.44320122048998,0.064
6,2,0.2,221,10,0,0.3,15,3,-0.937303443871599,0.064
6,2,0.2,291,10,0,0.3,15,3,1.33211923796344,0.064
6,2,0.2,389,10,0,0.3,15,3,1.14509252980042,0.064
6,2,0.2,260,10,0,0.3,15,3,-0.866774304273633,0.066
6,2,0.2,374,10,0,0.3,15,3,0.582652837775896,0.066
6,2,0.2,50,10,0,0.3,15,3,-1.23835202395196,0.07
6,2,0.2,82,10,0,0.3,15,3,-1.00159926937454,0.07
6,2,0.2,325,10,0,0.3,15,3,-0.770233144108005,0.07
6,2,0.2,18,10,0,0.3,15,3,1.17331511457988,0.072
6,2,0.2,92,10,0,0.3,15,3,0.907736510537774,0.072
6,2,0.2,275,10,0,0.3,15,3,-1.23250913089356,0.074
6,2,0.2,47,10,0,0.3,15,3,-0.692224149114679,0.076
6,2,0.2,103,10,0,0.3,15,3,-1.05871957555524,0.076
6,2,0.2,132,10,0,0.3,15,3,-1.0376462805848,0.076
6,2,0.2,163,10,0,0.3,15,3,-1.0760077409625,0.076
6,2,0.2,380,10,0,0.3,15,3,0.830337132191744,0.076
6,2,0.2,230,10,0,0.3,15,3,1.0376009019333,0.08
6,2,0.2,358,10,0,0.3,15,3,-1.03715343998516,0.08
6,2,0.2,213,10,0,0.3,15,3,0.934074881801962,0.082
6,2,0.2,282,10,0,0.3,15,3,0.57489073365835,0.082
6,2,0.2,451,10,0,0.3,15,3,0.916783441176051,0.082
6,2,0.2,412,10,0,0.3,15,3,-0.843744017940168,0.084
6,2,0.2,427,10,0,0.3,15,3,-0.862524708116212,0.086
6,2,0.2,155,10,0,0.3,15,3,-0.568801998474157,0.088
6,2,0.2,305,10,0,0.3,15,3,-0.827283442015897,0.088
6,2,0.2,484,10,0,0.3,15,3,-0.761034350091762,0.088
6,2,0.2,112,10,0,0.3,15,3,0.746172654035973,0.09
6,2,0.2,228,10,0,0.3,15,3,0.593049470066518,0.09
6,2,0.2,322,10,0,0.3,15,3,-0.795894688666294,0.09
6,2,0.2,117,10,0,0.3,15,3,1.42114015787172,0.092
6,2,0.2,154,10,0,0.3,15,3,-0.97489170363707,0.092
6,2,0.2,429,10,0,0.3,15,3,-0.751968111946098,0.094
6,2,0.2,57,10,0,0.3,15,3,-0.949326969415097,0.098
6,2,0.2,142,10,0,0.3,15,3,0.703298928566483,0.1
6,2,0.2,240,10,0,0.3,15,3,-0.581707969970807,0.1
6,2,0.2,372,10,0,0.3,15,3,0.921143810262691,0.1
6,2,0.2,391,10,0,0.3,15,3,-0.761531849627858,0.1
6,2,0.2,16,10,0,0.3,15,3,-0.910698631989334,0.102
6,2,0.2,245,10,0,0.3,15,3,0.897647602071828,0.102
6,2,0.2,45,10,0,0.3,15,3,-0.600228864298913,0.104
6,2,0.2,257,10,0,0.3,15,3,-0.815707607543033,0.104
6,2,0.2,6,10,0,0.3,15,3,0.41041867189395,0.106
6,2,0.2,158,10,0,0.3,15,3,0.858955326121531,0.108
6,2,0.2,198,10,0,0.3,15,3,-0.730628038566579,0.108
6,2,0.2,463,10,0,0.3,15,3,-0.960398216123565,0.108
6,2,0.2,489,10,0,0.3,15,3,0.732273173701998,0.11
6,2,0.2,53,10,0,0.3,15,3,-0.898261376485124,0.112
6,2,0.2,299,10,0,0.3,15,3,0.9129400029951,0.112
6,2,0.2,46,10,0,0.3,15,3,-0.722602516719945,0.114
6,2,0.2,48,10,0,0.3,15,3,-0.931661694190126,0.114
6,2,0.2,296,10,0,0.3,15,3,-1.18500258024036,0.114
6,2,0.2,493,10,0,0.3,15,3,0.875028266088407,0.114
6,2,0.2,123,10,0,0.3,15,3,0.739989569088777,0.116
6,2,0.2,386,10,0,0.3,15,3,-0.687981264460689,0.12
6,2,0.2,453,10,0,0.3,15,3,0.602688986517308,0.12
6,2,0.2,417,10,0,0.3,15,3,0.562377550859651,0.122
6,2,0.2,143,10,0,0.3,15,3,0.955099709039558,0.124
6,2,0.2,469,10,0,0.3,15,3,-0.710146894087018,0.124
6,2,0.2,38,10,0,0.3,15,3,0.488082963232785,0.126
6,2,0.2,183,10,0,0.3,15,3,0.515481598292638,0.126
6,2,0.2,248,10,0,0.3,15,3,-0.755236451782167,0.126
6,2,0.2,351,10,0,0.3,15,3,-0.975269436031709,0.126
6,2,0.2,435,10,0,0.3,15,3,-0.904722540660856,0.126
6,2,0.2,146,10,0,0.3,15,3,0.974457355879991,0.13
6,2,0.2,199,10,0,0.3,15,3,-0.617794679672613,0.13
6,2,0.2,252,10,0,0.3,15,3,-0.49153959284925,0.13
6,2,0.2,300,10,0,0.3,15,3,-0.689544384124645,0.13
6,2,0.2,263,10,0,0.3,15,3,0.941474993305945,0.132
6,2,0.2,373,10,0,0.3,15,3,-0.708699630066889,0.132
6,2,0.2,35,10,0,0.3,15,3,-0.962556676439618,0.134
6,2,0.2,313,10,0,0.3,15,3,0.515335733267506,0.134
6,2,0.2,151,10,0,0.3,15,3,-0.393737630172865,0.136
6,2,0.2,187,10,0,0.3,15,3,-0.46688413795539,0.136
6,2,0.2,41,10,0,0.3,15,3,0.533526309638376,0.138
6,2,0.2,161,10,0,0.3,15,3,-0.99609128384725,0.138
6,2,0.2,236,10,0,0.3,15,3,-0.678061540838684,0.138
6,2,0.2,399,10,0,0.3,15,3,-0.818127260980873,0.138
6,2,0.2,370,10,0,0.3,15,3,0.750370730580045,0.14
6,2,0.2,436,10,0,0.3,15,3,-0.44978845206515,0.14
6,2,0.2,111,10,0,0.3,15,3,-0.634699067264364,0.142
6,2,0.2,397,10,0,0.3,15,3,0.356053110970919,0.142
6,2,0.2,406,10,0,0.3,15,3,-0.644783086898315,0.142
6,2,0.2,472,10,0,0.3,15,3,-0.657371465205813,0.142
6,2,0.2,33,10,0,0.3,15,3,-0.449791448117878,0.144
6,2,0.2,251,10,0,0.3,15,3,-0.893895901549882,0.144
6,2,0.2,20,10,0,0.3,15,3,0.538423159860258,0.146
6,2,0.2,84,10,0,0.3,15,3,0.714659904852454,0.146
6,2,0.2,108,10,0,0.3,15,3,0.698372645574352,0.146
6,2,0.2,286,10,0,0.3,15,3,0.721088953684131,0.146
6,2,0.2,120,10,0,0.3,15,3,0.803609465401422,0.148
6,2,0.2,270,10,0,0.3,15,3,0.741228172875594,0.148
6,2,0.2,382,10,0,0.3,15,3,-0.532760976964425,0.15
6,2,0.2,407,10,0,0.3,15,3,0.851387732644611,0.15
6,2,0.2,259,10,0,0.3,15,3,-0.625668035890243,0.152
6,2,0.2,232,10,0,0.3,15,3,-0.603456468799834,0.156
6,2,0.2,439,10,0,0.3,15,3,0.286814021502295,0.156
6,2,0.2,314,10,0,0.3,15,3,-0.675227974324031,0.158
6,2,0.2,67,10,0,0.3,15,3,0.720812827016459,0.16
6,2,0.2,227,10,0,0.3,15,3,0.434377382284339,0.16
6,2,0.2,268,10,0,0.3,15,3,-0.700699818880111,0.16
6,2,0.2,137,10,0,0.3,15,3,-0.636829842531483,0.162
6,2,0.2,401,10,0,0.3,15,3,-0.622191875979894,0.162
6,2,0.2,438,10,0,0.3,15,3,0.721910336351328,0.162
6,2,0.2,14,10,0,0.3,15,3,0.724123326207888,0.17
6,2,0.2,62,10,0,0.3,15,3,0.382010766606413,0.172
6,2,0.2,457,10,0,0.3,15,3,0.614180488704193,0.172
6,2,0.2,483,10,0,0.3,15,3,-0.802987159566072,0.172
6,2,0.2,17,10,0,0.3,15,3,-0.42589501414102,0.174
6,2,0.2,91,10,0,0.3,15,3,0.288423266060363,0.174
6,2,0.2,316,10,0,0.3,15,3,-0.839156036552225,0.176
6,2,0.2,267,10,0,0.3,15,3,0.611760658145386,0.178
6,2,0.2,269,10,0,0.3,15,3,0.742700345133727,0.178
6,2,0.2,364,10,0,0.3,15,3,0.679834507996361,0.178
6,2,0.2,29,10,0,0.3,15,3,-0.766820122448962,0.182
6,2,0.2,324,10,0,0.3,15,3,-0.359283281773429,0.184
6,2,0.2,500,10,0,0.3,15,3,-0.476051956751917,0.188
6,2,0.2,361,10,0,0.3,15,3,0.755201538226288,0.19
6,2,0.2,396,10,0,0.3,15,3,-0.388062389424192,0.19
6,2,0.2,200,10,0,0.3,15,3,-0.386577180941771,0.192
6,2,0.2,238,10,0,0.3,15,3,0.393552712610415,0.192
6,2,0.2,419,10,0,0.3,15,3,0.305926140642413,0.192
6,2,0.2,12,10,0,0.3,15,3,0.64233742412614,0.196
6,2,0.2,85,10,0,0.3,15,3,-0.593403010621728,0.196
6,2,0.2,310,10,0,0.3,15,3,-0.396924523132157,0.202
6,2,0.2,468,10,0,0.3,15,3,-0.734004730357128,0.202
6,2,0.2,487,10,0,0.3,15,3,0.592234493980413,0.206
6,2,0.2,212,10,0,0.3,15,3,-0.750337007481363,0.214
6,2,0.2,70,10,0,0.3,15,3,-1.02747365715223,0.216
6,2,0.2,101,10,0,0.3,15,3,-0.442023815071764,0.216
6,2,0.2,256,10,0,0.3,15,3,0.635737768477526,0.216
6,2,0.2,277,10,0,0.3,15,3,0.505319020724983,0.218
6,2,0.2,448,10,0,0.3,15,3,-0.537689149825923,0.218
6,2,0.2,271,10,0,0.3,15,3,-0.895260191293659,0.226
6,2,0.2,5,10,0,0.3,15,3,-0.578590846169703,0.228
6,2,0.2,366,10,0,0.3,15,3,0.384518998654499,0.23
6,2,0.2,416,10,0,0.3,15,3,0.701170350377481,0.23
6,2,0.2,106,10,0,0.3,15,3,-0.39969974559844,0.232
6,2,0.2,425,10,0,0.3,15,3,0.321876286834311,0.232
6,2,0.2,10,10,0,0.3,15,3,0.544933059041284,0.24
6,2,0.2,409,10,0,0.3,15,3,0.385605074719166,0.242
6,2,0.2,110,10,0,0.3,15,3,-0.611213444597752,0.244
6,2,0.2,328,10,0,0.3,15,3,0.368160707353411,0.244
6,2,0.2,79,10,0,0.3,15,3,0.514845133335513,0.246
6,2,0.2,266,10,0,0.3,15,3,-1.26019850228704,0.252
6,2,0.2,283,10,0,0.3,15,3,0.372657087740691,0.258
6,2,0.2,168,10,0,0.3,15,3,-0.716580220951954,0.268
6,2,0.2,4,10,0,0.3,15,3,-0.381262418001143,0.27
6,2,0.2,344,10,0,0.3,15,3,0.158210104260775,0.27
6,2,0.2,194,10,0,0.3,15,3,0.516691729950992,0.274
6,2,0.2,75,10,0,0.3,15,3,-0.536980104665787,0.276
6,2,0.2,470,10,0,0.3,15,3,0.569143232359437,0.278
6,2,0.2,93,10,0,0.3,15,3,0.341433311603396,0.28
6,2,0.2,363,10,0,0.3,15,3,-0.71833399102195,0.28
6,2,0.2,49,10,0,0.3,15,3,0.515112110127319,0.292
6,2,0.2,94,10,0,0.3,15,3,-0.327218227771937,0.296
6,2,0.2,39,10,0,0.3,15,3,0.620560157987228,0.298
6,2,0.2,455,10,0,0.3,15,3,0.937236048841953,0.3
6,2,0.2,9,10,0,0.3,15,3,0.260094028661882,0.302
6,2,0.2,71,10,0,0.3,15,3,0.290134494295103,0.302
6,2,0.2,122,10,0,0.3,15,3,-0.288186746752956,0.306
6,2,0.2,303,10,0,0.3,15,3,0.402082984683176,0.312
6,2,0.2,332,10,0,0.3,15,3,0.428941144583632,0.316
6,2,0.2,377,10,0,0.3,15,3,-0.438729878803855,0.322
6,2,0.2,207,10,0,0.3,15,3,-0.839236089433484,0.326
6,2,0.2,233,10,0,0.3,15,3,0.25881516216387,0.326
6,2,0.2,104,10,0,0.3,15,3,-0.356128240446509,0.334
6,2,0.2,149,10,0,0.3,15,3,0.271713773903627,0.336
6,2,0.2,304,10,0,0.3,15,3,-0.269977003303126,0.338
6,2,0.2,461,10,0,0.3,15,3,0.574699484132367,0.338
6,2,0.2,147,10,0,0.3,15,3,0.355536538446586,0.342
6,2,0.2,109,10,0,0.3,15,3,-0.28817693910085,0.344
6,2,0.2,408,10,0,0.3,15,3,-0.375426201860051,0.346
6,2,0.2,22,10,0,0.3,15,3,-0.425164046634563,0.348
6,2,0.2,384,10,0,0.3,15,3,-0.505127479530245,0.35
6,2,0.2,63,10,0,0.3,15,3,0.352394640437211,0.352
6,2,0.2,490,10,0,0.3,15,3,0.534014008344656,0.354
6,2,0.2,95,10,0,0.3,15,3,0.286129991737681,0.356
6,2,0.2,219,10,0,0.3,15,3,0.525649117384773,0.356
6,2,0.2,295,10,0,0.3,15,3,-0.44356165149361,0.362
6,2,0.2,337,10,0,0.3,15,3,0.359034251005738,0.37
6,2,0.2,249,10,0,0.3,15,3,0.243886760427444,0.372
6,2,0.2,136,10,0,0.3,15,3,0.570390655153119,0.374
6,2,0.2,216,10,0,0.3,15,3,-0.329193894823959,0.374
6,2,0.2,208,10,0,0.3,15,3,-0.756294852819138,0.376
6,2,0.2,211,10,0,0.3,15,3,0.573809894630017,0.382
6,2,0.2,235,10,0,0.3,15,3,0.420079864502128,0.386
6,2,0.2,456,10,0,0.3,15,3,0.592326625395486,0.39
6,2,0.2,206,10,0,0.3,15,3,-0.35227105768044,0.392
6,2,0.2,169,10,0,0.3,15,3,-0.176055572350037,0.394
6,2,0.2,441,10,0,0.3,15,3,0.402504760214896,0.394
6,2,0.2,306,10,0,0.3,15,3,0.298827892086535,0.396
6,2,0.2,220,10,0,0.3,15,3,0.717450488821243,0.402
6,2,0.2,393,10,0,0.3,15,3,-0.243215146183559,0.412
6,2,0.2,450,10,0,0.3,15,3,-0.299793696301862,0.412
6,2,0.2,224,10,0,0.3,15,3,0.194632718756452,0.42
6,2,0.2,471,10,0,0.3,15,3,-0.298755999227325,0.42
6,2,0.2,379,10,0,0.3,15,3,-0.593919532172123,0.424
6,2,0.2,272,10,0,0.3,15,3,-0.292837184837822,0.426
6,2,0.2,405,10,0,0.3,15,3,-0.39938421331135,0.426
6,2,0.2,431,10,0,0.3,15,3,-0.5896075230512,0.426
6,2,0.2,190,10,0,0.3,15,3,0.459044668371376,0.428
6,2,0.2,342,10,0,0.3,15,3,-0.311072745977441,0.428
6,2,0.2,329,10,0,0.3,15,3,-0.295612664136002,0.43
6,2,0.2,174,10,0,0.3,15,3,0.317139917042738,0.442
6,2,0.2,175,10,0,0.3,15,3,-0.192923567715297,0.442
6,2,0.2,188,10,0,0.3,15,3,-0.420806214782971,0.448
6,2,0.2,131,10,0,0.3,15,3,0.373513299403527,0.45
6,2,0.2,196,10,0,0.3,15,3,0.34880379372288,0.45
6,2,0.2,452,10,0,0.3,15,3,-0.488645421117042,0.45
6,2,0.2,40,10,0,0.3,15,3,-0.901104910532581,0.456
6,2,0.2,218,10,0,0.3,15,3,-0.221826743213569,0.462
6,2,0.2,353,10,0,0.3,15,3,-0.570652538056038,0.464
6,2,0.2,369,10,0,0.3,15,3,-0.296055890454397,0.464
6,2,0.2,66,10,0,0.3,15,3,-0.412288972438688,0.466
6,2,0.2,478,10,0,0.3,15,3,-0.440308259920812,0.47
6,2,0.2,11,10,0,0.3,15,3,0.283923930400988,0.472
6,2,0.2,97,10,0,0.3,15,3,0.37077308957663,0.472
6,2,0.2,481,10,0,0.3,15,3,0.8046116077102,0.474
6,2,0.2,134,10,0,0.3,15,3,-0.452753735653886,0.476
6,2,0.2,246,10,0,0.3,15,3,-0.445289314582823,0.476
6,2,0.2,320,10,0,0.3,15,3,0.293903414591028,0.48
6,2,0.2,367,10,0,0.3,15,3,0.659115193247288,0.484
6,2,0.2,264,10,0,0.3,15,3,-0.445499521033554,0.486
6,2,0.2,78,10,0,0.3,15,3,0.226404982907923,0.488
6,2,0.2,182,10,0,0.3,15,3,0.371778576375334,0.488
6,2,0.2,292,10,0,0.3,15,3,-0.284801786084785,0.49
6,2,0.2,474,10,0,0.3,15,3,-0.267121987840937,0.49
6,2,0.2,13,10,0,0.3,15,3,0.346828278158938,0.492
6,2,0.2,278,10,0,0.3,15,3,-0.179266369736382,0.494
6,2,0.2,418,10,0,0.3,15,3,0.476003727083338,0.494
6,2,0.2,497,10,0,0.3,15,3,0.32382739726026,0.494
6,2,0.2,243,10,0,0.3,15,3,0.247345759427049,0.498
6,2,0.2,173,10,0,0.3,15,3,-0.520687956223725,0.506
6,2,0.2,338,10,0,0.3,15,3,-0.231378025962073,0.506
6,2,0.2,378,10,0,0.3,15,3,0.147313798059741,0.506
6,2,0.2,356,10,0,0.3,15,3,-0.220607035837787,0.508
6,2,0.2,443,10,0,0.3,15,3,0.16795766493982,0.508
6,2,0.2,90,10,0,0.3,15,3,-0.339633698905999,0.514
6,2,0.2,105,10,0,0.3,15,3,-1.05308910250488,0.514
6,2,0.2,287,10,0,0.3,15,3,-0.817473674125893,0.516
6,2,0.2,355,10,0,0.3,15,3,0.440342825202606,0.52
6,2,0.2,333,10,0,0.3,15,3,-0.321113110491467,0.524
6,2,0.2,301,10,0,0.3,15,3,-0.389634112950318,0.528
6,2,0.2,215,10,0,0.3,15,3,-0.492345782120708,0.532
6,2,0.2,368,10,0,0.3,15,3,0.59861036506561,0.532
6,2,0.2,99,10,0,0.3,15,3,-0.27758051055244,0.534
6,2,0.2,331,10,0,0.3,15,3,0.478578059456396,0.536
6,2,0.2,210,10,0,0.3,15,3,-0.502423148554385,0.54
6,2,0.2,164,10,0,0.3,15,3,0.146414249806867,0.542
6,2,0.2,434,10,0,0.3,15,3,-0.979461611677749,0.554
6,2,0.2,321,10,0,0.3,15,3,-0.259456523949979,0.556
6,2,0.2,422,10,0,0.3,15,3,0.23421585467463,0.56
6,2,0.2,280,10,0,0.3,15,3,0.245085939229057,0.564
6,2,0.2,290,10,0,0.3,15,3,0.261821797491734,0.564
6,2,0.2,185,10,0,0.3,15,3,0.883714073655227,0.572
6,2,0.2,226,10,0,0.3,15,3,0.610647051203443,0.572
6,2,0.2,309,10,0,0.3,15,3,0.116314920257423,0.576
6,2,0.2,150,10,0,0.3,15,3,-0.297032686196985,0.578
6,2,0.2,191,10,0,0.3,15,3,0.19024221022687,0.578
6,2,0.2,170,10,0,0.3,15,3,0.426794850755613,0.58
6,2,0.2,60,10,0,0.3,15,3,-0.295825349098664,0.584
6,2,0.2,167,10,0,0.3,15,3,-0.144661925014134,0.584
6,2,0.2,499,10,0,0.3,15,3,-0.214601665879371,0.584
6,2,0.2,166,10,0,0.3,15,3,0.346206761268348,0.588
6,2,0.2,237,10,0,0.3,15,3,0.220487461174088,0.592
6,2,0.2,209,10,0,0.3,15,3,0.282357981275538,0.594
6,2,0.2,413,10,0,0.3,15,3,0.0773795064151273,0.598
6,2,0.2,124,10,0,0.3,15,3,-0.234359398872101,0.6
6,2,0.2,359,10,0,0.3,15,3,-0.249276700445421,0.602
6,2,0.2,65,10,0,0.3,15,3,-0.26030296801062,0.604
6,2,0.2,162,10,0,0.3,15,3,0.587031223109193,0.604
6,2,0.2,186,10,0,0.3,15,3,-0.331134683413353,0.606
6,2,0.2,491,10,0,0.3,15,3,-0.580797513369106,0.61
6,2,0.2,59,10,0,0.3,15,3,-0.260896747432213,0.612
6,2,0.2,371,10,0,0.3,15,3,-0.583364541986839,0.612
6,2,0.2,383,10,0,0.3,15,3,-0.637941819262068,0.612
6,2,0.2,152,10,0,0.3,15,3,-0.140310721395622,0.614
6,2,0.2,476,10,0,0.3,15,3,-0.227971772511154,0.616
6,2,0.2,449,10,0,0.3,15,3,0.195282510211911,0.624
6,2,0.2,467,10,0,0.3,15,3,-0.323640208861292,0.624
6,2,0.2,340,10,0,0.3,15,3,0.528211598871508,0.626
6,2,0.2,177,10,0,0.3,15,3,0.270368935663214,0.628
6,2,0.2,298,10,0,0.3,15,3,0.302054906040155,0.628
6,2,0.2,21,10,0,0.3,15,3,-0.407541043145557,0.636
6,2,0.2,44,10,0,0.3,15,3,-0.324924476679541,0.636
6,2,0.2,255,10,0,0.3,15,3,-0.332367342189372,0.636
6,2,0.2,424,10,0,0.3,15,3,0.16347985607959,0.636
6,2,0.2,176,10,0,0.3,15,3,-0.181199141267143,0.638
6,2,0.2,172,10,0,0.3,15,3,0.48213646262991,0.64
6,2,0.2,498,10,0,0.3,15,3,-0.399665575534357,0.646
6,2,0.2,311,10,0,0.3,15,3,0.191646861570007,0.648
6,2,0.2,339,10,0,0.3,15,3,0.238884372451054,0.648
6,2,0.2,395,10,0,0.3,15,3,-0.144974793229181,0.648
6,2,0.2,100,10,0,0.3,15,3,0.368941027291754,0.652
6,2,0.2,404,10,0,0.3,15,3,0.52247657406545,0.652
6,2,0.2,179,10,0,0.3,15,3,0.270341825139866,0.654
6,2,0.2,288,10,0,0.3,15,3,-0.190685362487898,0.656
6,2,0.2,354,10,0,0.3,15,3,0.552090256023575,0.656
6,2,0.2,492,10,0,0.3,15,3,-0.298536541929479,0.658
6,2,0.2,87,10,0,0.3,15,3,-0.0945264465795788,0.66
6,2,0.2,318,10,0,0.3,15,3,0.447100878698222,0.66
6,2,0.2,31,10,0,0.3,15,3,0.131948848789278,0.662
6,2,0.2,121,10,0,0.3,15,3,-0.350918368433355,0.666
6,2,0.2,420,10,0,0.3,15,3,0.25628550051087,0.666
6,2,0.2,89,10,0,0.3,15,3,0.312702887169166,0.668
6,2,0.2,442,10,0,0.3,15,3,0.210024916787944,0.668
6,2,0.2,349,10,0,0.3,15,3,-0.403456801667403,0.672
6,2,0.2,440,10,0,0.3,15,3,-0.481188233585016,0.674
6,2,0.2,402,10,0,0.3,15,3,-0.133861448429002,0.676
6,2,0.2,444,10,0,0.3,15,3,0.208697798345071,0.676
6,2,0.2,477,10,0,0.3,15,3,0.205115398834465,0.676
6,2,0.2,479,10,0,0.3,15,3,-0.345260197381066,0.676
6,2,0.2,315,10,0,0.3,15,3,-0.469838580695807,0.678
6,2,0.2,458,10,0,0.3,15,3,-0.121423306565191,0.678
6,2,0.2,205,10,0,0.3,15,3,0.0976139984446718,0.682
6,2,0.2,294,10,0,0.3,15,3,0.114444116765924,0.682
6,2,0.2,234,10,0,0.3,15,3,-0.154532054041596,0.684
6,2,0.2,454,10,0,0.3,15,3,0.140395390644443,0.684
6,2,0.2,52,10,0,0.3,15,3,0.487036954638427,0.688
6,2,0.2,195,10,0,0.3,15,3,-0.223687390118243,0.688
6,2,0.2,98,10,0,0.3,15,3,-0.23524116795366,0.69
6,2,0.2,159,10,0,0.3,15,3,-0.421045946973607,0.69
6,2,0.2,293,10,0,0.3,15,3,-0.443756081499373,0.69
6,2,0.2,348,10,0,0.3,15,3,0.224990422132919,0.692
6,2,0.2,308,10,0,0.3,15,3,-0.27608144092099,0.694
6,2,0.2,381,10,0,0.3,15,3,-0.239529808974055,0.694
6,2,0.2,254,10,0,0.3,15,3,0.125206756794995,0.698
6,2,0.2,43,10,0,0.3,15,3,0.134313348755427,0.7
6,2,0.2,96,10,0,0.3,15,3,-0.404051144454854,0.7
6,2,0.2,160,10,0,0.3,15,3,-0.246884316348854,0.7
6,2,0.2,26,10,0,0.3,15,3,-0.185925825508178,0.702
6,2,0.2,156,10,0,0.3,15,3,0.39089962755574,0.702
6,2,0.2,244,10,0,0.3,15,3,-0.2107392368153,0.702
6,2,0.2,2,10,0,0.3,15,3,-0.165370401991225,0.708
6,2,0.2,390,10,0,0.3,15,3,0.126810218014896,0.708
6,2,0.2,107,10,0,0.3,15,3,0.365218110093792,0.71
6,2,0.2,335,10,0,0.3,15,3,-0.13751553869912,0.714
6,2,0.2,400,10,0,0.3,15,3,-0.230743328338377,0.714
6,2,0.2,86,10,0,0.3,15,3,0.196961957162188,0.716
6,2,0.2,459,10,0,0.3,15,3,-0.106068419296406,0.716
6,2,0.2,494,10,0,0.3,15,3,0.224299729462274,0.72
6,2,0.2,42,10,0,0.3,15,3,-0.178614635421866,0.722
6,2,0.2,330,10,0,0.3,15,3,0.182161433029961,0.722
6,2,0.2,375,10,0,0.3,15,3,-0.268805206663302,0.722
6,2,0.2,411,10,0,0.3,15,3,-0.20071500174771,0.722
6,2,0.2,465,10,0,0.3,15,3,-0.275565624779119,0.722
6,2,0.2,201,10,0,0.3,15,3,0.272018945215819,0.724
6,2,0.2,113,10,0,0.3,15,3,-0.1349646291944,0.726
6,2,0.2,319,10,0,0.3,15,3,-0.122727913125345,0.726
6,2,0.2,341,10,0,0.3,15,3,0.256220561943735,0.726
6,2,0.2,415,10,0,0.3,15,3,0.113686814396857,0.726
6,2,0.2,1,10,0,0.3,15,3,-0.305643744216155,0.73
6,2,0.2,3,10,0,0.3,15,3,-0.196158568869663,0.73
6,2,0.2,421,10,0,0.3,15,3,-0.139917635829534,0.732
6,2,0.2,73,10,0,0.3,15,3,0.0986456467616676,0.734
6,2,0.2,352,10,0,0.3,15,3,-0.161064047964032,0.734
6,2,0.2,365,10,0,0.3,15,3,-0.239865445577152,0.734
6,2,0.2,37,10,0,0.3,15,3,0.132727761699272,0.736
6,2,0.2,61,10,0,0.3,15,3,0.23745779049986,0.736
6,2,0.2,178,10,0,0.3,15,3,-0.176866754548996,0.736
6,2,0.2,362,10,0,0.3,15,3,0.143266065512591,0.74
6,2,0.2,23,10,0,0.3,15,3,-0.192949592360975,0.742
6,2,0.2,192,10,0,0.3,15,3,-0.232400268752116,0.742
6,2,0.2,242,10,0,0.3,15,3,0.208172586630326,0.748
6,2,0.2,495,10,0,0.3,15,3,-0.0945497274826437,0.748
6,2,0.2,81,10,0,0.3,15,3,0.173814675166909,0.75
6,2,0.2,28,10,0,0.3,15,3,-0.170018017712067,0.754
6,2,0.2,171,10,0,0.3,15,3,0.154697498516668,0.754
6,2,0.2,345,10,0,0.3,15,3,-0.165817078306731,0.754
6,2,0.2,144,10,0,0.3,15,3,0.087896889185771,0.756
6,2,0.2,326,10,0,0.3,15,3,-0.202312538767586,0.756
6,2,0.2,428,10,0,0.3,15,3,0.131557218321888,0.76
6,2,0.2,30,10,0,0.3,15,3,0.122379384451904,0.762
6,2,0.2,281,10,0,0.3,15,3,0.082526591426614,0.762
6,2,0.2,327,10,0,0.3,15,3,0.157055397942656,0.764
6,2,0.2,394,10,0,0.3,15,3,-0.125372163251768,0.766
6,2,0.2,74,10,0,0.3,15,3,0.22425072012544,0.774
6,2,0.2,127,10,0,0.3,15,3,0.167069150204668,0.782
6,2,0.2,202,10,0,0.3,15,3,0.137391235043708,0.784
6,2,0.2,204,10,0,0.3,15,3,0.170702663319901,0.786
6,2,0.2,496,10,0,0.3,15,3,-0.121741626910847,0.792
6,2,0.2,148,10,0,0.3,15,3,0.11119318254697,0.794
6,2,0.2,347,10,0,0.3,15,3,0.138025701120654,0.798
6,2,0.2,462,10,0,0.3,15,3,-0.176143479207695,0.798
6,2,0.2,323,10,0,0.3,15,3,-0.137035100288017,0.8
6,2,0.2,376,10,0,0.3,15,3,0.0560456230413422,0.802
6,2,0.2,447,10,0,0.3,15,3,0.0647086613871295,0.802
6,2,0.2,116,10,0,0.3,15,3,0.125553047042359,0.808
6,2,0.2,222,10,0,0.3,15,3,0.0710276902502471,0.808
6,2,0.2,261,10,0,0.3,15,3,0.0769108154039202,0.812
6,2,0.2,114,10,0,0.3,15,3,-0.0570427181733066,0.814
6,2,0.2,130,10,0,0.3,15,3,0.0780289342081062,0.814
6,2,0.2,141,10,0,0.3,15,3,-0.0780781652965175,0.816
6,2,0.2,446,10,0,0.3,15,3,0.152440114973388,0.82
6,2,0.2,307,10,0,0.3,15,3,-0.103906425859066,0.822
6,2,0.2,184,10,0,0.3,15,3,-0.094621308550785,0.824
6,2,0.2,118,10,0,0.3,15,3,-0.11597314511701,0.826
6,2,0.2,214,10,0,0.3,15,3,-0.130633983419671,0.826
6,2,0.2,485,10,0,0.3,15,3,-0.0712990630607067,0.828
6,2,0.2,387,10,0,0.3,15,3,-0.12453814710409,0.83
6,2,0.2,253,10,0,0.3,15,3,-0.0945775750884081,0.834
6,2,0.2,68,10,0,0.3,15,3,-0.104085364956404,0.84
6,2,0.2,54,10,0,0.3,15,3,0.142218602251603,0.842
6,2,0.2,410,10,0,0.3,15,3,-0.0549217465587617,0.842
6,2,0.2,76,10,0,0.3,15,3,0.179320536448387,0.846
6,2,0.2,34,10,0,0.3,15,3,0.0879014781878311,0.848
6,2,0.2,139,10,0,0.3,15,3,0.0254070205417918,0.848
6,2,0.2,274,10,0,0.3,15,3,-0.0531918096460799,0.848
6,2,0.2,140,10,0,0.3,15,3,-0.0745753932081641,0.85
6,2,0.2,80,10,0,0.3,15,3,0.0754797262145246,0.852
6,2,0.2,262,10,0,0.3,15,3,0.133741729856666,0.858
6,2,0.2,488,10,0,0.3,15,3,0.0902294349772887,0.86
6,2,0.2,385,10,0,0.3,15,3,0.0543943217187746,0.862
6,2,0.2,432,10,0,0.3,15,3,-0.105501453892174,0.866
6,2,0.2,445,10,0,0.3,15,3,0.0735406415414275,0.868
6,2,0.2,32,10,0,0.3,15,3,-0.0545425999203246,0.872
6,2,0.2,145,10,0,0.3,15,3,-0.0304993619309357,0.876
6,2,0.2,247,10,0,0.3,15,3,0.0328343571183325,0.876
6,2,0.2,239,10,0,0.3,15,3,-0.0597084499475216,0.878
6,2,0.2,357,10,0,0.3,15,3,0.0571325759129593,0.878
6,2,0.2,119,10,0,0.3,15,3,-0.0740821131991254,0.88
6,2,0.2,276,10,0,0.3,15,3,0.123380060425632,0.884
6,2,0.2,217,10,0,0.3,15,3,-0.0585601463421881,0.886
6,2,0.2,273,10,0,0.3,15,3,-0.0654105541572392,0.886
6,2,0.2,486,10,0,0.3,15,3,0.0813640420304864,0.886
6,2,0.2,284,10,0,0.3,15,3,-0.0634299289385751,0.894
6,2,0.2,423,10,0,0.3,15,3,0.101006172410138,0.896
6,2,0.2,414,10,0,0.3,15,3,-0.0876389144503946,0.898
6,2,0.2,8,10,0,0.3,15,3,0.0485315317707204,0.904
6,2,0.2,36,10,0,0.3,15,3,-0.0334570392802789,0.904
6,2,0.2,482,10,0,0.3,15,3,0.0852865331893895,0.906
6,2,0.2,125,10,0,0.3,15,3,-0.0711576239063447,0.908
6,2,0.2,51,10,0,0.3,15,3,0.0419799250512085,0.912
6,2,0.2,336,10,0,0.3,15,3,0.0336660871561776,0.912
6,2,0.2,480,10,0,0.3,15,3,-0.0390298722947193,0.912
6,2,0.2,72,10,0,0.3,15,3,-0.0318067430858378,0.916
6,2,0.2,64,10,0,0.3,15,3,0.0443886620748799,0.918
6,2,0.2,115,10,0,0.3,15,3,0.0605507687356237,0.922
6,2,0.2,24,10,0,0.3,15,3,-0.0373150112690723,0.926
6,2,0.2,77,10,0,0.3,15,3,0.0337933703817441,0.926
6,2,0.2,56,10,0,0.3,15,3,0.0688501067681671,0.928
6,2,0.2,403,10,0,0.3,15,3,0.033295530228088,0.93
6,2,0.2,241,10,0,0.3,15,3,-0.0285236006994296,0.934
6,2,0.2,289,10,0,0.3,15,3,-0.0193222204006531,0.936
6,2,0.2,102,10,0,0.3,15,3,-0.0352934914895116,0.938
6,2,0.2,426,10,0,0.3,15,3,0.0251558428035707,0.938
6,2,0.2,7,10,0,0.3,15,3,-0.0252156763344544,0.942
6,2,0.2,231,10,0,0.3,15,3,-0.0309063823375766,0.946
6,2,0.2,250,10,0,0.3,15,3,-0.0508118996117162,0.946
6,2,0.2,27,10,0,0.3,15,3,-0.0517045740829758,0.952
6,2,0.2,83,10,0,0.3,15,3,0.0160614007662332,0.952
6,2,0.2,285,10,0,0.3,15,3,0.0352706529732529,0.952
6,2,0.2,460,10,0,0.3,15,3,0.0181159304436846,0.954
6,2,0.2,181,10,0,0.3,15,3,-0.0170884855875215,0.956
6,2,0.2,398,10,0,0.3,15,3,0.0363594196581118,0.956
6,2,0.2,437,10,0,0.3,15,3,0.0389483357958227,0.958
6,2,0.2,138,10,0,0.3,15,3,-0.0187973346771173,0.962
6,2,0.2,15,10,0,0.3,15,3,-0.013074134275513,0.964
6,2,0.2,126,10,0,0.3,15,3,0.027775536798714,0.966
6,2,0.2,189,10,0,0.3,15,3,0.0164532199754319,0.97
6,2,0.2,157,10,0,0.3,15,3,0.00750206550208077,0.974
6,2,0.2,350,10,0,0.3,15,3,-0.00797839395167443,0.978
6,2,0.2,312,10,0,0.3,15,3,-0.0092671793841248,0.986
6,2,0.2,193,10,0,0.3,15,3,-0.00238974605682074,0.992
6,2,0.2,203,10,0,0.3,15,3,-0.00581604182625028,0.992
6,2,0.2,334,10,0,0.3,15,3,-0.00716979661527262,0.992
6,2,0.2,430,10,0,0.3,15,3,-0.00224478663352556,0.996
6,2,0.2,197,10,0,0.3,15,3,0.00327192393055498,1
6,2,0.2,163,10,0.3,0.3,6,3,-4.21035626407425,0
6,2,0.2,206,10,0.3,0.3,6,3,-3.28133271307479,0
6,2,0.2,328,10,0.3,0.3,6,3,-4.3175117127893,0
6,2,0.2,340,10,0.3,0.3,6,3,-4.10766889613342,0
6,2,0.2,360,10,0.3,0.3,6,3,-4.21410226173106,0
6,2,0.2,410,10,0.3,0.3,6,3,-3.66330272055933,0
6,2,0.2,412,10,0.3,0.3,6,3,-3.55322154701423,0
6,2,0.2,483,10,0.3,0.3,6,3,-2.91395740953971,0
6,2,0.2,157,10,0.3,0.3,6,3,-3.73128922800996,0.002
6,2,0.2,173,10,0.3,0.3,6,3,-4.03581964933949,0.002
6,2,0.2,194,10,0.3,0.3,6,3,-3.78979385467321,0.002
6,2,0.2,231,10,0.3,0.3,6,3,-3.13684090638759,0.002
6,2,0.2,276,10,0.3,0.3,6,3,-3.50237671193773,0.002
6,2,0.2,346,10,0.3,0.3,6,3,-3.9596135115975,0.002
6,2,0.2,392,10,0.3,0.3,6,3,-2.31715462997352,0.002
6,2,0.2,441,10,0.3,0.3,6,3,-2.53847100320274,0.002
6,2,0.2,453,10,0.3,0.3,6,3,-3.51599386338418,0.002
6,2,0.2,457,10,0.3,0.3,6,3,-3.89746932779286,0.002
6,2,0.2,462,10,0.3,0.3,6,3,-4.20957265202051,0.002
6,2,0.2,488,10,0.3,0.3,6,3,-3.1299994103766,0.002
6,2,0.2,90,10,0.3,0.3,6,3,-2.71358020327921,0.004
6,2,0.2,96,10,0.3,0.3,6,3,-4.32830760414967,0.004
6,2,0.2,161,10,0.3,0.3,6,3,-4.44962916901457,0.004
6,2,0.2,192,10,0.3,0.3,6,3,-4.07940793806875,0.004
6,2,0.2,202,10,0.3,0.3,6,3,-3.11116468283623,0.004
6,2,0.2,319,10,0.3,0.3,6,3,-4.7458016993051,0.004
6,2,0.2,397,10,0.3,0.3,6,3,-3.84372571008461,0.004
6,2,0.2,408,10,0.3,0.3,6,3,-3.94813332285926,0.004
6,2,0.2,473,10,0.3,0.3,6,3,-3.80584237542669,0.004
6,2,0.2,486,10,0.3,0.3,6,3,-5.28982092829216,0.004
6,2,0.2,17,10,0.3,0.3,6,3,-3.08947514357612,0.006
6,2,0.2,122,10,0.3,0.3,6,3,-3.99145482509954,0.006
6,2,0.2,143,10,0.3,0.3,6,3,-3.67369234370793,0.006
6,2,0.2,195,10,0.3,0.3,6,3,-3.34736772164339,0.006
6,2,0.2,230,10,0.3,0.3,6,3,-3.16651886955796,0.006
6,2,0.2,254,10,0.3,0.3,6,3,-3.56962773583442,0.006
6,2,0.2,260,10,0.3,0.3,6,3,-4.74698184529933,0.006
6,2,0.2,280,10,0.3,0.3,6,3,-3.18157075423116,0.006
6,2,0.2,287,10,0.3,0.3,6,3,-2.24243547430245,0.006
6,2,0.2,364,10,0.3,0.3,6,3,-2.27765127795448,0.006
6,2,0.2,368,10,0.3,0.3,6,3,-3.89657008834908,0.006
6,2,0.2,411,10,0.3,0.3,6,3,-2.69501469904947,0.006
6,2,0.2,436,10,0.3,0.3,6,3,-4.11734995428881,0.006
6,2,0.2,442,10,0.3,0.3,6,3,-4.998777445071,0.006
6,2,0.2,493,10,0.3,0.3,6,3,-3.87534781771546,0.006
6,2,0.2,46,10,0.3,0.3,6,3,-2.99726811302085,0.008
6,2,0.2,100,10,0.3,0.3,6,3,-3.40405229840431,0.008
6,2,0.2,125,10,0.3,0.3,6,3,-3.07978628436518,0.008
6,2,0.2,132,10,0.3,0.3,6,3,-2.78689464437045,0.008
6,2,0.2,205,10,0.3,0.3,6,3,-3.46016349536197,0.008
6,2,0.2,222,10,0.3,0.3,6,3,-3.97203147215748,0.008
6,2,0.2,252,10,0.3,0.3,6,3,-3.26460943408114,0.008
6,2,0.2,326,10,0.3,0.3,6,3,-3.11773546574108,0.008
6,2,0.2,374,10,0.3,0.3,6,3,-3.54916580934679,0.008
6,2,0.2,390,10,0.3,0.3,6,3,-2.72123554898755,0.008
6,2,0.2,403,10,0.3,0.3,6,3,-2.93133465868121,0.008
6,2,0.2,474,10,0.3,0.3,6,3,-3.10123201568854,0.008
6,2,0.2,8,10,0.3,0.3,6,3,-3.57861373827856,0.01
6,2,0.2,30,10,0.3,0.3,6,3,-3.33654570753112,0.01
6,2,0.2,35,10,0.3,0.3,6,3,-2.84929324126358,0.01
6,2,0.2,37,10,0.3,0.3,6,3,-3.5057958166087,0.01
6,2,0.2,62,10,0.3,0.3,6,3,-2.80418331337242,0.01
6,2,0.2,66,10,0.3,0.3,6,3,-3.39494858005051,0.01
6,2,0.2,129,10,0.3,0.3,6,3,-4.46541090646278,0.01
6,2,0.2,190,10,0.3,0.3,6,3,-4.53746750240657,0.01
6,2,0.2,233,10,0.3,0.3,6,3,-3.30091102650317,0.01
6,2,0.2,286,10,0.3,0.3,6,3,-3.46994267178368,0.01
6,2,0.2,317,10,0.3,0.3,6,3,-3.96908297941462,0.01
6,2,0.2,350,10,0.3,0.3,6,3,-3.19262425413126,0.01
6,2,0.2,356,10,0.3,0.3,6,3,-3.08841701615256,0.01
6,2,0.2,385,10,0.3,0.3,6,3,-3.74826425458988,0.01
6,2,0.2,406,10,0.3,0.3,6,3,-3.48911151680966,0.01
6,2,0.2,27,10,0.3,0.3,6,3,-4.37364518901407,0.012
6,2,0.2,41,10,0.3,0.3,6,3,-4.69617215494236,0.012
6,2,0.2,60,10,0.3,0.3,6,3,-3.73168877027308,0.012
6,2,0.2,108,10,0.3,0.3,6,3,-2.44680478348096,0.012
6,2,0.2,147,10,0.3,0.3,6,3,-4.55884113192081,0.012
6,2,0.2,153,10,0.3,0.3,6,3,-3.14707865886592,0.012
6,2,0.2,172,10,0.3,0.3,6,3,-3.29343456026595,0.012
6,2,0.2,285,10,0.3,0.3,6,3,-3.05647933401829,0.012
6,2,0.2,351,10,0.3,0.3,6,3,-2.68120339922223,0.012
6,2,0.2,363,10,0.3,0.3,6,3,-3.69098513239112,0.012
6,2,0.2,433,10,0.3,0.3,6,3,-2.93801667709621,0.012
6,2,0.2,492,10,0.3,0.3,6,3,-4.71080273092147,0.012
6,2,0.2,494,10,0.3,0.3,6,3,-3.5087999923648,0.012
6,2,0.2,28,10,0.3,0.3,6,3,-3.44836684835965,0.014
6,2,0.2,148,10,0.3,0.3,6,3,-3.20100707714167,0.014
6,2,0.2,156,10,0.3,0.3,6,3,-3.23843918777189,0.014
6,2,0.2,158,10,0.3,0.3,6,3,-3.16693124296256,0.014
6,2,0.2,201,10,0.3,0.3,6,3,-3.71811119710327,0.014
6,2,0.2,220,10,0.3,0.3,6,3,-2.78178618272364,0.014
6,2,0.2,256,10,0.3,0.3,6,3,-2.62850822115803,0.014
6,2,0.2,290,10,0.3,0.3,6,3,-3.55900414162602,0.014
6,2,0.2,312,10,0.3,0.3,6,3,-4.96485543241749,0.014
6,2,0.2,380,10,0.3,0.3,6,3,-4.51776076265645,0.014
6,2,0.2,416,10,0.3,0.3,6,3,-3.87099945446613,0.014
6,2,0.2,418,10,0.3,0.3,6,3,-3.24410494748921,0.014
6,2,0.2,463,10,0.3,0.3,6,3,-3.81502695848363,0.014
6,2,0.2,475,10,0.3,0.3,6,3,-4.19287484085902,0.014
6,2,0.2,34,10,0.3,0.3,6,3,-3.11210552368834,0.016
6,2,0.2,51,10,0.3,0.3,6,3,-3.48167040901276,0.016
6,2,0.2,118,10,0.3,0.3,6,3,-4.12279597402781,0.016
6,2,0.2,136,10,0.3,0.3,6,3,-2.7505565977593,0.016
6,2,0.2,164,10,0.3,0.3,6,3,-3.2941986282917,0.016
6,2,0.2,237,10,0.3,0.3,6,3,-3.40345177252715,0.016
6,2,0.2,241,10,0.3,0.3,6,3,-5.06302190669442,0.016
6,2,0.2,246,10,0.3,0.3,6,3,-2.33325364276024,0.016
6,2,0.2,284,10,0.3,0.3,6,3,-2.23143826587412,0.016
6,2,0.2,288,10,0.3,0.3,6,3,-3.52421460171843,0.016
6,2,0.2,302,10,0.3,0.3,6,3,-3.19588185579153,0.016
6,2,0.2,379,10,0.3,0.3,6,3,-2.89124464111566,0.016
6,2,0.2,402,10,0.3,0.3,6,3,-2.25786885687035,0.016
6,2,0.2,409,10,0.3,0.3,6,3,-2.37858955629463,0.016
6,2,0.2,498,10,0.3,0.3,6,3,-3.55391983881273,0.016
6,2,0.2,36,10,0.3,0.3,6,3,-2.62619113758916,0.018
6,2,0.2,57,10,0.3,0.3,6,3,-4.00333808468781,0.018
6,2,0.2,59,10,0.3,0.3,6,3,-2.39658074145393,0.018
6,2,0.2,87,10,0.3,0.3,6,3,-2.43129043499096,0.018
6,2,0.2,133,10,0.3,0.3,6,3,-4.95940573362859,0.018
6,2,0.2,144,10,0.3,0.3,6,3,-3.48044540611545,0.018
6,2,0.2,145,10,0.3,0.3,6,3,-3.36193574730228,0.018
6,2,0.2,187,10,0.3,0.3,6,3,-4.1239793485521,0.018
6,2,0.2,191,10,0.3,0.3,6,3,-2.68065520846866,0.018
6,2,0.2,221,10,0.3,0.3,6,3,-2.87094278822329,0.018
6,2,0.2,308,10,0.3,0.3,6,3,-4.11928477419491,0.018
6,2,0.2,324,10,0.3,0.3,6,3,-3.01324595634352,0.018
6,2,0.2,325,10,0.3,0.3,6,3,-4.88553167941359,0.018
6,2,0.2,387,10,0.3,0.3,6,3,-3.00381710299698,0.018
6,2,0.2,482,10,0.3,0.3,6,3,-3.69264483200206,0.018
6,2,0.2,2,10,0.3,0.3,6,3,-3.62662542236129,0.02
6,2,0.2,75,10,0.3,0.3,6,3,-4.4455444032514,0.02
6,2,0.2,92,10,0.3,0.3,6,3,-2.60480850130079,0.02
6,2,0.2,97,10,0.3,0.3,6,3,-2.99918307784768,0.02
6,2,0.2,311,10,0.3,0.3,6,3,-3.11328795743268,0.02
6,2,0.2,314,10,0.3,0.3,6,3,-4.93394061603914,0.02
6,2,0.2,323,10,0.3,0.3,6,3,-3.17547651144531,0.02
6,2,0.2,130,10,0.3,0.3,6,3,-3.29592078173405,0.022
6,2,0.2,268,10,0.3,0.3,6,3,-3.54539910812929,0.022
6,2,0.2,295,10,0.3,0.3,6,3,-2.46183059259295,0.022
6,2,0.2,367,10,0.3,0.3,6,3,-2.57417560688862,0.022
6,2,0.2,447,10,0.3,0.3,6,3,-2.78151100303907,0.022
6,2,0.2,466,10,0.3,0.3,6,3,-3.98716889699867,0.022
6,2,0.2,11,10,0.3,0.3,6,3,-3.05363098677901,0.024
6,2,0.2,39,10,0.3,0.3,6,3,-3.7382449115083,0.024
6,2,0.2,88,10,0.3,0.3,6,3,-2.93972753418606,0.024
6,2,0.2,219,10,0.3,0.3,6,3,-2.6829253927437,0.024
6,2,0.2,262,10,0.3,0.3,6,3,-4.56847151215834,0.024
6,2,0.2,266,10,0.3,0.3,6,3,-3.33361320043866,0.024
6,2,0.2,278,10,0.3,0.3,6,3,-3.36045805652955,0.024
6,2,0.2,381,10,0.3,0.3,6,3,-4.22928536989335,0.024
6,2,0.2,490,10,0.3,0.3,6,3,-4.21432262305339,0.024
6,2,0.2,55,10,0.3,0.3,6,3,-2.90145072603545,0.026
6,2,0.2,99,10,0.3,0.3,6,3,-2.73225357010529,0.026
6,2,0.2,117,10,0.3,0.3,6,3,-2.91419810559549,0.026
6,2,0.2,193,10,0.3,0.3,6,3,-2.75250495746897,0.026
6,2,0.2,234,10,0.3,0.3,6,3,-3.61304354362184,0.026
6,2,0.2,274,10,0.3,0.3,6,3,-4.22949106088666,0.026
6,2,0.2,339,10,0.3,0.3,6,3,-2.43694997680475,0.026
6,2,0.2,386,10,0.3,0.3,6,3,-2.11858309100512,0.026
6,2,0.2,424,10,0.3,0.3,6,3,-3.46730804003548,0.026
6,2,0.2,450,10,0.3,0.3,6,3,-2.97949070809719,0.026
6,2,0.2,93,10,0.3,0.3,6,3,-4.34533976838895,0.028
6,2,0.2,162,10,0.3,0.3,6,3,-2.08984593923321,0.028
6,2,0.2,199,10,0.3,0.3,6,3,-3.00978968253759,0.028
6,2,0.2,203,10,0.3,0.3,6,3,-2.95395123712632,0.028
6,2,0.2,338,10,0.3,0.3,6,3,-4.02618883090071,0.028
6,2,0.2,422,10,0.3,0.3,6,3,-3.659610126985,0.028
6,2,0.2,428,10,0.3,0.3,6,3,-4.39571041694603,0.028
6,2,0.2,443,10,0.3,0.3,6,3,-3.91491683484725,0.028
6,2,0.2,16,10,0.3,0.3,6,3,-3.65086889993486,0.03
6,2,0.2,22,10,0.3,0.3,6,3,-2.62183927897075,0.03
6,2,0.2,71,10,0.3,0.3,6,3,-1.43266709265032,0.03
6,2,0.2,102,10,0.3,0.3,6,3,-2.97126708166539,0.03
6,2,0.2,165,10,0.3,0.3,6,3,-2.6648473605822,0.03
6,2,0.2,257,10,0.3,0.3,6,3,-2.82087517998767,0.03
6,2,0.2,269,10,0.3,0.3,6,3,-2.81237171215867,0.03
6,2,0.2,292,10,0.3,0.3,6,3,-2.64880627967841,0.03
6,2,0.2,440,10,0.3,0.3,6,3,-3.6703223814838,0.03
6,2,0.2,448,10,0.3,0.3,6,3,-2.73044820967624,0.03
6,2,0.2,465,10,0.3,0.3,6,3,-3.83990889065154,0.03
6,2,0.2,471,10,0.3,0.3,6,3,-3.76565090639593,0.03
6,2,0.2,21,10,0.3,0.3,6,3,-4.53130495158672,0.032
6,2,0.2,23,10,0.3,0.3,6,3,-3.33065000882871,0.032
6,2,0.2,155,10,0.3,0.3,6,3,-2.91586503157467,0.032
6,2,0.2,160,10,0.3,0.3,6,3,-2.68629182506479,0.032
6,2,0.2,174,10,0.3,0.3,6,3,-2.86998482284534,0.032
6,2,0.2,240,10,0.3,0.3,6,3,-2.77257409745226,0.032
6,2,0.2,301,10,0.3,0.3,6,3,-4.51900385480616,0.032
6,2,0.2,377,10,0.3,0.3,6,3,-3.19623152832784,0.032
6,2,0.2,398,10,0.3,0.3,6,3,-3.80598471818533,0.032
6,2,0.2,476,10,0.3,0.3,6,3,-2.36834982152274,0.032
6,2,0.2,481,10,0.3,0.3,6,3,-3.35027097327276,0.032
6,2,0.2,13,10,0.3,0.3,6,3,-3.01135020918366,0.034
6,2,0.2,19,10,0.3,0.3,6,3,-3.48631066091716,0.034
6,2,0.2,76,10,0.3,0.3,6,3,-3.2117423650661,0.034
6,2,0.2,77,10,0.3,0.3,6,3,-2.76455097823288,0.034
6,2,0.2,80,10,0.3,0.3,6,3,-3.62580221346562,0.034
6,2,0.2,81,10,0.3,0.3,6,3,-2.01282589991922,0.034
6,2,0.2,115,10,0.3,0.3,6,3,-3.02134936347531,0.034
6,2,0.2,146,10,0.3,0.3,6,3,-3.44609953601054,0.034
6,2,0.2,159,10,0.3,0.3,6,3,-3.49184327954549,0.034
6,2,0.2,170,10,0.3,0.3,6,3,-2.71092417487105,0.034
6,2,0.2,270,10,0.3,0.3,6,3,-2.02889448952536,0.034
6,2,0.2,300,10,0.3,0.3,6,3,-2.97610356304284,0.034
6,2,0.2,345,10,0.3,0.3,6,3,-3.29416452172308,0.034
6,2,0.2,400,10,0.3,0.3,6,3,-4.66673452173893,0.034
6,2,0.2,420,10,0.3,0.3,6,3,-4.21133956553194,0.034
6,2,0.2,460,10,0.3,0.3,6,3,-3.91152432899005,0.034
6,2,0.2,5,10,0.3,0.3,6,3,-2.86912335411211,0.036
6,2,0.2,53,10,0.3,0.3,6,3,-3.36720969261447,0.036
6,2,0.2,56,10,0.3,0.3,6,3,-3.29349718920164,0.036
6,2,0.2,89,10,0.3,0.3,6,3,-3.68034524096976,0.036
6,2,0.2,107,10,0.3,0.3,6,3,-3.76162618435501,0.036
6,2,0.2,114,10,0.3,0.3,6,3,-3.68733632596351,0.036
6,2,0.2,126,10,0.3,0.3,6,3,-2.86808859686383,0.036
6,2,0.2,243,10,0.3,0.3,6,3,-3.09087968256577,0.036
6,2,0.2,327,10,0.3,0.3,6,3,-2.68045200335825,0.036
6,2,0.2,376,10,0.3,0.3,6,3,-3.8828125009511,0.036
6,2,0.2,401,10,0.3,0.3,6,3,-2.80760324649171,0.036
6,2,0.2,431,10,0.3,0.3,6,3,-2.78765437123579,0.036
6,2,0.2,455,10,0.3,0.3,6,3,-3.02109416806408,0.036
6,2,0.2,458,10,0.3,0.3,6,3,-2.40841059513468,0.036
6,2,0.2,480,10,0.3,0.3,6,3,-2.33632012506473,0.036
6,2,0.2,484,10,0.3,0.3,6,3,-2.94787992156967,0.036
6,2,0.2,491,10,0.3,0.3,6,3,-3.82171565389007,0.036
6,2,0.2,12,10,0.3,0.3,6,3,-4.81537513172398,0.038
6,2,0.2,32,10,0.3,0.3,6,3,-4.41273325510622,0.038
6,2,0.2,49,10,0.3,0.3,6,3,-2.4601743189466,0.038
6,2,0.2,84,10,0.3,0.3,6,3,-3.36446482757398,0.038
6,2,0.2,167,10,0.3,0.3,6,3,-3.16704321391069,0.038
6,2,0.2,223,10,0.3,0.3,6,3,-3.51053408415561,0.038
6,2,0.2,335,10,0.3,0.3,6,3,-2.56579924784168,0.038
6,2,0.2,336,10,0.3,0.3,6,3,-3.60201276553474,0.038
6,2,0.2,382,10,0.3,0.3,6,3,-3.32420478515809,0.038
6,2,0.2,426,10,0.3,0.3,6,3,-2.36677960057452,0.038
6,2,0.2,478,10,0.3,0.3,6,3,-2.71385835621544,0.038
6,2,0.2,1,10,0.3,0.3,6,3,-2.91997450391074,0.04
6,2,0.2,40,10,0.3,0.3,6,3,-3.53703975896147,0.04
6,2,0.2,50,10,0.3,0.3,6,3,-2.89804811614795,0.04
6,2,0.2,63,10,0.3,0.3,6,3,-3.19146056038821,0.04
6,2,0.2,67,10,0.3,0.3,6,3,-2.32916910926542,0.04
6,2,0.2,106,10,0.3,0.3,6,3,-3.27298742050553,0.04
6,2,0.2,111,10,0.3,0.3,6,3,-2.53484791524417,0.04
6,2,0.2,169,10,0.3,0.3,6,3,-2.41079624630586,0.04
6,2,0.2,185,10,0.3,0.3,6,3,-3.07369835334401,0.04
6,2,0.2,186,10,0.3,0.3,6,3,-3.07010565243482,0.04
6,2,0.2,259,10,0.3,0.3,6,3,-3.40540257732391,0.04
6,2,0.2,297,10,0.3,0.3,6,3,-3.34948250750904,0.04
6,2,0.2,333,10,0.3,0.3,6,3,-3.99173613532926,0.04
6,2,0.2,353,10,0.3,0.3,6,3,-2.99221466560294,0.04
6,2,0.2,438,10,0.3,0.3,6,3,-2.91603947419486,0.04
6,2,0.2,459,10,0.3,0.3,6,3,-3.5515811204055,0.04
6,2,0.2,469,10,0.3,0.3,6,3,-3.97034761737473,0.04
6,2,0.2,495,10,0.3,0.3,6,3,-3.55328241402995,0.04
6,2,0.2,86,10,0.3,0.3,6,3,-3.39121322747212,0.042
6,2,0.2,214,10,0.3,0.3,6,3,-2.27861297041301,0.042
6,2,0.2,236,10,0.3,0.3,6,3,-3.07362510697857,0.042
6,2,0.2,249,10,0.3,0.3,6,3,-3.25153923173087,0.042
6,2,0.2,289,10,0.3,0.3,6,3,-2.26491343210043,0.042
6,2,0.2,407,10,0.3,0.3,6,3,-2.53290207675107,0.042
6,2,0.2,415,10,0.3,0.3,6,3,-2.78795598296369,0.042
6,2,0.2,432,10,0.3,0.3,6,3,-3.14182521852237,0.042
6,2,0.2,435,10,0.3,0.3,6,3,-4.39353589994178,0.042
6,2,0.2,61,10,0.3,0.3,6,3,-2.83238768435652,0.044
6,2,0.2,68,10,0.3,0.3,6,3,-4.17898057017433,0.044
6,2,0.2,79,10,0.3,0.3,6,3,-3.28056485006022,0.044
6,2,0.2,105,10,0.3,0.3,6,3,-3.57731529565831,0.044
6,2,0.2,109,10,0.3,0.3,6,3,-4.25257716450218,0.044
6,2,0.2,121,10,0.3,0.3,6,3,-3.41104316549564,0.044
6,2,0.2,204,10,0.3,0.3,6,3,-2.68948584761856,0.044
6,2,0.2,235,10,0.3,0.3,6,3,-2.79836535325259,0.044
6,2,0.2,238,10,0.3,0.3,6,3,-3.13534466027227,0.044
6,2,0.2,264,10,0.3,0.3,6,3,-2.68099244061736,0.044
6,2,0.2,272,10,0.3,0.3,6,3,-2.73430344445714,0.044
6,2,0.2,315,10,0.3,0.3,6,3,-4.17245087386493,0.044
6,2,0.2,358,10,0.3,0.3,6,3,-3.61686268877384,0.044
6,2,0.2,361,10,0.3,0.3,6,3,-3.98797609675728,0.044
6,2,0.2,373,10,0.3,0.3,6,3,-2.61058088435948,0.044
6,2,0.2,429,10,0.3,0.3,6,3,-3.14332397441933,0.044
6,2,0.2,434,10,0.3,0.3,6,3,-2.88060231984875,0.044
6,2,0.2,445,10,0.3,0.3,6,3,-3.01014806997082,0.044
6,2,0.2,123,10,0.3,0.3,6,3,-4.07014911252938,0.046
6,2,0.2,127,10,0.3,0.3,6,3,-4.75263472308188,0.046
6,2,0.2,142,10,0.3,0.3,6,3,-2.75980790179892,0.046
6,2,0.2,197,10,0.3,0.3,6,3,-3.54257241804427,0.046
6,2,0.2,198,10,0.3,0.3,6,3,-3.08914387783668,0.046
6,2,0.2,232,10,0.3,0.3,6,3,-1.97810976840296,0.046
6,2,0.2,244,10,0.3,0.3,6,3,-4.95117890136967,0.046
6,2,0.2,253,10,0.3,0.3,6,3,-3.54192993488684,0.046
6,2,0.2,383,10,0.3,0.3,6,3,-3.03933677687678,0.046
6,2,0.2,6,10,0.3,0.3,6,3,-2.46845314532641,0.048
6,2,0.2,10,10,0.3,0.3,6,3,-2.59308293707355,0.048
6,2,0.2,58,10,0.3,0.3,6,3,-3.40059628760915,0.048
6,2,0.2,120,10,0.3,0.3,6,3,-2.84294011642072,0.048
6,2,0.2,178,10,0.3,0.3,6,3,-2.67884569174677,0.048
6,2,0.2,181,10,0.3,0.3,6,3,-3.0243719761927,0.048
6,2,0.2,242,10,0.3,0.3,6,3,-4.10409139308308,0.048
6,2,0.2,263,10,0.3,0.3,6,3,-3.15774336951279,0.048
6,2,0.2,293,10,0.3,0.3,6,3,-3.74227378180419,0.048
6,2,0.2,305,10,0.3,0.3,6,3,-3.19517308403022,0.048
6,2,0.2,332,10,0.3,0.3,6,3,-4.30148351961444,0.048
6,2,0.2,344,10,0.3,0.3,6,3,-2.71294599942556,0.048
6,2,0.2,348,10,0.3,0.3,6,3,-3.24629672365242,0.048
6,2,0.2,395,10,0.3,0.3,6,3,-2.81049814412026,0.048
6,2,0.2,468,10,0.3,0.3,6,3,-2.85348898720795,0.048
6,2,0.2,497,10,0.3,0.3,6,3,-2.33527700092168,0.048
6,2,0.2,42,10,0.3,0.3,6,3,-2.57711154558905,0.05
6,2,0.2,83,10,0.3,0.3,6,3,-3.11147254359227,0.05
6,2,0.2,85,10,0.3,0.3,6,3,-3.17121552960955,0.05
6,2,0.2,208,10,0.3,0.3,6,3,-3.2093307132352,0.05
6,2,0.2,261,10,0.3,0.3,6,3,-3.96702506015387,0.05
6,2,0.2,282,10,0.3,0.3,6,3,-3.10712059915701,0.05
6,2,0.2,310,10,0.3,0.3,6,3,-3.26774613921557,0.05
6,2,0.2,320,10,0.3,0.3,6,3,-3.86908115631186,0.05
6,2,0.2,337,10,0.3,0.3,6,3,-3.05648517847237,0.05
6,2,0.2,347,10,0.3,0.3,6,3,-2.91432336356166,0.05
6,2,0.2,405,10,0.3,0.3,6,3,-3.25859548037249,0.05
6,2,0.2,485,10,0.3,0.3,6,3,-2.04034713297648,0.05
6,2,0.2,489,10,0.3,0.3,6,3,-4.18846403250308,0.05
6,2,0.2,24,10,0.3,0.3,6,3,-1.93440891887352,0.052
6,2,0.2,38,10,0.3,0.3,6,3,-3.07915995749912,0.052
6,2,0.2,91,10,0.3,0.3,6,3,-1.9522511696305,0.052
6,2,0.2,94,10,0.3,0.3,6,3,-2.88926604639943,0.052
6,2,0.2,116,10,0.3,0.3,6,3,-2.05352074421091,0.052
6,2,0.2,226,10,0.3,0.3,6,3,-2.18594937523406,0.052
6,2,0.2,334,10,0.3,0.3,6,3,-3.38747923653037,0.052
6,2,0.2,352,10,0.3,0.3,6,3,-3.65050363635987,0.052
6,2,0.2,449,10,0.3,0.3,6,3,-4.26603838546015,0.052
6,2,0.2,454,10,0.3,0.3,6,3,-3.10752268126967,0.052
6,2,0.2,52,10,0.3,0.3,6,3,-2.50997722702948,0.054
6,2,0.2,70,10,0.3,0.3,6,3,-2.33250600957479,0.054
6,2,0.2,74,10,0.3,0.3,6,3,-4.04322349722079,0.054
6,2,0.2,119,10,0.3,0.3,6,3,-1.94648527153464,0.054
6,2,0.2,138,10,0.3,0.3,6,3,-4.10199049804493,0.054
6,2,0.2,207,10,0.3,0.3,6,3,-2.46087680174335,0.054
6,2,0.2,258,10,0.3,0.3,6,3,-2.50965589445727,0.054
6,2,0.2,267,10,0.3,0.3,6,3,-2.50398595470884,0.054
6,2,0.2,271,10,0.3,0.3,6,3,-2.71152877607037,0.054
6,2,0.2,313,10,0.3,0.3,6,3,-3.16636382494579,0.054
6,2,0.2,322,10,0.3,0.3,6,3,-1.83830855669376,0.054
6,2,0.2,354,10,0.3,0.3,6,3,-4.08541292753804,0.054
6,2,0.2,355,10,0.3,0.3,6,3,-2.74470181334218,0.054
6,2,0.2,421,10,0.3,0.3,6,3,-3.12439024944644,0.054
6,2,0.2,444,10,0.3,0.3,6,3,-2.96281972140866,0.054
6,2,0.2,451,10,0.3,0.3,6,3,-2.56782146214118,0.054
6,2,0.2,64,10,0.3,0.3,6,3,-3.52356321222791,0.056
6,2,0.2,171,10,0.3,0.3,6,3,-2.69955170971673,0.056
6,2,0.2,215,10,0.3,0.3,6,3,-2.95949402917307,0.056
6,2,0.2,224,10,0.3,0.3,6,3,-2.36474444830597,0.056
6,2,0.2,265,10,0.3,0.3,6,3,-2.49048853362629,0.056
6,2,0.2,369,10,0.3,0.3,6,3,-4.14845949041202,0.056
6,2,0.2,388,10,0.3,0.3,6,3,-4.58637257745036,0.056
6,2,0.2,389,10,0.3,0.3,6,3,-3.20147262514055,0.056
6,2,0.2,472,10,0.3,0.3,6,3,-2.68267433193535,0.056
6,2,0.2,500,10,0.3,0.3,6,3,-2.99904570815826,0.056
6,2,0.2,112,10,0.3,0.3,6,3,-3.90636031565666,0.058
6,2,0.2,140,10,0.3,0.3,6,3,-2.73358405497351,0.058
6,2,0.2,151,10,0.3,0.3,6,3,-2.54217240879498,0.058
6,2,0.2,248,10,0.3,0.3,6,3,-3.76463341291827,0.058
6,2,0.2,417,10,0.3,0.3,6,3,-3.06090082090583,0.058
6,2,0.2,467,10,0.3,0.3,6,3,-2.63303901080729,0.058
6,2,0.2,9,10,0.3,0.3,6,3,-2.54996589406971,0.06
6,2,0.2,15,10,0.3,0.3,6,3,-3.43595058237193,0.06
6,2,0.2,43,10,0.3,0.3,6,3,-3.58059330749271,0.06
6,2,0.2,78,10,0.3,0.3,6,3,-2.56869663372754,0.06
6,2,0.2,139,10,0.3,0.3,6,3,-2.62884975673936,0.06
6,2,0.2,152,10,0.3,0.3,6,3,-3.74975423379152,0.06
6,2,0.2,168,10,0.3,0.3,6,3,-4.69449934863565,0.06
6,2,0.2,213,10,0.3,0.3,6,3,-3.09477827747574,0.06
6,2,0.2,318,10,0.3,0.3,6,3,-2.71009088586791,0.06
6,2,0.2,404,10,0.3,0.3,6,3,-2.30932721030007,0.06
6,2,0.2,425,10,0.3,0.3,6,3,-3.64562033011788,0.06
6,2,0.2,427,10,0.3,0.3,6,3,-2.4789612188618,0.06
6,2,0.2,461,10,0.3,0.3,6,3,-3.25947894980496,0.06
6,2,0.2,499,10,0.3,0.3,6,3,-3.22277715604082,0.06
6,2,0.2,98,10,0.3,0.3,6,3,-2.66714997720729,0.062
6,2,0.2,124,10,0.3,0.3,6,3,-2.77548538741826,0.062
6,2,0.2,149,10,0.3,0.3,6,3,-3.7632045338041,0.062
6,2,0.2,179,10,0.3,0.3,6,3,-3.65072975813061,0.062
6,2,0.2,275,10,0.3,0.3,6,3,-3.63570746841316,0.062
6,2,0.2,281,10,0.3,0.3,6,3,-2.68740399906173,0.062
6,2,0.2,296,10,0.3,0.3,6,3,-2.97945376587415,0.062
6,2,0.2,304,10,0.3,0.3,6,3,-3.99124971038987,0.062
6,2,0.2,375,10,0.3,0.3,6,3,-4.04908806616524,0.062
6,2,0.2,384,10,0.3,0.3,6,3,-2.36650806798917,0.062
6,2,0.2,394,10,0.3,0.3,6,3,-3.35937890804158,0.062
6,2,0.2,464,10,0.3,0.3,6,3,-4.22455149076717,0.062
6,2,0.2,103,10,0.3,0.3,6,3,-3.19230619710805,0.064
6,2,0.2,154,10,0.3,0.3,6,3,-3.12751679552397,0.064
6,2,0.2,184,10,0.3,0.3,6,3,-2.38191817289987,0.064
6,2,0.2,189,10,0.3,0.3,6,3,-2.59191277312152,0.064
6,2,0.2,245,10,0.3,0.3,6,3,-2.42383232064225,0.064
6,2,0.2,291,10,0.3,0.3,6,3,-2.25870013531605,0.064
6,2,0.2,25,10,0.3,0.3,6,3,-2.68224709975502,0.066
6,2,0.2,47,10,0.3,0.3,6,3,-2.10682904984876,0.066
6,2,0.2,69,10,0.3,0.3,6,3,-2.2409222931181,0.066
6,2,0.2,95,10,0.3,0.3,6,3,-3.10758965519287,0.066
6,2,0.2,196,10,0.3,0.3,6,3,-2.99458235440116,0.066
6,2,0.2,211,10,0.3,0.3,6,3,-3.73195341453257,0.066
6,2,0.2,216,10,0.3,0.3,6,3,-2.83995947686282,0.066
6,2,0.2,298,10,0.3,0.3,6,3,-3.18751551628802,0.066
6,2,0.2,303,10,0.3,0.3,6,3,-4.92872922461959,0.066
6,2,0.2,357,10,0.3,0.3,6,3,-1.91109693992945,0.066
6,2,0.2,430,10,0.3,0.3,6,3,-2.05154390203643,0.066
6,2,0.2,7,10,0.3,0.3,6,3,-2.4669438042132,0.068
6,2,0.2,200,10,0.3,0.3,6,3,-3.0440095188992,0.068
6,2,0.2,209,10,0.3,0.3,6,3,-2.62238414330176,0.068
6,2,0.2,229,10,0.3,0.3,6,3,-2.27330423252189,0.068
6,2,0.2,306,10,0.3,0.3,6,3,-1.66904702828697,0.068
6,2,0.2,329,10,0.3,0.3,6,3,-2.92882539656014,0.068
6,2,0.2,370,10,0.3,0.3,6,3,-2.28456298697265,0.068
6,2,0.2,73,10,0.3,0.3,6,3,-2.29841400669187,0.07
6,2,0.2,113,10,0.3,0.3,6,3,-2.78853730755606,0.07
6,2,0.2,175,10,0.3,0.3,6,3,-1.69878785749773,0.07
6,2,0.2,188,10,0.3,0.3,6,3,-3.85017086169043,0.07
6,2,0.2,228,10,0.3,0.3,6,3,-3.0537208337492,0.07
6,2,0.2,294,10,0.3,0.3,6,3,-2.04708400201679,0.07
6,2,0.2,342,10,0.3,0.3,6,3,-3.05710141183505,0.07
6,2,0.2,359,10,0.3,0.3,6,3,-3.03668586422322,0.07
6,2,0.2,452,10,0.3,0.3,6,3,-1.19932228259344,0.07
6,2,0.2,479,10,0.3,0.3,6,3,-2.44947624569176,0.07
6,2,0.2,135,10,0.3,0.3,6,3,-3.96551146771435,0.072
6,2,0.2,177,10,0.3,0.3,6,3,-2.75254594907994,0.072
6,2,0.2,182,10,0.3,0.3,6,3,-1.97964524117603,0.072
6,2,0.2,316,10,0.3,0.3,6,3,-2.2387671316543,0.072
6,2,0.2,413,10,0.3,0.3,6,3,-2.54649491387531,0.072
6,2,0.2,419,10,0.3,0.3,6,3,-2.50707648921554,0.072
6,2,0.2,26,10,0.3,0.3,6,3,-1.23996377378947,0.074
6,2,0.2,183,10,0.3,0.3,6,3,-3.60334866960599,0.074
6,2,0.2,217,10,0.3,0.3,6,3,-3.70066011974149,0.074
6,2,0.2,225,10,0.3,0.3,6,3,-2.84857700965733,0.074
6,2,0.2,247,10,0.3,0.3,6,3,-2.53891877060815,0.074
6,2,0.2,341,10,0.3,0.3,6,3,-4.34252591644665,0.074
6,2,0.2,362,10,0.3,0.3,6,3,-2.24125025898047,0.074
6,2,0.2,365,10,0.3,0.3,6,3,-2.29466729132432,0.074
6,2,0.2,366,10,0.3,0.3,6,3,-2.24354584491044,0.074
6,2,0.2,372,10,0.3,0.3,6,3,-3.01709123802567,0.074
6,2,0.2,456,10,0.3,0.3,6,3,-3.14626529826302,0.074
6,2,0.2,82,10,0.3,0.3,6,3,-2.47107343103463,0.076
6,2,0.2,176,10,0.3,0.3,6,3,-2.99244012500768,0.076
6,2,0.2,371,10,0.3,0.3,6,3,-2.66624316955205,0.076
6,2,0.2,29,10,0.3,0.3,6,3,-1.97972191666389,0.078
6,2,0.2,141,10,0.3,0.3,6,3,-1.53782697230494,0.078
6,2,0.2,180,10,0.3,0.3,6,3,-2.98263831023147,0.078
6,2,0.2,251,10,0.3,0.3,6,3,-3.38444806863055,0.078
6,2,0.2,273,10,0.3,0.3,6,3,-2.59875765202693,0.078
6,2,0.2,18,10,0.3,0.3,6,3,-2.94506631732602,0.08
6,2,0.2,104,10,0.3,0.3,6,3,-3.37409825106548,0.08
6,2,0.2,277,10,0.3,0.3,6,3,-3.39002691617151,0.08
6,2,0.2,54,10,0.3,0.3,6,3,-1.57634036969304,0.082
6,2,0.2,309,10,0.3,0.3,6,3,-2.02320263081398,0.082
6,2,0.2,330,10,0.3,0.3,6,3,-1.93913255258883,0.082
6,2,0.2,391,10,0.3,0.3,6,3,-2.97041792719659,0.082
6,2,0.2,14,10,0.3,0.3,6,3,-0.980436880898026,0.084
6,2,0.2,65,10,0.3,0.3,6,3,-1.34816981269609,0.084
6,2,0.2,3,10,0.3,0.3,6,3,-1.55726635821273,0.086
6,2,0.2,44,10,0.3,0.3,6,3,-2.49258842190929,0.086
6,2,0.2,101,10,0.3,0.3,6,3,-2.54986772330594,0.086
6,2,0.2,399,10,0.3,0.3,6,3,-1.6489028881665,0.086
6,2,0.2,72,10,0.3,0.3,6,3,-1.36113892815064,0.088
6,2,0.2,150,10,0.3,0.3,6,3,-2.43697192101001,0.088
6,2,0.2,307,10,0.3,0.3,6,3,-2.18532242316496,0.088
6,2,0.2,331,10,0.3,0.3,6,3,-1.95013948329671,0.088
6,2,0.2,343,10,0.3,0.3,6,3,-1.79255128453337,0.088
6,2,0.2,20,10,0.3,0.3,6,3,-3.05327176283373,0.092
6,2,0.2,48,10,0.3,0.3,6,3,-2.29858861970803,0.092
6,2,0.2,137,10,0.3,0.3,6,3,-1.93059879606616,0.092
6,2,0.2,210,10,0.3,0.3,6,3,-1.65838422144043,0.092
6,2,0.2,283,10,0.3,0.3,6,3,-1.79059209498021,0.094
6,2,0.2,470,10,0.3,0.3,6,3,-2.46738322355964,0.098
6,2,0.2,128,10,0.3,0.3,6,3,-2.66445102305954,0.1
6,2,0.2,227,10,0.3,0.3,6,3,-1.67127369713356,0.1
6,2,0.2,299,10,0.3,0.3,6,3,-1.43460086270738,0.1
6,2,0.2,423,10,0.3,0.3,6,3,-2.54010854106585,0.1
6,2,0.2,349,10,0.3,0.3,6,3,-2.37154064252621,0.104
6,2,0.2,45,10,0.3,0.3,6,3,-2.17529467230267,0.108
6,2,0.2,131,10,0.3,0.3,6,3,-1.86286310398486,0.108
6,2,0.2,487,10,0.3,0.3,6,3,-1.89712731443086,0.108
6,2,0.2,437,10,0.3,0.3,6,3,-2.41512189575906,0.11
6,2,0.2,110,10,0.3,0.3,6,3,-1.66918885672962,0.112
6,2,0.2,439,10,0.3,0.3,6,3,-1.20069778286029,0.114
6,2,0.2,33,10,0.3,0.3,6,3,-1.97628383386325,0.116
6,2,0.2,414,10,0.3,0.3,6,3,-1.52628794113795,0.12
6,2,0.2,212,10,0.3,0.3,6,3,-2.0670573637185,0.122
6,2,0.2,393,10,0.3,0.3,6,3,-2.00793836506224,0.124
6,2,0.2,477,10,0.3,0.3,6,3,-1.07035329175818,0.134
6,2,0.2,378,10,0.3,0.3,6,3,-1.87468007251906,0.14
6,2,0.2,396,10,0.3,0.3,6,3,-1.60612587905808,0.14
6,2,0.2,31,10,0.3,0.3,6,3,-1.27498415034026,0.142
6,2,0.2,166,10,0.3,0.3,6,3,-1.92897265810015,0.176
6,2,0.2,250,10,0.3,0.3,6,3,-2.10473510578223,0.182
6,2,0.2,4,10,0.3,0.3,6,3,-2.61258521675722,0.186
6,2,0.2,218,10,0.3,0.3,6,3,-1.40750223658466,0.248
6,2,0.2,496,10,0.3,0.3,6,3,-2.16505634105818,0.264
6,2,0.2,446,10,0.3,0.3,6,3,-1.16882193064211,0.27
6,2,0.2,239,10,0.3,0.3,6,3,-2.17987120944778,0.416
6,2,0.2,134,10,0.3,0.3,6,3,-1.09039539996738,0.556
6,2,0.2,255,10,0.3,0.3,6,3,-0.756567188903006,0.618
6,2,0.2,321,10,0.3,0.3,6,3,-0.584580697698556,0.626
6,2,0.2,279,10,0.3,0.3,6,3,-0.481058391817953,0.71
6,2,0.2,2,10,0.3,0.3,7,3,-3.58492653075419,0
6,2,0.2,93,10,0.3,0.3,7,3,-3.20209970951618,0
6,2,0.2,124,10,0.3,0.3,7,3,-3.01852717523562,0
6,2,0.2,197,10,0.3,0.3,7,3,-2.78554510202628,0
6,2,0.2,205,10,0.3,0.3,7,3,-4.87416377146093,0
6,2,0.2,264,10,0.3,0.3,7,3,-4.39994485159704,0
6,2,0.2,290,10,0.3,0.3,7,3,-2.65883535015274,0
6,2,0.2,398,10,0.3,0.3,7,3,-3.96871456247055,0
6,2,0.2,469,10,0.3,0.3,7,3,-1.92310602434142,0
6,2,0.2,46,10,0.3,0.3,7,3,-3.5344373145401,0.002
6,2,0.2,54,10,0.3,0.3,7,3,-4.03939938268707,0.002
6,2,0.2,55,10,0.3,0.3,7,3,-4.33174228656119,0.002
6,2,0.2,73,10,0.3,0.3,7,3,-4.20087312890038,0.002
6,2,0.2,106,10,0.3,0.3,7,3,-4.14320937663913,0.002
6,2,0.2,122,10,0.3,0.3,7,3,-4.22158049714531,0.002
6,2,0.2,127,10,0.3,0.3,7,3,-4.49497577497871,0.002
6,2,0.2,132,10,0.3,0.3,7,3,-1.82719413579693,0.002
6,2,0.2,146,10,0.3,0.3,7,3,-3.5935385610461,0.002
6,2,0.2,156,10,0.3,0.3,7,3,-2.61900195708759,0.002
6,2,0.2,166,10,0.3,0.3,7,3,-2.77917126901724,0.002
6,2,0.2,199,10,0.3,0.3,7,3,-3.52978291140985,0.002
6,2,0.2,222,10,0.3,0.3,7,3,-3.85835583104225,0.002
6,2,0.2,238,10,0.3,0.3,7,3,-3.08913670725875,0.002
6,2,0.2,257,10,0.3,0.3,7,3,-3.50166493676252,0.002
6,2,0.2,259,10,0.3,0.3,7,3,-2.70798461865073,0.002
6,2,0.2,277,10,0.3,0.3,7,3,-3.03832588779068,0.002
6,2,0.2,292,10,0.3,0.3,7,3,-3.09544963234458,0.002
6,2,0.2,305,10,0.3,0.3,7,3,-3.3074441137698,0.002
6,2,0.2,355,10,0.3,0.3,7,3,-2.89179138369084,0.002
6,2,0.2,386,10,0.3,0.3,7,3,-3.67545595431417,0.002
6,2,0.2,424,10,0.3,0.3,7,3,-3.46876809859731,0.002
6,2,0.2,432,10,0.3,0.3,7,3,-3.64424967487693,0.002
6,2,0.2,456,10,0.3,0.3,7,3,-3.57379617887563,0.002
6,2,0.2,457,10,0.3,0.3,7,3,-3.1134385671167,0.002
6,2,0.2,483,10,0.3,0.3,7,3,-4.20672653230926,0.002
6,2,0.2,50,10,0.3,0.3,7,3,-3.78248708160245,0.004
6,2,0.2,53,10,0.3,0.3,7,3,-3.24311169356747,0.004
6,2,0.2,99,10,0.3,0.3,7,3,-3.26582511113347,0.004
6,2,0.2,123,10,0.3,0.3,7,3,-4.19412313527928,0.004
6,2,0.2,131,10,0.3,0.3,7,3,-3.82921599108602,0.004
6,2,0.2,140,10,0.3,0.3,7,3,-3.50680906093669,0.004
6,2,0.2,147,10,0.3,0.3,7,3,-4.4613122696762,0.004
6,2,0.2,189,10,0.3,0.3,7,3,-3.9098663718398,0.004
6,2,0.2,273,10,0.3,0.3,7,3,-3.52845313205364,0.004
6,2,0.2,287,10,0.3,0.3,7,3,-4.00169390122127,0.004
6,2,0.2,365,10,0.3,0.3,7,3,-3.55357448115575,0.004
6,2,0.2,367,10,0.3,0.3,7,3,-3.42747223070717,0.004
6,2,0.2,19,10,0.3,0.3,7,3,-3.12881980633205,0.006
6,2,0.2,98,10,0.3,0.3,7,3,-3.97868879457482,0.006
6,2,0.2,215,10,0.3,0.3,7,3,-1.87721849392923,0.006
6,2,0.2,276,10,0.3,0.3,7,3,-3.83801353343131,0.006
6,2,0.2,303,10,0.3,0.3,7,3,-3.0776854856156,0.006
6,2,0.2,321,10,0.3,0.3,7,3,-4.43510528891946,0.006
6,2,0.2,335,10,0.3,0.3,7,3,-2.70262693587509,0.006
6,2,0.2,354,10,0.3,0.3,7,3,-3.33730804689466,0.006
6,2,0.2,384,10,0.3,0.3,7,3,-3.99476798730788,0.006
6,2,0.2,413,10,0.3,0.3,7,3,-3.20345786675233,0.006
6,2,0.2,434,10,0.3,0.3,7,3,-2.87366223751411,0.006
6,2,0.2,463,10,0.3,0.3,7,3,-2.65801879065003,0.006
6,2,0.2,475,10,0.3,0.3,7,3,-3.42186625317419,0.006
6,2,0.2,491,10,0.3,0.3,7,3,-2.57136684110972,0.006
6,2,0.2,23,10,0.3,0.3,7,3,-2.62913315266809,0.008
6,2,0.2,27,10,0.3,0.3,7,3,-3.19108315233805,0.008
6,2,0.2,40,10,0.3,0.3,7,3,-4.46839770736639,0.008
6,2,0.2,95,10,0.3,0.3,7,3,-3.93430386562144,0.008
6,2,0.2,117,10,0.3,0.3,7,3,-3.00316346759163,0.008
6,2,0.2,128,10,0.3,0.3,7,3,-2.98181158658298,0.008
6,2,0.2,211,10,0.3,0.3,7,3,-4.44456962834397,0.008
6,2,0.2,235,10,0.3,0.3,7,3,-3.44646804700255,0.008
6,2,0.2,268,10,0.3,0.3,7,3,-4.84936531540617,0.008
6,2,0.2,279,10,0.3,0.3,7,3,-3.27885492863047,0.008
6,2,0.2,304,10,0.3,0.3,7,3,-2.47080155850631,0.008
6,2,0.2,311,10,0.3,0.3,7,3,-4.03803969990449,0.008
6,2,0.2,332,10,0.3,0.3,7,3,-2.51173178710332,0.008
6,2,0.2,340,10,0.3,0.3,7,3,-2.91853356007951,0.008
6,2,0.2,342,10,0.3,0.3,7,3,-2.36186418848087,0.008
6,2,0.2,360,10,0.3,0.3,7,3,-3.05349794345,0.008
6,2,0.2,395,10,0.3,0.3,7,3,-3.88155425187878,0.008
6,2,0.2,410,10,0.3,0.3,7,3,-4.25718950647348,0.008
6,2,0.2,426,10,0.3,0.3,7,3,-3.03779901514847,0.008
6,2,0.2,79,10,0.3,0.3,7,3,-3.60411219746382,0.01
6,2,0.2,200,10,0.3,0.3,7,3,-3.97169463034723,0.01
6,2,0.2,267,10,0.3,0.3,7,3,-2.8916449432003,0.01
6,2,0.2,271,10,0.3,0.3,7,3,-2.87821539177415,0.01
6,2,0.2,347,10,0.3,0.3,7,3,-2.91867891552633,0.01
6,2,0.2,500,10,0.3,0.3,7,3,-2.26008654677932,0.01
6,2,0.2,16,10,0.3,0.3,7,3,-3.38379182271495,0.012
6,2,0.2,92,10,0.3,0.3,7,3,-3.32922772913409,0.012
6,2,0.2,130,10,0.3,0.3,7,3,-4.46720677537124,0.012
6,2,0.2,216,10,0.3,0.3,7,3,-3.31364854792514,0.012
6,2,0.2,244,10,0.3,0.3,7,3,-3.20530232853858,0.012
6,2,0.2,288,10,0.3,0.3,7,3,-3.59832443500045,0.012
6,2,0.2,358,10,0.3,0.3,7,3,-3.28361490309334,0.012
6,2,0.2,403,10,0.3,0.3,7,3,-3.36030570602134,0.012
6,2,0.2,3,10,0.3,0.3,7,3,-4.59815439729636,0.014
6,2,0.2,6,10,0.3,0.3,7,3,-3.38550094512576,0.014
6,2,0.2,8,10,0.3,0.3,7,3,-3.52161483889807,0.014
6,2,0.2,34,10,0.3,0.3,7,3,-3.96197931203517,0.014
6,2,0.2,38,10,0.3,0.3,7,3,-3.87317741487962,0.014
6,2,0.2,108,10,0.3,0.3,7,3,-3.31875917283517,0.014
6,2,0.2,133,10,0.3,0.3,7,3,-3.39875635051379,0.014
6,2,0.2,170,10,0.3,0.3,7,3,-3.97432907726756,0.014
6,2,0.2,196,10,0.3,0.3,7,3,-3.09333644904706,0.014
6,2,0.2,263,10,0.3,0.3,7,3,-3.90196874599545,0.014
6,2,0.2,375,10,0.3,0.3,7,3,-2.86579377380914,0.014
6,2,0.2,408,10,0.3,0.3,7,3,-3.61648246147303,0.014
6,2,0.2,492,10,0.3,0.3,7,3,-3.37779559221028,0.014
6,2,0.2,18,10,0.3,0.3,7,3,-3.41900976960886,0.016
6,2,0.2,56,10,0.3,0.3,7,3,-2.86156979694502,0.016
6,2,0.2,118,10,0.3,0.3,7,3,-3.15399173374192,0.016
6,2,0.2,120,10,0.3,0.3,7,3,-3.43863210514743,0.016
6,2,0.2,121,10,0.3,0.3,7,3,-2.99641575542492,0.016
6,2,0.2,143,10,0.3,0.3,7,3,-3.37955112099851,0.016
6,2,0.2,148,10,0.3,0.3,7,3,-4.75062157250991,0.016
6,2,0.2,201,10,0.3,0.3,7,3,-2.63110798331843,0.016
6,2,0.2,228,10,0.3,0.3,7,3,-3.04742412333732,0.016
6,2,0.2,231,10,0.3,0.3,7,3,-2.30203043080348,0.016
6,2,0.2,237,10,0.3,0.3,7,3,-4.09131527500784,0.016
6,2,0.2,254,10,0.3,0.3,7,3,-2.84987765707649,0.016
6,2,0.2,351,10,0.3,0.3,7,3,-4.04283725643558,0.016
6,2,0.2,402,10,0.3,0.3,7,3,-2.86847453609406,0.016
6,2,0.2,28,10,0.3,0.3,7,3,-3.85136940092005,0.018
6,2,0.2,29,10,0.3,0.3,7,3,-3.69750419374247,0.018
6,2,0.2,71,10,0.3,0.3,7,3,-3.76899803725499,0.018
6,2,0.2,134,10,0.3,0.3,7,3,-2.54348275528716,0.018
6,2,0.2,178,10,0.3,0.3,7,3,-3.60257648427634,0.018
6,2,0.2,202,10,0.3,0.3,7,3,-3.20800203100546,0.018
6,2,0.2,223,10,0.3,0.3,7,3,-4.0614670155831,0.018
6,2,0.2,313,10,0.3,0.3,7,3,-4.02137897299247,0.018
6,2,0.2,372,10,0.3,0.3,7,3,-3.25595781609024,0.018
6,2,0.2,418,10,0.3,0.3,7,3,-4.38433574353451,0.018
6,2,0.2,447,10,0.3,0.3,7,3,-2.13347108307968,0.018
6,2,0.2,451,10,0.3,0.3,7,3,-3.67659353669953,0.018
6,2,0.2,454,10,0.3,0.3,7,3,-4.60885989204019,0.018
6,2,0.2,462,10,0.3,0.3,7,3,-3.75857983893638,0.018
6,2,0.2,495,10,0.3,0.3,7,3,-3.78917863793464,0.018
6,2,0.2,35,10,0.3,0.3,7,3,-2.83747482445642,0.02
6,2,0.2,67,10,0.3,0.3,7,3,-2.92087770980402,0.02
6,2,0.2,103,10,0.3,0.3,7,3,-2.99915214850066,0.02
6,2,0.2,135,10,0.3,0.3,7,3,-3.25327514167239,0.02
6,2,0.2,165,10,0.3,0.3,7,3,-3.13010301472985,0.02
6,2,0.2,214,10,0.3,0.3,7,3,-3.95738606813777,0.02
6,2,0.2,274,10,0.3,0.3,7,3,-3.89643630469305,0.02
6,2,0.2,299,10,0.3,0.3,7,3,-3.90080099292462,0.02
6,2,0.2,343,10,0.3,0.3,7,3,-4.72383739211401,0.02
6,2,0.2,350,10,0.3,0.3,7,3,-4.0496140578141,0.02
6,2,0.2,419,10,0.3,0.3,7,3,-1.84364043818559,0.02
6,2,0.2,436,10,0.3,0.3,7,3,-3.77598579652334,0.02
6,2,0.2,458,10,0.3,0.3,7,3,-2.83860643183709,0.02
6,2,0.2,486,10,0.3,0.3,7,3,-3.97844136033552,0.02
6,2,0.2,496,10,0.3,0.3,7,3,-2.93216679801074,0.02
6,2,0.2,47,10,0.3,0.3,7,3,-3.88396069844993,0.022
6,2,0.2,83,10,0.3,0.3,7,3,-3.55025181516885,0.022
6,2,0.2,87,10,0.3,0.3,7,3,-3.25111072617977,0.022
6,2,0.2,114,10,0.3,0.3,7,3,-2.44254915197249,0.022
6,2,0.2,125,10,0.3,0.3,7,3,-3.05841839981255,0.022
6,2,0.2,151,10,0.3,0.3,7,3,-3.67336973434482,0.022
6,2,0.2,174,10,0.3,0.3,7,3,-2.71096916129196,0.022
6,2,0.2,248,10,0.3,0.3,7,3,-3.21723799729511,0.022
6,2,0.2,289,10,0.3,0.3,7,3,-2.50698812548399,0.022
6,2,0.2,320,10,0.3,0.3,7,3,-3.07637741259734,0.022
6,2,0.2,361,10,0.3,0.3,7,3,-3.61992884824366,0.022
6,2,0.2,396,10,0.3,0.3,7,3,-2.89662953498208,0.022
6,2,0.2,411,10,0.3,0.3,7,3,-2.72571376956554,0.022
6,2,0.2,422,10,0.3,0.3,7,3,-2.63340671944957,0.022
6,2,0.2,439,10,0.3,0.3,7,3,-3.9981906132397,0.022
6,2,0.2,453,10,0.3,0.3,7,3,-3.58750366068654,0.022
6,2,0.2,476,10,0.3,0.3,7,3,-3.38391073603935,0.022
6,2,0.2,479,10,0.3,0.3,7,3,-3.26550984019627,0.022
6,2,0.2,488,10,0.3,0.3,7,3,-2.48768859972452,0.022
6,2,0.2,149,10,0.3,0.3,7,3,-2.69849260919847,0.024
6,2,0.2,180,10,0.3,0.3,7,3,-2.85155636325834,0.024
6,2,0.2,226,10,0.3,0.3,7,3,-4.31283767433726,0.024
6,2,0.2,232,10,0.3,0.3,7,3,-3.23636320729801,0.024
6,2,0.2,239,10,0.3,0.3,7,3,-3.59814432999042,0.024
6,2,0.2,245,10,0.3,0.3,7,3,-2.38703038408411,0.024
6,2,0.2,255,10,0.3,0.3,7,3,-3.36510834100196,0.024
6,2,0.2,404,10,0.3,0.3,7,3,-3.8241667750745,0.024
6,2,0.2,84,10,0.3,0.3,7,3,-3.67083853241425,0.026
6,2,0.2,183,10,0.3,0.3,7,3,-3.68983733864005,0.026
6,2,0.2,210,10,0.3,0.3,7,3,-4.04732110858279,0.026
6,2,0.2,219,10,0.3,0.3,7,3,-2.43804746817582,0.026
6,2,0.2,250,10,0.3,0.3,7,3,-3.32988671427142,0.026
6,2,0.2,266,10,0.3,0.3,7,3,-2.65788202250801,0.026
6,2,0.2,430,10,0.3,0.3,7,3,-3.7489330963148,0.026
6,2,0.2,467,10,0.3,0.3,7,3,-2.62585276243334,0.026
6,2,0.2,31,10,0.3,0.3,7,3,-2.94269308113255,0.028
6,2,0.2,81,10,0.3,0.3,7,3,-2.7363935862661,0.028
6,2,0.2,85,10,0.3,0.3,7,3,-2.82523328539708,0.028
6,2,0.2,153,10,0.3,0.3,7,3,-4.8470586369528,0.028
6,2,0.2,260,10,0.3,0.3,7,3,-2.68111038384296,0.028
6,2,0.2,317,10,0.3,0.3,7,3,-2.60951101550387,0.028
6,2,0.2,392,10,0.3,0.3,7,3,-3.67322458647487,0.028
6,2,0.2,61,10,0.3,0.3,7,3,-2.17542078438618,0.03
6,2,0.2,62,10,0.3,0.3,7,3,-4.25902774534885,0.03
6,2,0.2,107,10,0.3,0.3,7,3,-1.23913585532776,0.03
6,2,0.2,160,10,0.3,0.3,7,3,-2.93810245117282,0.03
6,2,0.2,162,10,0.3,0.3,7,3,-3.10715426179729,0.03
6,2,0.2,236,10,0.3,0.3,7,3,-3.11147458480076,0.03
6,2,0.2,315,10,0.3,0.3,7,3,-3.06858920690624,0.03
6,2,0.2,341,10,0.3,0.3,7,3,-3.3376670846462,0.03
6,2,0.2,385,10,0.3,0.3,7,3,-2.9838403747618,0.03
6,2,0.2,414,10,0.3,0.3,7,3,-3.36740979346112,0.03
6,2,0.2,445,10,0.3,0.3,7,3,-3.21485964450076,0.03
6,2,0.2,69,10,0.3,0.3,7,3,-2.71241528080577,0.032
6,2,0.2,91,10,0.3,0.3,7,3,-4.02976103224304,0.032
6,2,0.2,97,10,0.3,0.3,7,3,-4.68557730231015,0.032
6,2,0.2,111,10,0.3,0.3,7,3,-2.85528898384547,0.032
6,2,0.2,155,10,0.3,0.3,7,3,-3.26418953126637,0.032
6,2,0.2,234,10,0.3,0.3,7,3,-3.06438814185228,0.032
6,2,0.2,252,10,0.3,0.3,7,3,-3.67723887697599,0.032
6,2,0.2,328,10,0.3,0.3,7,3,-3.46125515373882,0.032
6,2,0.2,331,10,0.3,0.3,7,3,-3.673168640261,0.032
6,2,0.2,374,10,0.3,0.3,7,3,-3.18762723474086,0.032
6,2,0.2,382,10,0.3,0.3,7,3,-3.14135680240418,0.032
6,2,0.2,497,10,0.3,0.3,7,3,-3.94496637181382,0.032
6,2,0.2,20,10,0.3,0.3,7,3,-3.24218213100914,0.034
6,2,0.2,58,10,0.3,0.3,7,3,-2.73225375188048,0.034
6,2,0.2,280,10,0.3,0.3,7,3,-3.95890088041082,0.034
6,2,0.2,327,10,0.3,0.3,7,3,-2.48656951320487,0.034
6,2,0.2,333,10,0.3,0.3,7,3,-1.93790400024574,0.034
6,2,0.2,450,10,0.3,0.3,7,3,-4.3764720197706,0.034
6,2,0.2,7,10,0.3,0.3,7,3,-3.74862412211337,0.036
6,2,0.2,94,10,0.3,0.3,7,3,-3.34863937076494,0.036
6,2,0.2,227,10,0.3,0.3,7,3,-2.94127217339661,0.036
6,2,0.2,285,10,0.3,0.3,7,3,-2.74030331930615,0.036
6,2,0.2,356,10,0.3,0.3,7,3,-2.45502714068954,0.036
6,2,0.2,387,10,0.3,0.3,7,3,-5.02063730662792,0.036
6,2,0.2,399,10,0.3,0.3,7,3,-2.55261420541606,0.036
6,2,0.2,187,10,0.3,0.3,7,3,-3.16492287835106,0.038
6,2,0.2,218,10,0.3,0.3,7,3,-2.30511980007481,0.038
6,2,0.2,230,10,0.3,0.3,7,3,-3.46373121085469,0.038
6,2,0.2,308,10,0.3,0.3,7,3,-2.64490408111391,0.038
6,2,0.2,435,10,0.3,0.3,7,3,-3.24908513581414,0.038
6,2,0.2,438,10,0.3,0.3,7,3,-3.63095466850839,0.038
6,2,0.2,446,10,0.3,0.3,7,3,-3.61296357992882,0.038
6,2,0.2,449,10,0.3,0.3,7,3,-2.32524985741924,0.038
6,2,0.2,466,10,0.3,0.3,7,3,-4.10292143862648,0.038
6,2,0.2,142,10,0.3,0.3,7,3,-2.94412829816494,0.04
6,2,0.2,163,10,0.3,0.3,7,3,-3.01170649720385,0.04
6,2,0.2,173,10,0.3,0.3,7,3,-2.98046289958128,0.04
6,2,0.2,182,10,0.3,0.3,7,3,-2.23599981158236,0.04
6,2,0.2,203,10,0.3,0.3,7,3,-2.6479326252599,0.04
6,2,0.2,251,10,0.3,0.3,7,3,-1.91413986559704,0.04
6,2,0.2,281,10,0.3,0.3,7,3,-3.83047291857,0.04
6,2,0.2,427,10,0.3,0.3,7,3,-2.76152852120714,0.04
6,2,0.2,493,10,0.3,0.3,7,3,-2.69241789298977,0.04
6,2,0.2,65,10,0.3,0.3,7,3,-2.8822000693601,0.042
6,2,0.2,102,10,0.3,0.3,7,3,-2.6690595254974,0.042
6,2,0.2,154,10,0.3,0.3,7,3,-3.09668832333458,0.042
6,2,0.2,168,10,0.3,0.3,7,3,-3.11932570621528,0.042
6,2,0.2,172,10,0.3,0.3,7,3,-2.82067099994734,0.042
6,2,0.2,198,10,0.3,0.3,7,3,-3.02300154886188,0.042
6,2,0.2,209,10,0.3,0.3,7,3,-2.994980550272,0.042
6,2,0.2,220,10,0.3,0.3,7,3,-3.35191559982601,0.042
6,2,0.2,282,10,0.3,0.3,7,3,-2.47744429618862,0.042
6,2,0.2,295,10,0.3,0.3,7,3,-2.30382391155615,0.042
6,2,0.2,301,10,0.3,0.3,7,3,-3.16580762253096,0.042
6,2,0.2,334,10,0.3,0.3,7,3,-2.43572540059779,0.042
6,2,0.2,345,10,0.3,0.3,7,3,-3.27396754041348,0.042
6,2,0.2,370,10,0.3,0.3,7,3,-3.14189185724746,0.042
6,2,0.2,405,10,0.3,0.3,7,3,-2.58409217034011,0.042
6,2,0.2,455,10,0.3,0.3,7,3,-2.17481507842083,0.042
6,2,0.2,474,10,0.3,0.3,7,3,-2.24418457107961,0.042
6,2,0.2,43,10,0.3,0.3,7,3,-3.66548459854963,0.044
6,2,0.2,44,10,0.3,0.3,7,3,-2.43699516057981,0.044
6,2,0.2,45,10,0.3,0.3,7,3,-2.07037293774428,0.044
6,2,0.2,51,10,0.3,0.3,7,3,-2.92280617522013,0.044
6,2,0.2,70,10,0.3,0.3,7,3,-2.6694087855376,0.044
6,2,0.2,74,10,0.3,0.3,7,3,-3.90741442132304,0.044
6,2,0.2,86,10,0.3,0.3,7,3,-3.05596893093795,0.044
6,2,0.2,159,10,0.3,0.3,7,3,-3.51616556381933,0.044
6,2,0.2,164,10,0.3,0.3,7,3,-1.79906183287841,0.044
6,2,0.2,179,10,0.3,0.3,7,3,-3.24050866782426,0.044
6,2,0.2,194,10,0.3,0.3,7,3,-4.0328394341482,0.044
6,2,0.2,221,10,0.3,0.3,7,3,-2.24438483052833,0.044
6,2,0.2,225,10,0.3,0.3,7,3,-3.96600980859458,0.044
6,2,0.2,309,10,0.3,0.3,7,3,-2.56882146938179,0.044
6,2,0.2,364,10,0.3,0.3,7,3,-1.66261665284344,0.044
6,2,0.2,389,10,0.3,0.3,7,3,-2.89989067882189,0.044
6,2,0.2,401,10,0.3,0.3,7,3,-1.63540781351213,0.044
6,2,0.2,407,10,0.3,0.3,7,3,-2.89633078888113,0.044
6,2,0.2,433,10,0.3,0.3,7,3,-2.79379617855358,0.044
6,2,0.2,443,10,0.3,0.3,7,3,-2.4358020295208,0.044
6,2,0.2,460,10,0.3,0.3,7,3,-3.18509540676575,0.044
6,2,0.2,472,10,0.3,0.3,7,3,-3.07263725983057,0.044
6,2,0.2,32,10,0.3,0.3,7,3,-2.99023411242089,0.046
6,2,0.2,76,10,0.3,0.3,7,3,-3.48358557626858,0.046
6,2,0.2,77,10,0.3,0.3,7,3,-3.49303257728465,0.046
6,2,0.2,138,10,0.3,0.3,7,3,-2.22487565765286,0.046
6,2,0.2,176,10,0.3,0.3,7,3,-2.47312579872781,0.046
6,2,0.2,186,10,0.3,0.3,7,3,-2.1758911521392,0.046
6,2,0.2,229,10,0.3,0.3,7,3,-3.66219896223993,0.046
6,2,0.2,241,10,0.3,0.3,7,3,-2.59628797596309,0.046
6,2,0.2,278,10,0.3,0.3,7,3,-4.073214162912,0.046
6,2,0.2,300,10,0.3,0.3,7,3,-2.6779607731749,0.046
6,2,0.2,302,10,0.3,0.3,7,3,-2.89471988143202,0.046
6,2,0.2,464,10,0.3,0.3,7,3,-2.81613011810811,0.046
6,2,0.2,24,10,0.3,0.3,7,3,-2.86738874570295,0.048
6,2,0.2,63,10,0.3,0.3,7,3,-2.92497999549883,0.048
6,2,0.2,105,10,0.3,0.3,7,3,-2.21799356466784,0.048
6,2,0.2,116,10,0.3,0.3,7,3,-3.14353818248526,0.048
6,2,0.2,136,10,0.3,0.3,7,3,-3.10031524800416,0.048
6,2,0.2,191,10,0.3,0.3,7,3,-3.03745314634111,0.048
6,2,0.2,193,10,0.3,0.3,7,3,-3.91194871630776,0.048
6,2,0.2,224,10,0.3,0.3,7,3,-3.05334870318737,0.048
6,2,0.2,246,10,0.3,0.3,7,3,-3.2361666794996,0.048
6,2,0.2,275,10,0.3,0.3,7,3,-3.17998525731778,0.048
6,2,0.2,312,10,0.3,0.3,7,3,-4.12527943780412,0.048
6,2,0.2,368,10,0.3,0.3,7,3,-4.05995077705023,0.048
6,2,0.2,376,10,0.3,0.3,7,3,-3.11383427234929,0.048
6,2,0.2,383,10,0.3,0.3,7,3,-3.40157113318969,0.048
6,2,0.2,393,10,0.3,0.3,7,3,-2.24395944544983,0.048
6,2,0.2,489,10,0.3,0.3,7,3,-3.41291232309754,0.048
6,2,0.2,41,10,0.3,0.3,7,3,-3.58339805752237,0.05
6,2,0.2,119,10,0.3,0.3,7,3,-3.03405592003151,0.05
6,2,0.2,169,10,0.3,0.3,7,3,-3.32636916361048,0.05
6,2,0.2,319,10,0.3,0.3,7,3,-2.31034474225166,0.05
6,2,0.2,324,10,0.3,0.3,7,3,-2.78376469399518,0.05
6,2,0.2,339,10,0.3,0.3,7,3,-3.55218035288098,0.05
6,2,0.2,388,10,0.3,0.3,7,3,-3.06788615512409,0.05
6,2,0.2,390,10,0.3,0.3,7,3,-3.56297314887672,0.05
6,2,0.2,412,10,0.3,0.3,7,3,-4.40273386495872,0.05
6,2,0.2,471,10,0.3,0.3,7,3,-2.11487457384061,0.05
6,2,0.2,499,10,0.3,0.3,7,3,-2.73762796911322,0.05
6,2,0.2,42,10,0.3,0.3,7,3,-2.56922561430665,0.052
6,2,0.2,185,10,0.3,0.3,7,3,-1.66281761727404,0.052
6,2,0.2,192,10,0.3,0.3,7,3,-2.61360458107615,0.052
6,2,0.2,336,10,0.3,0.3,7,3,-2.57629096598265,0.052
6,2,0.2,363,10,0.3,0.3,7,3,-2.85860146908431,0.052
6,2,0.2,371,10,0.3,0.3,7,3,-2.02918983505373,0.052
6,2,0.2,378,10,0.3,0.3,7,3,-3.16877320427346,0.052
6,2,0.2,421,10,0.3,0.3,7,3,-4.30017820167211,0.052
6,2,0.2,478,10,0.3,0.3,7,3,-2.79047206635627,0.052
6,2,0.2,1,10,0.3,0.3,7,3,-2.42823761728462,0.054
6,2,0.2,5,10,0.3,0.3,7,3,-2.85259017123713,0.054
6,2,0.2,72,10,0.3,0.3,7,3,-2.90943766214278,0.054
6,2,0.2,100,10,0.3,0.3,7,3,-2.91314721669832,0.054
6,2,0.2,110,10,0.3,0.3,7,3,-2.38484210477779,0.054
6,2,0.2,161,10,0.3,0.3,7,3,-2.86759902755449,0.054
6,2,0.2,314,10,0.3,0.3,7,3,-2.89634994327827,0.054
6,2,0.2,379,10,0.3,0.3,7,3,-3.88793305503035,0.054
6,2,0.2,391,10,0.3,0.3,7,3,-2.19834112583476,0.054
6,2,0.2,473,10,0.3,0.3,7,3,-2.75728065103269,0.054
6,2,0.2,482,10,0.3,0.3,7,3,-2.77985037852426,0.054
6,2,0.2,22,10,0.3,0.3,7,3,-1.9711573646405,0.056
6,2,0.2,25,10,0.3,0.3,7,3,-3.23407092747942,0.056
6,2,0.2,30,10,0.3,0.3,7,3,-2.18794196791961,0.056
6,2,0.2,33,10,0.3,0.3,7,3,-2.59409828838784,0.056
6,2,0.2,64,10,0.3,0.3,7,3,-4.34675377078568,0.056
6,2,0.2,82,10,0.3,0.3,7,3,-2.41204800122563,0.056
6,2,0.2,137,10,0.3,0.3,7,3,-4.46938875784602,0.056
6,2,0.2,177,10,0.3,0.3,7,3,-3.19869782744536,0.056
6,2,0.2,208,10,0.3,0.3,7,3,-2.06266735104754,0.056
6,2,0.2,240,10,0.3,0.3,7,3,-2.71833470872474,0.056
6,2,0.2,242,10,0.3,0.3,7,3,-3.45269214551737,0.056
6,2,0.2,284,10,0.3,0.3,7,3,-2.71440690284189,0.056
6,2,0.2,297,10,0.3,0.3,7,3,-2.79832833416685,0.056
6,2,0.2,381,10,0.3,0.3,7,3,-3.5511100401024,0.056
6,2,0.2,423,10,0.3,0.3,7,3,-2.31133953019915,0.056
6,2,0.2,448,10,0.3,0.3,7,3,-4.84752308794597,0.056
6,2,0.2,14,10,0.3,0.3,7,3,-1.78021479400141,0.058
6,2,0.2,15,10,0.3,0.3,7,3,-2.70134665238899,0.058
6,2,0.2,49,10,0.3,0.3,7,3,-2.47216846471466,0.058
6,2,0.2,57,10,0.3,0.3,7,3,-1.77541408753709,0.058
6,2,0.2,80,10,0.3,0.3,7,3,-3.23851880300799,0.058
6,2,0.2,88,10,0.3,0.3,7,3,-2.70209421104229,0.058
6,2,0.2,104,10,0.3,0.3,7,3,-2.8909738123379,0.058
6,2,0.2,126,10,0.3,0.3,7,3,-3.10193186616229,0.058
6,2,0.2,141,10,0.3,0.3,7,3,-2.73874698240729,0.058
6,2,0.2,261,10,0.3,0.3,7,3,-2.46341092895298,0.058
6,2,0.2,265,10,0.3,0.3,7,3,-2.8153551067978,0.058
6,2,0.2,306,10,0.3,0.3,7,3,-3.48337297947973,0.058
6,2,0.2,325,10,0.3,0.3,7,3,-2.252317275774,0.058
6,2,0.2,344,10,0.3,0.3,7,3,-2.28920345532509,0.058
6,2,0.2,348,10,0.3,0.3,7,3,-3.04605712962652,0.058
6,2,0.2,400,10,0.3,0.3,7,3,-2.59239930026112,0.058
6,2,0.2,416,10,0.3,0.3,7,3,-3.13336936708771,0.058
6,2,0.2,431,10,0.3,0.3,7,3,-3.4572192851337,0.058
6,2,0.2,461,10,0.3,0.3,7,3,-3.19798222478028,0.058
6,2,0.2,480,10,0.3,0.3,7,3,-1.76843767213509,0.058
6,2,0.2,52,10,0.3,0.3,7,3,-3.118699385112,0.06
6,2,0.2,60,10,0.3,0.3,7,3,-2.4451922707548,0.06
6,2,0.2,109,10,0.3,0.3,7,3,-2.79659257023323,0.06
6,2,0.2,113,10,0.3,0.3,7,3,-2.46692206202815,0.06
6,2,0.2,188,10,0.3,0.3,7,3,-2.37792495948776,0.06
6,2,0.2,195,10,0.3,0.3,7,3,-3.4472061543415,0.06
6,2,0.2,258,10,0.3,0.3,7,3,-3.9152729145612,0.06
6,2,0.2,337,10,0.3,0.3,7,3,-2.55775174312328,0.06
6,2,0.2,346,10,0.3,0.3,7,3,-3.1568021769032,0.06
6,2,0.2,349,10,0.3,0.3,7,3,-2.98142091797183,0.06
6,2,0.2,359,10,0.3,0.3,7,3,-3.86603476219605,0.06
6,2,0.2,362,10,0.3,0.3,7,3,-2.12892020997063,0.06
6,2,0.2,380,10,0.3,0.3,7,3,-2.1162546017791,0.06
6,2,0.2,394,10,0.3,0.3,7,3,-1.47953082954379,0.06
6,2,0.2,48,10,0.3,0.3,7,3,-2.7516910541504,0.062
6,2,0.2,190,10,0.3,0.3,7,3,-1.57511975699478,0.062
6,2,0.2,206,10,0.3,0.3,7,3,-2.07007048314665,0.062
6,2,0.2,283,10,0.3,0.3,7,3,-3.34937028019957,0.062
6,2,0.2,298,10,0.3,0.3,7,3,-2.84299646634904,0.062
6,2,0.2,322,10,0.3,0.3,7,3,-4.18727688520545,0.062
6,2,0.2,330,10,0.3,0.3,7,3,-3.09085868236946,0.062
6,2,0.2,366,10,0.3,0.3,7,3,-3.31428547807519,0.062
6,2,0.2,377,10,0.3,0.3,7,3,-2.93576264420096,0.062
6,2,0.2,415,10,0.3,0.3,7,3,-2.91850299245266,0.062
6,2,0.2,444,10,0.3,0.3,7,3,-2.82221355444713,0.062
6,2,0.2,494,10,0.3,0.3,7,3,-2.92484819042863,0.062
6,2,0.2,10,10,0.3,0.3,7,3,-3.1163570881676,0.064
6,2,0.2,13,10,0.3,0.3,7,3,-2.9972024863122,0.064
6,2,0.2,96,10,0.3,0.3,7,3,-3.77478579871953,0.064
6,2,0.2,115,10,0.3,0.3,7,3,-3.02469288839103,0.064
6,2,0.2,253,10,0.3,0.3,7,3,-2.94747072610153,0.064
6,2,0.2,353,10,0.3,0.3,7,3,-2.6427508967075,0.064
6,2,0.2,9,10,0.3,0.3,7,3,-4.51994015632476,0.066
6,2,0.2,37,10,0.3,0.3,7,3,-3.15252346538256,0.066
6,2,0.2,181,10,0.3,0.3,7,3,-1.63584657311549,0.066
6,2,0.2,243,10,0.3,0.3,7,3,-2.47701520747478,0.066
6,2,0.2,256,10,0.3,0.3,7,3,-3.77957037958996,0.066
6,2,0.2,397,10,0.3,0.3,7,3,-2.53529695139264,0.066
6,2,0.2,429,10,0.3,0.3,7,3,-2.99091019320838,0.066
6,2,0.2,465,10,0.3,0.3,7,3,-2.18038473052786,0.066
6,2,0.2,481,10,0.3,0.3,7,3,-1.8376960544829,0.066
6,2,0.2,485,10,0.3,0.3,7,3,-1.77135365760546,0.066
6,2,0.2,4,10,0.3,0.3,7,3,-2.43874144192179,0.068
6,2,0.2,78,10,0.3,0.3,7,3,-2.48449995972777,0.068
6,2,0.2,112,10,0.3,0.3,7,3,-1.7864204846673,0.068
6,2,0.2,157,10,0.3,0.3,7,3,-3.85743771104691,0.068
6,2,0.2,171,10,0.3,0.3,7,3,-3.62491056081811,0.068
6,2,0.2,269,10,0.3,0.3,7,3,-2.40828878505536,0.068
6,2,0.2,329,10,0.3,0.3,7,3,-4.25926380910198,0.068
6,2,0.2,440,10,0.3,0.3,7,3,-3.54572848234571,0.068
6,2,0.2,36,10,0.3,0.3,7,3,-2.49138693457115,0.07
6,2,0.2,68,10,0.3,0.3,7,3,-1.40437501975052,0.07
6,2,0.2,184,10,0.3,0.3,7,3,-2.29852655731045,0.07
6,2,0.2,323,10,0.3,0.3,7,3,-2.90812520214976,0.07
6,2,0.2,326,10,0.3,0.3,7,3,-2.03763488627825,0.07
6,2,0.2,369,10,0.3,0.3,7,3,-3.25742691626189,0.07
6,2,0.2,470,10,0.3,0.3,7,3,-2.72508445141054,0.07
6,2,0.2,477,10,0.3,0.3,7,3,-2.30631308296915,0.07
6,2,0.2,498,10,0.3,0.3,7,3,-3.3545834088537,0.07
6,2,0.2,11,10,0.3,0.3,7,3,-2.47555425064317,0.072
6,2,0.2,12,10,0.3,0.3,7,3,-3.65885512721431,0.072
6,2,0.2,39,10,0.3,0.3,7,3,-3.47431119385172,0.072
6,2,0.2,89,10,0.3,0.3,7,3,-2.11114913522567,0.072
6,2,0.2,150,10,0.3,0.3,7,3,-2.92409502674781,0.072
6,2,0.2,175,10,0.3,0.3,7,3,-3.01208565769252,0.072
6,2,0.2,437,10,0.3,0.3,7,3,-2.41179839897893,0.072
6,2,0.2,459,10,0.3,0.3,7,3,-2.46381975934909,0.072
6,2,0.2,262,10,0.3,0.3,7,3,-3.16846693978968,0.074
6,2,0.2,406,10,0.3,0.3,7,3,-3.35598864578017,0.074
6,2,0.2,468,10,0.3,0.3,7,3,-2.60818139245944,0.074
6,2,0.2,249,10,0.3,0.3,7,3,-2.17552044036765,0.076
6,2,0.2,310,10,0.3,0.3,7,3,-2.31841952167389,0.076
6,2,0.2,417,10,0.3,0.3,7,3,-3.60002588575648,0.076
6,2,0.2,420,10,0.3,0.3,7,3,-1.74737882006605,0.078
6,2,0.2,428,10,0.3,0.3,7,3,-3.33397993226444,0.078
6,2,0.2,484,10,0.3,0.3,7,3,-1.92067305347686,0.078
6,2,0.2,59,10,0.3,0.3,7,3,-2.10066533482976,0.08
6,2,0.2,66,10,0.3,0.3,7,3,-2.78386698917816,0.08
6,2,0.2,212,10,0.3,0.3,7,3,-2.45000998483823,0.08
6,2,0.2,26,10,0.3,0.3,7,3,-1.67408393044798,0.082
6,2,0.2,167,10,0.3,0.3,7,3,-1.85600271625896,0.082
6,2,0.2,286,10,0.3,0.3,7,3,-2.72790804837572,0.082
6,2,0.2,291,10,0.3,0.3,7,3,-1.99303341632813,0.082
6,2,0.2,487,10,0.3,0.3,7,3,-2.41489308911196,0.082
6,2,0.2,90,10,0.3,0.3,7,3,-2.09924048030862,0.084
6,2,0.2,152,10,0.3,0.3,7,3,-3.56334989602976,0.084
6,2,0.2,207,10,0.3,0.3,7,3,-2.26459436545736,0.084
6,2,0.2,247,10,0.3,0.3,7,3,-1.0759744534015,0.084
6,2,0.2,217,10,0.3,0.3,7,3,-1.97703706648034,0.086
6,2,0.2,270,10,0.3,0.3,7,3,-2.5854119051393,0.086
6,2,0.2,272,10,0.3,0.3,7,3,-2.07500421570913,0.088
6,2,0.2,129,10,0.3,0.3,7,3,-1.37674804773178,0.09
6,2,0.2,144,10,0.3,0.3,7,3,-1.4013827201494,0.09
6,2,0.2,357,10,0.3,0.3,7,3,-1.57649532129105,0.09
6,2,0.2,101,10,0.3,0.3,7,3,-2.6308338220509,0.092
6,2,0.2,296,10,0.3,0.3,7,3,-2.5338779273458,0.092
6,2,0.2,307,10,0.3,0.3,7,3,-1.95178328125834,0.092
6,2,0.2,316,10,0.3,0.3,7,3,-3.58257965016705,0.092
6,2,0.2,425,10,0.3,0.3,7,3,-2.25804102182596,0.096
6,2,0.2,233,10,0.3,0.3,7,3,-1.88054658541404,0.098
6,2,0.2,338,10,0.3,0.3,7,3,-1.96778132309939,0.1
6,2,0.2,373,10,0.3,0.3,7,3,-2.29234282192073,0.104
6,2,0.2,442,10,0.3,0.3,7,3,-1.5778101675356,0.108
6,2,0.2,452,10,0.3,0.3,7,3,-2.48882024166463,0.114
6,2,0.2,21,10,0.3,0.3,7,3,-1.87145746271213,0.118
6,2,0.2,145,10,0.3,0.3,7,3,-1.5069790896849,0.122
6,2,0.2,490,10,0.3,0.3,7,3,-1.71052088464347,0.128
6,2,0.2,441,10,0.3,0.3,7,3,-1.98020294968973,0.13
6,2,0.2,318,10,0.3,0.3,7,3,-1.12292271821485,0.138
6,2,0.2,17,10,0.3,0.3,7,3,-2.48059727113986,0.144
6,2,0.2,139,10,0.3,0.3,7,3,-1.78792678119061,0.144
6,2,0.2,204,10,0.3,0.3,7,3,-1.94191934927079,0.152
6,2,0.2,293,10,0.3,0.3,7,3,-0.943964692260579,0.166
6,2,0.2,409,10,0.3,0.3,7,3,-1.45228501160963,0.178
6,2,0.2,294,10,0.3,0.3,7,3,-1.7939032520116,0.182
6,2,0.2,352,10,0.3,0.3,7,3,-1.2453317039205,0.328
6,2,0.2,213,10,0.3,0.3,7,3,-0.817714100588972,0.352
6,2,0.2,158,10,0.3,0.3,7,3,-1.01209592686089,0.364
6,2,0.2,75,10,0.3,0.3,7,3,-0.985827742479955,0.558
6,2,0.2,35,10,0.3,0.3,8,3,-4.52576208581698,0
6,2,0.2,45,10,0.3,0.3,8,3,-3.02884976009736,0
6,2,0.2,56,10,0.3,0.3,8,3,-2.99915186934334,0
6,2,0.2,102,10,0.3,0.3,8,3,-2.75052720837249,0
6,2,0.2,226,10,0.3,0.3,8,3,-2.76823853935556,0
6,2,0.2,245,10,0.3,0.3,8,3,-4.14680302548874,0
6,2,0.2,267,10,0.3,0.3,8,3,-3.59889476934265,0
6,2,0.2,350,10,0.3,0.3,8,3,-3.67905417733354,0
6,2,0.2,365,10,0.3,0.3,8,3,-3.58141948300181,0
6,2,0.2,409,10,0.3,0.3,8,3,-2.34617827657721,0
6,2,0.2,457,10,0.3,0.3,8,3,-3.27493438674983,0
6,2,0.2,466,10,0.3,0.3,8,3,-3.1975638575108,0
6,2,0.2,486,10,0.3,0.3,8,3,-3.4090192693574,0
6,2,0.2,21,10,0.3,0.3,8,3,-2.92209176013824,0.002
6,2,0.2,50,10,0.3,0.3,8,3,-2.84442712072817,0.002
6,2,0.2,91,10,0.3,0.3,8,3,-2.68681168586107,0.002
6,2,0.2,184,10,0.3,0.3,8,3,-2.95349157094799,0.002
6,2,0.2,215,10,0.3,0.3,8,3,-3.79144500211726,0.002
6,2,0.2,233,10,0.3,0.3,8,3,-3.22481436187624,0.002
6,2,0.2,254,10,0.3,0.3,8,3,-4.47465252030744,0.002
6,2,0.2,289,10,0.3,0.3,8,3,-3.43393986959947,0.002
6,2,0.2,298,10,0.3,0.3,8,3,-3.93367937594013,0.002
6,2,0.2,354,10,0.3,0.3,8,3,-3.66030647459124,0.002
6,2,0.2,384,10,0.3,0.3,8,3,-4.43401913142023,0.002
6,2,0.2,410,10,0.3,0.3,8,3,-3.23707133944086,0.002
6,2,0.2,412,10,0.3,0.3,8,3,-3.0001559849496,0.002
6,2,0.2,449,10,0.3,0.3,8,3,-3.56110482418981,0.002
6,2,0.2,485,10,0.3,0.3,8,3,-3.33774936816579,0.002
6,2,0.2,241,10,0.3,0.3,8,3,-3.57125190228697,0.004
6,2,0.2,261,10,0.3,0.3,8,3,-3.63951288123604,0.004
6,2,0.2,273,10,0.3,0.3,8,3,-3.35136459514703,0.004
6,2,0.2,276,10,0.3,0.3,8,3,-2.99912016727572,0.004
6,2,0.2,288,10,0.3,0.3,8,3,-4.21094853941361,0.004
6,2,0.2,315,10,0.3,0.3,8,3,-3.43192508914893,0.004
6,2,0.2,325,10,0.3,0.3,8,3,-3.16726403703422,0.004
6,2,0.2,333,10,0.3,0.3,8,3,-2.66792449307232,0.004
6,2,0.2,364,10,0.3,0.3,8,3,-3.92135600692345,0.004
6,2,0.2,422,10,0.3,0.3,8,3,-3.68715290314324,0.004
6,2,0.2,454,10,0.3,0.3,8,3,-3.34992633147488,0.004
6,2,0.2,477,10,0.3,0.3,8,3,-3.16442584505353,0.004
6,2,0.2,12,10,0.3,0.3,8,3,-3.66361992948745,0.006
6,2,0.2,34,10,0.3,0.3,8,3,-4.06421920644647,0.006
6,2,0.2,116,10,0.3,0.3,8,3,-3.98223872959758,0.006
6,2,0.2,137,10,0.3,0.3,8,3,-3.2169752300199,0.006
6,2,0.2,149,10,0.3,0.3,8,3,-4.2556414361612,0.006
6,2,0.2,152,10,0.3,0.3,8,3,-3.36925666109295,0.006
6,2,0.2,222,10,0.3,0.3,8,3,-3.08448189102714,0.006
6,2,0.2,290,10,0.3,0.3,8,3,-3.27859788046013,0.006
6,2,0.2,332,10,0.3,0.3,8,3,-3.20719287931507,0.006
6,2,0.2,375,10,0.3,0.3,8,3,-3.20658138697388,0.006
6,2,0.2,379,10,0.3,0.3,8,3,-2.91336174585351,0.006
6,2,0.2,476,10,0.3,0.3,8,3,-4.09582470617173,0.006
6,2,0.2,483,10,0.3,0.3,8,3,-4.03103399968833,0.006
6,2,0.2,5,10,0.3,0.3,8,3,-3.01410716358217,0.008
6,2,0.2,13,10,0.3,0.3,8,3,-4.25531179889595,0.008
6,2,0.2,39,10,0.3,0.3,8,3,-2.90301114134022,0.008
6,2,0.2,121,10,0.3,0.3,8,3,-3.58256761279605,0.008
6,2,0.2,127,10,0.3,0.3,8,3,-4.08368196974862,0.008
6,2,0.2,186,10,0.3,0.3,8,3,-4.90268184102067,0.008
6,2,0.2,208,10,0.3,0.3,8,3,-4.26497168195243,0.008
6,2,0.2,246,10,0.3,0.3,8,3,-2.73785611211346,0.008
6,2,0.2,279,10,0.3,0.3,8,3,-4.00155596487966,0.008
6,2,0.2,283,10,0.3,0.3,8,3,-4.33331898293127,0.008
6,2,0.2,287,10,0.3,0.3,8,3,-2.86473487806273,0.008
6,2,0.2,329,10,0.3,0.3,8,3,-2.50278533102824,0.008
6,2,0.2,341,10,0.3,0.3,8,3,-2.69801912796913,0.008
6,2,0.2,386,10,0.3,0.3,8,3,-3.47433758183701,0.008
6,2,0.2,418,10,0.3,0.3,8,3,-2.95594443682876,0.008
6,2,0.2,424,10,0.3,0.3,8,3,-3.84994007056591,0.008
6,2,0.2,436,10,0.3,0.3,8,3,-3.34420827341168,0.008
6,2,0.2,470,10,0.3,0.3,8,3,-3.8183612414484,0.008
6,2,0.2,38,10,0.3,0.3,8,3,-2.33664877866968,0.01
6,2,0.2,51,10,0.3,0.3,8,3,-2.44835573225521,0.01
6,2,0.2,97,10,0.3,0.3,8,3,-4.29441560939267,0.01
6,2,0.2,178,10,0.3,0.3,8,3,-3.16143119237358,0.01
6,2,0.2,209,10,0.3,0.3,8,3,-3.19284323791709,0.01
6,2,0.2,213,10,0.3,0.3,8,3,-4.2162185376896,0.01
6,2,0.2,247,10,0.3,0.3,8,3,-3.7323879358535,0.01
6,2,0.2,277,10,0.3,0.3,8,3,-2.91105338180884,0.01
6,2,0.2,286,10,0.3,0.3,8,3,-3.15739882653338,0.01
6,2,0.2,297,10,0.3,0.3,8,3,-3.51494458052363,0.01
6,2,0.2,318,10,0.3,0.3,8,3,-3.24745204182875,0.01
6,2,0.2,356,10,0.3,0.3,8,3,-3.43390953340409,0.01
6,2,0.2,388,10,0.3,0.3,8,3,-3.83094945398693,0.01
6,2,0.2,1,10,0.3,0.3,8,3,-3.46235470222243,0.012
6,2,0.2,26,10,0.3,0.3,8,3,-2.4919014522884,0.012
6,2,0.2,33,10,0.3,0.3,8,3,-3.15399670008509,0.012
6,2,0.2,129,10,0.3,0.3,8,3,-3.49394009650447,0.012
6,2,0.2,228,10,0.3,0.3,8,3,-3.16253892317968,0.012
6,2,0.2,305,10,0.3,0.3,8,3,-4.06910541376541,0.012
6,2,0.2,316,10,0.3,0.3,8,3,-3.24252922357149,0.012
6,2,0.2,324,10,0.3,0.3,8,3,-2.62650791761132,0.012
6,2,0.2,352,10,0.3,0.3,8,3,-3.35082781898299,0.012
6,2,0.2,360,10,0.3,0.3,8,3,-3.56764682540395,0.012
6,2,0.2,453,10,0.3,0.3,8,3,-3.60757598438565,0.012
6,2,0.2,105,10,0.3,0.3,8,3,-3.87883581783754,0.014
6,2,0.2,112,10,0.3,0.3,8,3,-4.09816241285137,0.014
6,2,0.2,117,10,0.3,0.3,8,3,-3.84518026720991,0.014
6,2,0.2,118,10,0.3,0.3,8,3,-2.95043983875004,0.014
6,2,0.2,123,10,0.3,0.3,8,3,-3.9745525979626,0.014
6,2,0.2,240,10,0.3,0.3,8,3,-3.08411807709379,0.014
6,2,0.2,258,10,0.3,0.3,8,3,-3.60978925275305,0.014
6,2,0.2,299,10,0.3,0.3,8,3,-2.48330277021088,0.014
6,2,0.2,371,10,0.3,0.3,8,3,-3.23842586453688,0.014
6,2,0.2,382,10,0.3,0.3,8,3,-3.48768200300654,0.014
6,2,0.2,425,10,0.3,0.3,8,3,-2.5125734864375,0.014
6,2,0.2,428,10,0.3,0.3,8,3,-3.63294349665634,0.014
6,2,0.2,431,10,0.3,0.3,8,3,-2.41735720852665,0.014
6,2,0.2,438,10,0.3,0.3,8,3,-2.72739456512784,0.014
6,2,0.2,492,10,0.3,0.3,8,3,-2.64440822937485,0.014
6,2,0.2,494,10,0.3,0.3,8,3,-2.63866894600716,0.014
6,2,0.2,4,10,0.3,0.3,8,3,-3.50758787321922,0.016
6,2,0.2,8,10,0.3,0.3,8,3,-3.13175151909303,0.016
6,2,0.2,174,10,0.3,0.3,8,3,-2.91894595866367,0.016
6,2,0.2,263,10,0.3,0.3,8,3,-3.63119383296166,0.016
6,2,0.2,265,10,0.3,0.3,8,3,-2.76584025673986,0.016
6,2,0.2,344,10,0.3,0.3,8,3,-2.89676890129289,0.016
6,2,0.2,381,10,0.3,0.3,8,3,-3.26339081292804,0.016
6,2,0.2,423,10,0.3,0.3,8,3,-2.96316481801185,0.016
6,2,0.2,464,10,0.3,0.3,8,3,-3.6566758807962,0.016
6,2,0.2,488,10,0.3,0.3,8,3,-2.79535733502792,0.016
6,2,0.2,7,10,0.3,0.3,8,3,-2.9255818689424,0.018
6,2,0.2,32,10,0.3,0.3,8,3,-2.84856193117994,0.018
6,2,0.2,37,10,0.3,0.3,8,3,-3.34741537563758,0.018
6,2,0.2,41,10,0.3,0.3,8,3,-2.90976235279783,0.018
6,2,0.2,43,10,0.3,0.3,8,3,-3.91941856775753,0.018
6,2,0.2,46,10,0.3,0.3,8,3,-4.14878278593565,0.018
6,2,0.2,49,10,0.3,0.3,8,3,-3.04380729017507,0.018
6,2,0.2,85,10,0.3,0.3,8,3,-3.47219915262485,0.018
6,2,0.2,100,10,0.3,0.3,8,3,-4.40348019684518,0.018
6,2,0.2,126,10,0.3,0.3,8,3,-4.72022563012555,0.018
6,2,0.2,145,10,0.3,0.3,8,3,-4.18942346911169,0.018
6,2,0.2,146,10,0.3,0.3,8,3,-2.72876536781459,0.018
6,2,0.2,256,10,0.3,0.3,8,3,-2.40855962804238,0.018
6,2,0.2,285,10,0.3,0.3,8,3,-2.81656538190805,0.018
6,2,0.2,348,10,0.3,0.3,8,3,-2.27035275937735,0.018
6,2,0.2,420,10,0.3,0.3,8,3,-4.13453256522592,0.018
6,2,0.2,430,10,0.3,0.3,8,3,-3.6469823030279,0.018
6,2,0.2,478,10,0.3,0.3,8,3,-2.11061627865965,0.018
6,2,0.2,16,10,0.3,0.3,8,3,-2.97888454721237,0.02
6,2,0.2,103,10,0.3,0.3,8,3,-2.15765296895225,0.02
6,2,0.2,185,10,0.3,0.3,8,3,-4.04240934160768,0.02
6,2,0.2,188,10,0.3,0.3,8,3,-3.55246005116132,0.02
6,2,0.2,220,10,0.3,0.3,8,3,-3.37110645721128,0.02
6,2,0.2,275,10,0.3,0.3,8,3,-3.63502642928154,0.02
6,2,0.2,295,10,0.3,0.3,8,3,-3.3901926781395,0.02
6,2,0.2,346,10,0.3,0.3,8,3,-2.50763846608507,0.02
6,2,0.2,363,10,0.3,0.3,8,3,-3.11574501094987,0.02
6,2,0.2,407,10,0.3,0.3,8,3,-3.26284942106449,0.02
6,2,0.2,450,10,0.3,0.3,8,3,-3.57008276953906,0.02
6,2,0.2,468,10,0.3,0.3,8,3,-3.56820295474034,0.02
6,2,0.2,23,10,0.3,0.3,8,3,-1.73290256385368,0.022
6,2,0.2,259,10,0.3,0.3,8,3,-3.40976187241466,0.022
6,2,0.2,302,10,0.3,0.3,8,3,-3.37377544008601,0.022
6,2,0.2,320,10,0.3,0.3,8,3,-3.9035702879514,0.022
6,2,0.2,427,10,0.3,0.3,8,3,-2.64656065836579,0.022
6,2,0.2,491,10,0.3,0.3,8,3,-1.94489568082548,0.022
6,2,0.2,66,10,0.3,0.3,8,3,-3.8408743876594,0.024
6,2,0.2,67,10,0.3,0.3,8,3,-2.90261840652911,0.024
6,2,0.2,87,10,0.3,0.3,8,3,-2.43945415194111,0.024
6,2,0.2,132,10,0.3,0.3,8,3,-3.08242645222367,0.024
6,2,0.2,160,10,0.3,0.3,8,3,-2.58652722520193,0.024
6,2,0.2,173,10,0.3,0.3,8,3,-4.74994674398138,0.024
6,2,0.2,180,10,0.3,0.3,8,3,-2.4287206889253,0.024
6,2,0.2,270,10,0.3,0.3,8,3,-4.28268643286472,0.024
6,2,0.2,296,10,0.3,0.3,8,3,-3.82549227177984,0.024
6,2,0.2,367,10,0.3,0.3,8,3,-3.45274029417965,0.024
6,2,0.2,53,10,0.3,0.3,8,3,-3.68791882193844,0.026
6,2,0.2,74,10,0.3,0.3,8,3,-2.97414240116956,0.026
6,2,0.2,75,10,0.3,0.3,8,3,-2.81829045771377,0.026
6,2,0.2,76,10,0.3,0.3,8,3,-3.79991863116055,0.026
6,2,0.2,114,10,0.3,0.3,8,3,-2.93570383124577,0.026
6,2,0.2,138,10,0.3,0.3,8,3,-3.68058457493555,0.026
6,2,0.2,164,10,0.3,0.3,8,3,-2.58911525664675,0.026
6,2,0.2,207,10,0.3,0.3,8,3,-3.12591757509406,0.026
6,2,0.2,294,10,0.3,0.3,8,3,-3.57535725079242,0.026
6,2,0.2,310,10,0.3,0.3,8,3,-3.6378627045107,0.026
6,2,0.2,405,10,0.3,0.3,8,3,-2.75942939045359,0.026
6,2,0.2,406,10,0.3,0.3,8,3,-2.59524500238811,0.026
6,2,0.2,413,10,0.3,0.3,8,3,-1.49888144116483,0.026
6,2,0.2,447,10,0.3,0.3,8,3,-3.13296917674077,0.026
6,2,0.2,479,10,0.3,0.3,8,3,-3.18133416490625,0.026
6,2,0.2,481,10,0.3,0.3,8,3,-1.96651803806262,0.026
6,2,0.2,11,10,0.3,0.3,8,3,-2.71526913189896,0.028
6,2,0.2,54,10,0.3,0.3,8,3,-2.64216647421014,0.028
6,2,0.2,134,10,0.3,0.3,8,3,-3.82480430332015,0.028
6,2,0.2,140,10,0.3,0.3,8,3,-4.42511053852706,0.028
6,2,0.2,197,10,0.3,0.3,8,3,-2.33397574379316,0.028
6,2,0.2,271,10,0.3,0.3,8,3,-3.66321484911992,0.028
6,2,0.2,313,10,0.3,0.3,8,3,-4.12534454547074,0.028
6,2,0.2,340,10,0.3,0.3,8,3,-3.34371359265205,0.028
6,2,0.2,446,10,0.3,0.3,8,3,-3.05364829768257,0.028
6,2,0.2,500,10,0.3,0.3,8,3,-2.98115316570065,0.028
6,2,0.2,31,10,0.3,0.3,8,3,-2.09809265811239,0.03
6,2,0.2,79,10,0.3,0.3,8,3,-2.38678474924976,0.03
6,2,0.2,101,10,0.3,0.3,8,3,-3.37665189432676,0.03
6,2,0.2,183,10,0.3,0.3,8,3,-2.70177920169181,0.03
6,2,0.2,205,10,0.3,0.3,8,3,-3.84433406056431,0.03
6,2,0.2,225,10,0.3,0.3,8,3,-4.09879534348821,0.03
6,2,0.2,260,10,0.3,0.3,8,3,-3.37720810255939,0.03
6,2,0.2,268,10,0.3,0.3,8,3,-4.72780975741608,0.03
6,2,0.2,319,10,0.3,0.3,8,3,-3.06437807876185,0.03
6,2,0.2,462,10,0.3,0.3,8,3,-2.3428240139705,0.03
6,2,0.2,73,10,0.3,0.3,8,3,-2.95373880018562,0.032
6,2,0.2,89,10,0.3,0.3,8,3,-3.17570690035868,0.032
6,2,0.2,98,10,0.3,0.3,8,3,-3.44561887185296,0.032
6,2,0.2,167,10,0.3,0.3,8,3,-3.19170877611305,0.032
6,2,0.2,177,10,0.3,0.3,8,3,-2.78768974634698,0.032
6,2,0.2,337,10,0.3,0.3,8,3,-3.25778035052255,0.032
6,2,0.2,376,10,0.3,0.3,8,3,-2.97622423514929,0.032
6,2,0.2,377,10,0.3,0.3,8,3,-3.39417268492349,0.032
6,2,0.2,389,10,0.3,0.3,8,3,-2.15973070486672,0.032
6,2,0.2,473,10,0.3,0.3,8,3,-2.17413744549566,0.032
6,2,0.2,487,10,0.3,0.3,8,3,-3.51301096432238,0.032
6,2,0.2,64,10,0.3,0.3,8,3,-2.28520792890589,0.034
6,2,0.2,92,10,0.3,0.3,8,3,-1.31412960927153,0.034
6,2,0.2,148,10,0.3,0.3,8,3,-1.41389294009474,0.034
6,2,0.2,163,10,0.3,0.3,8,3,-2.43824516222534,0.034
6,2,0.2,181,10,0.3,0.3,8,3,-3.57910731461365,0.034
6,2,0.2,223,10,0.3,0.3,8,3,-2.83399065824582,0.034
6,2,0.2,227,10,0.3,0.3,8,3,-2.41194635323257,0.034
6,2,0.2,238,10,0.3,0.3,8,3,-4.07608432969764,0.034
6,2,0.2,248,10,0.3,0.3,8,3,-2.33536002028919,0.034
6,2,0.2,355,10,0.3,0.3,8,3,-3.01808645664522,0.034
6,2,0.2,366,10,0.3,0.3,8,3,-3.88037750623604,0.034
6,2,0.2,368,10,0.3,0.3,8,3,-2.8894414198237,0.034
6,2,0.2,378,10,0.3,0.3,8,3,-3.2841031746139,0.034
6,2,0.2,397,10,0.3,0.3,8,3,-2.89471608448736,0.034
6,2,0.2,9,10,0.3,0.3,8,3,-2.44231089311157,0.036
6,2,0.2,42,10,0.3,0.3,8,3,-1.88011020300959,0.036
6,2,0.2,93,10,0.3,0.3,8,3,-2.39249085436177,0.036
6,2,0.2,104,10,0.3,0.3,8,3,-4.29107189265744,0.036
6,2,0.2,128,10,0.3,0.3,8,3,-2.94799210922974,0.036
6,2,0.2,142,10,0.3,0.3,8,3,-3.91657043459031,0.036
6,2,0.2,147,10,0.3,0.3,8,3,-3.25053238129442,0.036
6,2,0.2,206,10,0.3,0.3,8,3,-3.90627273422484,0.036
6,2,0.2,266,10,0.3,0.3,8,3,-3.96947150898237,0.036
6,2,0.2,400,10,0.3,0.3,8,3,-3.13455359587235,0.036
6,2,0.2,402,10,0.3,0.3,8,3,-3.18369743958388,0.036
6,2,0.2,467,10,0.3,0.3,8,3,-3.00086721609659,0.036
6,2,0.2,471,10,0.3,0.3,8,3,-2.16056018520484,0.036
6,2,0.2,495,10,0.3,0.3,8,3,-2.85225437209525,0.036
6,2,0.2,44,10,0.3,0.3,8,3,-3.35895912207627,0.038
6,2,0.2,69,10,0.3,0.3,8,3,-2.92356847341782,0.038
6,2,0.2,154,10,0.3,0.3,8,3,-3.59108498082921,0.038
6,2,0.2,211,10,0.3,0.3,8,3,-2.65554723272658,0.038
6,2,0.2,306,10,0.3,0.3,8,3,-2.4560624025859,0.038
6,2,0.2,309,10,0.3,0.3,8,3,-2.22891825548948,0.038
6,2,0.2,336,10,0.3,0.3,8,3,-3.1473422960984,0.038
6,2,0.2,394,10,0.3,0.3,8,3,-3.18890703272066,0.038
6,2,0.2,399,10,0.3,0.3,8,3,-3.5451061914508,0.038
6,2,0.2,459,10,0.3,0.3,8,3,-3.74340710996304,0.038
6,2,0.2,472,10,0.3,0.3,8,3,-3.33955744613201,0.038
6,2,0.2,480,10,0.3,0.3,8,3,-3.4918562076513,0.038
6,2,0.2,96,10,0.3,0.3,8,3,-2.71105459743629,0.04
6,2,0.2,120,10,0.3,0.3,8,3,-2.35878045904266,0.04
6,2,0.2,122,10,0.3,0.3,8,3,-2.90412860096765,0.04
6,2,0.2,143,10,0.3,0.3,8,3,-2.26988848385705,0.04
6,2,0.2,236,10,0.3,0.3,8,3,-3.05206410714663,0.04
6,2,0.2,280,10,0.3,0.3,8,3,-2.85132765123763,0.04
6,2,0.2,353,10,0.3,0.3,8,3,-3.44431648277038,0.04
6,2,0.2,358,10,0.3,0.3,8,3,-3.04875198359147,0.04
6,2,0.2,444,10,0.3,0.3,8,3,-3.26533704451001,0.04
6,2,0.2,452,10,0.3,0.3,8,3,-2.74946978834348,0.04
6,2,0.2,465,10,0.3,0.3,8,3,-2.48207456242707,0.04
6,2,0.2,475,10,0.3,0.3,8,3,-2.01252929327754,0.04
6,2,0.2,499,10,0.3,0.3,8,3,-2.63887619641264,0.04
6,2,0.2,19,10,0.3,0.3,8,3,-3.52485034321737,0.042
6,2,0.2,30,10,0.3,0.3,8,3,-2.76541329397088,0.042
6,2,0.2,82,10,0.3,0.3,8,3,-3.26486911524947,0.042
6,2,0.2,158,10,0.3,0.3,8,3,-3.3105084334012,0.042
6,2,0.2,175,10,0.3,0.3,8,3,-2.81077473266777,0.042
6,2,0.2,217,10,0.3,0.3,8,3,-3.62468733071245,0.042
6,2,0.2,237,10,0.3,0.3,8,3,-1.78212785202652,0.042
6,2,0.2,257,10,0.3,0.3,8,3,-3.37618715853856,0.042
6,2,0.2,304,10,0.3,0.3,8,3,-3.47427144564216,0.042
6,2,0.2,311,10,0.3,0.3,8,3,-1.86352160031902,0.042
6,2,0.2,390,10,0.3,0.3,8,3,-3.00423535682521,0.042
6,2,0.2,391,10,0.3,0.3,8,3,-3.33631057737421,0.042
6,2,0.2,411,10,0.3,0.3,8,3,-2.79609118281095,0.042
6,2,0.2,417,10,0.3,0.3,8,3,-2.21789497961211,0.042
6,2,0.2,426,10,0.3,0.3,8,3,-2.97302399262563,0.042
6,2,0.2,2,10,0.3,0.3,8,3,-3.97026116806842,0.044
6,2,0.2,36,10,0.3,0.3,8,3,-2.81474990861045,0.044
6,2,0.2,55,10,0.3,0.3,8,3,-4.07129586991857,0.044
6,2,0.2,58,10,0.3,0.3,8,3,-2.41804213844111,0.044
6,2,0.2,84,10,0.3,0.3,8,3,-1.90958468050121,0.044
6,2,0.2,109,10,0.3,0.3,8,3,-2.43895658599715,0.044
6,2,0.2,135,10,0.3,0.3,8,3,-3.88955477625754,0.044
6,2,0.2,229,10,0.3,0.3,8,3,-2.32480270139004,0.044
6,2,0.2,321,10,0.3,0.3,8,3,-4.04285089045595,0.044
6,2,0.2,330,10,0.3,0.3,8,3,-3.08859878854284,0.044
6,2,0.2,361,10,0.3,0.3,8,3,-1.99640293210672,0.044
6,2,0.2,393,10,0.3,0.3,8,3,-3.72819484230573,0.044
6,2,0.2,493,10,0.3,0.3,8,3,-2.28471972414545,0.044
6,2,0.2,15,10,0.3,0.3,8,3,-2.74784521082378,0.046
6,2,0.2,80,10,0.3,0.3,8,3,-2.96370362954698,0.046
6,2,0.2,81,10,0.3,0.3,8,3,-3.81933963099749,0.046
6,2,0.2,99,10,0.3,0.3,8,3,-3.17956885455698,0.046
6,2,0.2,106,10,0.3,0.3,8,3,-3.10714047654781,0.046
6,2,0.2,115,10,0.3,0.3,8,3,-2.63286346170753,0.046
6,2,0.2,130,10,0.3,0.3,8,3,-3.36865866008381,0.046
6,2,0.2,155,10,0.3,0.3,8,3,-3.1945707569532,0.046
6,2,0.2,162,10,0.3,0.3,8,3,-4.13605221377904,0.046
6,2,0.2,170,10,0.3,0.3,8,3,-2.78717218433715,0.046
6,2,0.2,176,10,0.3,0.3,8,3,-2.68430419037026,0.046
6,2,0.2,196,10,0.3,0.3,8,3,-2.65070723637635,0.046
6,2,0.2,201,10,0.3,0.3,8,3,-2.98960143824664,0.046
6,2,0.2,224,10,0.3,0.3,8,3,-2.9847717951846,0.046
6,2,0.2,231,10,0.3,0.3,8,3,-2.58435692544509,0.046
6,2,0.2,255,10,0.3,0.3,8,3,-3.41777936141207,0.046
6,2,0.2,345,10,0.3,0.3,8,3,-2.71481060492653,0.046
6,2,0.2,359,10,0.3,0.3,8,3,-2.21348634012512,0.046
6,2,0.2,369,10,0.3,0.3,8,3,-3.576215220385,0.046
6,2,0.2,414,10,0.3,0.3,8,3,-2.93088061102435,0.046
6,2,0.2,433,10,0.3,0.3,8,3,-3.20951503615814,0.046
6,2,0.2,150,10,0.3,0.3,8,3,-3.30698883292888,0.048
6,2,0.2,159,10,0.3,0.3,8,3,-1.658575673001,0.048
6,2,0.2,165,10,0.3,0.3,8,3,-2.85108718831279,0.048
6,2,0.2,179,10,0.3,0.3,8,3,-3.76641464578165,0.048
6,2,0.2,189,10,0.3,0.3,8,3,-2.48058058511288,0.048
6,2,0.2,221,10,0.3,0.3,8,3,-2.01416040811557,0.048
6,2,0.2,239,10,0.3,0.3,8,3,-2.86012850463237,0.048
6,2,0.2,284,10,0.3,0.3,8,3,-1.84987976690482,0.048
6,2,0.2,387,10,0.3,0.3,8,3,-3.40531750301977,0.048
6,2,0.2,22,10,0.3,0.3,8,3,-2.42648179495899,0.05
6,2,0.2,47,10,0.3,0.3,8,3,-2.85993398563951,0.05
6,2,0.2,59,10,0.3,0.3,8,3,-2.61381012769317,0.05
6,2,0.2,187,10,0.3,0.3,8,3,-3.01235532380477,0.05
6,2,0.2,219,10,0.3,0.3,8,3,-3.14767392931577,0.05
6,2,0.2,264,10,0.3,0.3,8,3,-2.22777759616974,0.05
6,2,0.2,357,10,0.3,0.3,8,3,-2.62125111330226,0.05
6,2,0.2,362,10,0.3,0.3,8,3,-3.67160698999254,0.05
6,2,0.2,429,10,0.3,0.3,8,3,-2.57181108417856,0.05
6,2,0.2,456,10,0.3,0.3,8,3,-2.55914530098147,0.05
6,2,0.2,460,10,0.3,0.3,8,3,-3.00840309223722,0.05
6,2,0.2,461,10,0.3,0.3,8,3,-1.96982819440134,0.05
6,2,0.2,27,10,0.3,0.3,8,3,-3.42621561446057,0.052
6,2,0.2,72,10,0.3,0.3,8,3,-2.32408609959188,0.052
6,2,0.2,107,10,0.3,0.3,8,3,-2.13039756332961,0.052
6,2,0.2,111,10,0.3,0.3,8,3,-1.87147679070904,0.052
6,2,0.2,119,10,0.3,0.3,8,3,-2.7912375971969,0.052
6,2,0.2,139,10,0.3,0.3,8,3,-2.24250771074728,0.052
6,2,0.2,166,10,0.3,0.3,8,3,-2.9773161900099,0.052
6,2,0.2,203,10,0.3,0.3,8,3,-2.85886417126079,0.052
6,2,0.2,212,10,0.3,0.3,8,3,-3.19572955020519,0.052
6,2,0.2,218,10,0.3,0.3,8,3,-2.8510710931933,0.052
6,2,0.2,230,10,0.3,0.3,8,3,-3.31996545029378,0.052
6,2,0.2,234,10,0.3,0.3,8,3,-2.37747761726845,0.052
6,2,0.2,278,10,0.3,0.3,8,3,-3.27360013209682,0.052
6,2,0.2,301,10,0.3,0.3,8,3,-1.76536945110087,0.052
6,2,0.2,339,10,0.3,0.3,8,3,-2.37032267589407,0.052
6,2,0.2,374,10,0.3,0.3,8,3,-4.17011977275291,0.052
6,2,0.2,403,10,0.3,0.3,8,3,-1.24439316558397,0.052
6,2,0.2,484,10,0.3,0.3,8,3,-2.87936245659401,0.052
6,2,0.2,497,10,0.3,0.3,8,3,-2.28870936017606,0.052
6,2,0.2,70,10,0.3,0.3,8,3,-3.1422763456824,0.054
6,2,0.2,78,10,0.3,0.3,8,3,-3.2817984919275,0.054
6,2,0.2,83,10,0.3,0.3,8,3,-2.60647092006658,0.054
6,2,0.2,94,10,0.3,0.3,8,3,-3.33390302952867,0.054
6,2,0.2,172,10,0.3,0.3,8,3,-2.63405609143419,0.054
6,2,0.2,200,10,0.3,0.3,8,3,-2.46582901503544,0.054
6,2,0.2,204,10,0.3,0.3,8,3,-3.19732830648925,0.054
6,2,0.2,214,10,0.3,0.3,8,3,-2.84414346404441,0.054
6,2,0.2,242,10,0.3,0.3,8,3,-2.42780246236299,0.054
6,2,0.2,249,10,0.3,0.3,8,3,-3.19553884881077,0.054
6,2,0.2,252,10,0.3,0.3,8,3,-2.53585067623229,0.054
6,2,0.2,291,10,0.3,0.3,8,3,-3.20398767293653,0.054
6,2,0.2,292,10,0.3,0.3,8,3,-1.93386493477959,0.054
6,2,0.2,327,10,0.3,0.3,8,3,-2.67768860473191,0.054
6,2,0.2,392,10,0.3,0.3,8,3,-2.74585227385393,0.054
6,2,0.2,408,10,0.3,0.3,8,3,-2.73895189201005,0.054
6,2,0.2,445,10,0.3,0.3,8,3,-1.97376891797472,0.054
6,2,0.2,3,10,0.3,0.3,8,3,-3.57074029157337,0.056
6,2,0.2,52,10,0.3,0.3,8,3,-2.66921377114983,0.056
6,2,0.2,68,10,0.3,0.3,8,3,-3.04398266221366,0.056
6,2,0.2,86,10,0.3,0.3,8,3,-1.84552263607628,0.056
6,2,0.2,141,10,0.3,0.3,8,3,-2.0450189947444,0.056
6,2,0.2,156,10,0.3,0.3,8,3,-2.44967056823992,0.056
6,2,0.2,161,10,0.3,0.3,8,3,-3.07217979536873,0.056
6,2,0.2,169,10,0.3,0.3,8,3,-2.5704105710569,0.056
6,2,0.2,250,10,0.3,0.3,8,3,-3.39440778480244,0.056
6,2,0.2,312,10,0.3,0.3,8,3,-3.46533293011819,0.056
6,2,0.2,322,10,0.3,0.3,8,3,-3.1133556274572,0.056
6,2,0.2,334,10,0.3,0.3,8,3,-2.96618735886955,0.056
6,2,0.2,419,10,0.3,0.3,8,3,-3.30836800154779,0.056
6,2,0.2,443,10,0.3,0.3,8,3,-2.78020400973509,0.056
6,2,0.2,498,10,0.3,0.3,8,3,-2.17292540014174,0.056
6,2,0.2,199,10,0.3,0.3,8,3,-3.36278308645842,0.058
6,2,0.2,244,10,0.3,0.3,8,3,-3.02569632854335,0.058
6,2,0.2,300,10,0.3,0.3,8,3,-2.74647043148718,0.058
6,2,0.2,307,10,0.3,0.3,8,3,-1.76734748052212,0.058
6,2,0.2,398,10,0.3,0.3,8,3,-2.23898799397639,0.058
6,2,0.2,435,10,0.3,0.3,8,3,-3.97645605837047,0.058
6,2,0.2,469,10,0.3,0.3,8,3,-2.15698458531045,0.058
6,2,0.2,17,10,0.3,0.3,8,3,-2.26147412067087,0.06
6,2,0.2,28,10,0.3,0.3,8,3,-2.28622094115798,0.06
6,2,0.2,113,10,0.3,0.3,8,3,-1.76130160310186,0.06
6,2,0.2,171,10,0.3,0.3,8,3,-4.13727260635926,0.06
6,2,0.2,282,10,0.3,0.3,8,3,-3.30549515824063,0.06
6,2,0.2,314,10,0.3,0.3,8,3,-2.1396901993846,0.06
6,2,0.2,373,10,0.3,0.3,8,3,-1.92472006784661,0.06
6,2,0.2,383,10,0.3,0.3,8,3,-2.21042432082018,0.06
6,2,0.2,401,10,0.3,0.3,8,3,-2.22082728695906,0.06
6,2,0.2,48,10,0.3,0.3,8,3,-3.10813065793334,0.062
6,2,0.2,125,10,0.3,0.3,8,3,-2.12598539830432,0.062
6,2,0.2,151,10,0.3,0.3,8,3,-2.36247615492863,0.062
6,2,0.2,153,10,0.3,0.3,8,3,-1.77435723334546,0.062
6,2,0.2,182,10,0.3,0.3,8,3,-1.93274930672737,0.062
6,2,0.2,253,10,0.3,0.3,8,3,-2.07162084852257,0.062
6,2,0.2,317,10,0.3,0.3,8,3,-3.79797937265505,0.062
6,2,0.2,326,10,0.3,0.3,8,3,-3.13402579490423,0.062
6,2,0.2,351,10,0.3,0.3,8,3,-3.90233210520626,0.062
6,2,0.2,437,10,0.3,0.3,8,3,-3.97031595496887,0.062
6,2,0.2,442,10,0.3,0.3,8,3,-2.76028020273492,0.062
6,2,0.2,489,10,0.3,0.3,8,3,-4.39219150810376,0.062
6,2,0.2,25,10,0.3,0.3,8,3,-1.30476639198613,0.064
6,2,0.2,77,10,0.3,0.3,8,3,-3.20735025482057,0.064
6,2,0.2,198,10,0.3,0.3,8,3,-3.37568653878293,0.064
6,2,0.2,269,10,0.3,0.3,8,3,-2.10478538933961,0.064
6,2,0.2,272,10,0.3,0.3,8,3,-2.4500868167047,0.064
6,2,0.2,370,10,0.3,0.3,8,3,-3.18852827784323,0.064
6,2,0.2,416,10,0.3,0.3,8,3,-1.77937300237599,0.064
6,2,0.2,458,10,0.3,0.3,8,3,-1.88339019199228,0.064
6,2,0.2,490,10,0.3,0.3,8,3,-3.2954747396133,0.064
6,2,0.2,20,10,0.3,0.3,8,3,-3.89989133132394,0.066
6,2,0.2,24,10,0.3,0.3,8,3,-3.3378825982702,0.066
6,2,0.2,57,10,0.3,0.3,8,3,-1.94580437796952,0.066
6,2,0.2,61,10,0.3,0.3,8,3,-2.27011119898324,0.066
6,2,0.2,88,10,0.3,0.3,8,3,-2.12379864067759,0.066
6,2,0.2,192,10,0.3,0.3,8,3,-2.39746082861467,0.066
6,2,0.2,331,10,0.3,0.3,8,3,-1.97253343955356,0.066
6,2,0.2,342,10,0.3,0.3,8,3,-3.4802545364623,0.066
6,2,0.2,404,10,0.3,0.3,8,3,-2.33412943474315,0.066
6,2,0.2,421,10,0.3,0.3,8,3,-1.12289156616328,0.066
6,2,0.2,6,10,0.3,0.3,8,3,-2.82291689640223,0.068
6,2,0.2,14,10,0.3,0.3,8,3,-2.92172350426364,0.068
6,2,0.2,63,10,0.3,0.3,8,3,-2.70390954779342,0.068
6,2,0.2,124,10,0.3,0.3,8,3,-1.91203358950318,0.068
6,2,0.2,136,10,0.3,0.3,8,3,-1.75603548375631,0.068
6,2,0.2,194,10,0.3,0.3,8,3,-2.29429271554761,0.068
6,2,0.2,202,10,0.3,0.3,8,3,-2.81015093295784,0.068
6,2,0.2,232,10,0.3,0.3,8,3,-2.61818974718921,0.068
6,2,0.2,235,10,0.3,0.3,8,3,-3.72847396787188,0.068
6,2,0.2,338,10,0.3,0.3,8,3,-4.15504765953051,0.068
6,2,0.2,372,10,0.3,0.3,8,3,-2.67687738627978,0.068
6,2,0.2,95,10,0.3,0.3,8,3,-1.88344982642906,0.07
6,2,0.2,195,10,0.3,0.3,8,3,-2.24406759024669,0.07
6,2,0.2,439,10,0.3,0.3,8,3,-3.16648728818873,0.07
6,2,0.2,451,10,0.3,0.3,8,3,-2.57559376039674,0.07
6,2,0.2,40,10,0.3,0.3,8,3,-2.36432177846356,0.072
6,2,0.2,110,10,0.3,0.3,8,3,-3.22679931770941,0.072
6,2,0.2,144,10,0.3,0.3,8,3,-3.90233151975909,0.072
6,2,0.2,193,10,0.3,0.3,8,3,-1.53899350042437,0.072
6,2,0.2,262,10,0.3,0.3,8,3,-3.62336435877668,0.072
6,2,0.2,274,10,0.3,0.3,8,3,-2.03466320299461,0.072
6,2,0.2,281,10,0.3,0.3,8,3,-1.79224304578193,0.072
6,2,0.2,448,10,0.3,0.3,8,3,-2.84349084953567,0.072
6,2,0.2,463,10,0.3,0.3,8,3,-2.32136474911533,0.072
6,2,0.2,157,10,0.3,0.3,8,3,-2.2426294062023,0.074
6,2,0.2,210,10,0.3,0.3,8,3,-1.72603844763367,0.074
6,2,0.2,303,10,0.3,0.3,8,3,-2.19563562323822,0.074
6,2,0.2,385,10,0.3,0.3,8,3,-2.14971502119977,0.074
6,2,0.2,396,10,0.3,0.3,8,3,-2.47952994939254,0.074
6,2,0.2,415,10,0.3,0.3,8,3,-2.6646535084335,0.074
6,2,0.2,482,10,0.3,0.3,8,3,-1.85744067603343,0.074
6,2,0.2,18,10,0.3,0.3,8,3,-3.13774461759485,0.076
6,2,0.2,62,10,0.3,0.3,8,3,-2.43706423108844,0.076
6,2,0.2,191,10,0.3,0.3,8,3,-2.24764521627577,0.076
6,2,0.2,308,10,0.3,0.3,8,3,-1.81037715382001,0.076
6,2,0.2,60,10,0.3,0.3,8,3,-2.17240232828354,0.078
6,2,0.2,131,10,0.3,0.3,8,3,-2.22233273551424,0.078
6,2,0.2,168,10,0.3,0.3,8,3,-2.05796087032189,0.08
6,2,0.2,347,10,0.3,0.3,8,3,-2.4719499956727,0.08
6,2,0.2,432,10,0.3,0.3,8,3,-1.48573657879123,0.08
6,2,0.2,474,10,0.3,0.3,8,3,-2.10785753991888,0.08
6,2,0.2,90,10,0.3,0.3,8,3,-2.70294354661428,0.082
6,2,0.2,434,10,0.3,0.3,8,3,-2.03942938297098,0.082
6,2,0.2,441,10,0.3,0.3,8,3,-1.72523639202595,0.082
6,2,0.2,293,10,0.3,0.3,8,3,-1.70202039766414,0.084
6,2,0.2,133,10,0.3,0.3,8,3,-1.61210773784268,0.086
6,2,0.2,343,10,0.3,0.3,8,3,-1.85706391494531,0.086
6,2,0.2,349,10,0.3,0.3,8,3,-3.06294108976635,0.086
6,2,0.2,496,10,0.3,0.3,8,3,-2.12578097003436,0.086
6,2,0.2,216,10,0.3,0.3,8,3,-2.37860142748883,0.088
6,2,0.2,323,10,0.3,0.3,8,3,-2.19200108617034,0.09
6,2,0.2,380,10,0.3,0.3,8,3,-2.41964020764996,0.09
6,2,0.2,108,10,0.3,0.3,8,3,-1.31180078901642,0.094
6,2,0.2,71,10,0.3,0.3,8,3,-2.42010796421792,0.098
6,2,0.2,243,10,0.3,0.3,8,3,-1.48061715966969,0.098
6,2,0.2,29,10,0.3,0.3,8,3,-1.02747310779594,0.1
6,2,0.2,440,10,0.3,0.3,8,3,-2.34596851331287,0.108
6,2,0.2,455,10,0.3,0.3,8,3,-1.86028810723249,0.11
6,2,0.2,10,10,0.3,0.3,8,3,-2.44089453716859,0.114
6,2,0.2,190,10,0.3,0.3,8,3,-1.51472582653065,0.118
6,2,0.2,328,10,0.3,0.3,8,3,-1.821436455807,0.138
6,2,0.2,335,10,0.3,0.3,8,3,-1.21021817305561,0.142
6,2,0.2,251,10,0.3,0.3,8,3,-1.76136234179577,0.152
6,2,0.2,395,10,0.3,0.3,8,3,-2.02356130686934,0.306
6,2,0.2,65,10,0.3,0.3,8,3,-1.58605840246642,0.404
6,2,0.2,54,10,0.3,0.3,9,3,-3.65774542658184,0
6,2,0.2,73,10,0.3,0.3,9,3,-3.36482960349545,0
6,2,0.2,104,10,0.3,0.3,9,3,-3.49173733788501,0
6,2,0.2,118,10,0.3,0.3,9,3,-4.77148197876352,0
6,2,0.2,119,10,0.3,0.3,9,3,-3.36447993011612,0
6,2,0.2,232,10,0.3,0.3,9,3,-2.43621396040385,0
6,2,0.2,243,10,0.3,0.3,9,3,-4.55420087574214,0
6,2,0.2,305,10,0.3,0.3,9,3,-4.12049743531094,0
6,2,0.2,312,10,0.3,0.3,9,3,-2.82135225836984,0
6,2,0.2,321,10,0.3,0.3,9,3,-4.42694614176008,0
6,2,0.2,406,10,0.3,0.3,9,3,-4.4591938226491,0
6,2,0.2,428,10,0.3,0.3,9,3,-2.72382011302122,0
6,2,0.2,440,10,0.3,0.3,9,3,-3.57787433057558,0
6,2,0.2,443,10,0.3,0.3,9,3,-3.20224834028755,0
6,2,0.2,478,10,0.3,0.3,9,3,-3.45438611182652,0
6,2,0.2,93,10,0.3,0.3,9,3,-3.94348737084471,0.002
6,2,0.2,97,10,0.3,0.3,9,3,-4.42801415287437,0.002
6,2,0.2,125,10,0.3,0.3,9,3,-3.80866327681241,0.002
6,2,0.2,299,10,0.3,0.3,9,3,-3.47346578151723,0.002
6,2,0.2,310,10,0.3,0.3,9,3,-4.35100359499648,0.002
6,2,0.2,325,10,0.3,0.3,9,3,-3.56705110829077,0.002
6,2,0.2,341,10,0.3,0.3,9,3,-4.06483294417475,0.002
6,2,0.2,368,10,0.3,0.3,9,3,-3.42468578542488,0.002
6,2,0.2,452,10,0.3,0.3,9,3,-3.33948570498356,0.002
6,2,0.2,454,10,0.3,0.3,9,3,-3.15213319994982,0.002
6,2,0.2,459,10,0.3,0.3,9,3,-4.04971250841515,0.002
6,2,0.2,479,10,0.3,0.3,9,3,-3.43165244291555,0.002
6,2,0.2,491,10,0.3,0.3,9,3,-3.78475362391768,0.002
6,2,0.2,500,10,0.3,0.3,9,3,-3.40597799297907,0.002
6,2,0.2,13,10,0.3,0.3,9,3,-3.21905463984413,0.004
6,2,0.2,18,10,0.3,0.3,9,3,-3.74389471249597,0.004
6,2,0.2,25,10,0.3,0.3,9,3,-2.28181004795726,0.004
6,2,0.2,30,10,0.3,0.3,9,3,-3.6550319145575,0.004
6,2,0.2,82,10,0.3,0.3,9,3,-3.36124945352032,0.004
6,2,0.2,87,10,0.3,0.3,9,3,-3.52546032143576,0.004
6,2,0.2,163,10,0.3,0.3,9,3,-3.03264858795814,0.004
6,2,0.2,174,10,0.3,0.3,9,3,-3.76195723005517,0.004
6,2,0.2,192,10,0.3,0.3,9,3,-3.15160805561706,0.004
6,2,0.2,284,10,0.3,0.3,9,3,-2.71330971335379,0.004
6,2,0.2,293,10,0.3,0.3,9,3,-3.07266967946723,0.004
6,2,0.2,311,10,0.3,0.3,9,3,-4.67495967868373,0.004
6,2,0.2,324,10,0.3,0.3,9,3,-3.03328207811836,0.004
6,2,0.2,328,10,0.3,0.3,9,3,-3.27392428380293,0.004
6,2,0.2,367,10,0.3,0.3,9,3,-1.92743149746252,0.004
6,2,0.2,370,10,0.3,0.3,9,3,-3.73925559001532,0.004
6,2,0.2,431,10,0.3,0.3,9,3,-3.19587040300777,0.004
6,2,0.2,469,10,0.3,0.3,9,3,-3.68408939928057,0.004
6,2,0.2,473,10,0.3,0.3,9,3,-4.41630341838265,0.004
6,2,0.2,490,10,0.3,0.3,9,3,-3.54587438570255,0.004
6,2,0.2,2,10,0.3,0.3,9,3,-3.46129571036673,0.006
6,2,0.2,26,10,0.3,0.3,9,3,-3.0187330333417,0.006
6,2,0.2,34,10,0.3,0.3,9,3,-3.60793201166558,0.006
6,2,0.2,38,10,0.3,0.3,9,3,-3.77726578681984,0.006
6,2,0.2,46,10,0.3,0.3,9,3,-2.64213209841986,0.006
6,2,0.2,47,10,0.3,0.3,9,3,-3.90328794672988,0.006
6,2,0.2,68,10,0.3,0.3,9,3,-5.22157706904827,0.006
6,2,0.2,75,10,0.3,0.3,9,3,-2.93284504898321,0.006
6,2,0.2,89,10,0.3,0.3,9,3,-4.0602544080825,0.006
6,2,0.2,122,10,0.3,0.3,9,3,-3.33218437356771,0.006
6,2,0.2,127,10,0.3,0.3,9,3,-3.01420309079649,0.006
6,2,0.2,153,10,0.3,0.3,9,3,-3.24708172235091,0.006
6,2,0.2,185,10,0.3,0.3,9,3,-4.14387684475514,0.006
6,2,0.2,188,10,0.3,0.3,9,3,-3.37200506391963,0.006
6,2,0.2,207,10,0.3,0.3,9,3,-3.53503072365518,0.006
6,2,0.2,220,10,0.3,0.3,9,3,-3.3458377556012,0.006
6,2,0.2,344,10,0.3,0.3,9,3,-3.61748134699582,0.006
6,2,0.2,353,10,0.3,0.3,9,3,-3.96980926311352,0.006
6,2,0.2,396,10,0.3,0.3,9,3,-2.74396281052705,0.006
6,2,0.2,414,10,0.3,0.3,9,3,-3.38015510566018,0.006
6,2,0.2,421,10,0.3,0.3,9,3,-3.17977691332774,0.006
6,2,0.2,432,10,0.3,0.3,9,3,-4.69979085989974,0.006
6,2,0.2,468,10,0.3,0.3,9,3,-2.50748995053789,0.006
6,2,0.2,37,10,0.3,0.3,9,3,-4.42639710157133,0.008
6,2,0.2,70,10,0.3,0.3,9,3,-3.4887494959041,0.008
6,2,0.2,101,10,0.3,0.3,9,3,-2.95482488897059,0.008
6,2,0.2,106,10,0.3,0.3,9,3,-3.80101713135548,0.008
6,2,0.2,151,10,0.3,0.3,9,3,-3.70047636149701,0.008
6,2,0.2,169,10,0.3,0.3,9,3,-2.91442332488137,0.008
6,2,0.2,177,10,0.3,0.3,9,3,-3.4108260089512,0.008
6,2,0.2,210,10,0.3,0.3,9,3,-3.77488849984493,0.008
6,2,0.2,219,10,0.3,0.3,9,3,-3.22935518879225,0.008
6,2,0.2,253,10,0.3,0.3,9,3,-2.97906747510632,0.008
6,2,0.2,286,10,0.3,0.3,9,3,-2.97552173382371,0.008
6,2,0.2,326,10,0.3,0.3,9,3,-4.31759629437792,0.008
6,2,0.2,339,10,0.3,0.3,9,3,-3.63771137121725,0.008
6,2,0.2,352,10,0.3,0.3,9,3,-3.80483310721365,0.008
6,2,0.2,398,10,0.3,0.3,9,3,-3.54283874575944,0.008
6,2,0.2,409,10,0.3,0.3,9,3,-2.83594858000237,0.008
6,2,0.2,457,10,0.3,0.3,9,3,-3.20473362465654,0.008
6,2,0.2,28,10,0.3,0.3,9,3,-2.95680938313708,0.01
6,2,0.2,39,10,0.3,0.3,9,3,-3.43569106634101,0.01
6,2,0.2,107,10,0.3,0.3,9,3,-3.64418809330428,0.01
6,2,0.2,149,10,0.3,0.3,9,3,-3.86069469343457,0.01
6,2,0.2,164,10,0.3,0.3,9,3,-2.578465360878,0.01
6,2,0.2,202,10,0.3,0.3,9,3,-2.77666213537262,0.01
6,2,0.2,231,10,0.3,0.3,9,3,-3.33260741731524,0.01
6,2,0.2,257,10,0.3,0.3,9,3,-1.81038516850941,0.01
6,2,0.2,285,10,0.3,0.3,9,3,-2.75071626869257,0.01
6,2,0.2,301,10,0.3,0.3,9,3,-1.63627220811432,0.01
6,2,0.2,304,10,0.3,0.3,9,3,-2.83294940948059,0.01
6,2,0.2,337,10,0.3,0.3,9,3,-2.88444888333825,0.01
6,2,0.2,348,10,0.3,0.3,9,3,-3.82268328858709,0.01
6,2,0.2,375,10,0.3,0.3,9,3,-3.13403123242946,0.01
6,2,0.2,408,10,0.3,0.3,9,3,-3.4905628221982,0.01
6,2,0.2,415,10,0.3,0.3,9,3,-2.60313420449162,0.01
6,2,0.2,433,10,0.3,0.3,9,3,-3.16063414952671,0.01
6,2,0.2,447,10,0.3,0.3,9,3,-3.55636816331295,0.01
6,2,0.2,5,10,0.3,0.3,9,3,-2.93052937572,0.012
6,2,0.2,84,10,0.3,0.3,9,3,-2.19087990489044,0.012
6,2,0.2,133,10,0.3,0.3,9,3,-3.56973210775544,0.012
6,2,0.2,136,10,0.3,0.3,9,3,-1.61283838834856,0.012
6,2,0.2,142,10,0.3,0.3,9,3,-2.78070001181243,0.012
6,2,0.2,175,10,0.3,0.3,9,3,-3.08794505167813,0.012
6,2,0.2,266,10,0.3,0.3,9,3,-3.15434254404761,0.012
6,2,0.2,276,10,0.3,0.3,9,3,-2.54144382013274,0.012
6,2,0.2,288,10,0.3,0.3,9,3,-3.31743102560824,0.012
6,2,0.2,363,10,0.3,0.3,9,3,-3.05550617231114,0.012
6,2,0.2,426,10,0.3,0.3,9,3,-3.45395049042349,0.012
6,2,0.2,435,10,0.3,0.3,9,3,-2.68908284168808,0.012
6,2,0.2,465,10,0.3,0.3,9,3,-2.91005887397486,0.012
6,2,0.2,483,10,0.3,0.3,9,3,-3.95033515251049,0.012
6,2,0.2,485,10,0.3,0.3,9,3,-3.74688297325275,0.012
6,2,0.2,44,10,0.3,0.3,9,3,-3.73641100557867,0.014
6,2,0.2,115,10,0.3,0.3,9,3,-2.33257686015051,0.014
6,2,0.2,217,10,0.3,0.3,9,3,-3.67096557410019,0.014
6,2,0.2,218,10,0.3,0.3,9,3,-1.89955249168273,0.014
6,2,0.2,223,10,0.3,0.3,9,3,-3.39384693804979,0.014
6,2,0.2,290,10,0.3,0.3,9,3,-3.12302633613902,0.014
6,2,0.2,378,10,0.3,0.3,9,3,-3.48278558567682,0.014
6,2,0.2,381,10,0.3,0.3,9,3,-3.3756548205541,0.014
6,2,0.2,436,10,0.3,0.3,9,3,-2.33083431886888,0.014
6,2,0.2,467,10,0.3,0.3,9,3,-2.81096240455815,0.014
6,2,0.2,475,10,0.3,0.3,9,3,-2.18383983226775,0.014
6,2,0.2,476,10,0.3,0.3,9,3,-3.36228240807975,0.014
6,2,0.2,31,10,0.3,0.3,9,3,-3.62251166577829,0.016
6,2,0.2,40,10,0.3,0.3,9,3,-4.47402278669364,0.016
6,2,0.2,51,10,0.3,0.3,9,3,-2.74423524388843,0.016
6,2,0.2,60,10,0.3,0.3,9,3,-3.44846682902886,0.016
6,2,0.2,113,10,0.3,0.3,9,3,-3.4711846895247,0.016
6,2,0.2,137,10,0.3,0.3,9,3,-3.1801596789638,0.016
6,2,0.2,224,10,0.3,0.3,9,3,-2.83401520192649,0.016
6,2,0.2,228,10,0.3,0.3,9,3,-3.89519645128894,0.016
6,2,0.2,234,10,0.3,0.3,9,3,-3.14207754486947,0.016
6,2,0.2,236,10,0.3,0.3,9,3,-3.54653151740666,0.016
6,2,0.2,264,10,0.3,0.3,9,3,-3.08141182071336,0.016
6,2,0.2,277,10,0.3,0.3,9,3,-4.003934081951,0.016
6,2,0.2,278,10,0.3,0.3,9,3,-3.39568382478859,0.016
6,2,0.2,354,10,0.3,0.3,9,3,-3.77392958272961,0.016
6,2,0.2,365,10,0.3,0.3,9,3,-2.58990744042757,0.016
6,2,0.2,384,10,0.3,0.3,9,3,-2.74672725214836,0.016
6,2,0.2,400,10,0.3,0.3,9,3,-3.59688505359136,0.016
6,2,0.2,482,10,0.3,0.3,9,3,-2.9112185683835,0.016
6,2,0.2,130,10,0.3,0.3,9,3,-3.9413680423678,0.018
6,2,0.2,186,10,0.3,0.3,9,3,-3.48590382016641,0.018
6,2,0.2,214,10,0.3,0.3,9,3,-3.40490579085719,0.018
6,2,0.2,227,10,0.3,0.3,9,3,-2.77077609488225,0.018
6,2,0.2,230,10,0.3,0.3,9,3,-2.85623217189649,0.018
6,2,0.2,372,10,0.3,0.3,9,3,-2.73284417432311,0.018
6,2,0.2,389,10,0.3,0.3,9,3,-3.33290014349521,0.018
6,2,0.2,417,10,0.3,0.3,9,3,-3.3808257452508,0.018
6,2,0.2,52,10,0.3,0.3,9,3,-3.71426069480154,0.02
6,2,0.2,123,10,0.3,0.3,9,3,-2.23244398575423,0.02
6,2,0.2,143,10,0.3,0.3,9,3,-2.82110616302646,0.02
6,2,0.2,167,10,0.3,0.3,9,3,-3.42338198758671,0.02
6,2,0.2,203,10,0.3,0.3,9,3,-5.23948595451628,0.02
6,2,0.2,291,10,0.3,0.3,9,3,-1.83155306410163,0.02
6,2,0.2,399,10,0.3,0.3,9,3,-2.8465516385385,0.02
6,2,0.2,424,10,0.3,0.3,9,3,-3.58054562388304,0.02
6,2,0.2,425,10,0.3,0.3,9,3,-2.78110421560874,0.02
6,2,0.2,480,10,0.3,0.3,9,3,-4.17519998716824,0.02
6,2,0.2,492,10,0.3,0.3,9,3,-3.28079920347108,0.02
6,2,0.2,494,10,0.3,0.3,9,3,-2.56430694704932,0.02
6,2,0.2,4,10,0.3,0.3,9,3,-2.62626302674246,0.022
6,2,0.2,24,10,0.3,0.3,9,3,-2.51452534595145,0.022
6,2,0.2,94,10,0.3,0.3,9,3,-3.59650320192358,0.022
6,2,0.2,95,10,0.3,0.3,9,3,-3.29656720917211,0.022
6,2,0.2,117,10,0.3,0.3,9,3,-4.57125947566834,0.022
6,2,0.2,121,10,0.3,0.3,9,3,-3.11701193094683,0.022
6,2,0.2,132,10,0.3,0.3,9,3,-2.50209691606935,0.022
6,2,0.2,195,10,0.3,0.3,9,3,-4.39437426913119,0.022
6,2,0.2,247,10,0.3,0.3,9,3,-4.19169912932793,0.022
6,2,0.2,298,10,0.3,0.3,9,3,-2.38400458072715,0.022
6,2,0.2,327,10,0.3,0.3,9,3,-3.94345965359861,0.022
6,2,0.2,336,10,0.3,0.3,9,3,-2.7468036565393,0.022
6,2,0.2,343,10,0.3,0.3,9,3,-3.71319733549791,0.022
6,2,0.2,395,10,0.3,0.3,9,3,-2.63444737310292,0.022
6,2,0.2,493,10,0.3,0.3,9,3,-2.87820191959679,0.022
6,2,0.2,495,10,0.3,0.3,9,3,-2.73138354873686,0.022
6,2,0.2,80,10,0.3,0.3,9,3,-3.17499156079288,0.024
6,2,0.2,100,10,0.3,0.3,9,3,-3.93259311469038,0.024
6,2,0.2,128,10,0.3,0.3,9,3,-1.7265221862333,0.024
6,2,0.2,146,10,0.3,0.3,9,3,-3.18955665158549,0.024
6,2,0.2,254,10,0.3,0.3,9,3,-2.77688282699137,0.024
6,2,0.2,295,10,0.3,0.3,9,3,-3.44715704950912,0.024
6,2,0.2,320,10,0.3,0.3,9,3,-3.16559352708649,0.024
6,2,0.2,382,10,0.3,0.3,9,3,-2.88378001183978,0.024
6,2,0.2,407,10,0.3,0.3,9,3,-4.02286374329148,0.024
6,2,0.2,411,10,0.3,0.3,9,3,-3.42695231881223,0.024
6,2,0.2,497,10,0.3,0.3,9,3,-2.99048854208425,0.024
6,2,0.2,76,10,0.3,0.3,9,3,-3.29968156686405,0.026
6,2,0.2,131,10,0.3,0.3,9,3,-3.27797271836283,0.026
6,2,0.2,183,10,0.3,0.3,9,3,-3.04101908167061,0.026
6,2,0.2,272,10,0.3,0.3,9,3,-2.70936196335475,0.026
6,2,0.2,355,10,0.3,0.3,9,3,-2.99965261957504,0.026
6,2,0.2,429,10,0.3,0.3,9,3,-3.55724692033746,0.026
6,2,0.2,439,10,0.3,0.3,9,3,-3.73336501685932,0.026
6,2,0.2,445,10,0.3,0.3,9,3,-2.52632831235235,0.026
6,2,0.2,57,10,0.3,0.3,9,3,-1.54564649083221,0.028
6,2,0.2,61,10,0.3,0.3,9,3,-2.53399129888356,0.028
6,2,0.2,72,10,0.3,0.3,9,3,-3.1803267767809,0.028
6,2,0.2,86,10,0.3,0.3,9,3,-3.32694234926245,0.028
6,2,0.2,159,10,0.3,0.3,9,3,-3.71738851849744,0.028
6,2,0.2,172,10,0.3,0.3,9,3,-2.8911990344651,0.028
6,2,0.2,184,10,0.3,0.3,9,3,-3.14970785640597,0.028
6,2,0.2,225,10,0.3,0.3,9,3,-3.35490051335179,0.028
6,2,0.2,281,10,0.3,0.3,9,3,-3.72126451393368,0.028
6,2,0.2,282,10,0.3,0.3,9,3,-3.9195604214587,0.028
6,2,0.2,300,10,0.3,0.3,9,3,-4.42928519810368,0.028
6,2,0.2,349,10,0.3,0.3,9,3,-3.351320266188,0.028
6,2,0.2,362,10,0.3,0.3,9,3,-2.8618395853899,0.028
6,2,0.2,397,10,0.3,0.3,9,3,-2.31721103578442,0.028
6,2,0.2,423,10,0.3,0.3,9,3,-2.59827878743326,0.028
6,2,0.2,444,10,0.3,0.3,9,3,-3.81052822418533,0.028
6,2,0.2,458,10,0.3,0.3,9,3,-4.09301777685695,0.028
6,2,0.2,470,10,0.3,0.3,9,3,-2.95937792642601,0.028
6,2,0.2,489,10,0.3,0.3,9,3,-3.44092393168091,0.028
6,2,0.2,14,10,0.3,0.3,9,3,-3.58151752045544,0.03
6,2,0.2,65,10,0.3,0.3,9,3,-3.26394963724442,0.03
6,2,0.2,71,10,0.3,0.3,9,3,-3.17622238051192,0.03
6,2,0.2,102,10,0.3,0.3,9,3,-3.28454106082296,0.03
6,2,0.2,108,10,0.3,0.3,9,3,-2.0044444103799,0.03
6,2,0.2,124,10,0.3,0.3,9,3,-3.15356887706488,0.03
6,2,0.2,165,10,0.3,0.3,9,3,-4.02162908193338,0.03
6,2,0.2,200,10,0.3,0.3,9,3,-2.67083093345275,0.03
6,2,0.2,316,10,0.3,0.3,9,3,-1.84959296910358,0.03
6,2,0.2,345,10,0.3,0.3,9,3,-3.71229725022351,0.03
6,2,0.2,376,10,0.3,0.3,9,3,-2.88214743322186,0.03
6,2,0.2,8,10,0.3,0.3,9,3,-2.7872688317006,0.032
6,2,0.2,16,10,0.3,0.3,9,3,-2.49206767301388,0.032
6,2,0.2,98,10,0.3,0.3,9,3,-2.18043129602441,0.032
6,2,0.2,138,10,0.3,0.3,9,3,-4.21814493439246,0.032
6,2,0.2,155,10,0.3,0.3,9,3,-2.26676065357799,0.032
6,2,0.2,238,10,0.3,0.3,9,3,-3.19119147590706,0.032
6,2,0.2,256,10,0.3,0.3,9,3,-3.20607270983473,0.032
6,2,0.2,267,10,0.3,0.3,9,3,-3.18086893309379,0.032
6,2,0.2,351,10,0.3,0.3,9,3,-2.75049344522367,0.032
6,2,0.2,364,10,0.3,0.3,9,3,-3.63724001737313,0.032
6,2,0.2,388,10,0.3,0.3,9,3,-3.55978642737173,0.032
6,2,0.2,484,10,0.3,0.3,9,3,-3.51881834979193,0.032
6,2,0.2,50,10,0.3,0.3,9,3,-2.73475157210879,0.034
6,2,0.2,53,10,0.3,0.3,9,3,-2.77394721500156,0.034
6,2,0.2,176,10,0.3,0.3,9,3,-3.04453682703704,0.034
6,2,0.2,187,10,0.3,0.3,9,3,-3.46911632666345,0.034
6,2,0.2,250,10,0.3,0.3,9,3,-2.70077534807476,0.034
6,2,0.2,287,10,0.3,0.3,9,3,-2.76351339456252,0.034
6,2,0.2,331,10,0.3,0.3,9,3,-3.35471478014261,0.034
6,2,0.2,366,10,0.3,0.3,9,3,-3.90699841355234,0.034
6,2,0.2,410,10,0.3,0.3,9,3,-2.92247268782319,0.034
6,2,0.2,438,10,0.3,0.3,9,3,-3.51537628890429,0.034
6,2,0.2,23,10,0.3,0.3,9,3,-2.47094675032045,0.036
6,2,0.2,55,10,0.3,0.3,9,3,-3.67729851678138,0.036
6,2,0.2,78,10,0.3,0.3,9,3,-1.75483063333539,0.036
6,2,0.2,88,10,0.3,0.3,9,3,-2.7018214765161,0.036
6,2,0.2,109,10,0.3,0.3,9,3,-2.09520366892448,0.036
6,2,0.2,116,10,0.3,0.3,9,3,-3.24648693923231,0.036
6,2,0.2,126,10,0.3,0.3,9,3,-3.4979015872301,0.036
6,2,0.2,144,10,0.3,0.3,9,3,-3.36983844586595,0.036
6,2,0.2,222,10,0.3,0.3,9,3,-3.47282681053818,0.036
6,2,0.2,302,10,0.3,0.3,9,3,-3.3952530868288,0.036
6,2,0.2,303,10,0.3,0.3,9,3,-3.82146115098163,0.036
6,2,0.2,319,10,0.3,0.3,9,3,-2.58464782168127,0.036
6,2,0.2,346,10,0.3,0.3,9,3,-3.66356117538297,0.036
6,2,0.2,412,10,0.3,0.3,9,3,-2.9429647584189,0.036
6,2,0.2,413,10,0.3,0.3,9,3,-3.00375473894675,0.036
6,2,0.2,437,10,0.3,0.3,9,3,-3.21334414810951,0.036
6,2,0.2,17,10,0.3,0.3,9,3,-2.87758648362097,0.038
6,2,0.2,19,10,0.3,0.3,9,3,-2.70606484927424,0.038
6,2,0.2,96,10,0.3,0.3,9,3,-2.11422588637794,0.038
6,2,0.2,168,10,0.3,0.3,9,3,-3.20931713124264,0.038
6,2,0.2,359,10,0.3,0.3,9,3,-3.2420424329776,0.038
6,2,0.2,391,10,0.3,0.3,9,3,-2.8624408523068,0.038
6,2,0.2,460,10,0.3,0.3,9,3,-3.21671897277164,0.038
6,2,0.2,15,10,0.3,0.3,9,3,-4.0958966961941,0.04
6,2,0.2,22,10,0.3,0.3,9,3,-2.54229306962321,0.04
6,2,0.2,83,10,0.3,0.3,9,3,-2.03113509816072,0.04
6,2,0.2,147,10,0.3,0.3,9,3,-2.96717630525748,0.04
6,2,0.2,148,10,0.3,0.3,9,3,-1.80822752282342,0.04
6,2,0.2,208,10,0.3,0.3,9,3,-2.47220613797583,0.04
6,2,0.2,255,10,0.3,0.3,9,3,-2.67141765841197,0.04
6,2,0.2,333,10,0.3,0.3,9,3,-2.43032033466008,0.04
6,2,0.2,340,10,0.3,0.3,9,3,-3.84000782282268,0.04
6,2,0.2,383,10,0.3,0.3,9,3,-3.58205771067017,0.04
6,2,0.2,450,10,0.3,0.3,9,3,-3.55639500916695,0.04
6,2,0.2,474,10,0.3,0.3,9,3,-3.53656041263784,0.04
6,2,0.2,41,10,0.3,0.3,9,3,-1.76757265898857,0.042
6,2,0.2,90,10,0.3,0.3,9,3,-3.67296568130757,0.042
6,2,0.2,205,10,0.3,0.3,9,3,-2.00936691084885,0.042
6,2,0.2,212,10,0.3,0.3,9,3,-2.33295387071033,0.042
6,2,0.2,313,10,0.3,0.3,9,3,-2.12789278866262,0.042
6,2,0.2,329,10,0.3,0.3,9,3,-2.18981994316655,0.042
6,2,0.2,77,10,0.3,0.3,9,3,-3.5320800811146,0.044
6,2,0.2,134,10,0.3,0.3,9,3,-3.45849798515653,0.044
6,2,0.2,173,10,0.3,0.3,9,3,-2.49048348079063,0.044
6,2,0.2,248,10,0.3,0.3,9,3,-2.01164311249147,0.044
6,2,0.2,268,10,0.3,0.3,9,3,-2.11154072152425,0.044
6,2,0.2,273,10,0.3,0.3,9,3,-2.4813119280463,0.044
6,2,0.2,280,10,0.3,0.3,9,3,-2.9580319253773,0.044
6,2,0.2,308,10,0.3,0.3,9,3,-3.13294529755458,0.044
6,2,0.2,317,10,0.3,0.3,9,3,-3.07475035257784,0.044
6,2,0.2,360,10,0.3,0.3,9,3,-2.50798393870824,0.044
6,2,0.2,404,10,0.3,0.3,9,3,-2.6803514409967,0.044
6,2,0.2,448,10,0.3,0.3,9,3,-2.83457550711859,0.044
6,2,0.2,461,10,0.3,0.3,9,3,-2.13367245167507,0.044
6,2,0.2,477,10,0.3,0.3,9,3,-3.19262188790279,0.044
6,2,0.2,59,10,0.3,0.3,9,3,-3.13473842951819,0.046
6,2,0.2,66,10,0.3,0.3,9,3,-2.02144810633143,0.046
6,2,0.2,129,10,0.3,0.3,9,3,-2.74255680430636,0.046
6,2,0.2,154,10,0.3,0.3,9,3,-3.87654641778008,0.046
6,2,0.2,189,10,0.3,0.3,9,3,-2.10118302514766,0.046
6,2,0.2,194,10,0.3,0.3,9,3,-2.37576217511952,0.046
6,2,0.2,252,10,0.3,0.3,9,3,-2.46124644378858,0.046
6,2,0.2,296,10,0.3,0.3,9,3,-1.79056488057756,0.046
6,2,0.2,306,10,0.3,0.3,9,3,-4.03450433069915,0.046
6,2,0.2,335,10,0.3,0.3,9,3,-3.56442478433971,0.046
6,2,0.2,393,10,0.3,0.3,9,3,-2.62935452558065,0.046
6,2,0.2,403,10,0.3,0.3,9,3,-3.24173900670004,0.046
6,2,0.2,451,10,0.3,0.3,9,3,-4.26409707369999,0.046
6,2,0.2,471,10,0.3,0.3,9,3,-2.71659968576822,0.046
6,2,0.2,488,10,0.3,0.3,9,3,-2.42221466124576,0.046
6,2,0.2,7,10,0.3,0.3,9,3,-2.88950379218022,0.048
6,2,0.2,33,10,0.3,0.3,9,3,-2.7772836765769,0.048
6,2,0.2,56,10,0.3,0.3,9,3,-2.59297460522728,0.048
6,2,0.2,145,10,0.3,0.3,9,3,-3.63779742030417,0.048
6,2,0.2,170,10,0.3,0.3,9,3,-3.49914778095931,0.048
6,2,0.2,190,10,0.3,0.3,9,3,-3.86676465842024,0.048
6,2,0.2,215,10,0.3,0.3,9,3,-3.00409517967313,0.048
6,2,0.2,221,10,0.3,0.3,9,3,-2.74266210266137,0.048
6,2,0.2,237,10,0.3,0.3,9,3,-2.84967188432648,0.048
6,2,0.2,318,10,0.3,0.3,9,3,-2.40174439376935,0.048
6,2,0.2,427,10,0.3,0.3,9,3,-3.22819665070728,0.048
6,2,0.2,462,10,0.3,0.3,9,3,-3.32199083462348,0.048
6,2,0.2,472,10,0.3,0.3,9,3,-3.77063096750308,0.048
6,2,0.2,36,10,0.3,0.3,9,3,-2.9682250762327,0.05
6,2,0.2,45,10,0.3,0.3,9,3,-2.79439810019375,0.05
6,2,0.2,58,10,0.3,0.3,9,3,-3.49353980575449,0.05
6,2,0.2,62,10,0.3,0.3,9,3,-2.08755667341762,0.05
6,2,0.2,64,10,0.3,0.3,9,3,-2.52272767181645,0.05
6,2,0.2,67,10,0.3,0.3,9,3,-2.79857121936337,0.05
6,2,0.2,103,10,0.3,0.3,9,3,-1.46536514120126,0.05
6,2,0.2,111,10,0.3,0.3,9,3,-2.97352748555502,0.05
6,2,0.2,140,10,0.3,0.3,9,3,-2.78015838152322,0.05
6,2,0.2,150,10,0.3,0.3,9,3,-2.9029078513972,0.05
6,2,0.2,157,10,0.3,0.3,9,3,-4.41065891569764,0.05
6,2,0.2,161,10,0.3,0.3,9,3,-1.79411983542269,0.05
6,2,0.2,182,10,0.3,0.3,9,3,-1.88992226936477,0.05
6,2,0.2,249,10,0.3,0.3,9,3,-3.85238523679652,0.05
6,2,0.2,260,10,0.3,0.3,9,3,-4.78204234159045,0.05
6,2,0.2,270,10,0.3,0.3,9,3,-1.90774320273658,0.05
6,2,0.2,292,10,0.3,0.3,9,3,-3.14445649676867,0.05
6,2,0.2,314,10,0.3,0.3,9,3,-3.70323561688048,0.05
6,2,0.2,373,10,0.3,0.3,9,3,-2.88105957003847,0.05
6,2,0.2,392,10,0.3,0.3,9,3,-2.52758532914174,0.05
6,2,0.2,419,10,0.3,0.3,9,3,-2.0627004640692,0.05
6,2,0.2,430,10,0.3,0.3,9,3,-3.48802190099252,0.05
6,2,0.2,455,10,0.3,0.3,9,3,-3.21860921797739,0.05
6,2,0.2,141,10,0.3,0.3,9,3,-2.73388072153003,0.052
6,2,0.2,152,10,0.3,0.3,9,3,-3.4523919922797,0.052
6,2,0.2,229,10,0.3,0.3,9,3,-2.87221289990421,0.052
6,2,0.2,259,10,0.3,0.3,9,3,-2.31039235563935,0.052
6,2,0.2,309,10,0.3,0.3,9,3,-3.8093808595855,0.052
6,2,0.2,347,10,0.3,0.3,9,3,-2.86269384479752,0.052
6,2,0.2,387,10,0.3,0.3,9,3,-3.30178852958142,0.052
6,2,0.2,405,10,0.3,0.3,9,3,-2.15229694097803,0.052
6,2,0.2,463,10,0.3,0.3,9,3,-2.45765480954688,0.052
6,2,0.2,120,10,0.3,0.3,9,3,-3.44635406682866,0.054
6,2,0.2,171,10,0.3,0.3,9,3,-2.16726713815294,0.054
6,2,0.2,201,10,0.3,0.3,9,3,-1.91249174061861,0.054
6,2,0.2,209,10,0.3,0.3,9,3,-3.23428768873177,0.054
6,2,0.2,213,10,0.3,0.3,9,3,-2.66873976001344,0.054
6,2,0.2,242,10,0.3,0.3,9,3,-4.17552489856689,0.054
6,2,0.2,271,10,0.3,0.3,9,3,-3.17101373223821,0.054
6,2,0.2,307,10,0.3,0.3,9,3,-2.66331117049461,0.054
6,2,0.2,374,10,0.3,0.3,9,3,-3.06102191900362,0.054
6,2,0.2,394,10,0.3,0.3,9,3,-2.57712163317623,0.054
6,2,0.2,418,10,0.3,0.3,9,3,-3.38037695938931,0.054
6,2,0.2,456,10,0.3,0.3,9,3,-3.80768996459295,0.054
6,2,0.2,499,10,0.3,0.3,9,3,-2.32541427253582,0.054
6,2,0.2,6,10,0.3,0.3,9,3,-2.42728673692648,0.056
6,2,0.2,12,10,0.3,0.3,9,3,-2.39267112152751,0.056
6,2,0.2,20,10,0.3,0.3,9,3,-3.74278489625888,0.056
6,2,0.2,63,10,0.3,0.3,9,3,-2.88053773658029,0.056
6,2,0.2,81,10,0.3,0.3,9,3,-2.68079491005204,0.056
6,2,0.2,135,10,0.3,0.3,9,3,-4.2240888327423,0.056
6,2,0.2,156,10,0.3,0.3,9,3,-1.85672749367097,0.056
6,2,0.2,178,10,0.3,0.3,9,3,-3.5171144500446,0.056
6,2,0.2,191,10,0.3,0.3,9,3,-3.00454130925866,0.056
6,2,0.2,196,10,0.3,0.3,9,3,-2.97397700269414,0.056
6,2,0.2,198,10,0.3,0.3,9,3,-2.74554789168579,0.056
6,2,0.2,241,10,0.3,0.3,9,3,-2.90733015874139,0.056
6,2,0.2,258,10,0.3,0.3,9,3,-2.72641519029213,0.056
6,2,0.2,261,10,0.3,0.3,9,3,-1.85309154854525,0.056
6,2,0.2,322,10,0.3,0.3,9,3,-2.60448332885335,0.056
6,2,0.2,371,10,0.3,0.3,9,3,-2.47351834630675,0.056
6,2,0.2,385,10,0.3,0.3,9,3,-2.69506623488425,0.056
6,2,0.2,401,10,0.3,0.3,9,3,-2.97810894550327,0.056
6,2,0.2,441,10,0.3,0.3,9,3,-2.54469243864409,0.056
6,2,0.2,442,10,0.3,0.3,9,3,-2.93018125633279,0.056
6,2,0.2,9,10,0.3,0.3,9,3,-2.68140918466338,0.058
6,2,0.2,42,10,0.3,0.3,9,3,-2.73461856673484,0.058
6,2,0.2,110,10,0.3,0.3,9,3,-2.61459465932487,0.058
6,2,0.2,158,10,0.3,0.3,9,3,-4.44830099945514,0.058
6,2,0.2,244,10,0.3,0.3,9,3,-2.04398709231793,0.058
6,2,0.2,262,10,0.3,0.3,9,3,-3.06988132504188,0.058
6,2,0.2,283,10,0.3,0.3,9,3,-3.06263050289527,0.058
6,2,0.2,334,10,0.3,0.3,9,3,-2.23522290833193,0.058
6,2,0.2,377,10,0.3,0.3,9,3,-1.71139196853488,0.058
6,2,0.2,420,10,0.3,0.3,9,3,-1.98156054415017,0.058
6,2,0.2,434,10,0.3,0.3,9,3,-3.49693708968491,0.058
6,2,0.2,487,10,0.3,0.3,9,3,-2.6908306618966,0.058
6,2,0.2,27,10,0.3,0.3,9,3,-1.9432681352562,0.06
6,2,0.2,49,10,0.3,0.3,9,3,-2.91453054943273,0.06
6,2,0.2,114,10,0.3,0.3,9,3,-3.03826220050593,0.06
6,2,0.2,180,10,0.3,0.3,9,3,-3.2779496211723,0.06
6,2,0.2,245,10,0.3,0.3,9,3,-2.86850375461748,0.06
6,2,0.2,269,10,0.3,0.3,9,3,-2.71079838149146,0.06
6,2,0.2,289,10,0.3,0.3,9,3,-3.93188065649008,0.06
6,2,0.2,323,10,0.3,0.3,9,3,-3.05800620835277,0.06
6,2,0.2,496,10,0.3,0.3,9,3,-2.90650796381516,0.06
6,2,0.2,10,10,0.3,0.3,9,3,-2.03234271890352,0.062
6,2,0.2,74,10,0.3,0.3,9,3,-2.43742662234749,0.062
6,2,0.2,197,10,0.3,0.3,9,3,-2.97839007582144,0.062
6,2,0.2,216,10,0.3,0.3,9,3,-2.0391131607696,0.062
6,2,0.2,239,10,0.3,0.3,9,3,-2.62244901595605,0.062
6,2,0.2,251,10,0.3,0.3,9,3,-1.73834210564553,0.062
6,2,0.2,279,10,0.3,0.3,9,3,-3.63008278226761,0.062
6,2,0.2,11,10,0.3,0.3,9,3,-1.72608106719963,0.064
6,2,0.2,43,10,0.3,0.3,9,3,-3.0225986809649,0.064
6,2,0.2,193,10,0.3,0.3,9,3,-3.01284124106689,0.064
6,2,0.2,206,10,0.3,0.3,9,3,-3.85595270594109,0.064
6,2,0.2,211,10,0.3,0.3,9,3,-2.81513840015319,0.064
6,2,0.2,233,10,0.3,0.3,9,3,-2.42355874312599,0.064
6,2,0.2,235,10,0.3,0.3,9,3,-2.25097108524815,0.064
6,2,0.2,361,10,0.3,0.3,9,3,-3.06210397671884,0.064
6,2,0.2,369,10,0.3,0.3,9,3,-4.08202324758733,0.064
6,2,0.2,416,10,0.3,0.3,9,3,-2.12766023390057,0.064
6,2,0.2,422,10,0.3,0.3,9,3,-1.48657806194146,0.064
6,2,0.2,446,10,0.3,0.3,9,3,-2.71479398953019,0.064
6,2,0.2,35,10,0.3,0.3,9,3,-2.98205158291461,0.066
6,2,0.2,179,10,0.3,0.3,9,3,-2.38643123953716,0.066
6,2,0.2,204,10,0.3,0.3,9,3,-2.50352705759573,0.066
6,2,0.2,240,10,0.3,0.3,9,3,-2.36594554501863,0.066
6,2,0.2,246,10,0.3,0.3,9,3,-3.01655560474646,0.066
6,2,0.2,265,10,0.3,0.3,9,3,-2.36399572270614,0.066
6,2,0.2,274,10,0.3,0.3,9,3,-2.21745778651891,0.066
6,2,0.2,294,10,0.3,0.3,9,3,-3.6256430307084,0.066
6,2,0.2,29,10,0.3,0.3,9,3,-2.79195040788755,0.068
6,2,0.2,91,10,0.3,0.3,9,3,-2.0501451282116,0.068
6,2,0.2,342,10,0.3,0.3,9,3,-2.39187393067175,0.068
6,2,0.2,350,10,0.3,0.3,9,3,-2.807118330565,0.068
6,2,0.2,386,10,0.3,0.3,9,3,-3.2645285895405,0.068
6,2,0.2,449,10,0.3,0.3,9,3,-2.51773165001259,0.068
6,2,0.2,481,10,0.3,0.3,9,3,-2.68907210451707,0.068
6,2,0.2,486,10,0.3,0.3,9,3,-2.53221170060667,0.068
6,2,0.2,79,10,0.3,0.3,9,3,-2.29589762427085,0.07
6,2,0.2,105,10,0.3,0.3,9,3,-3.23022494978062,0.07
6,2,0.2,162,10,0.3,0.3,9,3,-2.68029531829393,0.07
6,2,0.2,315,10,0.3,0.3,9,3,-2.3117825910756,0.07
6,2,0.2,48,10,0.3,0.3,9,3,-2.8130136642078,0.072
6,2,0.2,181,10,0.3,0.3,9,3,-2.53520320221529,0.072
6,2,0.2,263,10,0.3,0.3,9,3,-2.51483881207142,0.072
6,2,0.2,297,10,0.3,0.3,9,3,-2.42573808351153,0.072
6,2,0.2,356,10,0.3,0.3,9,3,-2.11125691081426,0.072
6,2,0.2,1,10,0.3,0.3,9,3,-2.94662798137844,0.074
6,2,0.2,3,10,0.3,0.3,9,3,-2.02887017902952,0.074
6,2,0.2,199,10,0.3,0.3,9,3,-3.13235651914604,0.076
6,2,0.2,402,10,0.3,0.3,9,3,-2.57948488191863,0.076
6,2,0.2,92,10,0.3,0.3,9,3,-1.69015734179658,0.078
6,2,0.2,464,10,0.3,0.3,9,3,-1.21167682428302,0.078
6,2,0.2,160,10,0.3,0.3,9,3,-2.64352081633547,0.08
6,2,0.2,21,10,0.3,0.3,9,3,-2.97945923500876,0.082
6,2,0.2,85,10,0.3,0.3,9,3,-2.31558166239182,0.082
6,2,0.2,338,10,0.3,0.3,9,3,-2.02276806992035,0.082
6,2,0.2,357,10,0.3,0.3,9,3,-2.68741170246574,0.082
6,2,0.2,498,10,0.3,0.3,9,3,-2.24974613027609,0.086
6,2,0.2,226,10,0.3,0.3,9,3,-2.24838983232036,0.09
6,2,0.2,358,10,0.3,0.3,9,3,-1.76180899003052,0.09
6,2,0.2,380,10,0.3,0.3,9,3,-1.42769780807427,0.09
6,2,0.2,112,10,0.3,0.3,9,3,-1.3604245826765,0.092
6,2,0.2,166,10,0.3,0.3,9,3,-2.24623911902816,0.1
6,2,0.2,466,10,0.3,0.3,9,3,-3.19943545753881,0.104
6,2,0.2,453,10,0.3,0.3,9,3,-2.32756512254051,0.108
6,2,0.2,69,10,0.3,0.3,9,3,-0.990156252259396,0.12
6,2,0.2,139,10,0.3,0.3,9,3,-1.5213239311727,0.12
6,2,0.2,275,10,0.3,0.3,9,3,-1.71302393055501,0.12
6,2,0.2,379,10,0.3,0.3,9,3,-1.62692044867146,0.14
6,2,0.2,390,10,0.3,0.3,9,3,-1.30706518075584,0.14
6,2,0.2,332,10,0.3,0.3,9,3,-1.66999108250579,0.172
6,2,0.2,32,10,0.3,0.3,9,3,-2.2654587942645,0.184
6,2,0.2,99,10,0.3,0.3,9,3,-1.17711226502621,0.258
6,2,0.2,330,10,0.3,0.3,9,3,-0.675705125821281,0.666
6,2,0.2,19,10,0.3,0.3,10,3,-2.65018440610021,0
6,2,0.2,35,10,0.3,0.3,10,3,-3.60563819848355,0
6,2,0.2,48,10,0.3,0.3,10,3,-4.13091907170949,0
6,2,0.2,60,10,0.3,0.3,10,3,-2.81048867836031,0
6,2,0.2,63,10,0.3,0.3,10,3,-2.59749225624813,0
6,2,0.2,70,10,0.3,0.3,10,3,-3.15038668893237,0
6,2,0.2,107,10,0.3,0.3,10,3,-3.55192579191808,0
6,2,0.2,136,10,0.3,0.3,10,3,-3.93282132389569,0
6,2,0.2,146,10,0.3,0.3,10,3,-3.51829198635019,0
6,2,0.2,217,10,0.3,0.3,10,3,-3.49257748724315,0
6,2,0.2,260,10,0.3,0.3,10,3,-4.1387914786722,0
6,2,0.2,290,10,0.3,0.3,10,3,-3.11055365317648,0
6,2,0.2,356,10,0.3,0.3,10,3,-3.73444561750006,0
6,2,0.2,369,10,0.3,0.3,10,3,-2.58462448836158,0
6,2,0.2,433,10,0.3,0.3,10,3,-3.05220397187171,0
6,2,0.2,444,10,0.3,0.3,10,3,-2.76338898890651,0
6,2,0.2,461,10,0.3,0.3,10,3,-3.03092433638224,0
6,2,0.2,21,10,0.3,0.3,10,3,-3.81425140565406,0.002
6,2,0.2,26,10,0.3,0.3,10,3,-5.22554971144748,0.002
6,2,0.2,113,10,0.3,0.3,10,3,-5.39261921085486,0.002
6,2,0.2,115,10,0.3,0.3,10,3,-3.11641179773875,0.002
6,2,0.2,157,10,0.3,0.3,10,3,-2.98312467061027,0.002
6,2,0.2,214,10,0.3,0.3,10,3,-2.94047146041316,0.002
6,2,0.2,221,10,0.3,0.3,10,3,-2.62984838827515,0.002
6,2,0.2,229,10,0.3,0.3,10,3,-2.52087629587089,0.002
6,2,0.2,255,10,0.3,0.3,10,3,-3.58915653414246,0.002
6,2,0.2,261,10,0.3,0.3,10,3,-3.58950826937422,0.002
6,2,0.2,283,10,0.3,0.3,10,3,-3.95577804797054,0.002
6,2,0.2,340,10,0.3,0.3,10,3,-4.24969504358444,0.002
6,2,0.2,370,10,0.3,0.3,10,3,-3.13077899659368,0.002
6,2,0.2,431,10,0.3,0.3,10,3,-2.86604201733419,0.002
6,2,0.2,495,10,0.3,0.3,10,3,-3.64558404219548,0.002
6,2,0.2,496,10,0.3,0.3,10,3,-3.39877448551195,0.002
6,2,0.2,45,10,0.3,0.3,10,3,-4.3251954034418,0.004
6,2,0.2,58,10,0.3,0.3,10,3,-3.22480888178913,0.004
6,2,0.2,65,10,0.3,0.3,10,3,-3.4100089954124,0.004
6,2,0.2,67,10,0.3,0.3,10,3,-3.22977196737438,0.004
6,2,0.2,96,10,0.3,0.3,10,3,-3.55303302037333,0.004
6,2,0.2,100,10,0.3,0.3,10,3,-2.87491019008573,0.004
6,2,0.2,171,10,0.3,0.3,10,3,-4.53932071099547,0.004
6,2,0.2,181,10,0.3,0.3,10,3,-2.88118791659204,0.004
6,2,0.2,199,10,0.3,0.3,10,3,-3.03405806659688,0.004
6,2,0.2,230,10,0.3,0.3,10,3,-3.01917740955739,0.004
6,2,0.2,253,10,0.3,0.3,10,3,-3.12339471613882,0.004
6,2,0.2,268,10,0.3,0.3,10,3,-4.48221692342375,0.004
6,2,0.2,282,10,0.3,0.3,10,3,-3.20865188233202,0.004
6,2,0.2,301,10,0.3,0.3,10,3,-3.00667708015371,0.004
6,2,0.2,331,10,0.3,0.3,10,3,-2.25373123593741,0.004
6,2,0.2,335,10,0.3,0.3,10,3,-3.37352177340688,0.004
6,2,0.2,338,10,0.3,0.3,10,3,-4.06540506588681,0.004
6,2,0.2,363,10,0.3,0.3,10,3,-3.649902218417,0.004
6,2,0.2,365,10,0.3,0.3,10,3,-2.35084850747214,0.004
6,2,0.2,388,10,0.3,0.3,10,3,-3.56292558240725,0.004
6,2,0.2,406,10,0.3,0.3,10,3,-3.41371178899394,0.004
6,2,0.2,411,10,0.3,0.3,10,3,-3.93488087052205,0.004
6,2,0.2,420,10,0.3,0.3,10,3,-3.81866322731227,0.004
6,2,0.2,438,10,0.3,0.3,10,3,-3.85603577888804,0.004
6,2,0.2,443,10,0.3,0.3,10,3,-3.9543571569134,0.004
6,2,0.2,454,10,0.3,0.3,10,3,-4.59384439439634,0.004
6,2,0.2,481,10,0.3,0.3,10,3,-3.24160698222079,0.004
6,2,0.2,483,10,0.3,0.3,10,3,-3.75686428205663,0.004
6,2,0.2,498,10,0.3,0.3,10,3,-2.26998736739381,0.004
6,2,0.2,7,10,0.3,0.3,10,3,-3.52084282207588,0.006
6,2,0.2,18,10,0.3,0.3,10,3,-3.53097532674337,0.006
6,2,0.2,38,10,0.3,0.3,10,3,-3.23675568790617,0.006
6,2,0.2,46,10,0.3,0.3,10,3,-3.12891535418541,0.006
6,2,0.2,47,10,0.3,0.3,10,3,-3.41226707969088,0.006
6,2,0.2,55,10,0.3,0.3,10,3,-3.59360876954835,0.006
6,2,0.2,73,10,0.3,0.3,10,3,-2.37843060247411,0.006
6,2,0.2,123,10,0.3,0.3,10,3,-2.95969996790248,0.006
6,2,0.2,132,10,0.3,0.3,10,3,-2.9328797891078,0.006
6,2,0.2,173,10,0.3,0.3,10,3,-3.43529655615944,0.006
6,2,0.2,200,10,0.3,0.3,10,3,-3.41602241002434,0.006
6,2,0.2,237,10,0.3,0.3,10,3,-4.5571579214072,0.006
6,2,0.2,258,10,0.3,0.3,10,3,-3.49048359875184,0.006
6,2,0.2,281,10,0.3,0.3,10,3,-3.33005592191353,0.006
6,2,0.2,286,10,0.3,0.3,10,3,-3.52420211044804,0.006
6,2,0.2,295,10,0.3,0.3,10,3,-3.30044674799478,0.006
6,2,0.2,311,10,0.3,0.3,10,3,-2.38016992013763,0.006
6,2,0.2,345,10,0.3,0.3,10,3,-3.45979023437835,0.006
6,2,0.2,360,10,0.3,0.3,10,3,-3.07278448505986,0.006
6,2,0.2,364,10,0.3,0.3,10,3,-3.11137680915309,0.006
6,2,0.2,386,10,0.3,0.3,10,3,-2.68736630246127,0.006
6,2,0.2,415,10,0.3,0.3,10,3,-3.49321918837111,0.006
6,2,0.2,459,10,0.3,0.3,10,3,-3.34798391759975,0.006
6,2,0.2,467,10,0.3,0.3,10,3,-2.69019231108183,0.006
6,2,0.2,471,10,0.3,0.3,10,3,-2.4533297750589,0.006
6,2,0.2,473,10,0.3,0.3,10,3,-3.09572947243603,0.006
6,2,0.2,476,10,0.3,0.3,10,3,-2.394445298362,0.006
6,2,0.2,497,10,0.3,0.3,10,3,-3.80011477454616,0.006
6,2,0.2,27,10,0.3,0.3,10,3,-2.95940288872103,0.008
6,2,0.2,84,10,0.3,0.3,10,3,-2.99766659766439,0.008
6,2,0.2,106,10,0.3,0.3,10,3,-2.85788205042056,0.008
6,2,0.2,168,10,0.3,0.3,10,3,-3.41343380600114,0.008
6,2,0.2,185,10,0.3,0.3,10,3,-2.65069401149825,0.008
6,2,0.2,267,10,0.3,0.3,10,3,-4.62466018274569,0.008
6,2,0.2,275,10,0.3,0.3,10,3,-1.75354121880292,0.008
6,2,0.2,308,10,0.3,0.3,10,3,-2.75188542436914,0.008
6,2,0.2,323,10,0.3,0.3,10,3,-3.45883507157933,0.008
6,2,0.2,328,10,0.3,0.3,10,3,-4.15637086746295,0.008
6,2,0.2,333,10,0.3,0.3,10,3,-2.61049401910728,0.008
6,2,0.2,381,10,0.3,0.3,10,3,-3.48544815026324,0.008
6,2,0.2,397,10,0.3,0.3,10,3,-3.58083206419181,0.008
6,2,0.2,417,10,0.3,0.3,10,3,-3.74557256824522,0.008
6,2,0.2,421,10,0.3,0.3,10,3,-2.62579353318233,0.008
6,2,0.2,490,10,0.3,0.3,10,3,-3.7402768991158,0.008
6,2,0.2,494,10,0.3,0.3,10,3,-3.80976480341477,0.008
6,2,0.2,24,10,0.3,0.3,10,3,-2.2954777905058,0.01
6,2,0.2,39,10,0.3,0.3,10,3,-2.53020650411312,0.01
6,2,0.2,71,10,0.3,0.3,10,3,-2.82577695781146,0.01
6,2,0.2,91,10,0.3,0.3,10,3,-2.58890776193246,0.01
6,2,0.2,94,10,0.3,0.3,10,3,-3.33223053501035,0.01
6,2,0.2,110,10,0.3,0.3,10,3,-2.64970365866941,0.01
6,2,0.2,120,10,0.3,0.3,10,3,-3.38067587737459,0.01
6,2,0.2,124,10,0.3,0.3,10,3,-3.0995155202836,0.01
6,2,0.2,135,10,0.3,0.3,10,3,-3.45537543878211,0.01
6,2,0.2,155,10,0.3,0.3,10,3,-4.43210216209806,0.01
6,2,0.2,184,10,0.3,0.3,10,3,-3.70262415469003,0.01
6,2,0.2,232,10,0.3,0.3,10,3,-3.22729329696534,0.01
6,2,0.2,277,10,0.3,0.3,10,3,-3.01137891052178,0.01
6,2,0.2,284,10,0.3,0.3,10,3,-3.29276239717393,0.01
6,2,0.2,287,10,0.3,0.3,10,3,-2.77441354769908,0.01
6,2,0.2,296,10,0.3,0.3,10,3,-2.49146117650287,0.01
6,2,0.2,310,10,0.3,0.3,10,3,-3.37108637844636,0.01
6,2,0.2,395,10,0.3,0.3,10,3,-2.8893866218514,0.01
6,2,0.2,399,10,0.3,0.3,10,3,-3.04268594029787,0.01
6,2,0.2,412,10,0.3,0.3,10,3,-2.82280283997403,0.01
6,2,0.2,416,10,0.3,0.3,10,3,-2.13174279652662,0.01
6,2,0.2,466,10,0.3,0.3,10,3,-2.81126526850915,0.01
6,2,0.2,488,10,0.3,0.3,10,3,-3.72328338369778,0.01
6,2,0.2,44,10,0.3,0.3,10,3,-2.56478608232308,0.012
6,2,0.2,68,10,0.3,0.3,10,3,-2.95194857507335,0.012
6,2,0.2,69,10,0.3,0.3,10,3,-3.82175725497086,0.012
6,2,0.2,83,10,0.3,0.3,10,3,-4.08038846095508,0.012
6,2,0.2,90,10,0.3,0.3,10,3,-2.65498066547013,0.012
6,2,0.2,101,10,0.3,0.3,10,3,-2.82209416415444,0.012
6,2,0.2,187,10,0.3,0.3,10,3,-3.79505861438059,0.012
6,2,0.2,213,10,0.3,0.3,10,3,-3.95050329994112,0.012
6,2,0.2,239,10,0.3,0.3,10,3,-3.52251130282889,0.012
6,2,0.2,241,10,0.3,0.3,10,3,-3.89523533185044,0.012
6,2,0.2,244,10,0.3,0.3,10,3,-3.21492671341804,0.012
6,2,0.2,270,10,0.3,0.3,10,3,-2.64450431614858,0.012
6,2,0.2,398,10,0.3,0.3,10,3,-3.87195870606118,0.012
6,2,0.2,441,10,0.3,0.3,10,3,-2.56390200286157,0.012
6,2,0.2,445,10,0.3,0.3,10,3,-3.40622822842781,0.012
6,2,0.2,450,10,0.3,0.3,10,3,-2.81268696664392,0.012
6,2,0.2,29,10,0.3,0.3,10,3,-3.08439612806183,0.014
6,2,0.2,33,10,0.3,0.3,10,3,-2.90473204745919,0.014
6,2,0.2,42,10,0.3,0.3,10,3,-3.15482120845499,0.014
6,2,0.2,108,10,0.3,0.3,10,3,-2.27340923231264,0.014
6,2,0.2,133,10,0.3,0.3,10,3,-3.88388331627033,0.014
6,2,0.2,207,10,0.3,0.3,10,3,-3.74776224870433,0.014
6,2,0.2,209,10,0.3,0.3,10,3,-3.52460449518347,0.014
6,2,0.2,223,10,0.3,0.3,10,3,-2.92713730102048,0.014
6,2,0.2,242,10,0.3,0.3,10,3,-3.92057988000747,0.014
6,2,0.2,243,10,0.3,0.3,10,3,-2.13217052474988,0.014
6,2,0.2,341,10,0.3,0.3,10,3,-2.69094369507565,0.014
6,2,0.2,366,10,0.3,0.3,10,3,-2.8310905158983,0.014
6,2,0.2,391,10,0.3,0.3,10,3,-3.71860700586367,0.014
6,2,0.2,409,10,0.3,0.3,10,3,-3.0387491171243,0.014
6,2,0.2,41,10,0.3,0.3,10,3,-2.79531475272958,0.016
6,2,0.2,92,10,0.3,0.3,10,3,-2.6511470004026,0.016
6,2,0.2,118,10,0.3,0.3,10,3,-2.7675526611751,0.016
6,2,0.2,145,10,0.3,0.3,10,3,-2.65666690581645,0.016
6,2,0.2,151,10,0.3,0.3,10,3,-3.82004861954178,0.016
6,2,0.2,170,10,0.3,0.3,10,3,-3.15512784449172,0.016
6,2,0.2,276,10,0.3,0.3,10,3,-2.00350393944822,0.016
6,2,0.2,326,10,0.3,0.3,10,3,-3.14305363432155,0.016
6,2,0.2,348,10,0.3,0.3,10,3,-3.68910336211192,0.016
6,2,0.2,426,10,0.3,0.3,10,3,-4.2232438854283,0.016
6,2,0.2,430,10,0.3,0.3,10,3,-2.68884285759526,0.016
6,2,0.2,435,10,0.3,0.3,10,3,-2.84217659071589,0.016
6,2,0.2,34,10,0.3,0.3,10,3,-3.80238805389777,0.018
6,2,0.2,59,10,0.3,0.3,10,3,-2.84988502399489,0.018
6,2,0.2,142,10,0.3,0.3,10,3,-3.73922278758621,0.018
6,2,0.2,166,10,0.3,0.3,10,3,-3.82090474669644,0.018
6,2,0.2,169,10,0.3,0.3,10,3,-3.29411906356961,0.018
6,2,0.2,175,10,0.3,0.3,10,3,-2.97531326981988,0.018
6,2,0.2,238,10,0.3,0.3,10,3,-3.46427419010948,0.018
6,2,0.2,269,10,0.3,0.3,10,3,-2.94078550326648,0.018
6,2,0.2,292,10,0.3,0.3,10,3,-3.19634097933664,0.018
6,2,0.2,303,10,0.3,0.3,10,3,-3.49279016429304,0.018
6,2,0.2,400,10,0.3,0.3,10,3,-4.15138901091089,0.018
6,2,0.2,81,10,0.3,0.3,10,3,-3.00567420960769,0.02
6,2,0.2,161,10,0.3,0.3,10,3,-4.05376770285071,0.02
6,2,0.2,324,10,0.3,0.3,10,3,-3.04221499881794,0.02
6,2,0.2,383,10,0.3,0.3,10,3,-1.46981838457461,0.02
6,2,0.2,460,10,0.3,0.3,10,3,-2.77345388005182,0.02
6,2,0.2,62,10,0.3,0.3,10,3,-3.03340644602665,0.022
6,2,0.2,79,10,0.3,0.3,10,3,-2.3778037778707,0.022
6,2,0.2,116,10,0.3,0.3,10,3,-3.3153673104886,0.022
6,2,0.2,153,10,0.3,0.3,10,3,-3.39605805443995,0.022
6,2,0.2,154,10,0.3,0.3,10,3,-4.16248719899474,0.022
6,2,0.2,211,10,0.3,0.3,10,3,-3.87824642935655,0.022
6,2,0.2,247,10,0.3,0.3,10,3,-3.64926785237077,0.022
6,2,0.2,251,10,0.3,0.3,10,3,-3.11506911923388,0.022
6,2,0.2,339,10,0.3,0.3,10,3,-2.56753111955618,0.022
6,2,0.2,402,10,0.3,0.3,10,3,-3.27019961076368,0.022
6,2,0.2,419,10,0.3,0.3,10,3,-2.82556554106898,0.022
6,2,0.2,457,10,0.3,0.3,10,3,-3.51146642075508,0.022
6,2,0.2,462,10,0.3,0.3,10,3,-3.07248975975864,0.022
6,2,0.2,482,10,0.3,0.3,10,3,-3.85232637047741,0.022
6,2,0.2,484,10,0.3,0.3,10,3,-4.19807968968524,0.022
6,2,0.2,32,10,0.3,0.3,10,3,-2.01168606574049,0.024
6,2,0.2,75,10,0.3,0.3,10,3,-4.15242358817335,0.024
6,2,0.2,87,10,0.3,0.3,10,3,-3.28538949952136,0.024
6,2,0.2,129,10,0.3,0.3,10,3,-2.08040244897242,0.024
6,2,0.2,159,10,0.3,0.3,10,3,-4.0423407125873,0.024
6,2,0.2,191,10,0.3,0.3,10,3,-2.08466361250743,0.024
6,2,0.2,231,10,0.3,0.3,10,3,-3.16553845732838,0.024
6,2,0.2,233,10,0.3,0.3,10,3,-2.93069445051376,0.024
6,2,0.2,236,10,0.3,0.3,10,3,-3.46718172655548,0.024
6,2,0.2,245,10,0.3,0.3,10,3,-2.95847870988405,0.024
6,2,0.2,372,10,0.3,0.3,10,3,-2.85175068232613,0.024
6,2,0.2,389,10,0.3,0.3,10,3,-3.04155472606575,0.024
6,2,0.2,109,10,0.3,0.3,10,3,-3.25754159495,0.026
6,2,0.2,174,10,0.3,0.3,10,3,-2.73042079112807,0.026
6,2,0.2,190,10,0.3,0.3,10,3,-3.71302843820581,0.026
6,2,0.2,274,10,0.3,0.3,10,3,-2.2190362621765,0.026
6,2,0.2,320,10,0.3,0.3,10,3,-3.15493722119447,0.026
6,2,0.2,353,10,0.3,0.3,10,3,-3.17512868588574,0.026
6,2,0.2,358,10,0.3,0.3,10,3,-2.9040514818596,0.026
6,2,0.2,432,10,0.3,0.3,10,3,-3.23082093603782,0.026
6,2,0.2,455,10,0.3,0.3,10,3,-2.81544763028728,0.026
6,2,0.2,50,10,0.3,0.3,10,3,-2.56897342453132,0.028
6,2,0.2,86,10,0.3,0.3,10,3,-3.08863499809772,0.028
6,2,0.2,148,10,0.3,0.3,10,3,-2.8325495716264,0.028
6,2,0.2,158,10,0.3,0.3,10,3,-2.52920492731897,0.028
6,2,0.2,162,10,0.3,0.3,10,3,-3.76474504195417,0.028
6,2,0.2,186,10,0.3,0.3,10,3,-3.98483847321944,0.028
6,2,0.2,194,10,0.3,0.3,10,3,-3.54721770312761,0.028
6,2,0.2,198,10,0.3,0.3,10,3,-4.56466089170144,0.028
6,2,0.2,228,10,0.3,0.3,10,3,-2.65990657388429,0.028
6,2,0.2,313,10,0.3,0.3,10,3,-2.44118653757295,0.028
6,2,0.2,351,10,0.3,0.3,10,3,-3.36591269508355,0.028
6,2,0.2,449,10,0.3,0.3,10,3,-2.90771513478776,0.028
6,2,0.2,451,10,0.3,0.3,10,3,-3.62694749830536,0.028
6,2,0.2,463,10,0.3,0.3,10,3,-2.80903550877355,0.028
6,2,0.2,469,10,0.3,0.3,10,3,-3.37760201167242,0.028
6,2,0.2,499,10,0.3,0.3,10,3,-2.19968594505869,0.028
6,2,0.2,8,10,0.3,0.3,10,3,-2.46631842412029,0.03
6,2,0.2,14,10,0.3,0.3,10,3,-2.70560450543252,0.03
6,2,0.2,28,10,0.3,0.3,10,3,-3.5858158830211,0.03
6,2,0.2,163,10,0.3,0.3,10,3,-2.18702429579642,0.03
6,2,0.2,165,10,0.3,0.3,10,3,-2.35430309446716,0.03
6,2,0.2,196,10,0.3,0.3,10,3,-3.36316798068381,0.03
6,2,0.2,208,10,0.3,0.3,10,3,-2.76528534012874,0.03
6,2,0.2,289,10,0.3,0.3,10,3,-2.93157681162762,0.03
6,2,0.2,316,10,0.3,0.3,10,3,-2.90157456569406,0.03
6,2,0.2,367,10,0.3,0.3,10,3,-3.42925690172237,0.03
6,2,0.2,3,10,0.3,0.3,10,3,-3.37427477538736,0.032
6,2,0.2,4,10,0.3,0.3,10,3,-3.56749755294433,0.032
6,2,0.2,22,10,0.3,0.3,10,3,-1.87969443054854,0.032
6,2,0.2,95,10,0.3,0.3,10,3,-3.00875819601504,0.032
6,2,0.2,119,10,0.3,0.3,10,3,-3.70463670886818,0.032
6,2,0.2,201,10,0.3,0.3,10,3,-2.29928134189683,0.032
6,2,0.2,224,10,0.3,0.3,10,3,-3.63395530423401,0.032
6,2,0.2,226,10,0.3,0.3,10,3,-3.66919170137731,0.032
6,2,0.2,305,10,0.3,0.3,10,3,-3.89801717551526,0.032
6,2,0.2,307,10,0.3,0.3,10,3,-3.05861128897826,0.032
6,2,0.2,429,10,0.3,0.3,10,3,-2.39217770257466,0.032
6,2,0.2,434,10,0.3,0.3,10,3,-2.20956313470782,0.032
6,2,0.2,439,10,0.3,0.3,10,3,-1.54033275848559,0.032
6,2,0.2,465,10,0.3,0.3,10,3,-2.7480000086228,0.032
6,2,0.2,1,10,0.3,0.3,10,3,-3.10619765858473,0.034
6,2,0.2,31,10,0.3,0.3,10,3,-2.84965395534789,0.034
6,2,0.2,102,10,0.3,0.3,10,3,-3.01565123478082,0.034
6,2,0.2,121,10,0.3,0.3,10,3,-3.2055331007806,0.034
6,2,0.2,250,10,0.3,0.3,10,3,-3.72243852018732,0.034
6,2,0.2,264,10,0.3,0.3,10,3,-2.93635405018503,0.034
6,2,0.2,291,10,0.3,0.3,10,3,-4.32358622248927,0.034
6,2,0.2,315,10,0.3,0.3,10,3,-2.50059465180581,0.034
6,2,0.2,349,10,0.3,0.3,10,3,-2.69407337188312,0.034
6,2,0.2,357,10,0.3,0.3,10,3,-2.40108804088621,0.034
6,2,0.2,382,10,0.3,0.3,10,3,-2.16871991831246,0.034
6,2,0.2,403,10,0.3,0.3,10,3,-2.93452927073844,0.034
6,2,0.2,405,10,0.3,0.3,10,3,-3.35962650936926,0.034
6,2,0.2,477,10,0.3,0.3,10,3,-2.15542271764147,0.034
6,2,0.2,489,10,0.3,0.3,10,3,-2.70075010791265,0.034
6,2,0.2,2,10,0.3,0.3,10,3,-3.51158671888629,0.036
6,2,0.2,13,10,0.3,0.3,10,3,-4.03569262455801,0.036
6,2,0.2,57,10,0.3,0.3,10,3,-2.9790100365889,0.036
6,2,0.2,89,10,0.3,0.3,10,3,-3.33623219434958,0.036
6,2,0.2,218,10,0.3,0.3,10,3,-2.88578062588508,0.036
6,2,0.2,256,10,0.3,0.3,10,3,-2.84995368186136,0.036
6,2,0.2,288,10,0.3,0.3,10,3,-2.15055301512237,0.036
6,2,0.2,350,10,0.3,0.3,10,3,-3.19249181972998,0.036
6,2,0.2,480,10,0.3,0.3,10,3,-2.70422898860744,0.036
6,2,0.2,493,10,0.3,0.3,10,3,-2.59762033668849,0.036
6,2,0.2,30,10,0.3,0.3,10,3,-3.01411928404866,0.038
6,2,0.2,141,10,0.3,0.3,10,3,-3.84617584043448,0.038
6,2,0.2,257,10,0.3,0.3,10,3,-2.66278625610252,0.038
6,2,0.2,375,10,0.3,0.3,10,3,-2.18578233733828,0.038
6,2,0.2,418,10,0.3,0.3,10,3,-2.93337947416558,0.038
6,2,0.2,423,10,0.3,0.3,10,3,-2.07620992269804,0.038
6,2,0.2,53,10,0.3,0.3,10,3,-2.63770481040913,0.04
6,2,0.2,64,10,0.3,0.3,10,3,-4.24331580639424,0.04
6,2,0.2,156,10,0.3,0.3,10,3,-3.4952139827451,0.04
6,2,0.2,280,10,0.3,0.3,10,3,-1.90713052606486,0.04
6,2,0.2,302,10,0.3,0.3,10,3,-2.59658372814218,0.04
6,2,0.2,354,10,0.3,0.3,10,3,-2.19019103065659,0.04
6,2,0.2,407,10,0.3,0.3,10,3,-3.40984492063691,0.04
6,2,0.2,447,10,0.3,0.3,10,3,-2.50567191624265,0.04
6,2,0.2,478,10,0.3,0.3,10,3,-3.20483248435906,0.04
6,2,0.2,16,10,0.3,0.3,10,3,-2.7243723557402,0.042
6,2,0.2,20,10,0.3,0.3,10,3,-3.27280202628197,0.042
6,2,0.2,23,10,0.3,0.3,10,3,-3.13102399806274,0.042
6,2,0.2,25,10,0.3,0.3,10,3,-3.35237903135121,0.042
6,2,0.2,66,10,0.3,0.3,10,3,-3.0616161374966,0.042
6,2,0.2,98,10,0.3,0.3,10,3,-2.87640438692307,0.042
6,2,0.2,126,10,0.3,0.3,10,3,-3.00574894339414,0.042
6,2,0.2,160,10,0.3,0.3,10,3,-2.69437804791053,0.042
6,2,0.2,167,10,0.3,0.3,10,3,-2.5821300020294,0.042
6,2,0.2,172,10,0.3,0.3,10,3,-2.13867711227891,0.042
6,2,0.2,234,10,0.3,0.3,10,3,-2.72659643114747,0.042
6,2,0.2,263,10,0.3,0.3,10,3,-3.34298452628082,0.042
6,2,0.2,273,10,0.3,0.3,10,3,-2.59348112471014,0.042
6,2,0.2,371,10,0.3,0.3,10,3,-3.15737454237723,0.042
6,2,0.2,9,10,0.3,0.3,10,3,-4.58359706616719,0.044
6,2,0.2,17,10,0.3,0.3,10,3,-3.03006818079123,0.044
6,2,0.2,43,10,0.3,0.3,10,3,-1.66779070698573,0.044
6,2,0.2,88,10,0.3,0.3,10,3,-2.64393517564847,0.044
6,2,0.2,144,10,0.3,0.3,10,3,-3.93585729653361,0.044
6,2,0.2,152,10,0.3,0.3,10,3,-2.96923813158949,0.044
6,2,0.2,180,10,0.3,0.3,10,3,-3.39682320662359,0.044
6,2,0.2,193,10,0.3,0.3,10,3,-3.40289498401759,0.044
6,2,0.2,215,10,0.3,0.3,10,3,-3.83580283075932,0.044
6,2,0.2,306,10,0.3,0.3,10,3,-3.0825964167299,0.044
6,2,0.2,329,10,0.3,0.3,10,3,-2.27199117098766,0.044
6,2,0.2,359,10,0.3,0.3,10,3,-2.23648812858309,0.044
6,2,0.2,380,10,0.3,0.3,10,3,-3.98837606503352,0.044
6,2,0.2,410,10,0.3,0.3,10,3,-1.81779798946948,0.044
6,2,0.2,456,10,0.3,0.3,10,3,-3.58882357943276,0.044
6,2,0.2,15,10,0.3,0.3,10,3,-3.49686615790776,0.046
6,2,0.2,61,10,0.3,0.3,10,3,-3.0891698810149,0.046
6,2,0.2,76,10,0.3,0.3,10,3,-2.7909092436073,0.046
6,2,0.2,80,10,0.3,0.3,10,3,-2.01237052572299,0.046
6,2,0.2,99,10,0.3,0.3,10,3,-2.35566766591259,0.046
6,2,0.2,114,10,0.3,0.3,10,3,-3.11377307270442,0.046
6,2,0.2,125,10,0.3,0.3,10,3,-3.02265389892904,0.046
6,2,0.2,179,10,0.3,0.3,10,3,-2.47693862374987,0.046
6,2,0.2,235,10,0.3,0.3,10,3,-2.78257614578484,0.046
6,2,0.2,266,10,0.3,0.3,10,3,-1.35420946818388,0.046
6,2,0.2,294,10,0.3,0.3,10,3,-2.34471669944665,0.046
6,2,0.2,304,10,0.3,0.3,10,3,-2.30856723588968,0.046
6,2,0.2,312,10,0.3,0.3,10,3,-2.42837035720854,0.046
6,2,0.2,342,10,0.3,0.3,10,3,-2.49751601106183,0.046
6,2,0.2,343,10,0.3,0.3,10,3,-1.96948705926204,0.046
6,2,0.2,401,10,0.3,0.3,10,3,-2.78997414270884,0.046
6,2,0.2,453,10,0.3,0.3,10,3,-3.39205967771164,0.046
6,2,0.2,500,10,0.3,0.3,10,3,-3.41187020634118,0.046
6,2,0.2,117,10,0.3,0.3,10,3,-2.61220141640129,0.048
6,2,0.2,182,10,0.3,0.3,10,3,-3.66622399088953,0.048
6,2,0.2,249,10,0.3,0.3,10,3,-2.52625141738179,0.048
6,2,0.2,272,10,0.3,0.3,10,3,-2.61639503891544,0.048
6,2,0.2,317,10,0.3,0.3,10,3,-1.59730536255705,0.048
6,2,0.2,322,10,0.3,0.3,10,3,-3.58871923384109,0.048
6,2,0.2,330,10,0.3,0.3,10,3,-2.66940367748361,0.048
6,2,0.2,5,10,0.3,0.3,10,3,-2.45462361564358,0.05
6,2,0.2,74,10,0.3,0.3,10,3,-4.69695478119888,0.05
6,2,0.2,137,10,0.3,0.3,10,3,-3.1420035990337,0.05
6,2,0.2,178,10,0.3,0.3,10,3,-3.46012408450184,0.05
6,2,0.2,188,10,0.3,0.3,10,3,-3.42614265174814,0.05
6,2,0.2,346,10,0.3,0.3,10,3,-3.21751045274314,0.05
6,2,0.2,355,10,0.3,0.3,10,3,-2.57274604044068,0.05
6,2,0.2,368,10,0.3,0.3,10,3,-3.17837444598328,0.05
6,2,0.2,373,10,0.3,0.3,10,3,-4.14844277782859,0.05
6,2,0.2,428,10,0.3,0.3,10,3,-3.80561807985967,0.05
6,2,0.2,458,10,0.3,0.3,10,3,-4.12918864636305,0.05
6,2,0.2,464,10,0.3,0.3,10,3,-3.15283877367301,0.05
6,2,0.2,470,10,0.3,0.3,10,3,-3.32244672950173,0.05
6,2,0.2,474,10,0.3,0.3,10,3,-1.86297671871401,0.05
6,2,0.2,475,10,0.3,0.3,10,3,-4.36454719361365,0.05
6,2,0.2,492,10,0.3,0.3,10,3,-2.1194775232789,0.05
6,2,0.2,10,10,0.3,0.3,10,3,-2.8846042445748,0.052
6,2,0.2,12,10,0.3,0.3,10,3,-2.59511457130034,0.052
6,2,0.2,49,10,0.3,0.3,10,3,-3.34478013246533,0.052
6,2,0.2,111,10,0.3,0.3,10,3,-2.35956614211287,0.052
6,2,0.2,192,10,0.3,0.3,10,3,-2.34067978043981,0.052
6,2,0.2,212,10,0.3,0.3,10,3,-2.8166051524266,0.052
6,2,0.2,225,10,0.3,0.3,10,3,-2.65725519785619,0.052
6,2,0.2,344,10,0.3,0.3,10,3,-2.91837979709567,0.052
6,2,0.2,352,10,0.3,0.3,10,3,-3.20453148565829,0.052
6,2,0.2,422,10,0.3,0.3,10,3,-2.4127404613061,0.052
6,2,0.2,448,10,0.3,0.3,10,3,-2.64713702743813,0.052
6,2,0.2,479,10,0.3,0.3,10,3,-2.46834040983322,0.052
6,2,0.2,36,10,0.3,0.3,10,3,-3.74343078403624,0.054
6,2,0.2,54,10,0.3,0.3,10,3,-2.21783046311407,0.054
6,2,0.2,56,10,0.3,0.3,10,3,-3.0348676988834,0.054
6,2,0.2,78,10,0.3,0.3,10,3,-3.80057448377283,0.054
6,2,0.2,143,10,0.3,0.3,10,3,-2.48117672721787,0.054
6,2,0.2,177,10,0.3,0.3,10,3,-2.38288116067358,0.054
6,2,0.2,203,10,0.3,0.3,10,3,-2.44663512154929,0.054
6,2,0.2,321,10,0.3,0.3,10,3,-2.46928235831365,0.054
6,2,0.2,376,10,0.3,0.3,10,3,-4.0589374520832,0.054
6,2,0.2,85,10,0.3,0.3,10,3,-3.39111894617187,0.056
6,2,0.2,127,10,0.3,0.3,10,3,-4.2602183366516,0.056
6,2,0.2,130,10,0.3,0.3,10,3,-2.47922332169367,0.056
6,2,0.2,219,10,0.3,0.3,10,3,-1.76749478042393,0.056
6,2,0.2,246,10,0.3,0.3,10,3,-2.67442410466714,0.056
6,2,0.2,265,10,0.3,0.3,10,3,-3.41196960616213,0.056
6,2,0.2,271,10,0.3,0.3,10,3,-2.50258303015318,0.056
6,2,0.2,385,10,0.3,0.3,10,3,-3.38152513696605,0.056
6,2,0.2,436,10,0.3,0.3,10,3,-2.93909730359857,0.056
6,2,0.2,437,10,0.3,0.3,10,3,-3.36825350335769,0.056
6,2,0.2,51,10,0.3,0.3,10,3,-2.53666532073711,0.058
6,2,0.2,52,10,0.3,0.3,10,3,-2.76451054885172,0.058
6,2,0.2,134,10,0.3,0.3,10,3,-2.13987683768855,0.058
6,2,0.2,149,10,0.3,0.3,10,3,-3.81293955319671,0.058
6,2,0.2,206,10,0.3,0.3,10,3,-3.27162724428899,0.058
6,2,0.2,240,10,0.3,0.3,10,3,-3.09577841563555,0.058
6,2,0.2,248,10,0.3,0.3,10,3,-3.51929902344912,0.058
6,2,0.2,309,10,0.3,0.3,10,3,-3.16144869329517,0.058
6,2,0.2,332,10,0.3,0.3,10,3,-2.45504758489122,0.058
6,2,0.2,336,10,0.3,0.3,10,3,-1.54692520020566,0.058
6,2,0.2,347,10,0.3,0.3,10,3,-3.14333920138114,0.058
6,2,0.2,408,10,0.3,0.3,10,3,-1.73248524995768,0.058
6,2,0.2,414,10,0.3,0.3,10,3,-3.26846910067255,0.058
6,2,0.2,468,10,0.3,0.3,10,3,-4.08314776858086,0.058
6,2,0.2,37,10,0.3,0.3,10,3,-3.0138740694828,0.06
6,2,0.2,40,10,0.3,0.3,10,3,-1.60007082446623,0.06
6,2,0.2,103,10,0.3,0.3,10,3,-1.95314300544706,0.06
6,2,0.2,176,10,0.3,0.3,10,3,-1.95454352574723,0.06
6,2,0.2,254,10,0.3,0.3,10,3,-3.83600883147784,0.06
6,2,0.2,297,10,0.3,0.3,10,3,-2.26830794074851,0.06
6,2,0.2,299,10,0.3,0.3,10,3,-2.47263932745017,0.06
6,2,0.2,314,10,0.3,0.3,10,3,-2.50247098055058,0.06
6,2,0.2,318,10,0.3,0.3,10,3,-3.0524987720222,0.06
6,2,0.2,319,10,0.3,0.3,10,3,-3.34528690640985,0.06
6,2,0.2,334,10,0.3,0.3,10,3,-2.41672512903216,0.06
6,2,0.2,361,10,0.3,0.3,10,3,-3.12381426225318,0.06
6,2,0.2,392,10,0.3,0.3,10,3,-2.6757910255742,0.06
6,2,0.2,396,10,0.3,0.3,10,3,-3.94702407188242,0.06
6,2,0.2,424,10,0.3,0.3,10,3,-2.56179366685581,0.06
6,2,0.2,446,10,0.3,0.3,10,3,-3.00979613287663,0.06
6,2,0.2,486,10,0.3,0.3,10,3,-3.34575625023237,0.06
6,2,0.2,6,10,0.3,0.3,10,3,-2.67647375309963,0.062
6,2,0.2,77,10,0.3,0.3,10,3,-2.33375067927071,0.062
6,2,0.2,112,10,0.3,0.3,10,3,-2.23032866032989,0.062
6,2,0.2,128,10,0.3,0.3,10,3,-4.06158885049936,0.062
6,2,0.2,293,10,0.3,0.3,10,3,-3.42157173751085,0.062
6,2,0.2,377,10,0.3,0.3,10,3,-3.39532297852608,0.062
6,2,0.2,387,10,0.3,0.3,10,3,-2.88276070032265,0.062
6,2,0.2,404,10,0.3,0.3,10,3,-3.35374814331692,0.062
6,2,0.2,413,10,0.3,0.3,10,3,-2.00382665555153,0.062
6,2,0.2,427,10,0.3,0.3,10,3,-2.78840723558179,0.062
6,2,0.2,472,10,0.3,0.3,10,3,-2.73805080548442,0.062
6,2,0.2,131,10,0.3,0.3,10,3,-1.92022440999588,0.064
6,2,0.2,183,10,0.3,0.3,10,3,-2.77530504738999,0.064
6,2,0.2,259,10,0.3,0.3,10,3,-2.68372059873263,0.064
6,2,0.2,300,10,0.3,0.3,10,3,-3.26576855204416,0.064
6,2,0.2,325,10,0.3,0.3,10,3,-3.51231847235252,0.064
6,2,0.2,393,10,0.3,0.3,10,3,-3.90594068203217,0.064
6,2,0.2,442,10,0.3,0.3,10,3,-2.69341348534894,0.064
6,2,0.2,104,10,0.3,0.3,10,3,-2.05285299648128,0.066
6,2,0.2,150,10,0.3,0.3,10,3,-2.49465144096064,0.066
6,2,0.2,197,10,0.3,0.3,10,3,-2.70728985721956,0.066
6,2,0.2,202,10,0.3,0.3,10,3,-1.6887375964242,0.066
6,2,0.2,205,10,0.3,0.3,10,3,-2.74529579043283,0.066
6,2,0.2,216,10,0.3,0.3,10,3,-3.75305418619737,0.066
6,2,0.2,72,10,0.3,0.3,10,3,-1.83270313439908,0.068
6,2,0.2,252,10,0.3,0.3,10,3,-2.94483707927841,0.068
6,2,0.2,384,10,0.3,0.3,10,3,-2.10920791173135,0.068
6,2,0.2,394,10,0.3,0.3,10,3,-3.55463388050302,0.068
6,2,0.2,93,10,0.3,0.3,10,3,-2.76638817115986,0.07
6,2,0.2,138,10,0.3,0.3,10,3,-2.19496930813207,0.07
6,2,0.2,278,10,0.3,0.3,10,3,-3.25201815877574,0.07
6,2,0.2,390,10,0.3,0.3,10,3,-2.95355239294119,0.07
6,2,0.2,189,10,0.3,0.3,10,3,-3.22003860301967,0.072
6,2,0.2,379,10,0.3,0.3,10,3,-2.2475164758859,0.072
6,2,0.2,210,10,0.3,0.3,10,3,-2.63391083807946,0.074
6,2,0.2,222,10,0.3,0.3,10,3,-2.57909485536888,0.074
6,2,0.2,285,10,0.3,0.3,10,3,-3.09096818270891,0.074
6,2,0.2,362,10,0.3,0.3,10,3,-3.27190879200887,0.074
6,2,0.2,440,10,0.3,0.3,10,3,-2.91187081851427,0.074
6,2,0.2,487,10,0.3,0.3,10,3,-2.52661102055578,0.074
6,2,0.2,139,10,0.3,0.3,10,3,-3.44774536616609,0.076
6,2,0.2,327,10,0.3,0.3,10,3,-3.61347405760674,0.076
6,2,0.2,425,10,0.3,0.3,10,3,-2.08066885873382,0.076
6,2,0.2,105,10,0.3,0.3,10,3,-2.67947470944696,0.078
6,2,0.2,147,10,0.3,0.3,10,3,-2.6544884749861,0.078
6,2,0.2,298,10,0.3,0.3,10,3,-2.89355932037247,0.08
6,2,0.2,204,10,0.3,0.3,10,3,-2.61543161488845,0.082
6,2,0.2,227,10,0.3,0.3,10,3,-2.45827619700793,0.082
6,2,0.2,164,10,0.3,0.3,10,3,-3.01383231043184,0.084
6,2,0.2,97,10,0.3,0.3,10,3,-3.29099926984043,0.086
6,2,0.2,140,10,0.3,0.3,10,3,-2.086509105955,0.086
6,2,0.2,485,10,0.3,0.3,10,3,-1.91670432100622,0.086
6,2,0.2,491,10,0.3,0.3,10,3,-2.57847599273867,0.088
6,2,0.2,122,10,0.3,0.3,10,3,-2.24158991875029,0.096
6,2,0.2,378,10,0.3,0.3,10,3,-1.9060851977658,0.096
6,2,0.2,452,10,0.3,0.3,10,3,-1.84100081462969,0.098
6,2,0.2,82,10,0.3,0.3,10,3,-2.57291055910039,0.102
6,2,0.2,262,10,0.3,0.3,10,3,-1.86400687431501,0.102
6,2,0.2,279,10,0.3,0.3,10,3,-1.05708329405729,0.102
6,2,0.2,374,10,0.3,0.3,10,3,-1.43393617890976,0.106
6,2,0.2,337,10,0.3,0.3,10,3,-2.55564087754487,0.112
6,2,0.2,220,10,0.3,0.3,10,3,-1.23148875551428,0.12
6,2,0.2,11,10,0.3,0.3,10,3,-1.1359373040863,0.124
6,2,0.2,195,10,0.3,0.3,10,3,-1.75888184333056,0.134
6,2,0.2,8,10,0.3,0.3,11,3,-2.49846447071121,0
6,2,0.2,12,10,0.3,0.3,11,3,-3.02606351480821,0
6,2,0.2,24,10,0.3,0.3,11,3,-3.83427386562775,0
6,2,0.2,36,10,0.3,0.3,11,3,-3.71802767745822,0
6,2,0.2,47,10,0.3,0.3,11,3,-2.83798121185799,0
6,2,0.2,62,10,0.3,0.3,11,3,-2.73211657444264,0
6,2,0.2,65,10,0.3,0.3,11,3,-2.2476821949983,0
6,2,0.2,88,10,0.3,0.3,11,3,-3.7016820687721,0
6,2,0.2,129,10,0.3,0.3,11,3,-2.22770875009925,0
6,2,0.2,143,10,0.3,0.3,11,3,-3.20078317612322,0
6,2,0.2,144,10,0.3,0.3,11,3,-3.55351939575857,0
6,2,0.2,198,10,0.3,0.3,11,3,-3.5257245961354,0
6,2,0.2,218,10,0.3,0.3,11,3,-2.82587436972835,0
6,2,0.2,221,10,0.3,0.3,11,3,-4.24962835146746,0
6,2,0.2,244,10,0.3,0.3,11,3,-3.54283866056289,0
6,2,0.2,259,10,0.3,0.3,11,3,-3.58892063495728,0
6,2,0.2,273,10,0.3,0.3,11,3,-3.46617842019174,0
6,2,0.2,276,10,0.3,0.3,11,3,-3.72489890434539,0
6,2,0.2,299,10,0.3,0.3,11,3,-4.49046299533973,0
6,2,0.2,315,10,0.3,0.3,11,3,-3.20019984302877,0
6,2,0.2,386,10,0.3,0.3,11,3,-3.52626014355963,0
6,2,0.2,405,10,0.3,0.3,11,3,-3.73944661105898,0
6,2,0.2,419,10,0.3,0.3,11,3,-2.8069025588662,0
6,2,0.2,429,10,0.3,0.3,11,3,-2.8236513513495,0
6,2,0.2,468,10,0.3,0.3,11,3,-4.00898113285299,0
6,2,0.2,488,10,0.3,0.3,11,3,-3.24375025966651,0
6,2,0.2,7,10,0.3,0.3,11,3,-3.1714564200532,0.002
6,2,0.2,54,10,0.3,0.3,11,3,-2.72249971108886,0.002
6,2,0.2,71,10,0.3,0.3,11,3,-3.41151566088331,0.002
6,2,0.2,73,10,0.3,0.3,11,3,-3.72761125207566,0.002
6,2,0.2,108,10,0.3,0.3,11,3,-4.04393064910778,0.002
6,2,0.2,118,10,0.3,0.3,11,3,-3.05838211269378,0.002
6,2,0.2,124,10,0.3,0.3,11,3,-2.6953508935589,0.002
6,2,0.2,131,10,0.3,0.3,11,3,-3.58998829450775,0.002
6,2,0.2,150,10,0.3,0.3,11,3,-3.97282949892605,0.002
6,2,0.2,176,10,0.3,0.3,11,3,-3.63480783951928,0.002
6,2,0.2,187,10,0.3,0.3,11,3,-2.21180513581888,0.002
6,2,0.2,190,10,0.3,0.3,11,3,-3.5551979566637,0.002
6,2,0.2,210,10,0.3,0.3,11,3,-3.36769769443174,0.002
6,2,0.2,219,10,0.3,0.3,11,3,-3.18890503681669,0.002
6,2,0.2,220,10,0.3,0.3,11,3,-2.62442954609978,0.002
6,2,0.2,235,10,0.3,0.3,11,3,-3.42365911107879,0.002
6,2,0.2,248,10,0.3,0.3,11,3,-3.76662018585137,0.002
6,2,0.2,261,10,0.3,0.3,11,3,-2.80075054726925,0.002
6,2,0.2,268,10,0.3,0.3,11,3,-2.46185104017491,0.002
6,2,0.2,283,10,0.3,0.3,11,3,-4.68434154650649,0.002
6,2,0.2,327,10,0.3,0.3,11,3,-3.18994683810507,0.002
6,2,0.2,355,10,0.3,0.3,11,3,-4.37038904376007,0.002
6,2,0.2,368,10,0.3,0.3,11,3,-3.07846372037909,0.002
6,2,0.2,406,10,0.3,0.3,11,3,-3.08507660080645,0.002
6,2,0.2,408,10,0.3,0.3,11,3,-4.13243762938507,0.002
6,2,0.2,460,10,0.3,0.3,11,3,-3.61620738560575,0.002
6,2,0.2,462,10,0.3,0.3,11,3,-2.69989347455888,0.002
6,2,0.2,475,10,0.3,0.3,11,3,-3.45496752555889,0.002
6,2,0.2,9,10,0.3,0.3,11,3,-2.97823297463717,0.004
6,2,0.2,18,10,0.3,0.3,11,3,-3.31947107044806,0.004
6,2,0.2,31,10,0.3,0.3,11,3,-3.40874811777601,0.004
6,2,0.2,34,10,0.3,0.3,11,3,-2.91014931144778,0.004
6,2,0.2,81,10,0.3,0.3,11,3,-3.6926190535907,0.004
6,2,0.2,104,10,0.3,0.3,11,3,-3.05178248388921,0.004
6,2,0.2,140,10,0.3,0.3,11,3,-4.03511683618024,0.004
6,2,0.2,145,10,0.3,0.3,11,3,-3.18191960783747,0.004
6,2,0.2,156,10,0.3,0.3,11,3,-3.58472883654235,0.004
6,2,0.2,170,10,0.3,0.3,11,3,-3.29270860939502,0.004
6,2,0.2,193,10,0.3,0.3,11,3,-2.48993753595687,0.004
6,2,0.2,241,10,0.3,0.3,11,3,-3.32133117114992,0.004
6,2,0.2,260,10,0.3,0.3,11,3,-3.46637095453539,0.004
6,2,0.2,275,10,0.3,0.3,11,3,-4.15435496781703,0.004
6,2,0.2,351,10,0.3,0.3,11,3,-3.79674597412543,0.004
6,2,0.2,372,10,0.3,0.3,11,3,-2.83969816100438,0.004
6,2,0.2,373,10,0.3,0.3,11,3,-4.69697629521352,0.004
6,2,0.2,387,10,0.3,0.3,11,3,-3.22573630801062,0.004
6,2,0.2,393,10,0.3,0.3,11,3,-3.06021534808974,0.004
6,2,0.2,433,10,0.3,0.3,11,3,-2.82624398400139,0.004
6,2,0.2,438,10,0.3,0.3,11,3,-3.37433771371198,0.004
6,2,0.2,459,10,0.3,0.3,11,3,-4.13726862795161,0.004
6,2,0.2,470,10,0.3,0.3,11,3,-3.13344457608957,0.004
6,2,0.2,474,10,0.3,0.3,11,3,-3.372460667247,0.004
6,2,0.2,484,10,0.3,0.3,11,3,-3.7391141469877,0.004
6,2,0.2,42,10,0.3,0.3,11,3,-2.93945771373149,0.006
6,2,0.2,46,10,0.3,0.3,11,3,-3.2811875903445,0.006
6,2,0.2,48,10,0.3,0.3,11,3,-3.06565845288546,0.006
6,2,0.2,64,10,0.3,0.3,11,3,-3.57462363930676,0.006
6,2,0.2,78,10,0.3,0.3,11,3,-2.42371900896924,0.006
6,2,0.2,111,10,0.3,0.3,11,3,-2.9352740851094,0.006
6,2,0.2,134,10,0.3,0.3,11,3,-3.6581212594715,0.006
6,2,0.2,186,10,0.3,0.3,11,3,-2.056029013033,0.006
6,2,0.2,207,10,0.3,0.3,11,3,-2.90524125377053,0.006
6,2,0.2,223,10,0.3,0.3,11,3,-3.86095034518857,0.006
6,2,0.2,224,10,0.3,0.3,11,3,-3.30753043231661,0.006
6,2,0.2,246,10,0.3,0.3,11,3,-4.07590611866775,0.006
6,2,0.2,271,10,0.3,0.3,11,3,-3.05176008680942,0.006
6,2,0.2,294,10,0.3,0.3,11,3,-2.99803420262319,0.006
6,2,0.2,307,10,0.3,0.3,11,3,-4.16173393818656,0.006
6,2,0.2,326,10,0.3,0.3,11,3,-2.48443845935793,0.006
6,2,0.2,347,10,0.3,0.3,11,3,-4.2835007277553,0.006
6,2,0.2,384,10,0.3,0.3,11,3,-3.20510651249137,0.006
6,2,0.2,385,10,0.3,0.3,11,3,-2.70914871162509,0.006
6,2,0.2,394,10,0.3,0.3,11,3,-3.27754623125691,0.006
6,2,0.2,402,10,0.3,0.3,11,3,-3.91331497892583,0.006
6,2,0.2,416,10,0.3,0.3,11,3,-3.92308409883248,0.006
6,2,0.2,431,10,0.3,0.3,11,3,-4.04507012137984,0.006
6,2,0.2,452,10,0.3,0.3,11,3,-2.89206287938802,0.006
6,2,0.2,457,10,0.3,0.3,11,3,-3.44870117459914,0.006
6,2,0.2,458,10,0.3,0.3,11,3,-3.59058806315045,0.006
6,2,0.2,498,10,0.3,0.3,11,3,-3.09226724833476,0.006
6,2,0.2,17,10,0.3,0.3,11,3,-2.90819331481919,0.008
6,2,0.2,19,10,0.3,0.3,11,3,-3.78423630891169,0.008
6,2,0.2,51,10,0.3,0.3,11,3,-2.987171533945,0.008
6,2,0.2,74,10,0.3,0.3,11,3,-2.57457817291052,0.008
6,2,0.2,122,10,0.3,0.3,11,3,-4.56019076277644,0.008
6,2,0.2,159,10,0.3,0.3,11,3,-3.85983984584675,0.008
6,2,0.2,160,10,0.3,0.3,11,3,-2.40995720984165,0.008
6,2,0.2,161,10,0.3,0.3,11,3,-3.3080311114729,0.008
6,2,0.2,164,10,0.3,0.3,11,3,-3.63344106672582,0.008
6,2,0.2,183,10,0.3,0.3,11,3,-3.53195154283958,0.008
6,2,0.2,199,10,0.3,0.3,11,3,-4.1880669600873,0.008
6,2,0.2,213,10,0.3,0.3,11,3,-3.68575761020887,0.008
6,2,0.2,215,10,0.3,0.3,11,3,-3.31701094016171,0.008
6,2,0.2,229,10,0.3,0.3,11,3,-3.60611709251788,0.008
6,2,0.2,262,10,0.3,0.3,11,3,-3.48255003819335,0.008
6,2,0.2,277,10,0.3,0.3,11,3,-3.64377572806328,0.008
6,2,0.2,278,10,0.3,0.3,11,3,-3.53313790060164,0.008
6,2,0.2,279,10,0.3,0.3,11,3,-2.90509722983415,0.008
6,2,0.2,296,10,0.3,0.3,11,3,-2.4776786599738,0.008
6,2,0.2,323,10,0.3,0.3,11,3,-3.41732995100151,0.008
6,2,0.2,334,10,0.3,0.3,11,3,-3.05176483073453,0.008
6,2,0.2,337,10,0.3,0.3,11,3,-3.95092828764101,0.008
6,2,0.2,338,10,0.3,0.3,11,3,-3.91872440812932,0.008
6,2,0.2,388,10,0.3,0.3,11,3,-2.16879078888871,0.008
6,2,0.2,395,10,0.3,0.3,11,3,-3.43789530827806,0.008
6,2,0.2,399,10,0.3,0.3,11,3,-2.67730481459148,0.008
6,2,0.2,418,10,0.3,0.3,11,3,-3.5926299795791,0.008
6,2,0.2,435,10,0.3,0.3,11,3,-3.47430734555232,0.008
6,2,0.2,451,10,0.3,0.3,11,3,-3.92185790072034,0.008
6,2,0.2,453,10,0.3,0.3,11,3,-3.11749246143518,0.008
6,2,0.2,482,10,0.3,0.3,11,3,-2.8079221726276,0.008
6,2,0.2,499,10,0.3,0.3,11,3,-2.38495112257212,0.008
6,2,0.2,26,10,0.3,0.3,11,3,-3.53833058340547,0.01
6,2,0.2,40,10,0.3,0.3,11,3,-3.19738513300823,0.01
6,2,0.2,61,10,0.3,0.3,11,3,-3.44125070510151,0.01
6,2,0.2,75,10,0.3,0.3,11,3,-3.85923263753298,0.01
6,2,0.2,85,10,0.3,0.3,11,3,-3.54885865447122,0.01
6,2,0.2,121,10,0.3,0.3,11,3,-4.0171249477896,0.01
6,2,0.2,135,10,0.3,0.3,11,3,-2.98746949668097,0.01
6,2,0.2,148,10,0.3,0.3,11,3,-2.75831880534179,0.01
6,2,0.2,173,10,0.3,0.3,11,3,-3.80545103494748,0.01
6,2,0.2,182,10,0.3,0.3,11,3,-2.04374138239376,0.01
6,2,0.2,185,10,0.3,0.3,11,3,-3.71374373503394,0.01
6,2,0.2,201,10,0.3,0.3,11,3,-3.24875229146917,0.01
6,2,0.2,274,10,0.3,0.3,11,3,-2.82538795759774,0.01
6,2,0.2,303,10,0.3,0.3,11,3,-2.02676723401424,0.01
6,2,0.2,318,10,0.3,0.3,11,3,-1.25965327960571,0.01
6,2,0.2,356,10,0.3,0.3,11,3,-3.22890958093035,0.01
6,2,0.2,417,10,0.3,0.3,11,3,-2.43281844116277,0.01
6,2,0.2,454,10,0.3,0.3,11,3,-3.4760667470147,0.01
6,2,0.2,467,10,0.3,0.3,11,3,-2.27274290531963,0.01
6,2,0.2,28,10,0.3,0.3,11,3,-2.65695522453279,0.012
6,2,0.2,87,10,0.3,0.3,11,3,-2.99149001260011,0.012
6,2,0.2,96,10,0.3,0.3,11,3,-2.81917316597801,0.012
6,2,0.2,103,10,0.3,0.3,11,3,-3.10705882577307,0.012
6,2,0.2,149,10,0.3,0.3,11,3,-3.29345759226928,0.012
6,2,0.2,155,10,0.3,0.3,11,3,-2.67480846901583,0.012
6,2,0.2,203,10,0.3,0.3,11,3,-2.99705348928271,0.012
6,2,0.2,209,10,0.3,0.3,11,3,-3.36512326218659,0.012
6,2,0.2,226,10,0.3,0.3,11,3,-3.31005129392997,0.012
6,2,0.2,251,10,0.3,0.3,11,3,-2.62212271440492,0.012
6,2,0.2,267,10,0.3,0.3,11,3,-4.60040925479561,0.012
6,2,0.2,297,10,0.3,0.3,11,3,-2.7946117094715,0.012
6,2,0.2,304,10,0.3,0.3,11,3,-3.5979291721093,0.012
6,2,0.2,319,10,0.3,0.3,11,3,-3.39293590457143,0.012
6,2,0.2,321,10,0.3,0.3,11,3,-3.31822342679254,0.012
6,2,0.2,335,10,0.3,0.3,11,3,-2.74098780678176,0.012
6,2,0.2,349,10,0.3,0.3,11,3,-3.22984773387012,0.012
6,2,0.2,389,10,0.3,0.3,11,3,-3.32687910553605,0.012
6,2,0.2,425,10,0.3,0.3,11,3,-2.67351359491778,0.012
6,2,0.2,450,10,0.3,0.3,11,3,-3.36176785200115,0.012
6,2,0.2,480,10,0.3,0.3,11,3,-2.44486974925061,0.012
6,2,0.2,492,10,0.3,0.3,11,3,-4.1924865991403,0.012
6,2,0.2,497,10,0.3,0.3,11,3,-2.92812954141573,0.012
6,2,0.2,92,10,0.3,0.3,11,3,-2.96757878338019,0.014
6,2,0.2,120,10,0.3,0.3,11,3,-4.13373402064011,0.014
6,2,0.2,125,10,0.3,0.3,11,3,-2.61378860332232,0.014
6,2,0.2,139,10,0.3,0.3,11,3,-2.80960323965721,0.014
6,2,0.2,153,10,0.3,0.3,11,3,-3.22113076149728,0.014
6,2,0.2,191,10,0.3,0.3,11,3,-3.23011960275437,0.014
6,2,0.2,263,10,0.3,0.3,11,3,-2.45653783176576,0.014
6,2,0.2,306,10,0.3,0.3,11,3,-3.21851907602255,0.014
6,2,0.2,360,10,0.3,0.3,11,3,-3.80048312236244,0.014
6,2,0.2,383,10,0.3,0.3,11,3,-3.36303821318504,0.014
6,2,0.2,410,10,0.3,0.3,11,3,-3.37416076171189,0.014
6,2,0.2,434,10,0.3,0.3,11,3,-3.37450965929892,0.014
6,2,0.2,464,10,0.3,0.3,11,3,-2.16961131891892,0.014
6,2,0.2,180,10,0.3,0.3,11,3,-4.03272470543985,0.016
6,2,0.2,227,10,0.3,0.3,11,3,-2.80373242534654,0.016
6,2,0.2,236,10,0.3,0.3,11,3,-3.94822267924323,0.016
6,2,0.2,292,10,0.3,0.3,11,3,-2.77057756846571,0.016
6,2,0.2,308,10,0.3,0.3,11,3,-2.97536015632764,0.016
6,2,0.2,317,10,0.3,0.3,11,3,-2.18679447690678,0.016
6,2,0.2,330,10,0.3,0.3,11,3,-2.76495097148691,0.016
6,2,0.2,363,10,0.3,0.3,11,3,-2.70819549638523,0.016
6,2,0.2,407,10,0.3,0.3,11,3,-3.93770709455765,0.016
6,2,0.2,409,10,0.3,0.3,11,3,-3.21047980682104,0.016
6,2,0.2,456,10,0.3,0.3,11,3,-3.93585362699901,0.016
6,2,0.2,2,10,0.3,0.3,11,3,-2.46852594757959,0.018
6,2,0.2,10,10,0.3,0.3,11,3,-3.3179260385146,0.018
6,2,0.2,13,10,0.3,0.3,11,3,-3.33456770770263,0.018
6,2,0.2,22,10,0.3,0.3,11,3,-3.27040608074262,0.018
6,2,0.2,30,10,0.3,0.3,11,3,-3.18840963675746,0.018
6,2,0.2,56,10,0.3,0.3,11,3,-3.10450266286506,0.018
6,2,0.2,57,10,0.3,0.3,11,3,-2.64378743088525,0.018
6,2,0.2,76,10,0.3,0.3,11,3,-2.70649679549223,0.018
6,2,0.2,91,10,0.3,0.3,11,3,-3.92370863849663,0.018
6,2,0.2,163,10,0.3,0.3,11,3,-3.1844558325304,0.018
6,2,0.2,222,10,0.3,0.3,11,3,-3.02564796549058,0.018
6,2,0.2,237,10,0.3,0.3,11,3,-3.02990437411151,0.018
6,2,0.2,314,10,0.3,0.3,11,3,-3.59487128478702,0.018
6,2,0.2,332,10,0.3,0.3,11,3,-2.4449207355012,0.018
6,2,0.2,353,10,0.3,0.3,11,3,-2.80925728274937,0.018
6,2,0.2,463,10,0.3,0.3,11,3,-1.98667051973047,0.018
6,2,0.2,472,10,0.3,0.3,11,3,-4.12169395790775,0.018
6,2,0.2,486,10,0.3,0.3,11,3,-4.07675871663804,0.018
6,2,0.2,113,10,0.3,0.3,11,3,-2.74305305309295,0.02
6,2,0.2,114,10,0.3,0.3,11,3,-2.77954791842112,0.02
6,2,0.2,115,10,0.3,0.3,11,3,-2.54762939571876,0.02
6,2,0.2,127,10,0.3,0.3,11,3,-3.38773499550339,0.02
6,2,0.2,200,10,0.3,0.3,11,3,-3.73314019328257,0.02
6,2,0.2,214,10,0.3,0.3,11,3,-2.45771540593162,0.02
6,2,0.2,242,10,0.3,0.3,11,3,-2.94847323008352,0.02
6,2,0.2,252,10,0.3,0.3,11,3,-3.64080005015916,0.02
6,2,0.2,287,10,0.3,0.3,11,3,-3.29543900535128,0.02
6,2,0.2,366,10,0.3,0.3,11,3,-2.76914091907304,0.02
6,2,0.2,381,10,0.3,0.3,11,3,-3.69300735154573,0.02
6,2,0.2,423,10,0.3,0.3,11,3,-2.40876032050338,0.02
6,2,0.2,52,10,0.3,0.3,11,3,-4.00918703324334,0.022
6,2,0.2,84,10,0.3,0.3,11,3,-3.87605255722141,0.022
6,2,0.2,147,10,0.3,0.3,11,3,-3.60689767350885,0.022
6,2,0.2,177,10,0.3,0.3,11,3,-3.37510038685986,0.022
6,2,0.2,212,10,0.3,0.3,11,3,-2.48421032694921,0.022
6,2,0.2,240,10,0.3,0.3,11,3,-3.10960450244562,0.022
6,2,0.2,295,10,0.3,0.3,11,3,-3.761498779997,0.022
6,2,0.2,300,10,0.3,0.3,11,3,-2.90406480010765,0.022
6,2,0.2,361,10,0.3,0.3,11,3,-4.28341663060468,0.022
6,2,0.2,424,10,0.3,0.3,11,3,-2.2744042492385,0.022
6,2,0.2,442,10,0.3,0.3,11,3,-2.68640506729736,0.022
6,2,0.2,23,10,0.3,0.3,11,3,-3.42690189031916,0.024
6,2,0.2,45,10,0.3,0.3,11,3,-2.94135778621927,0.024
6,2,0.2,55,10,0.3,0.3,11,3,-3.46290483704178,0.024
6,2,0.2,66,10,0.3,0.3,11,3,-2.57928778752941,0.024
6,2,0.2,112,10,0.3,0.3,11,3,-2.25419360856125,0.024
6,2,0.2,167,10,0.3,0.3,11,3,-3.90926808405979,0.024
6,2,0.2,174,10,0.3,0.3,11,3,-2.12386665424964,0.024
6,2,0.2,179,10,0.3,0.3,11,3,-2.80735601542625,0.024
6,2,0.2,197,10,0.3,0.3,11,3,-2.85046867114875,0.024
6,2,0.2,421,10,0.3,0.3,11,3,-2.81951773035152,0.024
6,2,0.2,427,10,0.3,0.3,11,3,-3.69792199306065,0.024
6,2,0.2,436,10,0.3,0.3,11,3,-3.22942712378187,0.024
6,2,0.2,444,10,0.3,0.3,11,3,-1.42311862233146,0.024
6,2,0.2,455,10,0.3,0.3,11,3,-2.95630486910909,0.024
6,2,0.2,79,10,0.3,0.3,11,3,-3.25216942624186,0.026
6,2,0.2,94,10,0.3,0.3,11,3,-2.07598262184388,0.026
6,2,0.2,100,10,0.3,0.3,11,3,-2.76608264372004,0.026
6,2,0.2,243,10,0.3,0.3,11,3,-3.34954455609028,0.026
6,2,0.2,249,10,0.3,0.3,11,3,-3.04023557750804,0.026
6,2,0.2,281,10,0.3,0.3,11,3,-2.0487174223999,0.026
6,2,0.2,305,10,0.3,0.3,11,3,-2.7831610394793,0.026
6,2,0.2,339,10,0.3,0.3,11,3,-2.54873699251092,0.026
6,2,0.2,403,10,0.3,0.3,11,3,-2.47128831390825,0.026
6,2,0.2,479,10,0.3,0.3,11,3,-3.38067446085554,0.026
6,2,0.2,481,10,0.3,0.3,11,3,-3.82539070320431,0.026
6,2,0.2,162,10,0.3,0.3,11,3,-2.94347243558457,0.028
6,2,0.2,228,10,0.3,0.3,11,3,-3.28976847329145,0.028
6,2,0.2,230,10,0.3,0.3,11,3,-2.68047926958505,0.028
6,2,0.2,328,10,0.3,0.3,11,3,-2.38574488783615,0.028
6,2,0.2,359,10,0.3,0.3,11,3,-2.82477147918718,0.028
6,2,0.2,461,10,0.3,0.3,11,3,-3.56095085747418,0.028
6,2,0.2,466,10,0.3,0.3,11,3,-3.46370738198181,0.028
6,2,0.2,490,10,0.3,0.3,11,3,-2.6254445791462,0.028
6,2,0.2,495,10,0.3,0.3,11,3,-3.13416252303159,0.028
6,2,0.2,37,10,0.3,0.3,11,3,-2.14782430563639,0.03
6,2,0.2,169,10,0.3,0.3,11,3,-3.27851012414979,0.03
6,2,0.2,289,10,0.3,0.3,11,3,-3.26816602437086,0.03
6,2,0.2,312,10,0.3,0.3,11,3,-2.56361316314599,0.03
6,2,0.2,325,10,0.3,0.3,11,3,-4.03669249228417,0.03
6,2,0.2,336,10,0.3,0.3,11,3,-1.92885936201174,0.03
6,2,0.2,41,10,0.3,0.3,11,3,-2.46253937357389,0.032
6,2,0.2,86,10,0.3,0.3,11,3,-3.60264023041469,0.032
6,2,0.2,123,10,0.3,0.3,11,3,-2.93161806847033,0.032
6,2,0.2,154,10,0.3,0.3,11,3,-4.63179986183818,0.032
6,2,0.2,181,10,0.3,0.3,11,3,-1.85656777513094,0.032
6,2,0.2,225,10,0.3,0.3,11,3,-3.73464419322838,0.032
6,2,0.2,238,10,0.3,0.3,11,3,-2.6082946136481,0.032
6,2,0.2,286,10,0.3,0.3,11,3,-2.38441990961726,0.032
6,2,0.2,415,10,0.3,0.3,11,3,-3.03740230264339,0.032
6,2,0.2,426,10,0.3,0.3,11,3,-3.72835150322217,0.032
6,2,0.2,469,10,0.3,0.3,11,3,-2.72288195778441,0.032
6,2,0.2,102,10,0.3,0.3,11,3,-1.88351816959931,0.034
6,2,0.2,116,10,0.3,0.3,11,3,-2.90152229831628,0.034
6,2,0.2,137,10,0.3,0.3,11,3,-2.51424731605982,0.034
6,2,0.2,171,10,0.3,0.3,11,3,-2.54941428860838,0.034
6,2,0.2,175,10,0.3,0.3,11,3,-2.84988494068065,0.034
6,2,0.2,206,10,0.3,0.3,11,3,-4.43487749110642,0.034
6,2,0.2,208,10,0.3,0.3,11,3,-2.30492922112936,0.034
6,2,0.2,316,10,0.3,0.3,11,3,-3.1928076622155,0.034
6,2,0.2,324,10,0.3,0.3,11,3,-3.10877464884067,0.034
6,2,0.2,348,10,0.3,0.3,11,3,-2.45679955018127,0.034
6,2,0.2,365,10,0.3,0.3,11,3,-2.78945435030866,0.034
6,2,0.2,375,10,0.3,0.3,11,3,-3.36125714300371,0.034
6,2,0.2,412,10,0.3,0.3,11,3,-2.80718314214465,0.034
6,2,0.2,414,10,0.3,0.3,11,3,-3.34175646113232,0.034
6,2,0.2,420,10,0.3,0.3,11,3,-2.6354633349529,0.034
6,2,0.2,448,10,0.3,0.3,11,3,-3.34256548538187,0.034
6,2,0.2,465,10,0.3,0.3,11,3,-3.17416069650679,0.034
6,2,0.2,58,10,0.3,0.3,11,3,-2.84987800932674,0.036
6,2,0.2,77,10,0.3,0.3,11,3,-2.11610109466062,0.036
6,2,0.2,117,10,0.3,0.3,11,3,-3.00348624018312,0.036
6,2,0.2,151,10,0.3,0.3,11,3,-2.87513582938917,0.036
6,2,0.2,205,10,0.3,0.3,11,3,-3.03366263635152,0.036
6,2,0.2,293,10,0.3,0.3,11,3,-3.47812899486891,0.036
6,2,0.2,350,10,0.3,0.3,11,3,-2.66710160539748,0.036
6,2,0.2,362,10,0.3,0.3,11,3,-2.02525680022413,0.036
6,2,0.2,398,10,0.3,0.3,11,3,-2.73904780199408,0.036
6,2,0.2,437,10,0.3,0.3,11,3,-3.62820231072104,0.036
6,2,0.2,478,10,0.3,0.3,11,3,-3.09267423215238,0.036
6,2,0.2,493,10,0.3,0.3,11,3,-2.10943410334488,0.036
6,2,0.2,4,10,0.3,0.3,11,3,-3.32985666253634,0.038
6,2,0.2,35,10,0.3,0.3,11,3,-3.35155900114157,0.038
6,2,0.2,53,10,0.3,0.3,11,3,-3.49442705952714,0.038
6,2,0.2,72,10,0.3,0.3,11,3,-2.59694115302673,0.038
6,2,0.2,82,10,0.3,0.3,11,3,-2.50822033160799,0.038
6,2,0.2,133,10,0.3,0.3,11,3,-1.98489277316645,0.038
6,2,0.2,172,10,0.3,0.3,11,3,-2.79970378628317,0.038
6,2,0.2,233,10,0.3,0.3,11,3,-2.75982387626379,0.038
6,2,0.2,377,10,0.3,0.3,11,3,-3.13514520982505,0.038
6,2,0.2,413,10,0.3,0.3,11,3,-3.57155644302205,0.038
6,2,0.2,6,10,0.3,0.3,11,3,-2.45062332929209,0.04
6,2,0.2,11,10,0.3,0.3,11,3,-2.91582540753635,0.04
6,2,0.2,141,10,0.3,0.3,11,3,-3.10113497490175,0.04
6,2,0.2,146,10,0.3,0.3,11,3,-2.2859017555615,0.04
6,2,0.2,192,10,0.3,0.3,11,3,-3.3245627295419,0.04
6,2,0.2,194,10,0.3,0.3,11,3,-2.48150730153546,0.04
6,2,0.2,257,10,0.3,0.3,11,3,-3.12322252522227,0.04
6,2,0.2,302,10,0.3,0.3,11,3,-3.06712861391165,0.04
6,2,0.2,341,10,0.3,0.3,11,3,-3.4345244449961,0.04
6,2,0.2,367,10,0.3,0.3,11,3,-2.45168230216257,0.04
6,2,0.2,374,10,0.3,0.3,11,3,-3.20191444764987,0.04
6,2,0.2,390,10,0.3,0.3,11,3,-2.52423712542131,0.04
6,2,0.2,491,10,0.3,0.3,11,3,-2.15989731626888,0.04
6,2,0.2,29,10,0.3,0.3,11,3,-2.86780637201784,0.042
6,2,0.2,33,10,0.3,0.3,11,3,-3.72782234577008,0.042
6,2,0.2,43,10,0.3,0.3,11,3,-1.73373036694898,0.042
6,2,0.2,90,10,0.3,0.3,11,3,-3.18204198049077,0.042
6,2,0.2,107,10,0.3,0.3,11,3,-2.37006981560975,0.042
6,2,0.2,254,10,0.3,0.3,11,3,-3.16259591155949,0.042
6,2,0.2,309,10,0.3,0.3,11,3,-1.95270991011597,0.042
6,2,0.2,311,10,0.3,0.3,11,3,-2.31140267467936,0.042
6,2,0.2,352,10,0.3,0.3,11,3,-4.13571788489705,0.042
6,2,0.2,430,10,0.3,0.3,11,3,-2.74093319068871,0.042
6,2,0.2,446,10,0.3,0.3,11,3,-1.90568022242078,0.042
6,2,0.2,50,10,0.3,0.3,11,3,-3.27392341275456,0.044
6,2,0.2,70,10,0.3,0.3,11,3,-2.53536518998848,0.044
6,2,0.2,97,10,0.3,0.3,11,3,-2.8562534086372,0.044
6,2,0.2,128,10,0.3,0.3,11,3,-2.48016646263554,0.044
6,2,0.2,184,10,0.3,0.3,11,3,-2.56725833855731,0.044
6,2,0.2,270,10,0.3,0.3,11,3,-2.20699462484424,0.044
6,2,0.2,370,10,0.3,0.3,11,3,-2.96370402209422,0.044
6,2,0.2,3,10,0.3,0.3,11,3,-3.18953360965156,0.046
6,2,0.2,119,10,0.3,0.3,11,3,-3.22582004563236,0.046
6,2,0.2,126,10,0.3,0.3,11,3,-2.44801450100604,0.046
6,2,0.2,266,10,0.3,0.3,11,3,-3.14139209086164,0.046
6,2,0.2,272,10,0.3,0.3,11,3,-2.91665946381505,0.046
6,2,0.2,284,10,0.3,0.3,11,3,-3.97185774074131,0.046
6,2,0.2,288,10,0.3,0.3,11,3,-3.90740980721657,0.046
6,2,0.2,291,10,0.3,0.3,11,3,-1.86535809685938,0.046
6,2,0.2,313,10,0.3,0.3,11,3,-3.66675854437028,0.046
6,2,0.2,344,10,0.3,0.3,11,3,-2.40256883679629,0.046
6,2,0.2,369,10,0.3,0.3,11,3,-2.27596272580297,0.046
6,2,0.2,376,10,0.3,0.3,11,3,-3.03895031596954,0.046
6,2,0.2,489,10,0.3,0.3,11,3,-2.67973465998315,0.046
6,2,0.2,89,10,0.3,0.3,11,3,-2.88298379789782,0.048
6,2,0.2,99,10,0.3,0.3,11,3,-2.92159537106741,0.048
6,2,0.2,152,10,0.3,0.3,11,3,-2.8944906064086,0.048
6,2,0.2,234,10,0.3,0.3,11,3,-2.98595806251831,0.048
6,2,0.2,250,10,0.3,0.3,11,3,-2.97919761318562,0.048
6,2,0.2,269,10,0.3,0.3,11,3,-1.51686926190104,0.048
6,2,0.2,280,10,0.3,0.3,11,3,-2.55983461905663,0.048
6,2,0.2,301,10,0.3,0.3,11,3,-3.44973655512419,0.048
6,2,0.2,432,10,0.3,0.3,11,3,-3.72178063557604,0.048
6,2,0.2,439,10,0.3,0.3,11,3,-3.16420445529053,0.048
6,2,0.2,68,10,0.3,0.3,11,3,-2.90862969684628,0.05
6,2,0.2,105,10,0.3,0.3,11,3,-2.49281453723597,0.05
6,2,0.2,106,10,0.3,0.3,11,3,-2.57067924840658,0.05
6,2,0.2,216,10,0.3,0.3,11,3,-3.36639044343011,0.05
6,2,0.2,379,10,0.3,0.3,11,3,-2.4646496843192,0.05
6,2,0.2,400,10,0.3,0.3,11,3,-2.19198345823264,0.05
6,2,0.2,401,10,0.3,0.3,11,3,-3.22216298037196,0.05
6,2,0.2,449,10,0.3,0.3,11,3,-2.77578970598947,0.05
6,2,0.2,476,10,0.3,0.3,11,3,-2.90816209141033,0.05
6,2,0.2,5,10,0.3,0.3,11,3,-2.49430373202941,0.052
6,2,0.2,44,10,0.3,0.3,11,3,-3.79760051909247,0.052
6,2,0.2,83,10,0.3,0.3,11,3,-2.81209813463684,0.052
6,2,0.2,95,10,0.3,0.3,11,3,-2.40195194411524,0.052
6,2,0.2,132,10,0.3,0.3,11,3,-3.34072236187345,0.052
6,2,0.2,142,10,0.3,0.3,11,3,-2.15220801028605,0.052
6,2,0.2,320,10,0.3,0.3,11,3,-2.36385288634932,0.052
6,2,0.2,378,10,0.3,0.3,11,3,-2.52430674499945,0.052
6,2,0.2,397,10,0.3,0.3,11,3,-2.29561134011152,0.052
6,2,0.2,422,10,0.3,0.3,11,3,-3.1091357065873,0.052
6,2,0.2,445,10,0.3,0.3,11,3,-3.02624806351568,0.052
6,2,0.2,15,10,0.3,0.3,11,3,-3.05792398108105,0.054
6,2,0.2,21,10,0.3,0.3,11,3,-2.98363495934493,0.054
6,2,0.2,32,10,0.3,0.3,11,3,-3.23837425392838,0.054
6,2,0.2,67,10,0.3,0.3,11,3,-3.04358534783302,0.054
6,2,0.2,136,10,0.3,0.3,11,3,-3.34390550755805,0.054
6,2,0.2,138,10,0.3,0.3,11,3,-2.49490076739397,0.054
6,2,0.2,165,10,0.3,0.3,11,3,-3.36018036536055,0.054
6,2,0.2,178,10,0.3,0.3,11,3,-3.82814183718034,0.054
6,2,0.2,188,10,0.3,0.3,11,3,-1.76939137034009,0.054
6,2,0.2,204,10,0.3,0.3,11,3,-1.99440823562392,0.054
6,2,0.2,232,10,0.3,0.3,11,3,-2.84013096124693,0.054
6,2,0.2,343,10,0.3,0.3,11,3,-2.60883629859507,0.054
6,2,0.2,345,10,0.3,0.3,11,3,-3.66062032322142,0.054
6,2,0.2,358,10,0.3,0.3,11,3,-2.25349277167987,0.054
6,2,0.2,382,10,0.3,0.3,11,3,-3.1578342525799,0.054
6,2,0.2,404,10,0.3,0.3,11,3,-2.49632798725114,0.054
6,2,0.2,473,10,0.3,0.3,11,3,-3.20420392266828,0.054
6,2,0.2,485,10,0.3,0.3,11,3,-2.81710406734717,0.054
6,2,0.2,14,10,0.3,0.3,11,3,-2.55042532865696,0.056
6,2,0.2,16,10,0.3,0.3,11,3,-2.43686100732353,0.056
6,2,0.2,109,10,0.3,0.3,11,3,-1.66917771670799,0.056
6,2,0.2,217,10,0.3,0.3,11,3,-2.32518050263374,0.056
6,2,0.2,282,10,0.3,0.3,11,3,-1.8903793600887,0.056
6,2,0.2,285,10,0.3,0.3,11,3,-2.40452846009629,0.056
6,2,0.2,310,10,0.3,0.3,11,3,-2.0983905678913,0.056
6,2,0.2,428,10,0.3,0.3,11,3,-2.90627978387505,0.056
6,2,0.2,20,10,0.3,0.3,11,3,-2.84946933583157,0.058
6,2,0.2,60,10,0.3,0.3,11,3,-2.70120190489729,0.058
6,2,0.2,80,10,0.3,0.3,11,3,-3.12105706649021,0.058
6,2,0.2,130,10,0.3,0.3,11,3,-2.86062343462461,0.058
6,2,0.2,166,10,0.3,0.3,11,3,-2.46323499313945,0.058
6,2,0.2,247,10,0.3,0.3,11,3,-2.04445784627615,0.058
6,2,0.2,264,10,0.3,0.3,11,3,-2.64507771989804,0.058
6,2,0.2,298,10,0.3,0.3,11,3,-2.36311055836788,0.058
6,2,0.2,447,10,0.3,0.3,11,3,-2.21105174352329,0.058
6,2,0.2,483,10,0.3,0.3,11,3,-1.65675304646086,0.058
6,2,0.2,487,10,0.3,0.3,11,3,-1.95927533919911,0.058
6,2,0.2,500,10,0.3,0.3,11,3,-2.61105639783486,0.058
6,2,0.2,27,10,0.3,0.3,11,3,-2.25118882100998,0.06
6,2,0.2,322,10,0.3,0.3,11,3,-1.31166846049572,0.06
6,2,0.2,329,10,0.3,0.3,11,3,-3.20295691614879,0.06
6,2,0.2,392,10,0.3,0.3,11,3,-3.30431992973314,0.06
6,2,0.2,477,10,0.3,0.3,11,3,-3.20890869031649,0.06
6,2,0.2,1,10,0.3,0.3,11,3,-3.28307557393839,0.062
6,2,0.2,25,10,0.3,0.3,11,3,-2.5155998305581,0.062
6,2,0.2,38,10,0.3,0.3,11,3,-3.35407103614287,0.062
6,2,0.2,211,10,0.3,0.3,11,3,-2.86862384385333,0.062
6,2,0.2,364,10,0.3,0.3,11,3,-1.67730840074429,0.062
6,2,0.2,396,10,0.3,0.3,11,3,-2.40971951903578,0.062
6,2,0.2,158,10,0.3,0.3,11,3,-3.22717548858569,0.064
6,2,0.2,168,10,0.3,0.3,11,3,-2.73716715398214,0.064
6,2,0.2,340,10,0.3,0.3,11,3,-2.14966683600846,0.064
6,2,0.2,371,10,0.3,0.3,11,3,-3.69538939690437,0.064
6,2,0.2,411,10,0.3,0.3,11,3,-2.32153685484096,0.064
6,2,0.2,441,10,0.3,0.3,11,3,-3.6508584073004,0.064
6,2,0.2,189,10,0.3,0.3,11,3,-1.64927316311255,0.066
6,2,0.2,255,10,0.3,0.3,11,3,-2.07195946388549,0.066
6,2,0.2,440,10,0.3,0.3,11,3,-3.06274922054982,0.066
6,2,0.2,494,10,0.3,0.3,11,3,-1.60033128054715,0.066
6,2,0.2,110,10,0.3,0.3,11,3,-3.59390505864806,0.068
6,2,0.2,157,10,0.3,0.3,11,3,-3.47426142802485,0.068
6,2,0.2,256,10,0.3,0.3,11,3,-1.33477461606802,0.068
6,2,0.2,258,10,0.3,0.3,11,3,-2.25311124492708,0.068
6,2,0.2,93,10,0.3,0.3,11,3,-2.2304505276465,0.07
6,2,0.2,202,10,0.3,0.3,11,3,-2.09915331380915,0.07
6,2,0.2,231,10,0.3,0.3,11,3,-2.69391024032799,0.07
6,2,0.2,471,10,0.3,0.3,11,3,-2.98847256258057,0.07
6,2,0.2,496,10,0.3,0.3,11,3,-3.23070614237071,0.07
6,2,0.2,245,10,0.3,0.3,11,3,-3.3342771203049,0.072
6,2,0.2,253,10,0.3,0.3,11,3,-3.10942539175286,0.072
6,2,0.2,342,10,0.3,0.3,11,3,-1.72671811022076,0.072
6,2,0.2,357,10,0.3,0.3,11,3,-1.83361996041631,0.072
6,2,0.2,98,10,0.3,0.3,11,3,-2.50611460493042,0.074
6,2,0.2,346,10,0.3,0.3,11,3,-3.01794767146922,0.074
6,2,0.2,380,10,0.3,0.3,11,3,-3.27382004236577,0.074
6,2,0.2,443,10,0.3,0.3,11,3,-1.74602765279187,0.074
6,2,0.2,59,10,0.3,0.3,11,3,-2.34550641301018,0.076
6,2,0.2,63,10,0.3,0.3,11,3,-2.22649479102787,0.076
6,2,0.2,101,10,0.3,0.3,11,3,-3.24030586320444,0.076
6,2,0.2,265,10,0.3,0.3,11,3,-2.1776584391591,0.076
6,2,0.2,331,10,0.3,0.3,11,3,-2.07137388575438,0.076
6,2,0.2,69,10,0.3,0.3,11,3,-2.37083631096152,0.078
6,2,0.2,333,10,0.3,0.3,11,3,-2.62643818444823,0.078
6,2,0.2,290,10,0.3,0.3,11,3,-2.73992525155779,0.082
6,2,0.2,39,10,0.3,0.3,11,3,-2.44169087110325,0.088
6,2,0.2,195,10,0.3,0.3,11,3,-3.41962661551389,0.088
6,2,0.2,391,10,0.3,0.3,11,3,-2.34601221999969,0.094
6,2,0.2,196,10,0.3,0.3,11,3,-1.53288463910678,0.098
6,2,0.2,239,10,0.3,0.3,11,3,-2.21579594432447,0.124
6,2,0.2,354,10,0.3,0.3,11,3,-1.77443764966816,0.134
6,2,0.2,49,10,0.3,0.3,11,3,-1.19590232437636,0.206
6,2,0.2,4,10,0.3,0.3,12,3,-3.70426787135156,0
6,2,0.2,9,10,0.3,0.3,12,3,-2.19333316417789,0
6,2,0.2,12,10,0.3,0.3,12,3,-3.52957229157147,0
6,2,0.2,46,10,0.3,0.3,12,3,-3.54991094271119,0
6,2,0.2,58,10,0.3,0.3,12,3,-2.60904959318714,0
6,2,0.2,103,10,0.3,0.3,12,3,-3.30309148624247,0
6,2,0.2,113,10,0.3,0.3,12,3,-3.10439203704323,0
6,2,0.2,116,10,0.3,0.3,12,3,-4.04658599860809,0
6,2,0.2,121,10,0.3,0.3,12,3,-3.44720474237391,0
6,2,0.2,131,10,0.3,0.3,12,3,-3.31994794893387,0
6,2,0.2,132,10,0.3,0.3,12,3,-3.54809234155337,0
6,2,0.2,161,10,0.3,0.3,12,3,-2.92976492963413,0
6,2,0.2,175,10,0.3,0.3,12,3,-3.16532737815226,0
6,2,0.2,181,10,0.3,0.3,12,3,-4.14527824095958,0
6,2,0.2,197,10,0.3,0.3,12,3,-2.7952782501435,0
6,2,0.2,219,10,0.3,0.3,12,3,-3.95249975197621,0
6,2,0.2,220,10,0.3,0.3,12,3,-3.51367943961188,0
6,2,0.2,250,10,0.3,0.3,12,3,-3.22278755403005,0
6,2,0.2,253,10,0.3,0.3,12,3,-3.22850100981404,0
6,2,0.2,288,10,0.3,0.3,12,3,-3.32544669303238,0
6,2,0.2,341,10,0.3,0.3,12,3,-2.68337006796449,0
6,2,0.2,346,10,0.3,0.3,12,3,-4.27627790532932,0
6,2,0.2,350,10,0.3,0.3,12,3,-3.36036524541439,0
6,2,0.2,369,10,0.3,0.3,12,3,-3.6544965790973,0
6,2,0.2,384,10,0.3,0.3,12,3,-3.81975822212988,0
6,2,0.2,409,10,0.3,0.3,12,3,-3.77102650100358,0
6,2,0.2,418,10,0.3,0.3,12,3,-4.02902745298067,0
6,2,0.2,471,10,0.3,0.3,12,3,-3.82430303717919,0
6,2,0.2,478,10,0.3,0.3,12,3,-2.81658412391124,0
6,2,0.2,480,10,0.3,0.3,12,3,-3.07029368234384,0
6,2,0.2,18,10,0.3,0.3,12,3,-3.75525621874303,0.002
6,2,0.2,28,10,0.3,0.3,12,3,-3.75059482556244,0.002
6,2,0.2,39,10,0.3,0.3,12,3,-3.14970918557086,0.002
6,2,0.2,41,10,0.3,0.3,12,3,-3.00892667023288,0.002
6,2,0.2,42,10,0.3,0.3,12,3,-2.79562591453836,0.002
6,2,0.2,63,10,0.3,0.3,12,3,-4.22904297108451,0.002
6,2,0.2,77,10,0.3,0.3,12,3,-2.78814183925249,0.002
6,2,0.2,91,10,0.3,0.3,12,3,-3.15885165214851,0.002
6,2,0.2,127,10,0.3,0.3,12,3,-2.22753031440246,0.002
6,2,0.2,147,10,0.3,0.3,12,3,-2.31190217155105,0.002
6,2,0.2,148,10,0.3,0.3,12,3,-3.40684348395257,0.002
6,2,0.2,172,10,0.3,0.3,12,3,-3.88986955005134,0.002
6,2,0.2,177,10,0.3,0.3,12,3,-2.75154830562431,0.002
6,2,0.2,188,10,0.3,0.3,12,3,-3.04877205907536,0.002
6,2,0.2,212,10,0.3,0.3,12,3,-3.61956828221065,0.002
6,2,0.2,245,10,0.3,0.3,12,3,-3.38853025652514,0.002
6,2,0.2,260,10,0.3,0.3,12,3,-4.35100975561548,0.002
6,2,0.2,268,10,0.3,0.3,12,3,-3.65361678493878,0.002
6,2,0.2,294,10,0.3,0.3,12,3,-2.40999971092242,0.002
6,2,0.2,297,10,0.3,0.3,12,3,-3.26500675404156,0.002
6,2,0.2,307,10,0.3,0.3,12,3,-2.65256855897303,0.002
6,2,0.2,323,10,0.3,0.3,12,3,-3.87483974427002,0.002
6,2,0.2,345,10,0.3,0.3,12,3,-3.26814460354385,0.002
6,2,0.2,370,10,0.3,0.3,12,3,-3.57264289695141,0.002
6,2,0.2,381,10,0.3,0.3,12,3,-2.72111590273735,0.002
6,2,0.2,386,10,0.3,0.3,12,3,-3.29870882469345,0.002
6,2,0.2,423,10,0.3,0.3,12,3,-3.95102129902205,0.002
6,2,0.2,434,10,0.3,0.3,12,3,-2.89002316173173,0.002
6,2,0.2,449,10,0.3,0.3,12,3,-3.08288186311395,0.002
6,2,0.2,453,10,0.3,0.3,12,3,-3.32685213564832,0.002
6,2,0.2,485,10,0.3,0.3,12,3,-4.30131096880206,0.002
6,2,0.2,20,10,0.3,0.3,12,3,-3.02316973058322,0.004
6,2,0.2,40,10,0.3,0.3,12,3,-3.67380098308055,0.004
6,2,0.2,54,10,0.3,0.3,12,3,-3.19111186444579,0.004
6,2,0.2,69,10,0.3,0.3,12,3,-3.59283995506539,0.004
6,2,0.2,112,10,0.3,0.3,12,3,-2.16848835414694,0.004
6,2,0.2,170,10,0.3,0.3,12,3,-3.09111052070071,0.004
6,2,0.2,173,10,0.3,0.3,12,3,-2.67189428270601,0.004
6,2,0.2,180,10,0.3,0.3,12,3,-3.55299617505057,0.004
6,2,0.2,184,10,0.3,0.3,12,3,-3.7994275722497,0.004
6,2,0.2,185,10,0.3,0.3,12,3,-2.20304187125336,0.004
6,2,0.2,218,10,0.3,0.3,12,3,-3.62422109354836,0.004
6,2,0.2,229,10,0.3,0.3,12,3,-3.56574475058457,0.004
6,2,0.2,242,10,0.3,0.3,12,3,-2.86956709686373,0.004
6,2,0.2,262,10,0.3,0.3,12,3,-4.01365021080127,0.004
6,2,0.2,275,10,0.3,0.3,12,3,-3.84382548938765,0.004
6,2,0.2,292,10,0.3,0.3,12,3,-3.49493381767098,0.004
6,2,0.2,347,10,0.3,0.3,12,3,-4.05885549461868,0.004
6,2,0.2,360,10,0.3,0.3,12,3,-3.90914967752832,0.004
6,2,0.2,364,10,0.3,0.3,12,3,-2.98094823205847,0.004
6,2,0.2,372,10,0.3,0.3,12,3,-2.76162714708573,0.004
6,2,0.2,389,10,0.3,0.3,12,3,-3.97443125219812,0.004
6,2,0.2,401,10,0.3,0.3,12,3,-3.47364658136988,0.004
6,2,0.2,405,10,0.3,0.3,12,3,-3.26027760992523,0.004
6,2,0.2,408,10,0.3,0.3,12,3,-3.56741418842552,0.004
6,2,0.2,414,10,0.3,0.3,12,3,-3.55096785673706,0.004
6,2,0.2,431,10,0.3,0.3,12,3,-3.54626060320228,0.004
6,2,0.2,439,10,0.3,0.3,12,3,-3.87994109414552,0.004
6,2,0.2,442,10,0.3,0.3,12,3,-4.14110424692777,0.004
6,2,0.2,448,10,0.3,0.3,12,3,-3.8933887659548,0.004
6,2,0.2,486,10,0.3,0.3,12,3,-4.67418075027072,0.004
6,2,0.2,1,10,0.3,0.3,12,3,-2.70522117732463,0.006
6,2,0.2,8,10,0.3,0.3,12,3,-3.2721843518022,0.006
6,2,0.2,14,10,0.3,0.3,12,3,-3.31361580709992,0.006
6,2,0.2,26,10,0.3,0.3,12,3,-3.06498094274579,0.006
6,2,0.2,60,10,0.3,0.3,12,3,-3.29732562958279,0.006
6,2,0.2,64,10,0.3,0.3,12,3,-3.6990010597514,0.006
6,2,0.2,70,10,0.3,0.3,12,3,-2.54219192457157,0.006
6,2,0.2,71,10,0.3,0.3,12,3,-4.37178570712038,0.006
6,2,0.2,106,10,0.3,0.3,12,3,-3.93902379807724,0.006
6,2,0.2,110,10,0.3,0.3,12,3,-2.42376230281718,0.006
6,2,0.2,122,10,0.3,0.3,12,3,-2.1911892649199,0.006
6,2,0.2,129,10,0.3,0.3,12,3,-2.44382029395777,0.006
6,2,0.2,160,10,0.3,0.3,12,3,-3.41621235328728,0.006
6,2,0.2,206,10,0.3,0.3,12,3,-3.74270635871784,0.006
6,2,0.2,207,10,0.3,0.3,12,3,-2.51141271667024,0.006
6,2,0.2,208,10,0.3,0.3,12,3,-3.62536277873332,0.006
6,2,0.2,211,10,0.3,0.3,12,3,-3.61814510304822,0.006
6,2,0.2,217,10,0.3,0.3,12,3,-3.52632358538457,0.006
6,2,0.2,233,10,0.3,0.3,12,3,-4.18165382517913,0.006
6,2,0.2,235,10,0.3,0.3,12,3,-3.34291422760319,0.006
6,2,0.2,254,10,0.3,0.3,12,3,-3.73133752879221,0.006
6,2,0.2,264,10,0.3,0.3,12,3,-2.92353330739064,0.006
6,2,0.2,269,10,0.3,0.3,12,3,-3.14152831883007,0.006
6,2,0.2,286,10,0.3,0.3,12,3,-3.4509926035839,0.006
6,2,0.2,293,10,0.3,0.3,12,3,-3.02873561201787,0.006
6,2,0.2,317,10,0.3,0.3,12,3,-3.79601982261386,0.006
6,2,0.2,359,10,0.3,0.3,12,3,-3.01278610473781,0.006
6,2,0.2,399,10,0.3,0.3,12,3,-4.11769553566455,0.006
6,2,0.2,427,10,0.3,0.3,12,3,-3.09167928518551,0.006
6,2,0.2,433,10,0.3,0.3,12,3,-3.39250697539586,0.006
6,2,0.2,457,10,0.3,0.3,12,3,-2.63289272875528,0.006
6,2,0.2,464,10,0.3,0.3,12,3,-3.28734945005996,0.006
6,2,0.2,477,10,0.3,0.3,12,3,-3.46454348302433,0.006
6,2,0.2,484,10,0.3,0.3,12,3,-2.50850730233762,0.006
6,2,0.2,490,10,0.3,0.3,12,3,-4.27479467996071,0.006
6,2,0.2,497,10,0.3,0.3,12,3,-3.70847767060178,0.006
6,2,0.2,11,10,0.3,0.3,12,3,-3.71300601227119,0.008
6,2,0.2,19,10,0.3,0.3,12,3,-3.73623887892307,0.008
6,2,0.2,73,10,0.3,0.3,12,3,-2.96819806835171,0.008
6,2,0.2,83,10,0.3,0.3,12,3,-2.38093367311603,0.008
6,2,0.2,92,10,0.3,0.3,12,3,-3.26204579605775,0.008
6,2,0.2,102,10,0.3,0.3,12,3,-2.52410093598593,0.008
6,2,0.2,114,10,0.3,0.3,12,3,-3.69253685603158,0.008
6,2,0.2,124,10,0.3,0.3,12,3,-3.5455191340013,0.008
6,2,0.2,137,10,0.3,0.3,12,3,-3.4224243772818,0.008
6,2,0.2,138,10,0.3,0.3,12,3,-2.27944015562872,0.008
6,2,0.2,216,10,0.3,0.3,12,3,-2.95680092171722,0.008
6,2,0.2,261,10,0.3,0.3,12,3,-3.41066359084311,0.008
6,2,0.2,273,10,0.3,0.3,12,3,-2.68838014922159,0.008
6,2,0.2,280,10,0.3,0.3,12,3,-4.10024923087531,0.008
6,2,0.2,330,10,0.3,0.3,12,3,-3.48173720377949,0.008
6,2,0.2,349,10,0.3,0.3,12,3,-3.13999570023256,0.008
6,2,0.2,377,10,0.3,0.3,12,3,-3.25672865359482,0.008
6,2,0.2,398,10,0.3,0.3,12,3,-3.50358872402967,0.008
6,2,0.2,411,10,0.3,0.3,12,3,-2.84850268867365,0.008
6,2,0.2,465,10,0.3,0.3,12,3,-3.75733608358308,0.008
6,2,0.2,472,10,0.3,0.3,12,3,-3.34713244555212,0.008
6,2,0.2,494,10,0.3,0.3,12,3,-2.9271196656573,0.008
6,2,0.2,13,10,0.3,0.3,12,3,-3.02631276619474,0.01
6,2,0.2,53,10,0.3,0.3,12,3,-3.29146253844411,0.01
6,2,0.2,59,10,0.3,0.3,12,3,-2.21856563377358,0.01
6,2,0.2,67,10,0.3,0.3,12,3,-2.43755779465479,0.01
6,2,0.2,82,10,0.3,0.3,12,3,-3.05291333335722,0.01
6,2,0.2,93,10,0.3,0.3,12,3,-2.98533603911775,0.01
6,2,0.2,145,10,0.3,0.3,12,3,-3.70627685080638,0.01
6,2,0.2,167,10,0.3,0.3,12,3,-2.27527188350871,0.01
6,2,0.2,187,10,0.3,0.3,12,3,-2.96576745747805,0.01
6,2,0.2,247,10,0.3,0.3,12,3,-3.36534036565948,0.01
6,2,0.2,263,10,0.3,0.3,12,3,-2.39684547785632,0.01
6,2,0.2,282,10,0.3,0.3,12,3,-2.39845352247588,0.01
6,2,0.2,295,10,0.3,0.3,12,3,-3.09835987293005,0.01
6,2,0.2,312,10,0.3,0.3,12,3,-2.78808378062845,0.01
6,2,0.2,316,10,0.3,0.3,12,3,-2.92922836963479,0.01
6,2,0.2,338,10,0.3,0.3,12,3,-2.85638341956772,0.01
6,2,0.2,353,10,0.3,0.3,12,3,-2.41257909458514,0.01
6,2,0.2,373,10,0.3,0.3,12,3,-3.18754472390825,0.01
6,2,0.2,383,10,0.3,0.3,12,3,-3.11401606432057,0.01
6,2,0.2,394,10,0.3,0.3,12,3,-1.48785162210348,0.01
6,2,0.2,422,10,0.3,0.3,12,3,-2.58876509691785,0.01
6,2,0.2,428,10,0.3,0.3,12,3,-3.75383285606159,0.01
6,2,0.2,443,10,0.3,0.3,12,3,-2.72531845228343,0.01
6,2,0.2,492,10,0.3,0.3,12,3,-2.71514065298098,0.01
6,2,0.2,496,10,0.3,0.3,12,3,-3.66669007860293,0.01
6,2,0.2,123,10,0.3,0.3,12,3,-2.87256406641342,0.012
6,2,0.2,125,10,0.3,0.3,12,3,-3.18208478242587,0.012
6,2,0.2,162,10,0.3,0.3,12,3,-2.93407493521931,0.012
6,2,0.2,163,10,0.3,0.3,12,3,-3.20812351338478,0.012
6,2,0.2,179,10,0.3,0.3,12,3,-3.07906106660886,0.012
6,2,0.2,221,10,0.3,0.3,12,3,-3.62931549105963,0.012
6,2,0.2,226,10,0.3,0.3,12,3,-1.87028071477798,0.012
6,2,0.2,228,10,0.3,0.3,12,3,-3.54336818906356,0.012
6,2,0.2,266,10,0.3,0.3,12,3,-3.00717506337242,0.012
6,2,0.2,274,10,0.3,0.3,12,3,-2.32399422061187,0.012
6,2,0.2,304,10,0.3,0.3,12,3,-3.67339291201748,0.012
6,2,0.2,329,10,0.3,0.3,12,3,-2.97509119493819,0.012
6,2,0.2,367,10,0.3,0.3,12,3,-4.26797841720571,0.012
6,2,0.2,380,10,0.3,0.3,12,3,-3.59104085368745,0.012
6,2,0.2,382,10,0.3,0.3,12,3,-2.75715534790885,0.012
6,2,0.2,391,10,0.3,0.3,12,3,-3.83395974410774,0.012
6,2,0.2,392,10,0.3,0.3,12,3,-3.58081628638178,0.012
6,2,0.2,406,10,0.3,0.3,12,3,-3.01022915968923,0.012
6,2,0.2,10,10,0.3,0.3,12,3,-2.87680254722727,0.014
6,2,0.2,48,10,0.3,0.3,12,3,-2.84879794687851,0.014
6,2,0.2,98,10,0.3,0.3,12,3,-2.45435528371075,0.014
6,2,0.2,99,10,0.3,0.3,12,3,-2.65341858107354,0.014
6,2,0.2,107,10,0.3,0.3,12,3,-2.89201095991697,0.014
6,2,0.2,248,10,0.3,0.3,12,3,-2.96244912717378,0.014
6,2,0.2,300,10,0.3,0.3,12,3,-2.97310884966478,0.014
6,2,0.2,337,10,0.3,0.3,12,3,-3.51489794289469,0.014
6,2,0.2,24,10,0.3,0.3,12,3,-3.57286352226913,0.016
6,2,0.2,43,10,0.3,0.3,12,3,-3.2712661204099,0.016
6,2,0.2,68,10,0.3,0.3,12,3,-3.59427429871323,0.016
6,2,0.2,85,10,0.3,0.3,12,3,-3.0437016491797,0.016
6,2,0.2,156,10,0.3,0.3,12,3,-3.41962768363689,0.016
6,2,0.2,164,10,0.3,0.3,12,3,-2.46723472374768,0.016
6,2,0.2,257,10,0.3,0.3,12,3,-2.95326042084827,0.016
6,2,0.2,296,10,0.3,0.3,12,3,-3.05632103908863,0.016
6,2,0.2,332,10,0.3,0.3,12,3,-2.83702554721566,0.016
6,2,0.2,354,10,0.3,0.3,12,3,-3.34801298418068,0.016
6,2,0.2,358,10,0.3,0.3,12,3,-2.8073084503464,0.016
6,2,0.2,378,10,0.3,0.3,12,3,-4.18012356263046,0.016
6,2,0.2,387,10,0.3,0.3,12,3,-2.9209779003688,0.016
6,2,0.2,426,10,0.3,0.3,12,3,-3.01541721341468,0.016
6,2,0.2,460,10,0.3,0.3,12,3,-3.78181578133996,0.016
6,2,0.2,470,10,0.3,0.3,12,3,-3.04275977379584,0.016
6,2,0.2,491,10,0.3,0.3,12,3,-2.88266911888613,0.016
6,2,0.2,52,10,0.3,0.3,12,3,-2.98323989016507,0.018
6,2,0.2,119,10,0.3,0.3,12,3,-3.26318614367148,0.018
6,2,0.2,141,10,0.3,0.3,12,3,-3.0654724100896,0.018
6,2,0.2,176,10,0.3,0.3,12,3,-2.5991222279583,0.018
6,2,0.2,205,10,0.3,0.3,12,3,-2.58001914136855,0.018
6,2,0.2,214,10,0.3,0.3,12,3,-2.38941055905551,0.018
6,2,0.2,230,10,0.3,0.3,12,3,-2.50816394722884,0.018
6,2,0.2,318,10,0.3,0.3,12,3,-3.39442994094341,0.018
6,2,0.2,479,10,0.3,0.3,12,3,-2.33552193450629,0.018
6,2,0.2,27,10,0.3,0.3,12,3,-2.93666601855756,0.02
6,2,0.2,34,10,0.3,0.3,12,3,-3.00316107793904,0.02
6,2,0.2,51,10,0.3,0.3,12,3,-3.1301624491087,0.02
6,2,0.2,135,10,0.3,0.3,12,3,-2.17625478918123,0.02
6,2,0.2,198,10,0.3,0.3,12,3,-2.99515435806447,0.02
6,2,0.2,237,10,0.3,0.3,12,3,-3.42917071237767,0.02
6,2,0.2,239,10,0.3,0.3,12,3,-3.66470139359816,0.02
6,2,0.2,244,10,0.3,0.3,12,3,-2.64658867609947,0.02
6,2,0.2,259,10,0.3,0.3,12,3,-3.30440149845899,0.02
6,2,0.2,265,10,0.3,0.3,12,3,-2.410052689135,0.02
6,2,0.2,284,10,0.3,0.3,12,3,-2.99309946111924,0.02
6,2,0.2,287,10,0.3,0.3,12,3,-2.35004899965821,0.02
6,2,0.2,313,10,0.3,0.3,12,3,-2.29361372171479,0.02
6,2,0.2,334,10,0.3,0.3,12,3,-2.91276362614735,0.02
6,2,0.2,342,10,0.3,0.3,12,3,-2.94352267290805,0.02
6,2,0.2,388,10,0.3,0.3,12,3,-2.87975822268257,0.02
6,2,0.2,493,10,0.3,0.3,12,3,-2.91694199041333,0.02
6,2,0.2,111,10,0.3,0.3,12,3,-2.83480426725129,0.022
6,2,0.2,143,10,0.3,0.3,12,3,-3.11054179162488,0.022
6,2,0.2,199,10,0.3,0.3,12,3,-3.31450273720998,0.022
6,2,0.2,210,10,0.3,0.3,12,3,-1.85063934444844,0.022
6,2,0.2,419,10,0.3,0.3,12,3,-2.70916040858444,0.022
6,2,0.2,445,10,0.3,0.3,12,3,-3.14985177361916,0.022
6,2,0.2,456,10,0.3,0.3,12,3,-2.28504709962661,0.022
6,2,0.2,6,10,0.3,0.3,12,3,-2.73878505456756,0.024
6,2,0.2,16,10,0.3,0.3,12,3,-2.12178121249701,0.024
6,2,0.2,33,10,0.3,0.3,12,3,-3.22617852394717,0.024
6,2,0.2,36,10,0.3,0.3,12,3,-2.94642590388551,0.024
6,2,0.2,62,10,0.3,0.3,12,3,-2.99832142399563,0.024
6,2,0.2,79,10,0.3,0.3,12,3,-2.69442339622753,0.024
6,2,0.2,136,10,0.3,0.3,12,3,-3.27724231300294,0.024
6,2,0.2,159,10,0.3,0.3,12,3,-1.89750848812238,0.024
6,2,0.2,192,10,0.3,0.3,12,3,-3.35176371552819,0.024
6,2,0.2,194,10,0.3,0.3,12,3,-2.86520215972516,0.024
6,2,0.2,196,10,0.3,0.3,12,3,-3.75299551549148,0.024
6,2,0.2,213,10,0.3,0.3,12,3,-2.83145379817444,0.024
6,2,0.2,236,10,0.3,0.3,12,3,-3.51357697144891,0.024
6,2,0.2,252,10,0.3,0.3,12,3,-2.75269324250542,0.024
6,2,0.2,277,10,0.3,0.3,12,3,-2.14709460171397,0.024
6,2,0.2,290,10,0.3,0.3,12,3,-3.28885809283631,0.024
6,2,0.2,298,10,0.3,0.3,12,3,-2.0317526546894,0.024
6,2,0.2,314,10,0.3,0.3,12,3,-3.29249466373412,0.024
6,2,0.2,327,10,0.3,0.3,12,3,-4.16056178667264,0.024
6,2,0.2,352,10,0.3,0.3,12,3,-2.73942675045646,0.024
6,2,0.2,404,10,0.3,0.3,12,3,-2.65919245345907,0.024
6,2,0.2,407,10,0.3,0.3,12,3,-2.54246924392814,0.024
6,2,0.2,459,10,0.3,0.3,12,3,-2.39016926719572,0.024
6,2,0.2,462,10,0.3,0.3,12,3,-3.39631299316079,0.024
6,2,0.2,21,10,0.3,0.3,12,3,-2.77923599973198,0.026
6,2,0.2,45,10,0.3,0.3,12,3,-3.31965534224261,0.026
6,2,0.2,104,10,0.3,0.3,12,3,-3.29129896343537,0.026
6,2,0.2,117,10,0.3,0.3,12,3,-2.80689608146693,0.026
6,2,0.2,118,10,0.3,0.3,12,3,-2.37272441370106,0.026
6,2,0.2,130,10,0.3,0.3,12,3,-2.3891914657658,0.026
6,2,0.2,169,10,0.3,0.3,12,3,-2.73979325939115,0.026
6,2,0.2,189,10,0.3,0.3,12,3,-3.8421227948748,0.026
6,2,0.2,231,10,0.3,0.3,12,3,-3.09530789616323,0.026
6,2,0.2,232,10,0.3,0.3,12,3,-2.73134914837496,0.026
6,2,0.2,243,10,0.3,0.3,12,3,-3.11969678617962,0.026
6,2,0.2,271,10,0.3,0.3,12,3,-2.09791289104956,0.026
6,2,0.2,302,10,0.3,0.3,12,3,-2.41039942132835,0.026
6,2,0.2,325,10,0.3,0.3,12,3,-2.67192974804277,0.026
6,2,0.2,375,10,0.3,0.3,12,3,-2.90987502069621,0.026
6,2,0.2,396,10,0.3,0.3,12,3,-2.91398896247972,0.026
6,2,0.2,25,10,0.3,0.3,12,3,-3.05109076246407,0.028
6,2,0.2,47,10,0.3,0.3,12,3,-3.13322305629382,0.028
6,2,0.2,289,10,0.3,0.3,12,3,-2.93227477956222,0.028
6,2,0.2,343,10,0.3,0.3,12,3,-2.19194408575396,0.028
6,2,0.2,374,10,0.3,0.3,12,3,-3.23087366956003,0.028
6,2,0.2,417,10,0.3,0.3,12,3,-3.14408598571401,0.028
6,2,0.2,441,10,0.3,0.3,12,3,-3.94336217881965,0.028
6,2,0.2,23,10,0.3,0.3,12,3,-2.75596084713274,0.03
6,2,0.2,56,10,0.3,0.3,12,3,-3.41904626090985,0.03
6,2,0.2,80,10,0.3,0.3,12,3,-3.27752109621801,0.03
6,2,0.2,94,10,0.3,0.3,12,3,-1.95848248732494,0.03
6,2,0.2,95,10,0.3,0.3,12,3,-2.12782308580549,0.03
6,2,0.2,153,10,0.3,0.3,12,3,-2.83471752500617,0.03
6,2,0.2,224,10,0.3,0.3,12,3,-2.1109946099015,0.03
6,2,0.2,415,10,0.3,0.3,12,3,-2.28038006980375,0.03
6,2,0.2,446,10,0.3,0.3,12,3,-3.95002135751685,0.03
6,2,0.2,32,10,0.3,0.3,12,3,-2.35125654120714,0.032
6,2,0.2,61,10,0.3,0.3,12,3,-2.59802729123962,0.032
6,2,0.2,97,10,0.3,0.3,12,3,-3.02256670337323,0.032
6,2,0.2,100,10,0.3,0.3,12,3,-1.76071784695395,0.032
6,2,0.2,149,10,0.3,0.3,12,3,-3.14787626172853,0.032
6,2,0.2,152,10,0.3,0.3,12,3,-3.06795239942832,0.032
6,2,0.2,186,10,0.3,0.3,12,3,-2.65512220379151,0.032
6,2,0.2,305,10,0.3,0.3,12,3,-3.42080154272645,0.032
6,2,0.2,320,10,0.3,0.3,12,3,-2.6984939560499,0.032
6,2,0.2,385,10,0.3,0.3,12,3,-2.60494289810001,0.032
6,2,0.2,402,10,0.3,0.3,12,3,-2.14251103027649,0.032
6,2,0.2,17,10,0.3,0.3,12,3,-2.11105449973633,0.034
6,2,0.2,38,10,0.3,0.3,12,3,-3.30925766583499,0.034
6,2,0.2,55,10,0.3,0.3,12,3,-2.58112429552972,0.034
6,2,0.2,81,10,0.3,0.3,12,3,-3.74970733883268,0.034
6,2,0.2,144,10,0.3,0.3,12,3,-2.71713964155308,0.034
6,2,0.2,166,10,0.3,0.3,12,3,-3.08031775078564,0.034
6,2,0.2,193,10,0.3,0.3,12,3,-3.36660158042241,0.034
6,2,0.2,241,10,0.3,0.3,12,3,-3.16165211162931,0.034
6,2,0.2,270,10,0.3,0.3,12,3,-2.08988814517429,0.034
6,2,0.2,279,10,0.3,0.3,12,3,-3.35245342326843,0.034
6,2,0.2,365,10,0.3,0.3,12,3,-2.3573837634008,0.034
6,2,0.2,393,10,0.3,0.3,12,3,-3.84618290764516,0.034
6,2,0.2,440,10,0.3,0.3,12,3,-3.02944309476709,0.034
6,2,0.2,455,10,0.3,0.3,12,3,-2.70790898987428,0.034
6,2,0.2,476,10,0.3,0.3,12,3,-3.56820193196165,0.034
6,2,0.2,487,10,0.3,0.3,12,3,-3.038500280336,0.034
6,2,0.2,35,10,0.3,0.3,12,3,-3.04164899259527,0.036
6,2,0.2,74,10,0.3,0.3,12,3,-3.97432017231321,0.036
6,2,0.2,174,10,0.3,0.3,12,3,-2.92618309179434,0.036
6,2,0.2,200,10,0.3,0.3,12,3,-2.46318001758561,0.036
6,2,0.2,201,10,0.3,0.3,12,3,-3.1363686959109,0.036
6,2,0.2,500,10,0.3,0.3,12,3,-2.88928874829813,0.036
6,2,0.2,66,10,0.3,0.3,12,3,-3.36886167151656,0.038
6,2,0.2,75,10,0.3,0.3,12,3,-3.4316483209073,0.038
6,2,0.2,78,10,0.3,0.3,12,3,-2.27256739114114,0.038
6,2,0.2,139,10,0.3,0.3,12,3,-2.03277943073016,0.038
6,2,0.2,203,10,0.3,0.3,12,3,-2.72672104736935,0.038
6,2,0.2,276,10,0.3,0.3,12,3,-2.65443286939319,0.038
6,2,0.2,303,10,0.3,0.3,12,3,-2.87216745247386,0.038
6,2,0.2,328,10,0.3,0.3,12,3,-3.34915958328503,0.038
6,2,0.2,403,10,0.3,0.3,12,3,-2.18420019871351,0.038
6,2,0.2,413,10,0.3,0.3,12,3,-2.1963640386609,0.038
6,2,0.2,420,10,0.3,0.3,12,3,-3.34513374545898,0.038
6,2,0.2,450,10,0.3,0.3,12,3,-1.88603676072353,0.038
6,2,0.2,451,10,0.3,0.3,12,3,-3.32390208273881,0.038
6,2,0.2,482,10,0.3,0.3,12,3,-3.5213768146435,0.038
6,2,0.2,65,10,0.3,0.3,12,3,-2.70422809084249,0.04
6,2,0.2,155,10,0.3,0.3,12,3,-3.10742897851816,0.04
6,2,0.2,157,10,0.3,0.3,12,3,-3.33450401429096,0.04
6,2,0.2,204,10,0.3,0.3,12,3,-2.68922712675567,0.04
6,2,0.2,225,10,0.3,0.3,12,3,-2.39384247747572,0.04
6,2,0.2,355,10,0.3,0.3,12,3,-3.08492644122944,0.04
6,2,0.2,435,10,0.3,0.3,12,3,-3.59903950346677,0.04
6,2,0.2,31,10,0.3,0.3,12,3,-3.59021428756228,0.042
6,2,0.2,133,10,0.3,0.3,12,3,-3.20054045398689,0.042
6,2,0.2,171,10,0.3,0.3,12,3,-3.47915129449095,0.042
6,2,0.2,195,10,0.3,0.3,12,3,-2.89637549279104,0.042
6,2,0.2,202,10,0.3,0.3,12,3,-3.32146443710309,0.042
6,2,0.2,299,10,0.3,0.3,12,3,-2.64848047852882,0.042
6,2,0.2,309,10,0.3,0.3,12,3,-2.73871349074395,0.042
6,2,0.2,351,10,0.3,0.3,12,3,-2.59519342999593,0.042
6,2,0.2,376,10,0.3,0.3,12,3,-1.51205592651084,0.042
6,2,0.2,454,10,0.3,0.3,12,3,-2.80570891500469,0.042
6,2,0.2,495,10,0.3,0.3,12,3,-2.60088010035122,0.042
6,2,0.2,44,10,0.3,0.3,12,3,-2.66325684938323,0.044
6,2,0.2,223,10,0.3,0.3,12,3,-3.70137154721513,0.044
6,2,0.2,283,10,0.3,0.3,12,3,-2.22434277493932,0.044
6,2,0.2,285,10,0.3,0.3,12,3,-3.23128288015022,0.044
6,2,0.2,336,10,0.3,0.3,12,3,-3.59045924613631,0.044
6,2,0.2,362,10,0.3,0.3,12,3,-2.69251251704819,0.044
6,2,0.2,432,10,0.3,0.3,12,3,-2.04538306203355,0.044
6,2,0.2,447,10,0.3,0.3,12,3,-2.27221687436614,0.044
6,2,0.2,488,10,0.3,0.3,12,3,-3.9268309590793,0.044
6,2,0.2,96,10,0.3,0.3,12,3,-2.51279620122969,0.046
6,2,0.2,126,10,0.3,0.3,12,3,-3.64112409635791,0.046
6,2,0.2,209,10,0.3,0.3,12,3,-3.54608621323291,0.046
6,2,0.2,251,10,0.3,0.3,12,3,-1.90820987256214,0.046
6,2,0.2,348,10,0.3,0.3,12,3,-2.22585808698844,0.046
6,2,0.2,363,10,0.3,0.3,12,3,-2.71212358286115,0.046
6,2,0.2,368,10,0.3,0.3,12,3,-2.6863324753765,0.046
6,2,0.2,379,10,0.3,0.3,12,3,-2.61631230141501,0.046
6,2,0.2,429,10,0.3,0.3,12,3,-3.54367415670771,0.046
6,2,0.2,437,10,0.3,0.3,12,3,-3.70068782171273,0.046
6,2,0.2,466,10,0.3,0.3,12,3,-3.49288694061701,0.046
6,2,0.2,467,10,0.3,0.3,12,3,-3.02345800103839,0.046
6,2,0.2,90,10,0.3,0.3,12,3,-2.64719767613511,0.048
6,2,0.2,240,10,0.3,0.3,12,3,-2.30401125664946,0.048
6,2,0.2,321,10,0.3,0.3,12,3,-3.51759985636437,0.048
6,2,0.2,357,10,0.3,0.3,12,3,-3.28433315893517,0.048
6,2,0.2,410,10,0.3,0.3,12,3,-2.97553709824012,0.048
6,2,0.2,436,10,0.3,0.3,12,3,-3.53631438751546,0.048
6,2,0.2,461,10,0.3,0.3,12,3,-2.92078498252704,0.048
6,2,0.2,481,10,0.3,0.3,12,3,-3.31957895438691,0.048
6,2,0.2,2,10,0.3,0.3,12,3,-3.64524967565504,0.05
6,2,0.2,15,10,0.3,0.3,12,3,-2.7352685962351,0.05
6,2,0.2,37,10,0.3,0.3,12,3,-3.25893529698467,0.05
6,2,0.2,49,10,0.3,0.3,12,3,-1.70665950673686,0.05
6,2,0.2,109,10,0.3,0.3,12,3,-2.49054307430691,0.05
6,2,0.2,120,10,0.3,0.3,12,3,-2.83506881797982,0.05
6,2,0.2,150,10,0.3,0.3,12,3,-2.85886959774115,0.05
6,2,0.2,183,10,0.3,0.3,12,3,-2.59142242001329,0.05
6,2,0.2,227,10,0.3,0.3,12,3,-2.77799425262171,0.05
6,2,0.2,238,10,0.3,0.3,12,3,-2.78403365029811,0.05
6,2,0.2,249,10,0.3,0.3,12,3,-3.47080343545602,0.05
6,2,0.2,326,10,0.3,0.3,12,3,-2.37087726356935,0.05
6,2,0.2,468,10,0.3,0.3,12,3,-3.29732296164269,0.05
6,2,0.2,469,10,0.3,0.3,12,3,-3.45764151714422,0.05
6,2,0.2,473,10,0.3,0.3,12,3,-3.23270658918551,0.05
6,2,0.2,89,10,0.3,0.3,12,3,-3.82685247566732,0.052
6,2,0.2,165,10,0.3,0.3,12,3,-3.0036761887001,0.052
6,2,0.2,222,10,0.3,0.3,12,3,-3.39020409906112,0.052
6,2,0.2,272,10,0.3,0.3,12,3,-2.8179619866057,0.052
6,2,0.2,306,10,0.3,0.3,12,3,-2.50454094951789,0.052
6,2,0.2,344,10,0.3,0.3,12,3,-1.94806872992152,0.052
6,2,0.2,356,10,0.3,0.3,12,3,-3.27818722597499,0.052
6,2,0.2,458,10,0.3,0.3,12,3,-2.38787091016948,0.052
6,2,0.2,5,10,0.3,0.3,12,3,-2.70263616272075,0.054
6,2,0.2,88,10,0.3,0.3,12,3,-3.77197726813739,0.054
6,2,0.2,105,10,0.3,0.3,12,3,-2.66738506877923,0.054
6,2,0.2,108,10,0.3,0.3,12,3,-2.60629610159111,0.054
6,2,0.2,151,10,0.3,0.3,12,3,-2.75010183401577,0.054
6,2,0.2,154,10,0.3,0.3,12,3,-3.5357140514262,0.054
6,2,0.2,182,10,0.3,0.3,12,3,-2.66617331282382,0.054
6,2,0.2,255,10,0.3,0.3,12,3,-3.0387899594115,0.054
6,2,0.2,301,10,0.3,0.3,12,3,-2.51488607603443,0.054
6,2,0.2,315,10,0.3,0.3,12,3,-3.11101212521555,0.054
6,2,0.2,324,10,0.3,0.3,12,3,-2.38476049981853,0.054
6,2,0.2,339,10,0.3,0.3,12,3,-3.08056186411318,0.054
6,2,0.2,390,10,0.3,0.3,12,3,-2.5548887704706,0.054
6,2,0.2,412,10,0.3,0.3,12,3,-3.8600119556113,0.054
6,2,0.2,452,10,0.3,0.3,12,3,-2.90972488906539,0.054
6,2,0.2,463,10,0.3,0.3,12,3,-2.24333720704607,0.054
6,2,0.2,50,10,0.3,0.3,12,3,-2.25091369047882,0.056
6,2,0.2,190,10,0.3,0.3,12,3,-3.67806629573778,0.056
6,2,0.2,256,10,0.3,0.3,12,3,-3.18563752082005,0.056
6,2,0.2,310,10,0.3,0.3,12,3,-2.31540813356986,0.056
6,2,0.2,395,10,0.3,0.3,12,3,-2.15144159608894,0.056
6,2,0.2,483,10,0.3,0.3,12,3,-2.28475071385816,0.056
6,2,0.2,178,10,0.3,0.3,12,3,-2.73898043442637,0.058
6,2,0.2,215,10,0.3,0.3,12,3,-3.15714989393052,0.058
6,2,0.2,234,10,0.3,0.3,12,3,-3.14361845101891,0.058
6,2,0.2,311,10,0.3,0.3,12,3,-2.68014616283818,0.058
6,2,0.2,319,10,0.3,0.3,12,3,-1.84025282902186,0.058
6,2,0.2,430,10,0.3,0.3,12,3,-2.03873909064271,0.058
6,2,0.2,475,10,0.3,0.3,12,3,-2.86986093730778,0.058
6,2,0.2,57,10,0.3,0.3,12,3,-3.37068189593896,0.06
6,2,0.2,142,10,0.3,0.3,12,3,-2.86013346272529,0.06
6,2,0.2,168,10,0.3,0.3,12,3,-2.70144623959754,0.06
6,2,0.2,424,10,0.3,0.3,12,3,-2.07411960284762,0.06
6,2,0.2,474,10,0.3,0.3,12,3,-2.83081468178338,0.06
6,2,0.2,22,10,0.3,0.3,12,3,-3.63879276206339,0.062
6,2,0.2,191,10,0.3,0.3,12,3,-2.24949069939953,0.062
6,2,0.2,308,10,0.3,0.3,12,3,-4.09238611169599,0.062
6,2,0.2,371,10,0.3,0.3,12,3,-2.75825396321457,0.062
6,2,0.2,421,10,0.3,0.3,12,3,-1.54351289562348,0.062
6,2,0.2,7,10,0.3,0.3,12,3,-3.40308056741924,0.064
6,2,0.2,30,10,0.3,0.3,12,3,-3.10132078862688,0.064
6,2,0.2,115,10,0.3,0.3,12,3,-3.05744749063487,0.064
6,2,0.2,267,10,0.3,0.3,12,3,-2.23968469661352,0.064
6,2,0.2,333,10,0.3,0.3,12,3,-2.48520732890708,0.064
6,2,0.2,425,10,0.3,0.3,12,3,-3.43258552707496,0.064
6,2,0.2,29,10,0.3,0.3,12,3,-2.32184012518891,0.066
6,2,0.2,86,10,0.3,0.3,12,3,-1.6896526316626,0.066
6,2,0.2,140,10,0.3,0.3,12,3,-3.51353453672397,0.066
6,2,0.2,158,10,0.3,0.3,12,3,-1.83867528037095,0.066
6,2,0.2,322,10,0.3,0.3,12,3,-2.68112571446275,0.066
6,2,0.2,331,10,0.3,0.3,12,3,-2.45465942287305,0.066
6,2,0.2,499,10,0.3,0.3,12,3,-3.58129981835887,0.066
6,2,0.2,72,10,0.3,0.3,12,3,-2.46850304079945,0.068
6,2,0.2,84,10,0.3,0.3,12,3,-3.41806284966819,0.068
6,2,0.2,128,10,0.3,0.3,12,3,-2.41867278955243,0.068
6,2,0.2,416,10,0.3,0.3,12,3,-2.63324158909111,0.068
6,2,0.2,498,10,0.3,0.3,12,3,-2.05105824212049,0.068
6,2,0.2,258,10,0.3,0.3,12,3,-3.01388988102445,0.07
6,2,0.2,340,10,0.3,0.3,12,3,-3.84510972030643,0.07
6,2,0.2,361,10,0.3,0.3,12,3,-2.04542196150993,0.07
6,2,0.2,366,10,0.3,0.3,12,3,-1.85662066181567,0.07
6,2,0.2,76,10,0.3,0.3,12,3,-3.25248770964004,0.072
6,2,0.2,146,10,0.3,0.3,12,3,-2.30608711767701,0.072
6,2,0.2,281,10,0.3,0.3,12,3,-1.8904355376356,0.072
6,2,0.2,291,10,0.3,0.3,12,3,-3.56399084782603,0.072
6,2,0.2,246,10,0.3,0.3,12,3,-3.13743981354236,0.074
6,2,0.2,335,10,0.3,0.3,12,3,-3.39814968232199,0.076
6,2,0.2,397,10,0.3,0.3,12,3,-1.6021538535505,0.076
6,2,0.2,3,10,0.3,0.3,12,3,-1.77902010925266,0.078
6,2,0.2,87,10,0.3,0.3,12,3,-2.9049985008098,0.078
6,2,0.2,489,10,0.3,0.3,12,3,-2.91514358406195,0.078
6,2,0.2,101,10,0.3,0.3,12,3,-2.07836439837064,0.08
6,2,0.2,400,10,0.3,0.3,12,3,-1.97611810632941,0.084
6,2,0.2,278,10,0.3,0.3,12,3,-1.01252779901401,0.094
6,2,0.2,444,10,0.3,0.3,12,3,-2.79113096407596,0.096
6,2,0.2,134,10,0.3,0.3,12,3,-1.37683124175445,0.1
6,2,0.2,438,10,0.3,0.3,12,3,-2.15054502495687,0.17
6,2,0.2,3,10,0.3,0.3,13,3,-2.85856426530756,0
6,2,0.2,14,10,0.3,0.3,13,3,-2.91081204722664,0
6,2,0.2,19,10,0.3,0.3,13,3,-3.6527306553416,0
6,2,0.2,47,10,0.3,0.3,13,3,-3.28721398967349,0
6,2,0.2,49,10,0.3,0.3,13,3,-4.10424374372687,0
6,2,0.2,52,10,0.3,0.3,13,3,-3.69254875412662,0
6,2,0.2,63,10,0.3,0.3,13,3,-3.59637196152622,0
6,2,0.2,76,10,0.3,0.3,13,3,-3.13550883287058,0
6,2,0.2,111,10,0.3,0.3,13,3,-3.17608510433789,0
6,2,0.2,125,10,0.3,0.3,13,3,-3.67861470259567,0
6,2,0.2,152,10,0.3,0.3,13,3,-2.41162282199969,0
6,2,0.2,154,10,0.3,0.3,13,3,-3.36270544501781,0
6,2,0.2,169,10,0.3,0.3,13,3,-3.38549876275613,0
6,2,0.2,171,10,0.3,0.3,13,3,-3.30624568421237,0
6,2,0.2,172,10,0.3,0.3,13,3,-3.06105091931565,0
6,2,0.2,185,10,0.3,0.3,13,3,-2.68715903516744,0
6,2,0.2,190,10,0.3,0.3,13,3,-3.2252502688255,0
6,2,0.2,203,10,0.3,0.3,13,3,-2.28234649437192,0
6,2,0.2,226,10,0.3,0.3,13,3,-3.769537306421,0
6,2,0.2,240,10,0.3,0.3,13,3,-4.02007448204068,0
6,2,0.2,284,10,0.3,0.3,13,3,-3.31752333677204,0
6,2,0.2,302,10,0.3,0.3,13,3,-3.05463147897731,0
6,2,0.2,312,10,0.3,0.3,13,3,-3.72109157225438,0
6,2,0.2,323,10,0.3,0.3,13,3,-2.95143538575635,0
6,2,0.2,348,10,0.3,0.3,13,3,-3.7545804658416,0
6,2,0.2,352,10,0.3,0.3,13,3,-3.35830503679446,0
6,2,0.2,354,10,0.3,0.3,13,3,-2.31726074926848,0
6,2,0.2,368,10,0.3,0.3,13,3,-3.73333748285057,0
6,2,0.2,372,10,0.3,0.3,13,3,-2.71103013794229,0
6,2,0.2,373,10,0.3,0.3,13,3,-3.39919789919495,0
6,2,0.2,376,10,0.3,0.3,13,3,-3.86869926980285,0
6,2,0.2,392,10,0.3,0.3,13,3,-3.41280995068817,0
6,2,0.2,410,10,0.3,0.3,13,3,-3.80746589908583,0
6,2,0.2,421,10,0.3,0.3,13,3,-3.51028542058171,0
6,2,0.2,433,10,0.3,0.3,13,3,-2.95112348722898,0
6,2,0.2,440,10,0.3,0.3,13,3,-3.05476984574972,0
6,2,0.2,453,10,0.3,0.3,13,3,-2.92185089914668,0
6,2,0.2,455,10,0.3,0.3,13,3,-4.53395542465856,0
6,2,0.2,462,10,0.3,0.3,13,3,-3.31832716134568,0
6,2,0.2,481,10,0.3,0.3,13,3,-2.72346504085229,0
6,2,0.2,11,10,0.3,0.3,13,3,-3.52886542781093,0.002
6,2,0.2,29,10,0.3,0.3,13,3,-3.80431381913141,0.002
6,2,0.2,64,10,0.3,0.3,13,3,-2.97681422770134,0.002
6,2,0.2,78,10,0.3,0.3,13,3,-3.35008430096147,0.002
6,2,0.2,94,10,0.3,0.3,13,3,-3.8061818948691,0.002
6,2,0.2,108,10,0.3,0.3,13,3,-3.41271874939002,0.002
6,2,0.2,153,10,0.3,0.3,13,3,-3.9720383823784,0.002
6,2,0.2,158,10,0.3,0.3,13,3,-4.34003852481479,0.002
6,2,0.2,163,10,0.3,0.3,13,3,-3.27435364103002,0.002
6,2,0.2,210,10,0.3,0.3,13,3,-3.08357608432422,0.002
6,2,0.2,229,10,0.3,0.3,13,3,-2.90638261026328,0.002
6,2,0.2,232,10,0.3,0.3,13,3,-2.61766747178885,0.002
6,2,0.2,233,10,0.3,0.3,13,3,-1.86369027103353,0.002
6,2,0.2,246,10,0.3,0.3,13,3,-3.24066907669786,0.002
6,2,0.2,252,10,0.3,0.3,13,3,-3.00649139354306,0.002
6,2,0.2,285,10,0.3,0.3,13,3,-3.70305425111059,0.002
6,2,0.2,300,10,0.3,0.3,13,3,-4.02202058504537,0.002
6,2,0.2,313,10,0.3,0.3,13,3,-2.50503835482601,0.002
6,2,0.2,338,10,0.3,0.3,13,3,-3.0390060437995,0.002
6,2,0.2,344,10,0.3,0.3,13,3,-3.00886646680613,0.002
6,2,0.2,351,10,0.3,0.3,13,3,-3.17111325428601,0.002
6,2,0.2,356,10,0.3,0.3,13,3,-3.11026401093309,0.002
6,2,0.2,407,10,0.3,0.3,13,3,-3.58797433308914,0.002
6,2,0.2,408,10,0.3,0.3,13,3,-4.08238938579328,0.002
6,2,0.2,426,10,0.3,0.3,13,3,-3.56949713794017,0.002
6,2,0.2,432,10,0.3,0.3,13,3,-3.74871898778295,0.002
6,2,0.2,451,10,0.3,0.3,13,3,-3.51360744882805,0.002
6,2,0.2,463,10,0.3,0.3,13,3,-3.21477111787561,0.002
6,2,0.2,479,10,0.3,0.3,13,3,-2.71478874364001,0.002
6,2,0.2,497,10,0.3,0.3,13,3,-3.6603143868351,0.002
6,2,0.2,1,10,0.3,0.3,13,3,-3.88717889788029,0.004
6,2,0.2,17,10,0.3,0.3,13,3,-3.69192564610563,0.004
6,2,0.2,20,10,0.3,0.3,13,3,-3.28311382979959,0.004
6,2,0.2,37,10,0.3,0.3,13,3,-2.50180586654622,0.004
6,2,0.2,39,10,0.3,0.3,13,3,-3.71741611086594,0.004
6,2,0.2,54,10,0.3,0.3,13,3,-2.60593205961337,0.004
6,2,0.2,101,10,0.3,0.3,13,3,-3.02032287338355,0.004
6,2,0.2,119,10,0.3,0.3,13,3,-3.6930278440588,0.004
6,2,0.2,120,10,0.3,0.3,13,3,-2.73785234586259,0.004
6,2,0.2,135,10,0.3,0.3,13,3,-3.00365916830432,0.004
6,2,0.2,141,10,0.3,0.3,13,3,-2.68988788144435,0.004
6,2,0.2,167,10,0.3,0.3,13,3,-3.54344933199837,0.004
6,2,0.2,208,10,0.3,0.3,13,3,-2.78461800573555,0.004
6,2,0.2,215,10,0.3,0.3,13,3,-3.67016812552043,0.004
6,2,0.2,237,10,0.3,0.3,13,3,-2.49980533279944,0.004
6,2,0.2,254,10,0.3,0.3,13,3,-3.96510500066623,0.004
6,2,0.2,258,10,0.3,0.3,13,3,-3.6997506055003,0.004
6,2,0.2,264,10,0.3,0.3,13,3,-3.78018098011853,0.004
6,2,0.2,269,10,0.3,0.3,13,3,-2.87048918146752,0.004
6,2,0.2,282,10,0.3,0.3,13,3,-3.76916598854041,0.004
6,2,0.2,303,10,0.3,0.3,13,3,-2.92524194964653,0.004
6,2,0.2,336,10,0.3,0.3,13,3,-3.11830428759114,0.004
6,2,0.2,361,10,0.3,0.3,13,3,-4.17754581915139,0.004
6,2,0.2,422,10,0.3,0.3,13,3,-2.59152234464855,0.004
6,2,0.2,425,10,0.3,0.3,13,3,-3.14497643890195,0.004
6,2,0.2,428,10,0.3,0.3,13,3,-3.34683209060921,0.004
6,2,0.2,430,10,0.3,0.3,13,3,-3.76201681680558,0.004
6,2,0.2,483,10,0.3,0.3,13,3,-3.45843987207022,0.004
6,2,0.2,495,10,0.3,0.3,13,3,-3.01986571918027,0.004
6,2,0.2,50,10,0.3,0.3,13,3,-3.17724808884165,0.006
6,2,0.2,70,10,0.3,0.3,13,3,-3.42337145496873,0.006
6,2,0.2,90,10,0.3,0.3,13,3,-4.17277392056252,0.006
6,2,0.2,95,10,0.3,0.3,13,3,-2.83584451049657,0.006
6,2,0.2,128,10,0.3,0.3,13,3,-3.91035863935946,0.006
6,2,0.2,134,10,0.3,0.3,13,3,-2.39875668945851,0.006
6,2,0.2,139,10,0.3,0.3,13,3,-2.85623158989992,0.006
6,2,0.2,156,10,0.3,0.3,13,3,-2.49283683444435,0.006
6,2,0.2,162,10,0.3,0.3,13,3,-3.40887461667708,0.006
6,2,0.2,165,10,0.3,0.3,13,3,-4.34323176712354,0.006
6,2,0.2,174,10,0.3,0.3,13,3,-3.25071894339598,0.006
6,2,0.2,193,10,0.3,0.3,13,3,-3.52250730773781,0.006
6,2,0.2,198,10,0.3,0.3,13,3,-3.69383156261094,0.006
6,2,0.2,211,10,0.3,0.3,13,3,-3.05049673587391,0.006
6,2,0.2,220,10,0.3,0.3,13,3,-2.62478954383684,0.006
6,2,0.2,274,10,0.3,0.3,13,3,-2.68677574267721,0.006
6,2,0.2,310,10,0.3,0.3,13,3,-2.93425553420965,0.006
6,2,0.2,316,10,0.3,0.3,13,3,-2.79520583777506,0.006
6,2,0.2,378,10,0.3,0.3,13,3,-2.44851719218408,0.006
6,2,0.2,384,10,0.3,0.3,13,3,-4.33908435673871,0.006
6,2,0.2,391,10,0.3,0.3,13,3,-3.59472717733775,0.006
6,2,0.2,405,10,0.3,0.3,13,3,-4.14799119188638,0.006
6,2,0.2,409,10,0.3,0.3,13,3,-2.51819750415501,0.006
6,2,0.2,415,10,0.3,0.3,13,3,-3.79800631379044,0.006
6,2,0.2,429,10,0.3,0.3,13,3,-2.17928228456228,0.006
6,2,0.2,441,10,0.3,0.3,13,3,-3.21189906563839,0.006
6,2,0.2,443,10,0.3,0.3,13,3,-2.67832590026543,0.006
6,2,0.2,445,10,0.3,0.3,13,3,-2.82212698731468,0.006
6,2,0.2,461,10,0.3,0.3,13,3,-3.44303454952995,0.006
6,2,0.2,473,10,0.3,0.3,13,3,-3.45873259014346,0.006
6,2,0.2,486,10,0.3,0.3,13,3,-3.19495214755776,0.006
6,2,0.2,491,10,0.3,0.3,13,3,-2.66004183312486,0.006
6,2,0.2,6,10,0.3,0.3,13,3,-3.06629773910865,0.008
6,2,0.2,23,10,0.3,0.3,13,3,-2.22258675870984,0.008
6,2,0.2,33,10,0.3,0.3,13,3,-2.43298501992814,0.008
6,2,0.2,45,10,0.3,0.3,13,3,-3.48515571701444,0.008
6,2,0.2,73,10,0.3,0.3,13,3,-3.22622311171742,0.008
6,2,0.2,80,10,0.3,0.3,13,3,-3.19422335603113,0.008
6,2,0.2,104,10,0.3,0.3,13,3,-4.6832901626853,0.008
6,2,0.2,122,10,0.3,0.3,13,3,-3.05770380757605,0.008
6,2,0.2,137,10,0.3,0.3,13,3,-2.74056435474995,0.008
6,2,0.2,143,10,0.3,0.3,13,3,-4.19421721549736,0.008
6,2,0.2,144,10,0.3,0.3,13,3,-3.23170787898115,0.008
6,2,0.2,213,10,0.3,0.3,13,3,-3.35301755447782,0.008
6,2,0.2,227,10,0.3,0.3,13,3,-2.12822334824014,0.008
6,2,0.2,238,10,0.3,0.3,13,3,-3.42075813249048,0.008
6,2,0.2,243,10,0.3,0.3,13,3,-2.71682921642659,0.008
6,2,0.2,251,10,0.3,0.3,13,3,-3.34000607033059,0.008
6,2,0.2,290,10,0.3,0.3,13,3,-2.50728383160987,0.008
6,2,0.2,298,10,0.3,0.3,13,3,-3.89332827538502,0.008
6,2,0.2,307,10,0.3,0.3,13,3,-3.38324172390261,0.008
6,2,0.2,311,10,0.3,0.3,13,3,-2.52492730310021,0.008
6,2,0.2,328,10,0.3,0.3,13,3,-1.98165154978668,0.008
6,2,0.2,331,10,0.3,0.3,13,3,-3.09134416879664,0.008
6,2,0.2,339,10,0.3,0.3,13,3,-3.68910675421299,0.008
6,2,0.2,357,10,0.3,0.3,13,3,-2.62112915658085,0.008
6,2,0.2,365,10,0.3,0.3,13,3,-3.55770197149806,0.008
6,2,0.2,401,10,0.3,0.3,13,3,-4.19473351557068,0.008
6,2,0.2,435,10,0.3,0.3,13,3,-2.78479647573437,0.008
6,2,0.2,438,10,0.3,0.3,13,3,-3.36507250552452,0.008
6,2,0.2,442,10,0.3,0.3,13,3,-2.76456906560131,0.008
6,2,0.2,454,10,0.3,0.3,13,3,-2.93183316067118,0.008
6,2,0.2,456,10,0.3,0.3,13,3,-3.50764985137332,0.008
6,2,0.2,465,10,0.3,0.3,13,3,-4.34708435834062,0.008
6,2,0.2,469,10,0.3,0.3,13,3,-2.7436576428702,0.008
6,2,0.2,16,10,0.3,0.3,13,3,-3.40872086943554,0.01
6,2,0.2,36,10,0.3,0.3,13,3,-3.11873875456354,0.01
6,2,0.2,42,10,0.3,0.3,13,3,-3.23659531685573,0.01
6,2,0.2,71,10,0.3,0.3,13,3,-3.36246639915058,0.01
6,2,0.2,106,10,0.3,0.3,13,3,-3.02978733724854,0.01
6,2,0.2,130,10,0.3,0.3,13,3,-2.49211864509144,0.01
6,2,0.2,181,10,0.3,0.3,13,3,-3.19203660592521,0.01
6,2,0.2,183,10,0.3,0.3,13,3,-2.62389303929834,0.01
6,2,0.2,214,10,0.3,0.3,13,3,-3.12804797058175,0.01
6,2,0.2,281,10,0.3,0.3,13,3,-2.8424823076634,0.01
6,2,0.2,309,10,0.3,0.3,13,3,-2.88093646597198,0.01
6,2,0.2,315,10,0.3,0.3,13,3,-3.18009202874055,0.01
6,2,0.2,318,10,0.3,0.3,13,3,-3.76819609109398,0.01
6,2,0.2,380,10,0.3,0.3,13,3,-2.67371363224515,0.01
6,2,0.2,400,10,0.3,0.3,13,3,-3.28171475159988,0.01
6,2,0.2,402,10,0.3,0.3,13,3,-3.40865296919168,0.01
6,2,0.2,417,10,0.3,0.3,13,3,-2.86576869156491,0.01
6,2,0.2,431,10,0.3,0.3,13,3,-3.3143268381256,0.01
6,2,0.2,444,10,0.3,0.3,13,3,-3.74946975315618,0.01
6,2,0.2,450,10,0.3,0.3,13,3,-3.01365732167795,0.01
6,2,0.2,476,10,0.3,0.3,13,3,-2.44672147088465,0.01
6,2,0.2,478,10,0.3,0.3,13,3,-3.19717046737031,0.01
6,2,0.2,65,10,0.3,0.3,13,3,-2.78239685853143,0.012
6,2,0.2,74,10,0.3,0.3,13,3,-2.44935260408056,0.012
6,2,0.2,87,10,0.3,0.3,13,3,-3.02786518235501,0.012
6,2,0.2,103,10,0.3,0.3,13,3,-2.69186625623672,0.012
6,2,0.2,155,10,0.3,0.3,13,3,-3.00912345336573,0.012
6,2,0.2,164,10,0.3,0.3,13,3,-3.40394078173907,0.012
6,2,0.2,199,10,0.3,0.3,13,3,-2.67789628640205,0.012
6,2,0.2,206,10,0.3,0.3,13,3,-3.46595197984058,0.012
6,2,0.2,223,10,0.3,0.3,13,3,-2.6177994823841,0.012
6,2,0.2,319,10,0.3,0.3,13,3,-3.27670673940369,0.012
6,2,0.2,322,10,0.3,0.3,13,3,-3.02979604595188,0.012
6,2,0.2,350,10,0.3,0.3,13,3,-2.79178538034768,0.012
6,2,0.2,379,10,0.3,0.3,13,3,-3.05246419940681,0.012
6,2,0.2,382,10,0.3,0.3,13,3,-3.50630202246401,0.012
6,2,0.2,449,10,0.3,0.3,13,3,-4.15893624647788,0.012
6,2,0.2,468,10,0.3,0.3,13,3,-3.10389196603694,0.012
6,2,0.2,489,10,0.3,0.3,13,3,-2.80147672410931,0.012
6,2,0.2,498,10,0.3,0.3,13,3,-3.98029132648517,0.012
6,2,0.2,13,10,0.3,0.3,13,3,-3.34192327116875,0.014
6,2,0.2,41,10,0.3,0.3,13,3,-2.38825208066831,0.014
6,2,0.2,55,10,0.3,0.3,13,3,-3.36029646272459,0.014
6,2,0.2,60,10,0.3,0.3,13,3,-3.41353417262121,0.014
6,2,0.2,68,10,0.3,0.3,13,3,-3.35881852042766,0.014
6,2,0.2,88,10,0.3,0.3,13,3,-3.43352806919586,0.014
6,2,0.2,98,10,0.3,0.3,13,3,-2.99044496006704,0.014
6,2,0.2,145,10,0.3,0.3,13,3,-2.58953585960836,0.014
6,2,0.2,157,10,0.3,0.3,13,3,-2.98269489880875,0.014
6,2,0.2,231,10,0.3,0.3,13,3,-2.27991366532865,0.014
6,2,0.2,236,10,0.3,0.3,13,3,-2.81058349144828,0.014
6,2,0.2,245,10,0.3,0.3,13,3,-3.36394398064144,0.014
6,2,0.2,364,10,0.3,0.3,13,3,-3.37911602524593,0.014
6,2,0.2,406,10,0.3,0.3,13,3,-2.46504755745894,0.014
6,2,0.2,427,10,0.3,0.3,13,3,-2.84390662109726,0.014
6,2,0.2,472,10,0.3,0.3,13,3,-3.11221514181051,0.014
6,2,0.2,18,10,0.3,0.3,13,3,-2.52261294955605,0.016
6,2,0.2,21,10,0.3,0.3,13,3,-3.48617993086626,0.016
6,2,0.2,34,10,0.3,0.3,13,3,-2.86117148002421,0.016
6,2,0.2,38,10,0.3,0.3,13,3,-2.64664817185869,0.016
6,2,0.2,82,10,0.3,0.3,13,3,-3.38046171079677,0.016
6,2,0.2,107,10,0.3,0.3,13,3,-3.03385220048401,0.016
6,2,0.2,116,10,0.3,0.3,13,3,-2.74868158503173,0.016
6,2,0.2,118,10,0.3,0.3,13,3,-2.51053394459791,0.016
6,2,0.2,146,10,0.3,0.3,13,3,-2.06251155117934,0.016
6,2,0.2,147,10,0.3,0.3,13,3,-3.16029384093241,0.016
6,2,0.2,149,10,0.3,0.3,13,3,-2.91173704597026,0.016
6,2,0.2,201,10,0.3,0.3,13,3,-3.25520023446867,0.016
6,2,0.2,209,10,0.3,0.3,13,3,-2.98906618878701,0.016
6,2,0.2,219,10,0.3,0.3,13,3,-3.2955431941173,0.016
6,2,0.2,250,10,0.3,0.3,13,3,-2.86833998985159,0.016
6,2,0.2,257,10,0.3,0.3,13,3,-2.82373029617492,0.016
6,2,0.2,261,10,0.3,0.3,13,3,-2.41809814918224,0.016
6,2,0.2,271,10,0.3,0.3,13,3,-2.81022185054329,0.016
6,2,0.2,296,10,0.3,0.3,13,3,-3.19570829400476,0.016
6,2,0.2,437,10,0.3,0.3,13,3,-3.68054634582722,0.016
6,2,0.2,470,10,0.3,0.3,13,3,-2.18741187606892,0.016
6,2,0.2,113,10,0.3,0.3,13,3,-4.66033078894068,0.018
6,2,0.2,175,10,0.3,0.3,13,3,-3.20645337444154,0.018
6,2,0.2,197,10,0.3,0.3,13,3,-3.54982503280766,0.018
6,2,0.2,221,10,0.3,0.3,13,3,-3.22401550901057,0.018
6,2,0.2,241,10,0.3,0.3,13,3,-3.25801473882262,0.018
6,2,0.2,288,10,0.3,0.3,13,3,-2.31925031029559,0.018
6,2,0.2,327,10,0.3,0.3,13,3,-3.40780891242881,0.018
6,2,0.2,367,10,0.3,0.3,13,3,-3.42133448465142,0.018
6,2,0.2,388,10,0.3,0.3,13,3,-3.0607720216932,0.018
6,2,0.2,390,10,0.3,0.3,13,3,-2.93059623533134,0.018
6,2,0.2,393,10,0.3,0.3,13,3,-2.48307990458693,0.018
6,2,0.2,424,10,0.3,0.3,13,3,-2.93837471868559,0.018
6,2,0.2,24,10,0.3,0.3,13,3,-3.01333730850078,0.02
6,2,0.2,31,10,0.3,0.3,13,3,-2.86664130419885,0.02
6,2,0.2,56,10,0.3,0.3,13,3,-3.87289482712086,0.02
6,2,0.2,200,10,0.3,0.3,13,3,-2.44953022693352,0.02
6,2,0.2,293,10,0.3,0.3,13,3,-3.08074681219352,0.02
6,2,0.2,295,10,0.3,0.3,13,3,-2.30225975800269,0.02
6,2,0.2,332,10,0.3,0.3,13,3,-3.1583388580359,0.02
6,2,0.2,370,10,0.3,0.3,13,3,-3.35922985589872,0.02
6,2,0.2,403,10,0.3,0.3,13,3,-3.32212994401132,0.02
6,2,0.2,419,10,0.3,0.3,13,3,-3.25060822141481,0.02
6,2,0.2,484,10,0.3,0.3,13,3,-1.92809335903891,0.02
6,2,0.2,490,10,0.3,0.3,13,3,-3.45316978130742,0.02
6,2,0.2,499,10,0.3,0.3,13,3,-2.79568634358372,0.02
6,2,0.2,2,10,0.3,0.3,13,3,-2.12906963432744,0.022
6,2,0.2,66,10,0.3,0.3,13,3,-3.36573097060742,0.022
6,2,0.2,109,10,0.3,0.3,13,3,-3.12965405241448,0.022
6,2,0.2,186,10,0.3,0.3,13,3,-3.00291184092143,0.022
6,2,0.2,196,10,0.3,0.3,13,3,-2.6120744159862,0.022
6,2,0.2,225,10,0.3,0.3,13,3,-2.65809458214378,0.022
6,2,0.2,234,10,0.3,0.3,13,3,-3.30793574788106,0.022
6,2,0.2,267,10,0.3,0.3,13,3,-2.50695284727499,0.022
6,2,0.2,268,10,0.3,0.3,13,3,-3.48689786449464,0.022
6,2,0.2,272,10,0.3,0.3,13,3,-2.79208473361544,0.022
6,2,0.2,273,10,0.3,0.3,13,3,-3.4596761824213,0.022
6,2,0.2,292,10,0.3,0.3,13,3,-2.74941446630078,0.022
6,2,0.2,329,10,0.3,0.3,13,3,-2.52648862440361,0.022
6,2,0.2,416,10,0.3,0.3,13,3,-3.15801447634863,0.022
6,2,0.2,420,10,0.3,0.3,13,3,-2.34799541872073,0.022
6,2,0.2,423,10,0.3,0.3,13,3,-2.88908951243911,0.022
6,2,0.2,136,10,0.3,0.3,13,3,-2.99793723704843,0.024
6,2,0.2,294,10,0.3,0.3,13,3,-2.72921054564574,0.024
6,2,0.2,314,10,0.3,0.3,13,3,-2.70262777185607,0.024
6,2,0.2,320,10,0.3,0.3,13,3,-2.78488114633649,0.024
6,2,0.2,460,10,0.3,0.3,13,3,-3.98652124817622,0.024
6,2,0.2,40,10,0.3,0.3,13,3,-3.03506255225648,0.026
6,2,0.2,53,10,0.3,0.3,13,3,-2.67549988834756,0.026
6,2,0.2,89,10,0.3,0.3,13,3,-3.46000794695033,0.026
6,2,0.2,93,10,0.3,0.3,13,3,-3.36718735213606,0.026
6,2,0.2,127,10,0.3,0.3,13,3,-2.72881199590913,0.026
6,2,0.2,228,10,0.3,0.3,13,3,-2.790762119645,0.026
6,2,0.2,321,10,0.3,0.3,13,3,-2.53064772240768,0.026
6,2,0.2,324,10,0.3,0.3,13,3,-2.96966216918204,0.026
6,2,0.2,343,10,0.3,0.3,13,3,-3.68878181096986,0.026
6,2,0.2,345,10,0.3,0.3,13,3,-3.58791163355426,0.026
6,2,0.2,358,10,0.3,0.3,13,3,-3.10111027779121,0.026
6,2,0.2,480,10,0.3,0.3,13,3,-3.58346552386723,0.026
6,2,0.2,487,10,0.3,0.3,13,3,-2.58532788139698,0.026
6,2,0.2,51,10,0.3,0.3,13,3,-2.81087601085611,0.028
6,2,0.2,195,10,0.3,0.3,13,3,-2.90640513061095,0.028
6,2,0.2,207,10,0.3,0.3,13,3,-2.06981238656539,0.028
6,2,0.2,242,10,0.3,0.3,13,3,-3.16892700604706,0.028
6,2,0.2,265,10,0.3,0.3,13,3,-3.24518611753425,0.028
6,2,0.2,278,10,0.3,0.3,13,3,-3.40458152020184,0.028
6,2,0.2,280,10,0.3,0.3,13,3,-3.24822820222374,0.028
6,2,0.2,333,10,0.3,0.3,13,3,-2.37139964996177,0.028
6,2,0.2,389,10,0.3,0.3,13,3,-3.19062953643967,0.028
6,2,0.2,396,10,0.3,0.3,13,3,-3.62444384189266,0.028
6,2,0.2,412,10,0.3,0.3,13,3,-2.39011575027769,0.028
6,2,0.2,5,10,0.3,0.3,13,3,-2.90844971904468,0.03
6,2,0.2,43,10,0.3,0.3,13,3,-3.03432159219963,0.03
6,2,0.2,123,10,0.3,0.3,13,3,-2.6539603281704,0.03
6,2,0.2,360,10,0.3,0.3,13,3,-2.43571849122785,0.03
6,2,0.2,436,10,0.3,0.3,13,3,-2.71737503176075,0.03
6,2,0.2,452,10,0.3,0.3,13,3,-3.38486997863225,0.03
6,2,0.2,458,10,0.3,0.3,13,3,-3.01108107747046,0.03
6,2,0.2,129,10,0.3,0.3,13,3,-3.13709536673176,0.032
6,2,0.2,140,10,0.3,0.3,13,3,-2.14135430826687,0.032
6,2,0.2,260,10,0.3,0.3,13,3,-2.02794757292099,0.032
6,2,0.2,266,10,0.3,0.3,13,3,-2.67704299987338,0.032
6,2,0.2,297,10,0.3,0.3,13,3,-3.30377771510484,0.032
6,2,0.2,397,10,0.3,0.3,13,3,-2.52473999225589,0.032
6,2,0.2,399,10,0.3,0.3,13,3,-2.32491595541538,0.032
6,2,0.2,466,10,0.3,0.3,13,3,-2.43327721686768,0.032
6,2,0.2,474,10,0.3,0.3,13,3,-2.90859408275765,0.032
6,2,0.2,32,10,0.3,0.3,13,3,-2.16331597217177,0.034
6,2,0.2,59,10,0.3,0.3,13,3,-2.87518465528245,0.034
6,2,0.2,69,10,0.3,0.3,13,3,-2.28093234616648,0.034
6,2,0.2,173,10,0.3,0.3,13,3,-2.69967504291796,0.034
6,2,0.2,222,10,0.3,0.3,13,3,-2.59629290038956,0.034
6,2,0.2,249,10,0.3,0.3,13,3,-2.98119441354936,0.034
6,2,0.2,289,10,0.3,0.3,13,3,-2.77645928282001,0.034
6,2,0.2,353,10,0.3,0.3,13,3,-3.40119356139604,0.034
6,2,0.2,492,10,0.3,0.3,13,3,-2.63910631388589,0.034
6,2,0.2,496,10,0.3,0.3,13,3,-3.53953239444218,0.034
6,2,0.2,58,10,0.3,0.3,13,3,-4.41856511995309,0.036
6,2,0.2,179,10,0.3,0.3,13,3,-3.29747851695393,0.036
6,2,0.2,192,10,0.3,0.3,13,3,-2.65203125436432,0.036
6,2,0.2,218,10,0.3,0.3,13,3,-2.26847065633888,0.036
6,2,0.2,326,10,0.3,0.3,13,3,-2.90953377418654,0.036
6,2,0.2,330,10,0.3,0.3,13,3,-2.65230616231403,0.036
6,2,0.2,386,10,0.3,0.3,13,3,-3.08467955366871,0.036
6,2,0.2,488,10,0.3,0.3,13,3,-2.80036809438366,0.036
6,2,0.2,493,10,0.3,0.3,13,3,-3.65544309406039,0.036
6,2,0.2,4,10,0.3,0.3,13,3,-2.7506069143038,0.038
6,2,0.2,35,10,0.3,0.3,13,3,-2.1239295455529,0.038
6,2,0.2,216,10,0.3,0.3,13,3,-2.77509366515008,0.038
6,2,0.2,247,10,0.3,0.3,13,3,-2.49284610004511,0.038
6,2,0.2,277,10,0.3,0.3,13,3,-2.62063793633087,0.038
6,2,0.2,374,10,0.3,0.3,13,3,-3.19911133284447,0.038
6,2,0.2,387,10,0.3,0.3,13,3,-3.0732611830953,0.038
6,2,0.2,404,10,0.3,0.3,13,3,-2.83295640450589,0.038
6,2,0.2,494,10,0.3,0.3,13,3,-2.4856566612556,0.038
6,2,0.2,48,10,0.3,0.3,13,3,-3.36723328572117,0.04
6,2,0.2,75,10,0.3,0.3,13,3,-2.76453764008573,0.04
6,2,0.2,86,10,0.3,0.3,13,3,-1.13351151245791,0.04
6,2,0.2,124,10,0.3,0.3,13,3,-2.46207886374816,0.04
6,2,0.2,159,10,0.3,0.3,13,3,-3.3538636000589,0.04
6,2,0.2,176,10,0.3,0.3,13,3,-2.75000982045469,0.04
6,2,0.2,184,10,0.3,0.3,13,3,-3.86429194685675,0.04
6,2,0.2,191,10,0.3,0.3,13,3,-2.55874446046738,0.04
6,2,0.2,263,10,0.3,0.3,13,3,-3.89737586370939,0.04
6,2,0.2,371,10,0.3,0.3,13,3,-2.86262548616534,0.04
6,2,0.2,383,10,0.3,0.3,13,3,-3.06887048245528,0.04
6,2,0.2,464,10,0.3,0.3,13,3,-3.50200472586732,0.04
6,2,0.2,67,10,0.3,0.3,13,3,-1.90846880284906,0.042
6,2,0.2,117,10,0.3,0.3,13,3,-2.43430413790617,0.042
6,2,0.2,138,10,0.3,0.3,13,3,-2.57900180365652,0.042
6,2,0.2,166,10,0.3,0.3,13,3,-3.52074877891357,0.042
6,2,0.2,377,10,0.3,0.3,13,3,-2.23539697067875,0.042
6,2,0.2,381,10,0.3,0.3,13,3,-2.1731474953221,0.042
6,2,0.2,414,10,0.3,0.3,13,3,-2.50642919355906,0.042
6,2,0.2,467,10,0.3,0.3,13,3,-3.03189087251081,0.042
6,2,0.2,9,10,0.3,0.3,13,3,-3.00149921344502,0.044
6,2,0.2,12,10,0.3,0.3,13,3,-3.23421498953533,0.044
6,2,0.2,46,10,0.3,0.3,13,3,-2.76797502059463,0.044
6,2,0.2,61,10,0.3,0.3,13,3,-3.3858357869037,0.044
6,2,0.2,132,10,0.3,0.3,13,3,-3.29517038696898,0.044
6,2,0.2,151,10,0.3,0.3,13,3,-2.32574428831796,0.044
6,2,0.2,239,10,0.3,0.3,13,3,-2.77284828774242,0.044
6,2,0.2,244,10,0.3,0.3,13,3,-2.34728467949694,0.044
6,2,0.2,279,10,0.3,0.3,13,3,-2.53176770928124,0.044
6,2,0.2,299,10,0.3,0.3,13,3,-2.8393047086002,0.044
6,2,0.2,349,10,0.3,0.3,13,3,-2.46774528665236,0.044
6,2,0.2,434,10,0.3,0.3,13,3,-3.64795515659569,0.044
6,2,0.2,448,10,0.3,0.3,13,3,-2.74082789222237,0.044
6,2,0.2,459,10,0.3,0.3,13,3,-3.63571615829005,0.044
6,2,0.2,26,10,0.3,0.3,13,3,-2.56732777658334,0.046
6,2,0.2,62,10,0.3,0.3,13,3,-2.63665958640283,0.046
6,2,0.2,83,10,0.3,0.3,13,3,-3.02516625369714,0.046
6,2,0.2,112,10,0.3,0.3,13,3,-3.42354078766959,0.046
6,2,0.2,115,10,0.3,0.3,13,3,-3.04530027830293,0.046
6,2,0.2,202,10,0.3,0.3,13,3,-3.94999189730856,0.046
6,2,0.2,253,10,0.3,0.3,13,3,-3.36296632026895,0.046
6,2,0.2,308,10,0.3,0.3,13,3,-2.97238566309281,0.046
6,2,0.2,418,10,0.3,0.3,13,3,-2.46454698079847,0.046
6,2,0.2,79,10,0.3,0.3,13,3,-3.35449701628448,0.048
6,2,0.2,102,10,0.3,0.3,13,3,-3.43290522703356,0.048
6,2,0.2,259,10,0.3,0.3,13,3,-2.59915807261999,0.048
6,2,0.2,337,10,0.3,0.3,13,3,-2.31365353169721,0.048
6,2,0.2,347,10,0.3,0.3,13,3,-2.12877903429782,0.048
6,2,0.2,359,10,0.3,0.3,13,3,-3.5854453945411,0.048
6,2,0.2,362,10,0.3,0.3,13,3,-2.2196835520501,0.048
6,2,0.2,385,10,0.3,0.3,13,3,-2.49408750269021,0.048
6,2,0.2,398,10,0.3,0.3,13,3,-2.88061189277201,0.048
6,2,0.2,471,10,0.3,0.3,13,3,-2.67248562522224,0.048
6,2,0.2,477,10,0.3,0.3,13,3,-3.41995523113894,0.048
6,2,0.2,126,10,0.3,0.3,13,3,-2.42806666613342,0.05
6,2,0.2,131,10,0.3,0.3,13,3,-2.94637197750191,0.05
6,2,0.2,194,10,0.3,0.3,13,3,-3.06097364191538,0.05
6,2,0.2,230,10,0.3,0.3,13,3,-2.86860343955291,0.05
6,2,0.2,283,10,0.3,0.3,13,3,-2.1933303380512,0.05
6,2,0.2,341,10,0.3,0.3,13,3,-2.74941976834177,0.05
6,2,0.2,447,10,0.3,0.3,13,3,-3.57510549661458,0.05
6,2,0.2,105,10,0.3,0.3,13,3,-2.85110123835088,0.052
6,2,0.2,133,10,0.3,0.3,13,3,-2.00582196784831,0.052
6,2,0.2,168,10,0.3,0.3,13,3,-2.99165686021945,0.052
6,2,0.2,177,10,0.3,0.3,13,3,-2.74355545758726,0.052
6,2,0.2,180,10,0.3,0.3,13,3,-2.17024532377886,0.052
6,2,0.2,188,10,0.3,0.3,13,3,-3.76921827502224,0.052
6,2,0.2,255,10,0.3,0.3,13,3,-2.23204225536904,0.052
6,2,0.2,8,10,0.3,0.3,13,3,-3.447800286964,0.054
6,2,0.2,27,10,0.3,0.3,13,3,-2.39959313021649,0.054
6,2,0.2,44,10,0.3,0.3,13,3,-2.51989806745817,0.054
6,2,0.2,81,10,0.3,0.3,13,3,-3.56640800794361,0.054
6,2,0.2,121,10,0.3,0.3,13,3,-3.00081460337435,0.054
6,2,0.2,148,10,0.3,0.3,13,3,-3.78221940230006,0.054
6,2,0.2,178,10,0.3,0.3,13,3,-2.43150382866389,0.054
6,2,0.2,187,10,0.3,0.3,13,3,-1.98004066155553,0.054
6,2,0.2,256,10,0.3,0.3,13,3,-2.52143441204328,0.054
6,2,0.2,287,10,0.3,0.3,13,3,-2.26262900647757,0.054
6,2,0.2,363,10,0.3,0.3,13,3,-3.04085167038565,0.054
6,2,0.2,366,10,0.3,0.3,13,3,-2.66847026559702,0.054
6,2,0.2,475,10,0.3,0.3,13,3,-3.29281877033219,0.054
6,2,0.2,30,10,0.3,0.3,13,3,-3.16005258809693,0.056
6,2,0.2,97,10,0.3,0.3,13,3,-3.48032292894243,0.056
6,2,0.2,142,10,0.3,0.3,13,3,-1.93449777888509,0.056
6,2,0.2,248,10,0.3,0.3,13,3,-1.94502432109013,0.056
6,2,0.2,270,10,0.3,0.3,13,3,-2.74462048157881,0.056
6,2,0.2,275,10,0.3,0.3,13,3,-2.91811863950534,0.056
6,2,0.2,291,10,0.3,0.3,13,3,-3.08693214975662,0.056
6,2,0.2,306,10,0.3,0.3,13,3,-2.35594532187787,0.056
6,2,0.2,375,10,0.3,0.3,13,3,-1.97892005533615,0.056
6,2,0.2,439,10,0.3,0.3,13,3,-1.90331402436388,0.056
6,2,0.2,10,10,0.3,0.3,13,3,-1.37479184775577,0.058
6,2,0.2,77,10,0.3,0.3,13,3,-2.7278682109677,0.058
6,2,0.2,91,10,0.3,0.3,13,3,-2.94378687705159,0.058
6,2,0.2,96,10,0.3,0.3,13,3,-2.31206907976488,0.058
6,2,0.2,189,10,0.3,0.3,13,3,-3.17438172609735,0.058
6,2,0.2,235,10,0.3,0.3,13,3,-2.59395070777194,0.058
6,2,0.2,262,10,0.3,0.3,13,3,-2.77394811345931,0.058
6,2,0.2,340,10,0.3,0.3,13,3,-3.27279026858096,0.058
6,2,0.2,395,10,0.3,0.3,13,3,-2.19239058498064,0.058
6,2,0.2,110,10,0.3,0.3,13,3,-3.16746407442787,0.06
6,2,0.2,150,10,0.3,0.3,13,3,-3.29532405089154,0.06
6,2,0.2,170,10,0.3,0.3,13,3,-2.38843637319641,0.06
6,2,0.2,413,10,0.3,0.3,13,3,-2.96487984299512,0.06
6,2,0.2,25,10,0.3,0.3,13,3,-2.9978358376687,0.062
6,2,0.2,72,10,0.3,0.3,13,3,-2.62486253741338,0.062
6,2,0.2,205,10,0.3,0.3,13,3,-2.64563512032973,0.062
6,2,0.2,212,10,0.3,0.3,13,3,-3.38082750579281,0.062
6,2,0.2,304,10,0.3,0.3,13,3,-2.12259844318828,0.062
6,2,0.2,305,10,0.3,0.3,13,3,-2.75966617956072,0.062
6,2,0.2,355,10,0.3,0.3,13,3,-3.58575262996706,0.062
6,2,0.2,57,10,0.3,0.3,13,3,-2.82863575689686,0.064
6,2,0.2,114,10,0.3,0.3,13,3,-2.58898379190219,0.064
6,2,0.2,161,10,0.3,0.3,13,3,-2.39476124730925,0.064
6,2,0.2,485,10,0.3,0.3,13,3,-2.59970678903198,0.064
6,2,0.2,85,10,0.3,0.3,13,3,-2.87274865032194,0.066
6,2,0.2,182,10,0.3,0.3,13,3,-3.0035700935108,0.066
6,2,0.2,276,10,0.3,0.3,13,3,-2.63344191013476,0.066
6,2,0.2,334,10,0.3,0.3,13,3,-2.63150793259862,0.066
6,2,0.2,335,10,0.3,0.3,13,3,-2.35412056803429,0.066
6,2,0.2,7,10,0.3,0.3,13,3,-2.60861409027558,0.068
6,2,0.2,28,10,0.3,0.3,13,3,-3.59058984970372,0.068
6,2,0.2,100,10,0.3,0.3,13,3,-2.59498810641134,0.068
6,2,0.2,317,10,0.3,0.3,13,3,-1.69905136144908,0.068
6,2,0.2,457,10,0.3,0.3,13,3,-2.35664885763276,0.068
6,2,0.2,15,10,0.3,0.3,13,3,-3.07769138400636,0.07
6,2,0.2,217,10,0.3,0.3,13,3,-2.88473914949444,0.07
6,2,0.2,369,10,0.3,0.3,13,3,-2.53539379920193,0.07
6,2,0.2,482,10,0.3,0.3,13,3,-2.85915290514197,0.07
6,2,0.2,84,10,0.3,0.3,13,3,-1.75140433104548,0.072
6,2,0.2,224,10,0.3,0.3,13,3,-2.39197083315341,0.072
6,2,0.2,394,10,0.3,0.3,13,3,-3.69680106654133,0.072
6,2,0.2,99,10,0.3,0.3,13,3,-2.2225101131593,0.074
6,2,0.2,346,10,0.3,0.3,13,3,-2.80856062544203,0.074
6,2,0.2,500,10,0.3,0.3,13,3,-3.11949054859562,0.074
6,2,0.2,411,10,0.3,0.3,13,3,-1.92497360311791,0.076
6,2,0.2,160,10,0.3,0.3,13,3,-2.80169741394315,0.078
6,2,0.2,286,10,0.3,0.3,13,3,-2.7572757806,0.078
6,2,0.2,301,10,0.3,0.3,13,3,-4.35680244435406,0.078
6,2,0.2,446,10,0.3,0.3,13,3,-2.7541990715043,0.08
6,2,0.2,22,10,0.3,0.3,13,3,-1.33885011881347,0.082
6,2,0.2,325,10,0.3,0.3,13,3,-2.13580322803628,0.086
6,2,0.2,342,10,0.3,0.3,13,3,-2.48384394006746,0.088
6,2,0.2,92,10,0.3,0.3,13,3,-2.43296283644401,0.09
6,2,0.2,204,10,0.3,0.3,13,3,-1.79549784019108,0.122
6,2,0.2,14,10,0.3,0.3,14,3,-3.89740238306945,0
6,2,0.2,24,10,0.3,0.3,14,3,-3.97151700837861,0
6,2,0.2,28,10,0.3,0.3,14,3,-2.33421303643254,0
6,2,0.2,36,10,0.3,0.3,14,3,-3.33646734587339,0
6,2,0.2,42,10,0.3,0.3,14,3,-4.08593743203554,0
6,2,0.2,58,10,0.3,0.3,14,3,-3.37029783312818,0
6,2,0.2,75,10,0.3,0.3,14,3,-3.87479256700425,0
6,2,0.2,118,10,0.3,0.3,14,3,-3.57215985918327,0
6,2,0.2,128,10,0.3,0.3,14,3,-3.41258331759536,0
6,2,0.2,149,10,0.3,0.3,14,3,-3.45727361195361,0
6,2,0.2,196,10,0.3,0.3,14,3,-3.2115442982317,0
6,2,0.2,229,10,0.3,0.3,14,3,-3.38866584513514,0
6,2,0.2,254,10,0.3,0.3,14,3,-3.54029293045699,0
6,2,0.2,256,10,0.3,0.3,14,3,-2.87292200663356,0
6,2,0.2,276,10,0.3,0.3,14,3,-3.12850486831508,0
6,2,0.2,294,10,0.3,0.3,14,3,-3.51885829927932,0
6,2,0.2,299,10,0.3,0.3,14,3,-3.27134027768784,0
6,2,0.2,324,10,0.3,0.3,14,3,-3.79869910730631,0
6,2,0.2,328,10,0.3,0.3,14,3,-2.39448296915171,0
6,2,0.2,344,10,0.3,0.3,14,3,-3.01905427045011,0
6,2,0.2,364,10,0.3,0.3,14,3,-2.19126667156661,0
6,2,0.2,369,10,0.3,0.3,14,3,-4.30669966986159,0
6,2,0.2,381,10,0.3,0.3,14,3,-3.31936106399613,0
6,2,0.2,394,10,0.3,0.3,14,3,-3.83260712695335,0
6,2,0.2,417,10,0.3,0.3,14,3,-2.44202040984953,0
6,2,0.2,420,10,0.3,0.3,14,3,-2.35722240043262,0
6,2,0.2,423,10,0.3,0.3,14,3,-3.28472352282589,0
6,2,0.2,450,10,0.3,0.3,14,3,-3.24384399192235,0
6,2,0.2,492,10,0.3,0.3,14,3,-3.47889984541902,0
6,2,0.2,19,10,0.3,0.3,14,3,-2.35665785716353,0.002
6,2,0.2,26,10,0.3,0.3,14,3,-3.29002809433362,0.002
6,2,0.2,54,10,0.3,0.3,14,3,-3.12627543075141,0.002
6,2,0.2,92,10,0.3,0.3,14,3,-3.92502614559859,0.002
6,2,0.2,135,10,0.3,0.3,14,3,-3.73270408220012,0.002
6,2,0.2,157,10,0.3,0.3,14,3,-2.69650894493182,0.002
6,2,0.2,197,10,0.3,0.3,14,3,-3.7092049521834,0.002
6,2,0.2,228,10,0.3,0.3,14,3,-3.07698038386357,0.002
6,2,0.2,231,10,0.3,0.3,14,3,-2.44453570536419,0.002
6,2,0.2,246,10,0.3,0.3,14,3,-3.04224988448365,0.002
6,2,0.2,247,10,0.3,0.3,14,3,-3.3001689869001,0.002
6,2,0.2,264,10,0.3,0.3,14,3,-3.02363663850508,0.002
6,2,0.2,267,10,0.3,0.3,14,3,-3.03709386617663,0.002
6,2,0.2,268,10,0.3,0.3,14,3,-2.96059332933876,0.002
6,2,0.2,274,10,0.3,0.3,14,3,-3.10767424389621,0.002
6,2,0.2,288,10,0.3,0.3,14,3,-3.60039285405307,0.002
6,2,0.2,320,10,0.3,0.3,14,3,-3.55198632140883,0.002
6,2,0.2,332,10,0.3,0.3,14,3,-3.78459430761029,0.002
6,2,0.2,342,10,0.3,0.3,14,3,-2.94818999174456,0.002
6,2,0.2,437,10,0.3,0.3,14,3,-3.21541304363902,0.002
6,2,0.2,441,10,0.3,0.3,14,3,-3.03578029899518,0.002
6,2,0.2,455,10,0.3,0.3,14,3,-3.62217489451683,0.002
6,2,0.2,481,10,0.3,0.3,14,3,-3.47904054507205,0.002
6,2,0.2,488,10,0.3,0.3,14,3,-2.77831775014704,0.002
6,2,0.2,490,10,0.3,0.3,14,3,-4.34090858281786,0.002
6,2,0.2,23,10,0.3,0.3,14,3,-2.97915260470504,0.004
6,2,0.2,30,10,0.3,0.3,14,3,-2.25355811541652,0.004
6,2,0.2,34,10,0.3,0.3,14,3,-2.97396782090797,0.004
6,2,0.2,38,10,0.3,0.3,14,3,-2.56245022520483,0.004
6,2,0.2,108,10,0.3,0.3,14,3,-2.89853692130481,0.004
6,2,0.2,125,10,0.3,0.3,14,3,-2.80423167432537,0.004
6,2,0.2,205,10,0.3,0.3,14,3,-3.70696139126144,0.004
6,2,0.2,209,10,0.3,0.3,14,3,-2.90348971660057,0.004
6,2,0.2,216,10,0.3,0.3,14,3,-2.35277806275775,0.004
6,2,0.2,219,10,0.3,0.3,14,3,-3.58951820132114,0.004
6,2,0.2,236,10,0.3,0.3,14,3,-2.82693062900378,0.004
6,2,0.2,248,10,0.3,0.3,14,3,-2.1895277132804,0.004
6,2,0.2,259,10,0.3,0.3,14,3,-2.57228229651525,0.004
6,2,0.2,261,10,0.3,0.3,14,3,-2.84428107787255,0.004
6,2,0.2,271,10,0.3,0.3,14,3,-3.67816728455813,0.004
6,2,0.2,278,10,0.3,0.3,14,3,-2.42972219723075,0.004
6,2,0.2,285,10,0.3,0.3,14,3,-3.55953504723482,0.004
6,2,0.2,297,10,0.3,0.3,14,3,-3.19968245784881,0.004
6,2,0.2,309,10,0.3,0.3,14,3,-3.54608568720431,0.004
6,2,0.2,314,10,0.3,0.3,14,3,-3.32705695200212,0.004
6,2,0.2,361,10,0.3,0.3,14,3,-2.76310799449743,0.004
6,2,0.2,387,10,0.3,0.3,14,3,-3.14920978931869,0.004
6,2,0.2,402,10,0.3,0.3,14,3,-3.16871496782753,0.004
6,2,0.2,432,10,0.3,0.3,14,3,-2.99731462870136,0.004
6,2,0.2,433,10,0.3,0.3,14,3,-3.6879442738859,0.004
6,2,0.2,452,10,0.3,0.3,14,3,-3.45144973998472,0.004
6,2,0.2,454,10,0.3,0.3,14,3,-2.60674402003056,0.004
6,2,0.2,456,10,0.3,0.3,14,3,-3.12529349414882,0.004
6,2,0.2,468,10,0.3,0.3,14,3,-2.63765527927487,0.004
6,2,0.2,469,10,0.3,0.3,14,3,-3.73889064117179,0.004
6,2,0.2,487,10,0.3,0.3,14,3,-3.14677132083088,0.004
6,2,0.2,491,10,0.3,0.3,14,3,-3.48934978580905,0.004
6,2,0.2,493,10,0.3,0.3,14,3,-3.53644602880254,0.004
6,2,0.2,498,10,0.3,0.3,14,3,-3.02786638475186,0.004
6,2,0.2,8,10,0.3,0.3,14,3,-2.60940405606806,0.006
6,2,0.2,31,10,0.3,0.3,14,3,-3.28198135143799,0.006
6,2,0.2,40,10,0.3,0.3,14,3,-3.45548844149877,0.006
6,2,0.2,65,10,0.3,0.3,14,3,-3.34589712557093,0.006
6,2,0.2,74,10,0.3,0.3,14,3,-3.33588540352665,0.006
6,2,0.2,77,10,0.3,0.3,14,3,-3.63999012209027,0.006
6,2,0.2,96,10,0.3,0.3,14,3,-3.6684154658592,0.006
6,2,0.2,112,10,0.3,0.3,14,3,-3.57738194607447,0.006
6,2,0.2,127,10,0.3,0.3,14,3,-3.0655444761644,0.006
6,2,0.2,130,10,0.3,0.3,14,3,-2.07298948329196,0.006
6,2,0.2,133,10,0.3,0.3,14,3,-2.37754653934888,0.006
6,2,0.2,168,10,0.3,0.3,14,3,-3.32477403703894,0.006
6,2,0.2,169,10,0.3,0.3,14,3,-2.19442622713336,0.006
6,2,0.2,179,10,0.3,0.3,14,3,-2.52877314490178,0.006
6,2,0.2,190,10,0.3,0.3,14,3,-3.53997415101909,0.006
6,2,0.2,210,10,0.3,0.3,14,3,-3.33197764374273,0.006
6,2,0.2,215,10,0.3,0.3,14,3,-2.89169708504045,0.006
6,2,0.2,234,10,0.3,0.3,14,3,-3.06422810631022,0.006
6,2,0.2,242,10,0.3,0.3,14,3,-3.24765265228598,0.006
6,2,0.2,286,10,0.3,0.3,14,3,-3.25246280062123,0.006
6,2,0.2,315,10,0.3,0.3,14,3,-3.08916205150891,0.006
6,2,0.2,351,10,0.3,0.3,14,3,-3.41520636864908,0.006
6,2,0.2,353,10,0.3,0.3,14,3,-3.11262171593276,0.006
6,2,0.2,358,10,0.3,0.3,14,3,-3.57229848724066,0.006
6,2,0.2,362,10,0.3,0.3,14,3,-3.2446656678386,0.006
6,2,0.2,388,10,0.3,0.3,14,3,-3.97037842561292,0.006
6,2,0.2,390,10,0.3,0.3,14,3,-3.29372559887494,0.006
6,2,0.2,401,10,0.3,0.3,14,3,-3.22010009737537,0.006
6,2,0.2,406,10,0.3,0.3,14,3,-2.3551356435994,0.006
6,2,0.2,414,10,0.3,0.3,14,3,-2.19451005068379,0.006
6,2,0.2,416,10,0.3,0.3,14,3,-2.19351820184411,0.006
6,2,0.2,436,10,0.3,0.3,14,3,-3.78632481085583,0.006
6,2,0.2,448,10,0.3,0.3,14,3,-3.46565883015822,0.006
6,2,0.2,459,10,0.3,0.3,14,3,-3.56083410362666,0.006
6,2,0.2,461,10,0.3,0.3,14,3,-3.48782469756867,0.006
6,2,0.2,465,10,0.3,0.3,14,3,-3.10922269053407,0.006
6,2,0.2,467,10,0.3,0.3,14,3,-2.52593165568021,0.006
6,2,0.2,477,10,0.3,0.3,14,3,-1.97320153472981,0.006
6,2,0.2,5,10,0.3,0.3,14,3,-3.39439515893687,0.008
6,2,0.2,10,10,0.3,0.3,14,3,-2.97534770067205,0.008
6,2,0.2,43,10,0.3,0.3,14,3,-3.53854159280351,0.008
6,2,0.2,63,10,0.3,0.3,14,3,-3.64654184633267,0.008
6,2,0.2,68,10,0.3,0.3,14,3,-4.15810585296268,0.008
6,2,0.2,131,10,0.3,0.3,14,3,-3.09589959283352,0.008
6,2,0.2,139,10,0.3,0.3,14,3,-3.7269601174969,0.008
6,2,0.2,147,10,0.3,0.3,14,3,-2.02988976409614,0.008
6,2,0.2,154,10,0.3,0.3,14,3,-3.51825973836927,0.008
6,2,0.2,182,10,0.3,0.3,14,3,-3.39772845257335,0.008
6,2,0.2,186,10,0.3,0.3,14,3,-3.08741905092651,0.008
6,2,0.2,189,10,0.3,0.3,14,3,-2.92660827697989,0.008
6,2,0.2,220,10,0.3,0.3,14,3,-2.91700049795818,0.008
6,2,0.2,233,10,0.3,0.3,14,3,-3.17715560269687,0.008
6,2,0.2,258,10,0.3,0.3,14,3,-3.31246954038232,0.008
6,2,0.2,281,10,0.3,0.3,14,3,-2.58712810351147,0.008
6,2,0.2,282,10,0.3,0.3,14,3,-3.4317106864226,0.008
6,2,0.2,290,10,0.3,0.3,14,3,-2.39732340211921,0.008
6,2,0.2,305,10,0.3,0.3,14,3,-2.99115880449418,0.008
6,2,0.2,313,10,0.3,0.3,14,3,-2.60992191274352,0.008
6,2,0.2,325,10,0.3,0.3,14,3,-3.25764237703805,0.008
6,2,0.2,329,10,0.3,0.3,14,3,-3.48058791124316,0.008
6,2,0.2,339,10,0.3,0.3,14,3,-3.6961733794067,0.008
6,2,0.2,355,10,0.3,0.3,14,3,-3.54035412043959,0.008
6,2,0.2,399,10,0.3,0.3,14,3,-3.4743497138376,0.008
6,2,0.2,404,10,0.3,0.3,14,3,-3.91611003584518,0.008
6,2,0.2,419,10,0.3,0.3,14,3,-2.62740288352623,0.008
6,2,0.2,473,10,0.3,0.3,14,3,-3.1450589332234,0.008
6,2,0.2,497,10,0.3,0.3,14,3,-4.116792971905,0.008
6,2,0.2,1,10,0.3,0.3,14,3,-2.79687407250972,0.01
6,2,0.2,16,10,0.3,0.3,14,3,-3.00150004457751,0.01
6,2,0.2,46,10,0.3,0.3,14,3,-3.18109440210574,0.01
6,2,0.2,60,10,0.3,0.3,14,3,-3.50872348767476,0.01
6,2,0.2,73,10,0.3,0.3,14,3,-4.03268240871395,0.01
6,2,0.2,109,10,0.3,0.3,14,3,-4.18585367518801,0.01
6,2,0.2,142,10,0.3,0.3,14,3,-3.7967945423145,0.01
6,2,0.2,171,10,0.3,0.3,14,3,-3.91280034285549,0.01
6,2,0.2,180,10,0.3,0.3,14,3,-2.75400806383595,0.01
6,2,0.2,227,10,0.3,0.3,14,3,-3.27982001284695,0.01
6,2,0.2,262,10,0.3,0.3,14,3,-3.36499551019767,0.01
6,2,0.2,277,10,0.3,0.3,14,3,-3.13718290905086,0.01
6,2,0.2,295,10,0.3,0.3,14,3,-3.00949656667589,0.01
6,2,0.2,310,10,0.3,0.3,14,3,-2.6958826156837,0.01
6,2,0.2,348,10,0.3,0.3,14,3,-3.3261354558737,0.01
6,2,0.2,360,10,0.3,0.3,14,3,-3.03433574810512,0.01
6,2,0.2,363,10,0.3,0.3,14,3,-3.44037142272128,0.01
6,2,0.2,377,10,0.3,0.3,14,3,-1.99680588134746,0.01
6,2,0.2,424,10,0.3,0.3,14,3,-2.79679680031151,0.01
6,2,0.2,431,10,0.3,0.3,14,3,-3.4281116094983,0.01
6,2,0.2,445,10,0.3,0.3,14,3,-3.48372726872185,0.01
6,2,0.2,460,10,0.3,0.3,14,3,-2.83206171024577,0.01
6,2,0.2,474,10,0.3,0.3,14,3,-2.04317499663421,0.01
6,2,0.2,476,10,0.3,0.3,14,3,-2.79180129029291,0.01
6,2,0.2,48,10,0.3,0.3,14,3,-2.40242262059326,0.012
6,2,0.2,55,10,0.3,0.3,14,3,-3.49164747934017,0.012
6,2,0.2,70,10,0.3,0.3,14,3,-2.76021310747197,0.012
6,2,0.2,121,10,0.3,0.3,14,3,-3.2307633445119,0.012
6,2,0.2,136,10,0.3,0.3,14,3,-2.82250291643348,0.012
6,2,0.2,150,10,0.3,0.3,14,3,-3.11110540145262,0.012
6,2,0.2,156,10,0.3,0.3,14,3,-2.64048795443773,0.012
6,2,0.2,170,10,0.3,0.3,14,3,-2.68715593027849,0.012
6,2,0.2,225,10,0.3,0.3,14,3,-3.05716248749994,0.012
6,2,0.2,345,10,0.3,0.3,14,3,-3.33605740080679,0.012
6,2,0.2,413,10,0.3,0.3,14,3,-3.0897775686671,0.012
6,2,0.2,415,10,0.3,0.3,14,3,-2.92334826150594,0.012
6,2,0.2,484,10,0.3,0.3,14,3,-3.70702917384742,0.012
6,2,0.2,499,10,0.3,0.3,14,3,-2.40448469395386,0.012
6,2,0.2,17,10,0.3,0.3,14,3,-2.87714105748387,0.014
6,2,0.2,80,10,0.3,0.3,14,3,-3.51964040148758,0.014
6,2,0.2,93,10,0.3,0.3,14,3,-2.30000433023926,0.014
6,2,0.2,122,10,0.3,0.3,14,3,-3.32398547475742,0.014
6,2,0.2,123,10,0.3,0.3,14,3,-3.31705588995229,0.014
6,2,0.2,152,10,0.3,0.3,14,3,-2.72752819257852,0.014
6,2,0.2,153,10,0.3,0.3,14,3,-1.64361921318667,0.014
6,2,0.2,162,10,0.3,0.3,14,3,-2.91335573116888,0.014
6,2,0.2,177,10,0.3,0.3,14,3,-3.36516892816232,0.014
6,2,0.2,188,10,0.3,0.3,14,3,-3.73661974373093,0.014
6,2,0.2,202,10,0.3,0.3,14,3,-2.70713297553593,0.014
6,2,0.2,222,10,0.3,0.3,14,3,-3.47778556254252,0.014
6,2,0.2,272,10,0.3,0.3,14,3,-3.37063331844655,0.014
6,2,0.2,284,10,0.3,0.3,14,3,-2.51483271698746,0.014
6,2,0.2,291,10,0.3,0.3,14,3,-2.70358161296502,0.014
6,2,0.2,335,10,0.3,0.3,14,3,-3.40072053705467,0.014
6,2,0.2,385,10,0.3,0.3,14,3,-4.13351901496407,0.014
6,2,0.2,395,10,0.3,0.3,14,3,-2.04312073095059,0.014
6,2,0.2,398,10,0.3,0.3,14,3,-3.29606762363451,0.014
6,2,0.2,408,10,0.3,0.3,14,3,-3.03091440261323,0.014
6,2,0.2,442,10,0.3,0.3,14,3,-3.62113746495567,0.014
6,2,0.2,458,10,0.3,0.3,14,3,-2.72597430989168,0.014
6,2,0.2,6,10,0.3,0.3,14,3,-3.63834927958993,0.016
6,2,0.2,100,10,0.3,0.3,14,3,-2.90509799186668,0.016
6,2,0.2,115,10,0.3,0.3,14,3,-2.80593032186081,0.016
6,2,0.2,141,10,0.3,0.3,14,3,-3.74348745024875,0.016
6,2,0.2,144,10,0.3,0.3,14,3,-3.27343990338932,0.016
6,2,0.2,199,10,0.3,0.3,14,3,-2.05890227355977,0.016
6,2,0.2,200,10,0.3,0.3,14,3,-3.51764737372852,0.016
6,2,0.2,214,10,0.3,0.3,14,3,-3.12473785262208,0.016
6,2,0.2,226,10,0.3,0.3,14,3,-2.77681983243747,0.016
6,2,0.2,244,10,0.3,0.3,14,3,-2.55536046480049,0.016
6,2,0.2,270,10,0.3,0.3,14,3,-3.8853582774239,0.016
6,2,0.2,311,10,0.3,0.3,14,3,-3.46357701719606,0.016
6,2,0.2,334,10,0.3,0.3,14,3,-2.77847814260127,0.016
6,2,0.2,370,10,0.3,0.3,14,3,-2.69104231455299,0.016
6,2,0.2,380,10,0.3,0.3,14,3,-3.35436762585294,0.016
6,2,0.2,400,10,0.3,0.3,14,3,-3.30465129050583,0.016
6,2,0.2,410,10,0.3,0.3,14,3,-2.19777592936828,0.016
6,2,0.2,426,10,0.3,0.3,14,3,-2.71804843529938,0.016
6,2,0.2,470,10,0.3,0.3,14,3,-2.83121137791838,0.016
6,2,0.2,496,10,0.3,0.3,14,3,-3.21150690040983,0.016
6,2,0.2,15,10,0.3,0.3,14,3,-3.37137325683051,0.018
6,2,0.2,35,10,0.3,0.3,14,3,-2.34037116389891,0.018
6,2,0.2,37,10,0.3,0.3,14,3,-4.17990731931877,0.018
6,2,0.2,61,10,0.3,0.3,14,3,-3.5549404244191,0.018
6,2,0.2,172,10,0.3,0.3,14,3,-2.39655432843344,0.018
6,2,0.2,185,10,0.3,0.3,14,3,-2.28177965983454,0.018
6,2,0.2,326,10,0.3,0.3,14,3,-1.79834863967511,0.018
6,2,0.2,337,10,0.3,0.3,14,3,-3.30401812208615,0.018
6,2,0.2,338,10,0.3,0.3,14,3,-2.2872641269758,0.018
6,2,0.2,346,10,0.3,0.3,14,3,-3.20335341579002,0.018
6,2,0.2,376,10,0.3,0.3,14,3,-3.59478674213358,0.018
6,2,0.2,435,10,0.3,0.3,14,3,-2.99699900859159,0.018
6,2,0.2,462,10,0.3,0.3,14,3,-4.11963791617339,0.018
6,2,0.2,478,10,0.3,0.3,14,3,-2.76065872939864,0.018
6,2,0.2,483,10,0.3,0.3,14,3,-3.50299366106799,0.018
6,2,0.2,500,10,0.3,0.3,14,3,-3.01986385555787,0.018
6,2,0.2,49,10,0.3,0.3,14,3,-2.95691118510757,0.02
6,2,0.2,85,10,0.3,0.3,14,3,-2.88546543691913,0.02
6,2,0.2,89,10,0.3,0.3,14,3,-2.3888844056757,0.02
6,2,0.2,101,10,0.3,0.3,14,3,-2.95246344709176,0.02
6,2,0.2,119,10,0.3,0.3,14,3,-2.46881730159095,0.02
6,2,0.2,120,10,0.3,0.3,14,3,-2.43884722111216,0.02
6,2,0.2,145,10,0.3,0.3,14,3,-3.03700393815063,0.02
6,2,0.2,183,10,0.3,0.3,14,3,-2.63831720697729,0.02
6,2,0.2,241,10,0.3,0.3,14,3,-2.65848079973773,0.02
6,2,0.2,266,10,0.3,0.3,14,3,-2.87358910919232,0.02
6,2,0.2,316,10,0.3,0.3,14,3,-2.83995802920614,0.02
6,2,0.2,333,10,0.3,0.3,14,3,-4.03645649084172,0.02
6,2,0.2,336,10,0.3,0.3,14,3,-2.67155913994966,0.02
6,2,0.2,356,10,0.3,0.3,14,3,-2.88855798587571,0.02
6,2,0.2,389,10,0.3,0.3,14,3,-3.04695933677598,0.02
6,2,0.2,391,10,0.3,0.3,14,3,-3.55794098142695,0.02
6,2,0.2,409,10,0.3,0.3,14,3,-3.18396833277333,0.02
6,2,0.2,463,10,0.3,0.3,14,3,-2.69567821248134,0.02
6,2,0.2,479,10,0.3,0.3,14,3,-2.50109643168781,0.02
6,2,0.2,482,10,0.3,0.3,14,3,-2.55578504294198,0.02
6,2,0.2,94,10,0.3,0.3,14,3,-2.49161650332533,0.022
6,2,0.2,95,10,0.3,0.3,14,3,-3.26226866281786,0.022
6,2,0.2,105,10,0.3,0.3,14,3,-2.37587399938707,0.022
6,2,0.2,129,10,0.3,0.3,14,3,-3.42065257065661,0.022
6,2,0.2,201,10,0.3,0.3,14,3,-3.26855097948672,0.022
6,2,0.2,211,10,0.3,0.3,14,3,-3.17544317362814,0.022
6,2,0.2,249,10,0.3,0.3,14,3,-3.50936647835485,0.022
6,2,0.2,357,10,0.3,0.3,14,3,-3.58103613631357,0.022
6,2,0.2,373,10,0.3,0.3,14,3,-3.32514585801954,0.022
6,2,0.2,393,10,0.3,0.3,14,3,-3.72841024947704,0.022
6,2,0.2,405,10,0.3,0.3,14,3,-2.69581529913998,0.022
6,2,0.2,472,10,0.3,0.3,14,3,-3.0102514732304,0.022
6,2,0.2,485,10,0.3,0.3,14,3,-3.36369576624284,0.022
6,2,0.2,486,10,0.3,0.3,14,3,-2.90282492032196,0.022
6,2,0.2,2,10,0.3,0.3,14,3,-3.3743844651037,0.024
6,2,0.2,21,10,0.3,0.3,14,3,-3.25600680652033,0.024
6,2,0.2,45,10,0.3,0.3,14,3,-2.53243072923109,0.024
6,2,0.2,107,10,0.3,0.3,14,3,-2.26224716693173,0.024
6,2,0.2,110,10,0.3,0.3,14,3,-3.11166435625171,0.024
6,2,0.2,137,10,0.3,0.3,14,3,-2.8987502315382,0.024
6,2,0.2,165,10,0.3,0.3,14,3,-3.32285476646061,0.024
6,2,0.2,166,10,0.3,0.3,14,3,-3.10495864078814,0.024
6,2,0.2,181,10,0.3,0.3,14,3,-2.51281056196578,0.024
6,2,0.2,191,10,0.3,0.3,14,3,-2.35234980497472,0.024
6,2,0.2,192,10,0.3,0.3,14,3,-3.64835261894584,0.024
6,2,0.2,212,10,0.3,0.3,14,3,-3.35320960928772,0.024
6,2,0.2,224,10,0.3,0.3,14,3,-4.0501403797297,0.024
6,2,0.2,238,10,0.3,0.3,14,3,-2.07781868379729,0.024
6,2,0.2,253,10,0.3,0.3,14,3,-2.3669605518495,0.024
6,2,0.2,269,10,0.3,0.3,14,3,-2.69277017832943,0.024
6,2,0.2,293,10,0.3,0.3,14,3,-3.63323345836889,0.024
6,2,0.2,384,10,0.3,0.3,14,3,-2.83658211322199,0.024
6,2,0.2,27,10,0.3,0.3,14,3,-2.38387072762211,0.026
6,2,0.2,81,10,0.3,0.3,14,3,-3.90526577789757,0.026
6,2,0.2,113,10,0.3,0.3,14,3,-3.87738046495184,0.026
6,2,0.2,116,10,0.3,0.3,14,3,-2.89412363756452,0.026
6,2,0.2,203,10,0.3,0.3,14,3,-2.82383723953765,0.026
6,2,0.2,223,10,0.3,0.3,14,3,-3.54633659850674,0.026
6,2,0.2,275,10,0.3,0.3,14,3,-2.74866132647227,0.026
6,2,0.2,340,10,0.3,0.3,14,3,-2.51373676571961,0.026
6,2,0.2,403,10,0.3,0.3,14,3,-2.47996464504914,0.026
6,2,0.2,421,10,0.3,0.3,14,3,-3.12207193818807,0.026
6,2,0.2,429,10,0.3,0.3,14,3,-3.18062831490951,0.026
6,2,0.2,438,10,0.3,0.3,14,3,-2.12674972397429,0.026
6,2,0.2,475,10,0.3,0.3,14,3,-2.77932239495505,0.026
6,2,0.2,489,10,0.3,0.3,14,3,-2.08560465555195,0.026
6,2,0.2,9,10,0.3,0.3,14,3,-2.12237305361111,0.028
6,2,0.2,71,10,0.3,0.3,14,3,-2.76969703384992,0.028
6,2,0.2,87,10,0.3,0.3,14,3,-3.12092161280438,0.028
6,2,0.2,104,10,0.3,0.3,14,3,-3.35708939554519,0.028
6,2,0.2,146,10,0.3,0.3,14,3,-2.8842959793264,0.028
6,2,0.2,163,10,0.3,0.3,14,3,-2.15354390987548,0.028
6,2,0.2,195,10,0.3,0.3,14,3,-2.4228805427137,0.028
6,2,0.2,255,10,0.3,0.3,14,3,-3.16548362043613,0.028
6,2,0.2,265,10,0.3,0.3,14,3,-2.74231508354998,0.028
6,2,0.2,354,10,0.3,0.3,14,3,-2.89867025431406,0.028
6,2,0.2,386,10,0.3,0.3,14,3,-3.30404645152188,0.028
6,2,0.2,11,10,0.3,0.3,14,3,-2.39103800649315,0.03
6,2,0.2,13,10,0.3,0.3,14,3,-3.38871843095103,0.03
6,2,0.2,25,10,0.3,0.3,14,3,-2.60672740850498,0.03
6,2,0.2,39,10,0.3,0.3,14,3,-3.0881641890183,0.03
6,2,0.2,111,10,0.3,0.3,14,3,-3.83295473248981,0.03
6,2,0.2,204,10,0.3,0.3,14,3,-2.11389538414826,0.03
6,2,0.2,213,10,0.3,0.3,14,3,-2.61486466009126,0.03
6,2,0.2,303,10,0.3,0.3,14,3,-3.73630042625081,0.03
6,2,0.2,308,10,0.3,0.3,14,3,-2.88513915214537,0.03
6,2,0.2,372,10,0.3,0.3,14,3,-3.55066161155943,0.03
6,2,0.2,375,10,0.3,0.3,14,3,-2.82228449711522,0.03
6,2,0.2,20,10,0.3,0.3,14,3,-2.44716784510007,0.032
6,2,0.2,41,10,0.3,0.3,14,3,-2.67919332364062,0.032
6,2,0.2,84,10,0.3,0.3,14,3,-2.54074781450581,0.032
6,2,0.2,143,10,0.3,0.3,14,3,-2.78892236166422,0.032
6,2,0.2,187,10,0.3,0.3,14,3,-3.59948617386951,0.032
6,2,0.2,230,10,0.3,0.3,14,3,-2.65296655575852,0.032
6,2,0.2,245,10,0.3,0.3,14,3,-2.5621452197768,0.032
6,2,0.2,371,10,0.3,0.3,14,3,-3.43238961381985,0.032
6,2,0.2,396,10,0.3,0.3,14,3,-3.28801498580484,0.032
6,2,0.2,495,10,0.3,0.3,14,3,-2.53962938622749,0.032
6,2,0.2,102,10,0.3,0.3,14,3,-2.86058825253667,0.034
6,2,0.2,158,10,0.3,0.3,14,3,-2.79272357638931,0.034
6,2,0.2,193,10,0.3,0.3,14,3,-3.47695073757112,0.034
6,2,0.2,312,10,0.3,0.3,14,3,-3.38173465165755,0.034
6,2,0.2,317,10,0.3,0.3,14,3,-3.340711110451,0.034
6,2,0.2,427,10,0.3,0.3,14,3,-3.23337246570159,0.034
6,2,0.2,439,10,0.3,0.3,14,3,-3.75410872319128,0.034
6,2,0.2,178,10,0.3,0.3,14,3,-2.82737606774108,0.036
6,2,0.2,237,10,0.3,0.3,14,3,-2.41352416880065,0.036
6,2,0.2,302,10,0.3,0.3,14,3,-3.09310707926883,0.036
6,2,0.2,331,10,0.3,0.3,14,3,-2.6491694757967,0.036
6,2,0.2,379,10,0.3,0.3,14,3,-3.11266515589182,0.036
6,2,0.2,425,10,0.3,0.3,14,3,-3.49451270420121,0.036
6,2,0.2,440,10,0.3,0.3,14,3,-2.98982750839176,0.036
6,2,0.2,56,10,0.3,0.3,14,3,-3.66290961279557,0.038
6,2,0.2,67,10,0.3,0.3,14,3,-3.16192131532065,0.038
6,2,0.2,79,10,0.3,0.3,14,3,-3.4055191161267,0.038
6,2,0.2,124,10,0.3,0.3,14,3,-3.14905783049613,0.038
6,2,0.2,167,10,0.3,0.3,14,3,-2.4351789225959,0.038
6,2,0.2,240,10,0.3,0.3,14,3,-3.13597158867296,0.038
6,2,0.2,283,10,0.3,0.3,14,3,-2.36514477220788,0.038
6,2,0.2,289,10,0.3,0.3,14,3,-3.16799771866363,0.038
6,2,0.2,378,10,0.3,0.3,14,3,-3.24074171958597,0.038
6,2,0.2,434,10,0.3,0.3,14,3,-2.61962654764153,0.038
6,2,0.2,29,10,0.3,0.3,14,3,-2.81709764726716,0.04
6,2,0.2,44,10,0.3,0.3,14,3,-2.27438888155098,0.04
6,2,0.2,64,10,0.3,0.3,14,3,-2.52651215510937,0.04
6,2,0.2,117,10,0.3,0.3,14,3,-2.46628480098576,0.04
6,2,0.2,160,10,0.3,0.3,14,3,-2.189146030828,0.04
6,2,0.2,176,10,0.3,0.3,14,3,-4.1028717738879,0.04
6,2,0.2,252,10,0.3,0.3,14,3,-2.9967476843421,0.04
6,2,0.2,443,10,0.3,0.3,14,3,-2.72993329189714,0.04
6,2,0.2,32,10,0.3,0.3,14,3,-3.64476322922093,0.042
6,2,0.2,52,10,0.3,0.3,14,3,-3.45298228959967,0.042
6,2,0.2,78,10,0.3,0.3,14,3,-3.24630502308253,0.042
6,2,0.2,148,10,0.3,0.3,14,3,-2.61970494475599,0.042
6,2,0.2,279,10,0.3,0.3,14,3,-3.06612074485864,0.042
6,2,0.2,322,10,0.3,0.3,14,3,-3.69082644545583,0.042
6,2,0.2,343,10,0.3,0.3,14,3,-3.84463382952106,0.042
6,2,0.2,365,10,0.3,0.3,14,3,-3.33705464892691,0.042
6,2,0.2,383,10,0.3,0.3,14,3,-2.1131121205315,0.042
6,2,0.2,480,10,0.3,0.3,14,3,-2.76641062529873,0.042
6,2,0.2,50,10,0.3,0.3,14,3,-2.09418731321705,0.044
6,2,0.2,72,10,0.3,0.3,14,3,-4.28869103443984,0.044
6,2,0.2,132,10,0.3,0.3,14,3,-3.35394988944628,0.044
6,2,0.2,140,10,0.3,0.3,14,3,-2.48278372823975,0.044
6,2,0.2,300,10,0.3,0.3,14,3,-2.72759312626445,0.044
6,2,0.2,301,10,0.3,0.3,14,3,-2.78052709484788,0.044
6,2,0.2,327,10,0.3,0.3,14,3,-2.28991647451912,0.044
6,2,0.2,466,10,0.3,0.3,14,3,-3.57944866945732,0.044
6,2,0.2,103,10,0.3,0.3,14,3,-2.59148085135109,0.046
6,2,0.2,161,10,0.3,0.3,14,3,-2.58570085993063,0.046
6,2,0.2,175,10,0.3,0.3,14,3,-2.68960340667454,0.046
6,2,0.2,218,10,0.3,0.3,14,3,-3.40906969632792,0.046
6,2,0.2,321,10,0.3,0.3,14,3,-2.73474517264191,0.046
6,2,0.2,382,10,0.3,0.3,14,3,-2.73374161233579,0.046
6,2,0.2,447,10,0.3,0.3,14,3,-2.01816587290418,0.046
6,2,0.2,51,10,0.3,0.3,14,3,-2.97423110908355,0.048
6,2,0.2,57,10,0.3,0.3,14,3,-2.47216497195566,0.048
6,2,0.2,86,10,0.3,0.3,14,3,-3.72185029237187,0.048
6,2,0.2,194,10,0.3,0.3,14,3,-2.37252196790172,0.048
6,2,0.2,235,10,0.3,0.3,14,3,-3.76552353078813,0.048
6,2,0.2,239,10,0.3,0.3,14,3,-2.56701422484343,0.048
6,2,0.2,263,10,0.3,0.3,14,3,-2.22143842833748,0.048
6,2,0.2,296,10,0.3,0.3,14,3,-3.30686181090937,0.048
6,2,0.2,428,10,0.3,0.3,14,3,-2.71048834029313,0.048
6,2,0.2,494,10,0.3,0.3,14,3,-3.35819812444888,0.048
6,2,0.2,7,10,0.3,0.3,14,3,-2.55347939449507,0.05
6,2,0.2,12,10,0.3,0.3,14,3,-3.44409903767067,0.05
6,2,0.2,53,10,0.3,0.3,14,3,-1.86146739161731,0.05
6,2,0.2,82,10,0.3,0.3,14,3,-2.87166108999401,0.05
6,2,0.2,198,10,0.3,0.3,14,3,-2.60103367038363,0.05
6,2,0.2,292,10,0.3,0.3,14,3,-1.96555998669109,0.05
6,2,0.2,352,10,0.3,0.3,14,3,-3.56266015739322,0.05
6,2,0.2,451,10,0.3,0.3,14,3,-2.86520052202448,0.05
6,2,0.2,76,10,0.3,0.3,14,3,-3.33814193719178,0.052
6,2,0.2,88,10,0.3,0.3,14,3,-2.83908201033725,0.052
6,2,0.2,207,10,0.3,0.3,14,3,-1.58608879222365,0.052
6,2,0.2,280,10,0.3,0.3,14,3,-3.07967817059625,0.052
6,2,0.2,319,10,0.3,0.3,14,3,-3.14409673912954,0.052
6,2,0.2,359,10,0.3,0.3,14,3,-2.27519978129396,0.052
6,2,0.2,444,10,0.3,0.3,14,3,-3.11069772647062,0.052
6,2,0.2,457,10,0.3,0.3,14,3,-2.46297728262709,0.052
6,2,0.2,4,10,0.3,0.3,14,3,-3.21989740772869,0.054
6,2,0.2,66,10,0.3,0.3,14,3,-2.46339705089565,0.054
6,2,0.2,83,10,0.3,0.3,14,3,-3.32486833205451,0.054
6,2,0.2,106,10,0.3,0.3,14,3,-3.48890093024161,0.054
6,2,0.2,114,10,0.3,0.3,14,3,-2.28423076978197,0.054
6,2,0.2,243,10,0.3,0.3,14,3,-2.17105846786785,0.054
6,2,0.2,350,10,0.3,0.3,14,3,-2.39877086365729,0.054
6,2,0.2,412,10,0.3,0.3,14,3,-1.81982876412428,0.054
6,2,0.2,62,10,0.3,0.3,14,3,-3.18259791345804,0.056
6,2,0.2,97,10,0.3,0.3,14,3,-2.59570469253885,0.056
6,2,0.2,174,10,0.3,0.3,14,3,-2.50744346174369,0.056
6,2,0.2,260,10,0.3,0.3,14,3,-2.93200524429247,0.056
6,2,0.2,287,10,0.3,0.3,14,3,-3.37631038850608,0.056
6,2,0.2,298,10,0.3,0.3,14,3,-3.30921277194832,0.056
6,2,0.2,307,10,0.3,0.3,14,3,-2.05902918235185,0.056
6,2,0.2,330,10,0.3,0.3,14,3,-2.67026512226559,0.056
6,2,0.2,368,10,0.3,0.3,14,3,-2.93467339779821,0.056
6,2,0.2,155,10,0.3,0.3,14,3,-3.15814651371923,0.058
6,2,0.2,273,10,0.3,0.3,14,3,-2.6530920899346,0.058
6,2,0.2,374,10,0.3,0.3,14,3,-3.48765099145874,0.058
6,2,0.2,392,10,0.3,0.3,14,3,-3.73790251768375,0.058
6,2,0.2,411,10,0.3,0.3,14,3,-2.80586153138506,0.058
6,2,0.2,471,10,0.3,0.3,14,3,-2.62089749604121,0.058
6,2,0.2,33,10,0.3,0.3,14,3,-2.89217753183226,0.06
6,2,0.2,91,10,0.3,0.3,14,3,-2.79755565933843,0.06
6,2,0.2,221,10,0.3,0.3,14,3,-2.08398353592892,0.06
6,2,0.2,422,10,0.3,0.3,14,3,-2.67324780304872,0.06
6,2,0.2,446,10,0.3,0.3,14,3,-2.7486135719825,0.06
6,2,0.2,90,10,0.3,0.3,14,3,-3.05731162813348,0.062
6,2,0.2,98,10,0.3,0.3,14,3,-2.97528612214211,0.062
6,2,0.2,134,10,0.3,0.3,14,3,-1.9741955191715,0.062
6,2,0.2,206,10,0.3,0.3,14,3,-2.37198687342851,0.062
6,2,0.2,208,10,0.3,0.3,14,3,-2.73301822199093,0.062
6,2,0.2,232,10,0.3,0.3,14,3,-2.66243382725509,0.062
6,2,0.2,250,10,0.3,0.3,14,3,-2.8483197109299,0.062
6,2,0.2,306,10,0.3,0.3,14,3,-3.19053769060955,0.062
6,2,0.2,347,10,0.3,0.3,14,3,-3.20297620231895,0.062
6,2,0.2,366,10,0.3,0.3,14,3,-3.47468694481179,0.062
6,2,0.2,367,10,0.3,0.3,14,3,-2.66749147190097,0.062
6,2,0.2,407,10,0.3,0.3,14,3,-2.09929650464252,0.062
6,2,0.2,59,10,0.3,0.3,14,3,-2.46578702461426,0.064
6,2,0.2,99,10,0.3,0.3,14,3,-3.51082783368688,0.064
6,2,0.2,126,10,0.3,0.3,14,3,-2.00514415210421,0.064
6,2,0.2,159,10,0.3,0.3,14,3,-3.27986308596456,0.064
6,2,0.2,418,10,0.3,0.3,14,3,-2.47597399702551,0.064
6,2,0.2,430,10,0.3,0.3,14,3,-3.02603995229808,0.064
6,2,0.2,22,10,0.3,0.3,14,3,-2.77138712679962,0.066
6,2,0.2,217,10,0.3,0.3,14,3,-2.86981818821639,0.066
6,2,0.2,251,10,0.3,0.3,14,3,-2.50889651394394,0.066
6,2,0.2,323,10,0.3,0.3,14,3,-2.74100252343266,0.066
6,2,0.2,18,10,0.3,0.3,14,3,-2.41021043958003,0.068
6,2,0.2,173,10,0.3,0.3,14,3,-2.90757627993125,0.068
6,2,0.2,184,10,0.3,0.3,14,3,-1.68273863741823,0.068
6,2,0.2,349,10,0.3,0.3,14,3,-2.14652125075062,0.068
6,2,0.2,257,10,0.3,0.3,14,3,-2.12823398801231,0.07
6,2,0.2,138,10,0.3,0.3,14,3,-3.27275635365999,0.072
6,2,0.2,151,10,0.3,0.3,14,3,-2.29850016407912,0.072
6,2,0.2,164,10,0.3,0.3,14,3,-3.12358451686495,0.072
6,2,0.2,464,10,0.3,0.3,14,3,-2.64245581352176,0.074
6,2,0.2,397,10,0.3,0.3,14,3,-2.06454534604907,0.076
6,2,0.2,69,10,0.3,0.3,14,3,-1.73668973581954,0.078
6,2,0.2,304,10,0.3,0.3,14,3,-2.17998370827902,0.078
6,2,0.2,341,10,0.3,0.3,14,3,-1.74728366857121,0.08
6,2,0.2,47,10,0.3,0.3,14,3,-2.73256185342916,0.082
6,2,0.2,3,10,0.3,0.3,14,3,-3.03397908974824,0.084
6,2,0.2,318,10,0.3,0.3,14,3,-3.10711318420761,0.086
6,2,0.2,449,10,0.3,0.3,14,3,-2.6944212914994,0.088
6,2,0.2,453,10,0.3,0.3,14,3,-1.91558917678404,0.112
6,2,0.2,10,10,0.3,0.3,15,3,-3.07381230965714,0
6,2,0.2,26,10,0.3,0.3,15,3,-3.23885984413539,0
6,2,0.2,36,10,0.3,0.3,15,3,-3.11210862702552,0
6,2,0.2,50,10,0.3,0.3,15,3,-2.56873767230181,0
6,2,0.2,55,10,0.3,0.3,15,3,-3.55825207061866,0
6,2,0.2,78,10,0.3,0.3,15,3,-3.2593977213383,0
6,2,0.2,81,10,0.3,0.3,15,3,-3.38111701819028,0
6,2,0.2,107,10,0.3,0.3,15,3,-3.45532528568307,0
6,2,0.2,108,10,0.3,0.3,15,3,-3.2291513406355,0
6,2,0.2,123,10,0.3,0.3,15,3,-2.62492821197793,0
6,2,0.2,140,10,0.3,0.3,15,3,-3.28575740165633,0
6,2,0.2,142,10,0.3,0.3,15,3,-3.7277167537197,0
6,2,0.2,146,10,0.3,0.3,15,3,-2.56541789964865,0
6,2,0.2,150,10,0.3,0.3,15,3,-2.658143359447,0
6,2,0.2,170,10,0.3,0.3,15,3,-2.99301413453799,0
6,2,0.2,187,10,0.3,0.3,15,3,-3.236363794927,0
6,2,0.2,202,10,0.3,0.3,15,3,-3.33064279413324,0
6,2,0.2,216,10,0.3,0.3,15,3,-3.7779369916106,0
6,2,0.2,217,10,0.3,0.3,15,3,-2.93710871199895,0
6,2,0.2,225,10,0.3,0.3,15,3,-3.30668806871694,0
6,2,0.2,251,10,0.3,0.3,15,3,-2.90122238626066,0
6,2,0.2,254,10,0.3,0.3,15,3,-2.69185039830316,0
6,2,0.2,264,10,0.3,0.3,15,3,-3.01681145689739,0
6,2,0.2,286,10,0.3,0.3,15,3,-3.10648083340271,0
6,2,0.2,287,10,0.3,0.3,15,3,-2.69778752803211,0
6,2,0.2,290,10,0.3,0.3,15,3,-3.83052981136498,0
6,2,0.2,294,10,0.3,0.3,15,3,-3.99052754204752,0
6,2,0.2,295,10,0.3,0.3,15,3,-3.21526142137293,0
6,2,0.2,307,10,0.3,0.3,15,3,-2.54256429489678,0
6,2,0.2,321,10,0.3,0.3,15,3,-3.24686507768266,0
6,2,0.2,354,10,0.3,0.3,15,3,-2.95181466297615,0
6,2,0.2,360,10,0.3,0.3,15,3,-3.11422090289034,0
6,2,0.2,373,10,0.3,0.3,15,3,-3.34577075004208,0
6,2,0.2,376,10,0.3,0.3,15,3,-3.40031480191001,0
6,2,0.2,387,10,0.3,0.3,15,3,-2.78850023133111,0
6,2,0.2,408,10,0.3,0.3,15,3,-2.76261883063484,0
6,2,0.2,414,10,0.3,0.3,15,3,-2.8185442996265,0
6,2,0.2,441,10,0.3,0.3,15,3,-3.62634887554026,0
6,2,0.2,450,10,0.3,0.3,15,3,-4.15009190214565,0
6,2,0.2,451,10,0.3,0.3,15,3,-3.48670756696174,0
6,2,0.2,453,10,0.3,0.3,15,3,-3.76660176291722,0
6,2,0.2,481,10,0.3,0.3,15,3,-3.85745702747087,0
6,2,0.2,1,10,0.3,0.3,15,3,-2.41206696649914,0.002
6,2,0.2,7,10,0.3,0.3,15,3,-2.82681624545495,0.002
6,2,0.2,11,10,0.3,0.3,15,3,-3.37177613107329,0.002
6,2,0.2,14,10,0.3,0.3,15,3,-3.42042946871524,0.002
6,2,0.2,21,10,0.3,0.3,15,3,-4.11782150777464,0.002
6,2,0.2,33,10,0.3,0.3,15,3,-4.06277975178651,0.002
6,2,0.2,37,10,0.3,0.3,15,3,-2.71666588741527,0.002
6,2,0.2,59,10,0.3,0.3,15,3,-2.82062577479454,0.002
6,2,0.2,65,10,0.3,0.3,15,3,-3.72742607558538,0.002
6,2,0.2,92,10,0.3,0.3,15,3,-3.54229958124677,0.002
6,2,0.2,96,10,0.3,0.3,15,3,-2.98483386914418,0.002
6,2,0.2,98,10,0.3,0.3,15,3,-3.41456850577589,0.002
6,2,0.2,99,10,0.3,0.3,15,3,-3.09385957797576,0.002
6,2,0.2,112,10,0.3,0.3,15,3,-3.34688650450471,0.002
6,2,0.2,116,10,0.3,0.3,15,3,-3.63957053577153,0.002
6,2,0.2,145,10,0.3,0.3,15,3,-3.44280648920324,0.002
6,2,0.2,148,10,0.3,0.3,15,3,-3.80252127049187,0.002
6,2,0.2,164,10,0.3,0.3,15,3,-3.97499290960201,0.002
6,2,0.2,175,10,0.3,0.3,15,3,-2.82937675559683,0.002
6,2,0.2,208,10,0.3,0.3,15,3,-3.01889180799731,0.002
6,2,0.2,221,10,0.3,0.3,15,3,-3.54592312640278,0.002
6,2,0.2,226,10,0.3,0.3,15,3,-2.61377829306562,0.002
6,2,0.2,234,10,0.3,0.3,15,3,-3.12521285662032,0.002
6,2,0.2,241,10,0.3,0.3,15,3,-3.60607588447209,0.002
6,2,0.2,283,10,0.3,0.3,15,3,-3.09209656817373,0.002
6,2,0.2,288,10,0.3,0.3,15,3,-3.44312334119732,0.002
6,2,0.2,299,10,0.3,0.3,15,3,-3.67579561308423,0.002
6,2,0.2,306,10,0.3,0.3,15,3,-3.44498016851415,0.002
6,2,0.2,316,10,0.3,0.3,15,3,-2.99081923441759,0.002
6,2,0.2,320,10,0.3,0.3,15,3,-2.77816163075283,0.002
6,2,0.2,323,10,0.3,0.3,15,3,-3.15713117804287,0.002
6,2,0.2,334,10,0.3,0.3,15,3,-2.43978939087015,0.002
6,2,0.2,335,10,0.3,0.3,15,3,-3.3480080785221,0.002
6,2,0.2,340,10,0.3,0.3,15,3,-2.702078151883,0.002
6,2,0.2,356,10,0.3,0.3,15,3,-3.29576152678729,0.002
6,2,0.2,363,10,0.3,0.3,15,3,-3.34445101517858,0.002
6,2,0.2,367,10,0.3,0.3,15,3,-3.30113607119782,0.002
6,2,0.2,370,10,0.3,0.3,15,3,-3.37540846954221,0.002
6,2,0.2,384,10,0.3,0.3,15,3,-3.26153860857687,0.002
6,2,0.2,393,10,0.3,0.3,15,3,-3.95689920792393,0.002
6,2,0.2,417,10,0.3,0.3,15,3,-3.70047715898565,0.002
6,2,0.2,421,10,0.3,0.3,15,3,-3.76159705919446,0.002
6,2,0.2,427,10,0.3,0.3,15,3,-2.98174797822972,0.002
6,2,0.2,459,10,0.3,0.3,15,3,-2.46216564372435,0.002
6,2,0.2,464,10,0.3,0.3,15,3,-2.59621811743983,0.002
6,2,0.2,465,10,0.3,0.3,15,3,-3.37668998966728,0.002
6,2,0.2,479,10,0.3,0.3,15,3,-2.70178229361724,0.002
6,2,0.2,483,10,0.3,0.3,15,3,-2.9219919205016,0.002
6,2,0.2,496,10,0.3,0.3,15,3,-3.19928419425452,0.002
6,2,0.2,9,10,0.3,0.3,15,3,-2.58225684592443,0.004
6,2,0.2,12,10,0.3,0.3,15,3,-3.61146910492272,0.004
6,2,0.2,20,10,0.3,0.3,15,3,-3.16918471936103,0.004
6,2,0.2,28,10,0.3,0.3,15,3,-3.90848120221227,0.004
6,2,0.2,34,10,0.3,0.3,15,3,-3.02785884532406,0.004
6,2,0.2,43,10,0.3,0.3,15,3,-2.54871814141316,0.004
6,2,0.2,48,10,0.3,0.3,15,3,-3.86036682995481,0.004
6,2,0.2,56,10,0.3,0.3,15,3,-3.87595944092547,0.004
6,2,0.2,60,10,0.3,0.3,15,3,-2.96923138212907,0.004
6,2,0.2,71,10,0.3,0.3,15,3,-3.8703569283135,0.004
6,2,0.2,72,10,0.3,0.3,15,3,-2.78849110467158,0.004
6,2,0.2,87,10,0.3,0.3,15,3,-2.36104367207935,0.004
6,2,0.2,90,10,0.3,0.3,15,3,-2.9873937943787,0.004
6,2,0.2,109,10,0.3,0.3,15,3,-3.32298037493132,0.004
6,2,0.2,154,10,0.3,0.3,15,3,-2.97077635702428,0.004
6,2,0.2,160,10,0.3,0.3,15,3,-2.59408046456099,0.004
6,2,0.2,169,10,0.3,0.3,15,3,-2.46127686492918,0.004
6,2,0.2,181,10,0.3,0.3,15,3,-3.31694791647277,0.004
6,2,0.2,186,10,0.3,0.3,15,3,-3.81144666023386,0.004
6,2,0.2,196,10,0.3,0.3,15,3,-2.57358002994377,0.004
6,2,0.2,223,10,0.3,0.3,15,3,-3.0928514512816,0.004
6,2,0.2,243,10,0.3,0.3,15,3,-3.212506148617,0.004
6,2,0.2,244,10,0.3,0.3,15,3,-3.20831367364997,0.004
6,2,0.2,261,10,0.3,0.3,15,3,-3.19048664965055,0.004
6,2,0.2,272,10,0.3,0.3,15,3,-3.37511250331971,0.004
6,2,0.2,273,10,0.3,0.3,15,3,-3.50585921400048,0.004
6,2,0.2,279,10,0.3,0.3,15,3,-2.56863398532337,0.004
6,2,0.2,333,10,0.3,0.3,15,3,-3.4287328817112,0.004
6,2,0.2,361,10,0.3,0.3,15,3,-3.38816305262674,0.004
6,2,0.2,365,10,0.3,0.3,15,3,-3.73140452842921,0.004
6,2,0.2,385,10,0.3,0.3,15,3,-3.09424480456642,0.004
6,2,0.2,395,10,0.3,0.3,15,3,-3.47216140987786,0.004
6,2,0.2,396,10,0.3,0.3,15,3,-3.15886735029187,0.004
6,2,0.2,409,10,0.3,0.3,15,3,-3.49270764272134,0.004
6,2,0.2,410,10,0.3,0.3,15,3,-3.71495439290817,0.004
6,2,0.2,419,10,0.3,0.3,15,3,-3.00910097692088,0.004
6,2,0.2,444,10,0.3,0.3,15,3,-2.94585897809927,0.004
6,2,0.2,460,10,0.3,0.3,15,3,-2.86735077368616,0.004
6,2,0.2,473,10,0.3,0.3,15,3,-3.53702159400333,0.004
6,2,0.2,475,10,0.3,0.3,15,3,-3.28901535452994,0.004
6,2,0.2,487,10,0.3,0.3,15,3,-2.92480958980983,0.004
6,2,0.2,8,10,0.3,0.3,15,3,-3.54365069471143,0.006
6,2,0.2,25,10,0.3,0.3,15,3,-3.99956518803486,0.006
6,2,0.2,64,10,0.3,0.3,15,3,-2.68929939459693,0.006
6,2,0.2,74,10,0.3,0.3,15,3,-3.20568482335256,0.006
6,2,0.2,77,10,0.3,0.3,15,3,-2.62268885062494,0.006
6,2,0.2,97,10,0.3,0.3,15,3,-3.46816240525661,0.006
6,2,0.2,114,10,0.3,0.3,15,3,-2.12473413974502,0.006
6,2,0.2,124,10,0.3,0.3,15,3,-3.28340002734615,0.006
6,2,0.2,127,10,0.3,0.3,15,3,-3.40647066266172,0.006
6,2,0.2,129,10,0.3,0.3,15,3,-3.71852650033927,0.006
6,2,0.2,155,10,0.3,0.3,15,3,-3.19699386550539,0.006
6,2,0.2,161,10,0.3,0.3,15,3,-3.36979449929115,0.006
6,2,0.2,165,10,0.3,0.3,15,3,-3.82548406714346,0.006
6,2,0.2,167,10,0.3,0.3,15,3,-2.09250049998508,0.006
6,2,0.2,171,10,0.3,0.3,15,3,-3.99119085104201,0.006
6,2,0.2,206,10,0.3,0.3,15,3,-2.51985807434045,0.006
6,2,0.2,222,10,0.3,0.3,15,3,-3.71864468475724,0.006
6,2,0.2,228,10,0.3,0.3,15,3,-3.05769003303672,0.006
6,2,0.2,231,10,0.3,0.3,15,3,-3.14856507490128,0.006
6,2,0.2,259,10,0.3,0.3,15,3,-2.00278802786073,0.006
6,2,0.2,260,10,0.3,0.3,15,3,-3.58587920323544,0.006
6,2,0.2,262,10,0.3,0.3,15,3,-3.52799021446205,0.006
6,2,0.2,269,10,0.3,0.3,15,3,-3.1324584500581,0.006
6,2,0.2,285,10,0.3,0.3,15,3,-3.69321372377357,0.006
6,2,0.2,303,10,0.3,0.3,15,3,-2.08189055085876,0.006
6,2,0.2,318,10,0.3,0.3,15,3,-3.2590954550536,0.006
6,2,0.2,326,10,0.3,0.3,15,3,-2.7394595255011,0.006
6,2,0.2,331,10,0.3,0.3,15,3,-3.22071999792934,0.006
6,2,0.2,362,10,0.3,0.3,15,3,-2.96197442114189,0.006
6,2,0.2,372,10,0.3,0.3,15,3,-2.4035459005994,0.006
6,2,0.2,378,10,0.3,0.3,15,3,-3.06647127267109,0.006
6,2,0.2,383,10,0.3,0.3,15,3,-3.07257382356678,0.006
6,2,0.2,400,10,0.3,0.3,15,3,-2.33401853035792,0.006
6,2,0.2,423,10,0.3,0.3,15,3,-3.23177125869353,0.006
6,2,0.2,425,10,0.3,0.3,15,3,-2.70773667915631,0.006
6,2,0.2,426,10,0.3,0.3,15,3,-3.68167993478406,0.006
6,2,0.2,445,10,0.3,0.3,15,3,-3.11483509949679,0.006
6,2,0.2,449,10,0.3,0.3,15,3,-3.09496161461971,0.006
6,2,0.2,471,10,0.3,0.3,15,3,-3.39449024476014,0.006
6,2,0.2,5,10,0.3,0.3,15,3,-2.77043010054885,0.008
6,2,0.2,40,10,0.3,0.3,15,3,-1.90801042363628,0.008
6,2,0.2,42,10,0.3,0.3,15,3,-3.30390994847863,0.008
6,2,0.2,57,10,0.3,0.3,15,3,-2.80033404491627,0.008
6,2,0.2,83,10,0.3,0.3,15,3,-3.33203596902288,0.008
6,2,0.2,86,10,0.3,0.3,15,3,-2.95067676807318,0.008
6,2,0.2,189,10,0.3,0.3,15,3,-3.19742005287088,0.008
6,2,0.2,197,10,0.3,0.3,15,3,-3.33573508933634,0.008
6,2,0.2,203,10,0.3,0.3,15,3,-3.63903560586368,0.008
6,2,0.2,242,10,0.3,0.3,15,3,-2.97560725201444,0.008
6,2,0.2,247,10,0.3,0.3,15,3,-3.22566532791922,0.008
6,2,0.2,278,10,0.3,0.3,15,3,-3.85821373003319,0.008
6,2,0.2,300,10,0.3,0.3,15,3,-3.3790798840709,0.008
6,2,0.2,338,10,0.3,0.3,15,3,-3.10821029829219,0.008
6,2,0.2,364,10,0.3,0.3,15,3,-3.18896336525265,0.008
6,2,0.2,369,10,0.3,0.3,15,3,-2.83563291624836,0.008
6,2,0.2,392,10,0.3,0.3,15,3,-3.19170941584539,0.008
6,2,0.2,397,10,0.3,0.3,15,3,-3.27903121070614,0.008
6,2,0.2,429,10,0.3,0.3,15,3,-3.83004716264742,0.008
6,2,0.2,435,10,0.3,0.3,15,3,-2.78649790848439,0.008
6,2,0.2,442,10,0.3,0.3,15,3,-3.55802614506652,0.008
6,2,0.2,456,10,0.3,0.3,15,3,-2.18111783013217,0.008
6,2,0.2,500,10,0.3,0.3,15,3,-3.47418849005507,0.008
6,2,0.2,22,10,0.3,0.3,15,3,-2.73076181105168,0.01
6,2,0.2,70,10,0.3,0.3,15,3,-3.29310236640944,0.01
6,2,0.2,138,10,0.3,0.3,15,3,-2.90731947618809,0.01
6,2,0.2,158,10,0.3,0.3,15,3,-2.5607596670348,0.01
6,2,0.2,229,10,0.3,0.3,15,3,-3.29144866452552,0.01
6,2,0.2,236,10,0.3,0.3,15,3,-4.23165381516665,0.01
6,2,0.2,271,10,0.3,0.3,15,3,-2.91788703616618,0.01
6,2,0.2,284,10,0.3,0.3,15,3,-2.77907055706515,0.01
6,2,0.2,304,10,0.3,0.3,15,3,-3.41301051252216,0.01
6,2,0.2,312,10,0.3,0.3,15,3,-4.16545318935246,0.01
6,2,0.2,317,10,0.3,0.3,15,3,-2.92943073233243,0.01
6,2,0.2,336,10,0.3,0.3,15,3,-2.57822362815483,0.01
6,2,0.2,398,10,0.3,0.3,15,3,-2.69511701060387,0.01
6,2,0.2,480,10,0.3,0.3,15,3,-3.70294123470302,0.01
6,2,0.2,485,10,0.3,0.3,15,3,-3.09148643914236,0.01
6,2,0.2,495,10,0.3,0.3,15,3,-3.43486596466937,0.01
6,2,0.2,2,10,0.3,0.3,15,3,-2.42868986788076,0.012
6,2,0.2,44,10,0.3,0.3,15,3,-3.024176406621,0.012
6,2,0.2,58,10,0.3,0.3,15,3,-2.81283259620031,0.012
6,2,0.2,93,10,0.3,0.3,15,3,-2.95532948722487,0.012
6,2,0.2,125,10,0.3,0.3,15,3,-3.93972731071875,0.012
6,2,0.2,130,10,0.3,0.3,15,3,-2.7520981019679,0.012
6,2,0.2,143,10,0.3,0.3,15,3,-2.24340719624831,0.012
6,2,0.2,144,10,0.3,0.3,15,3,-2.83564078992003,0.012
6,2,0.2,188,10,0.3,0.3,15,3,-3.55791001775128,0.012
6,2,0.2,191,10,0.3,0.3,15,3,-3.17259297830381,0.012
6,2,0.2,232,10,0.3,0.3,15,3,-3.17964526281312,0.012
6,2,0.2,239,10,0.3,0.3,15,3,-3.12049248145692,0.012
6,2,0.2,250,10,0.3,0.3,15,3,-2.99297619615493,0.012
6,2,0.2,257,10,0.3,0.3,15,3,-2.20091875156257,0.012
6,2,0.2,258,10,0.3,0.3,15,3,-3.50646640846264,0.012
6,2,0.2,263,10,0.3,0.3,15,3,-3.45217508763889,0.012
6,2,0.2,268,10,0.3,0.3,15,3,-3.46606821515707,0.012
6,2,0.2,292,10,0.3,0.3,15,3,-3.15356644877971,0.012
6,2,0.2,298,10,0.3,0.3,15,3,-3.53964262964575,0.012
6,2,0.2,301,10,0.3,0.3,15,3,-3.33962852026562,0.012
6,2,0.2,313,10,0.3,0.3,15,3,-2.9639548268116,0.012
6,2,0.2,322,10,0.3,0.3,15,3,-4.05692262434914,0.012
6,2,0.2,332,10,0.3,0.3,15,3,-2.43890324466781,0.012
6,2,0.2,368,10,0.3,0.3,15,3,-3.23748793347238,0.012
6,2,0.2,380,10,0.3,0.3,15,3,-3.92208881794753,0.012
6,2,0.2,428,10,0.3,0.3,15,3,-3.40448041902124,0.012
6,2,0.2,431,10,0.3,0.3,15,3,-3.63267769141822,0.012
6,2,0.2,474,10,0.3,0.3,15,3,-3.40078981173153,0.012
6,2,0.2,477,10,0.3,0.3,15,3,-3.77122915665808,0.012
6,2,0.2,15,10,0.3,0.3,15,3,-2.77063764244477,0.014
6,2,0.2,41,10,0.3,0.3,15,3,-2.16600374724285,0.014
6,2,0.2,117,10,0.3,0.3,15,3,-3.18801700422918,0.014
6,2,0.2,159,10,0.3,0.3,15,3,-2.49906967392286,0.014
6,2,0.2,172,10,0.3,0.3,15,3,-3.3386547766647,0.014
6,2,0.2,183,10,0.3,0.3,15,3,-3.67520100150927,0.014
6,2,0.2,211,10,0.3,0.3,15,3,-2.65809440535674,0.014
6,2,0.2,214,10,0.3,0.3,15,3,-3.36984243210836,0.014
6,2,0.2,237,10,0.3,0.3,15,3,-2.7662503235062,0.014
6,2,0.2,253,10,0.3,0.3,15,3,-2.55219500462411,0.014
6,2,0.2,255,10,0.3,0.3,15,3,-3.66633697334848,0.014
6,2,0.2,265,10,0.3,0.3,15,3,-3.44775241052656,0.014
6,2,0.2,325,10,0.3,0.3,15,3,-2.65825680619008,0.014
6,2,0.2,327,10,0.3,0.3,15,3,-3.54040242862368,0.014
6,2,0.2,375,10,0.3,0.3,15,3,-2.67842656576286,0.014
6,2,0.2,377,10,0.3,0.3,15,3,-3.65393282089272,0.014
6,2,0.2,402,10,0.3,0.3,15,3,-1.90350684090231,0.014
6,2,0.2,403,10,0.3,0.3,15,3,-2.58337541035252,0.014
6,2,0.2,439,10,0.3,0.3,15,3,-3.77007561422224,0.014
6,2,0.2,4,10,0.3,0.3,15,3,-3.60356681840764,0.016
6,2,0.2,19,10,0.3,0.3,15,3,-2.87844690193904,0.016
6,2,0.2,100,10,0.3,0.3,15,3,-3.21767986196966,0.016
6,2,0.2,133,10,0.3,0.3,15,3,-3.33136122087544,0.016
6,2,0.2,156,10,0.3,0.3,15,3,-3.61959138576793,0.016
6,2,0.2,200,10,0.3,0.3,15,3,-2.41296548819599,0.016
6,2,0.2,218,10,0.3,0.3,15,3,-3.53179427171554,0.016
6,2,0.2,249,10,0.3,0.3,15,3,-2.17793316269305,0.016
6,2,0.2,346,10,0.3,0.3,15,3,-2.27675533717354,0.016
6,2,0.2,352,10,0.3,0.3,15,3,-3.50589486643381,0.016
6,2,0.2,432,10,0.3,0.3,15,3,-2.94350434121145,0.016
6,2,0.2,440,10,0.3,0.3,15,3,-2.80051539947837,0.016
6,2,0.2,446,10,0.3,0.3,15,3,-3.50375921081556,0.016
6,2,0.2,458,10,0.3,0.3,15,3,-3.49611229446069,0.016
6,2,0.2,468,10,0.3,0.3,15,3,-2.82721297042414,0.016
6,2,0.2,499,10,0.3,0.3,15,3,-3.11530554282393,0.016
6,2,0.2,13,10,0.3,0.3,15,3,-2.71781881632742,0.018
6,2,0.2,16,10,0.3,0.3,15,3,-3.63170825810633,0.018
6,2,0.2,52,10,0.3,0.3,15,3,-2.90464008431042,0.018
6,2,0.2,82,10,0.3,0.3,15,3,-3.39567987921475,0.018
6,2,0.2,102,10,0.3,0.3,15,3,-2.41407989598596,0.018
6,2,0.2,120,10,0.3,0.3,15,3,-3.41851716153087,0.018
6,2,0.2,184,10,0.3,0.3,15,3,-3.25448099167241,0.018
6,2,0.2,190,10,0.3,0.3,15,3,-3.28716953774571,0.018
6,2,0.2,215,10,0.3,0.3,15,3,-3.48942752044346,0.018
6,2,0.2,282,10,0.3,0.3,15,3,-3.04726682867869,0.018
6,2,0.2,341,10,0.3,0.3,15,3,-2.54722050475905,0.018
6,2,0.2,349,10,0.3,0.3,15,3,-3.43259060075442,0.018
6,2,0.2,411,10,0.3,0.3,15,3,-2.64942593083597,0.018
6,2,0.2,415,10,0.3,0.3,15,3,-1.98598440118295,0.018
6,2,0.2,436,10,0.3,0.3,15,3,-2.9413666365185,0.018
6,2,0.2,476,10,0.3,0.3,15,3,-2.798327200752,0.018
6,2,0.2,29,10,0.3,0.3,15,3,-2.48548559372864,0.02
6,2,0.2,91,10,0.3,0.3,15,3,-3.68569248590583,0.02
6,2,0.2,94,10,0.3,0.3,15,3,-3.03773637208775,0.02
6,2,0.2,137,10,0.3,0.3,15,3,-3.98784776832147,0.02
6,2,0.2,240,10,0.3,0.3,15,3,-3.82899322995809,0.02
6,2,0.2,266,10,0.3,0.3,15,3,-2.74070867109498,0.02
6,2,0.2,297,10,0.3,0.3,15,3,-2.08018915385787,0.02
6,2,0.2,315,10,0.3,0.3,15,3,-2.22187060893347,0.02
6,2,0.2,329,10,0.3,0.3,15,3,-4.17884815845653,0.02
6,2,0.2,394,10,0.3,0.3,15,3,-3.14248734494572,0.02
6,2,0.2,494,10,0.3,0.3,15,3,-3.07086042066578,0.02
6,2,0.2,38,10,0.3,0.3,15,3,-3.46529527499638,0.022
6,2,0.2,45,10,0.3,0.3,15,3,-2.34960714717664,0.022
6,2,0.2,75,10,0.3,0.3,15,3,-3.33799969504005,0.022
6,2,0.2,119,10,0.3,0.3,15,3,-2.18830121498439,0.022
6,2,0.2,193,10,0.3,0.3,15,3,-2.53896402426858,0.022
6,2,0.2,198,10,0.3,0.3,15,3,-3.31373666649165,0.022
6,2,0.2,235,10,0.3,0.3,15,3,-3.13755538008829,0.022
6,2,0.2,274,10,0.3,0.3,15,3,-2.59043179769702,0.022
6,2,0.2,277,10,0.3,0.3,15,3,-2.58074813801946,0.022
6,2,0.2,302,10,0.3,0.3,15,3,-2.36134983803339,0.022
6,2,0.2,314,10,0.3,0.3,15,3,-3.30647917230814,0.022
6,2,0.2,324,10,0.3,0.3,15,3,-2.32876474244577,0.022
6,2,0.2,347,10,0.3,0.3,15,3,-3.31733668647871,0.022
6,2,0.2,350,10,0.3,0.3,15,3,-3.64254069285258,0.022
6,2,0.2,404,10,0.3,0.3,15,3,-3.64635536437913,0.022
6,2,0.2,434,10,0.3,0.3,15,3,-2.59056222152955,0.022
6,2,0.2,492,10,0.3,0.3,15,3,-2.74935842836254,0.022
6,2,0.2,6,10,0.3,0.3,15,3,-3.34689383255883,0.024
6,2,0.2,18,10,0.3,0.3,15,3,-3.52213179138082,0.024
6,2,0.2,32,10,0.3,0.3,15,3,-2.97968542721517,0.024
6,2,0.2,79,10,0.3,0.3,15,3,-2.19479914163901,0.024
6,2,0.2,80,10,0.3,0.3,15,3,-2.16316389151552,0.024
6,2,0.2,157,10,0.3,0.3,15,3,-3.32636577167281,0.024
6,2,0.2,199,10,0.3,0.3,15,3,-2.97128553557411,0.024
6,2,0.2,201,10,0.3,0.3,15,3,-2.68381282232323,0.024
6,2,0.2,207,10,0.3,0.3,15,3,-3.20566562996353,0.024
6,2,0.2,220,10,0.3,0.3,15,3,-3.71403317484203,0.024
6,2,0.2,246,10,0.3,0.3,15,3,-3.36102464461015,0.024
6,2,0.2,275,10,0.3,0.3,15,3,-3.50577014300484,0.024
6,2,0.2,35,10,0.3,0.3,15,3,-3.47043932000335,0.026
6,2,0.2,106,10,0.3,0.3,15,3,-3.11421646225369,0.026
6,2,0.2,110,10,0.3,0.3,15,3,-2.69310648982187,0.026
6,2,0.2,121,10,0.3,0.3,15,3,-2.39220432796949,0.026
6,2,0.2,135,10,0.3,0.3,15,3,-2.72689708623497,0.026
6,2,0.2,357,10,0.3,0.3,15,3,-2.62785681719456,0.026
6,2,0.2,390,10,0.3,0.3,15,3,-2.42046466302298,0.026
6,2,0.2,399,10,0.3,0.3,15,3,-3.52241646499101,0.026
6,2,0.2,454,10,0.3,0.3,15,3,-3.17700778273885,0.026
6,2,0.2,85,10,0.3,0.3,15,3,-2.72002695739423,0.028
6,2,0.2,141,10,0.3,0.3,15,3,-2.92800941713614,0.028
6,2,0.2,330,10,0.3,0.3,15,3,-3.12658778709877,0.028
6,2,0.2,345,10,0.3,0.3,15,3,-2.65715966423181,0.028
6,2,0.2,389,10,0.3,0.3,15,3,-2.23070236504381,0.028
6,2,0.2,430,10,0.3,0.3,15,3,-3.07770944508269,0.028
6,2,0.2,438,10,0.3,0.3,15,3,-2.32339971248422,0.028
6,2,0.2,491,10,0.3,0.3,15,3,-2.89572921322269,0.028
6,2,0.2,30,10,0.3,0.3,15,3,-2.76722171728255,0.03
6,2,0.2,73,10,0.3,0.3,15,3,-2.97037137418999,0.03
6,2,0.2,147,10,0.3,0.3,15,3,-2.94107362703977,0.03
6,2,0.2,192,10,0.3,0.3,15,3,-2.9018070708477,0.03
6,2,0.2,210,10,0.3,0.3,15,3,-3.85082751050032,0.03
6,2,0.2,276,10,0.3,0.3,15,3,-3.00933871495698,0.03
6,2,0.2,379,10,0.3,0.3,15,3,-3.09813023510736,0.03
6,2,0.2,27,10,0.3,0.3,15,3,-2.26974447895654,0.032
6,2,0.2,118,10,0.3,0.3,15,3,-3.16114924549657,0.032
6,2,0.2,131,10,0.3,0.3,15,3,-2.15083581889942,0.032
6,2,0.2,209,10,0.3,0.3,15,3,-2.84771857885048,0.032
6,2,0.2,248,10,0.3,0.3,15,3,-2.32946944295691,0.032
6,2,0.2,293,10,0.3,0.3,15,3,-2.91579617369618,0.032
6,2,0.2,310,10,0.3,0.3,15,3,-3.57369312565808,0.032
6,2,0.2,311,10,0.3,0.3,15,3,-2.85623389760084,0.032
6,2,0.2,337,10,0.3,0.3,15,3,-2.62494267663291,0.032
6,2,0.2,401,10,0.3,0.3,15,3,-3.28758344629998,0.032
6,2,0.2,437,10,0.3,0.3,15,3,-2.4418636608977,0.032
6,2,0.2,24,10,0.3,0.3,15,3,-2.97342334855091,0.034
6,2,0.2,51,10,0.3,0.3,15,3,-2.49979449410245,0.034
6,2,0.2,122,10,0.3,0.3,15,3,-2.36170178369969,0.034
6,2,0.2,128,10,0.3,0.3,15,3,-2.53357841776221,0.034
6,2,0.2,230,10,0.3,0.3,15,3,-3.17100485501746,0.034
6,2,0.2,406,10,0.3,0.3,15,3,-2.63214932488594,0.034
6,2,0.2,418,10,0.3,0.3,15,3,-2.56222672498242,0.034
6,2,0.2,49,10,0.3,0.3,15,3,-2.4539402334386,0.036
6,2,0.2,152,10,0.3,0.3,15,3,-2.61946532540864,0.036
6,2,0.2,153,10,0.3,0.3,15,3,-2.2470562742698,0.036
6,2,0.2,177,10,0.3,0.3,15,3,-3.02548873478875,0.036
6,2,0.2,233,10,0.3,0.3,15,3,-3.64210426679699,0.036
6,2,0.2,238,10,0.3,0.3,15,3,-1.83526135938331,0.036
6,2,0.2,413,10,0.3,0.3,15,3,-3.02710481575002,0.036
6,2,0.2,433,10,0.3,0.3,15,3,-3.26042728964384,0.036
6,2,0.2,467,10,0.3,0.3,15,3,-2.66033137652494,0.036
6,2,0.2,478,10,0.3,0.3,15,3,-2.33633162210165,0.036
6,2,0.2,103,10,0.3,0.3,15,3,-2.02972413917436,0.038
6,2,0.2,149,10,0.3,0.3,15,3,-2.2167075452578,0.038
6,2,0.2,176,10,0.3,0.3,15,3,-3.01622598880724,0.038
6,2,0.2,179,10,0.3,0.3,15,3,-3.21385590953301,0.038
6,2,0.2,371,10,0.3,0.3,15,3,-3.37577887813177,0.038
6,2,0.2,447,10,0.3,0.3,15,3,-4.0419515976109,0.038
6,2,0.2,469,10,0.3,0.3,15,3,-4.12176588321108,0.038
6,2,0.2,470,10,0.3,0.3,15,3,-2.15883649377852,0.038
6,2,0.2,498,10,0.3,0.3,15,3,-3.3663233481501,0.038
6,2,0.2,136,10,0.3,0.3,15,3,-3.14657288675613,0.04
6,2,0.2,151,10,0.3,0.3,15,3,-3.90745120335575,0.04
6,2,0.2,195,10,0.3,0.3,15,3,-2.75209150054766,0.04
6,2,0.2,382,10,0.3,0.3,15,3,-2.51980017686546,0.04
6,2,0.2,424,10,0.3,0.3,15,3,-2.44165168941655,0.04
6,2,0.2,448,10,0.3,0.3,15,3,-4.04717257905833,0.04
6,2,0.2,488,10,0.3,0.3,15,3,-2.47354172684879,0.04
6,2,0.2,17,10,0.3,0.3,15,3,-2.99587953172176,0.042
6,2,0.2,76,10,0.3,0.3,15,3,-3.42763853926758,0.042
6,2,0.2,182,10,0.3,0.3,15,3,-3.44469019115334,0.042
6,2,0.2,205,10,0.3,0.3,15,3,-2.90233482428945,0.042
6,2,0.2,358,10,0.3,0.3,15,3,-3.59118502095473,0.042
6,2,0.2,366,10,0.3,0.3,15,3,-2.25711725045946,0.042
6,2,0.2,388,10,0.3,0.3,15,3,-2.60085896543484,0.042
6,2,0.2,23,10,0.3,0.3,15,3,-3.17815299946042,0.044
6,2,0.2,204,10,0.3,0.3,15,3,-2.19259363996485,0.044
6,2,0.2,219,10,0.3,0.3,15,3,-3.25612966477689,0.044
6,2,0.2,256,10,0.3,0.3,15,3,-3.66229515158892,0.044
6,2,0.2,309,10,0.3,0.3,15,3,-3.27148486869277,0.044
6,2,0.2,46,10,0.3,0.3,15,3,-3.20145991983227,0.046
6,2,0.2,53,10,0.3,0.3,15,3,-3.31983063747901,0.046
6,2,0.2,67,10,0.3,0.3,15,3,-3.24242730023221,0.046
6,2,0.2,126,10,0.3,0.3,15,3,-2.26478847664808,0.046
6,2,0.2,180,10,0.3,0.3,15,3,-2.31262165521449,0.046
6,2,0.2,328,10,0.3,0.3,15,3,-2.27610255550729,0.046
6,2,0.2,381,10,0.3,0.3,15,3,-2.6465561039351,0.046
6,2,0.2,405,10,0.3,0.3,15,3,-2.90059271548475,0.046
6,2,0.2,66,10,0.3,0.3,15,3,-3.05518679133198,0.048
6,2,0.2,68,10,0.3,0.3,15,3,-2.90386512982667,0.048
6,2,0.2,113,10,0.3,0.3,15,3,-3.12441550537733,0.048
6,2,0.2,134,10,0.3,0.3,15,3,-3.3000493169977,0.048
6,2,0.2,166,10,0.3,0.3,15,3,-3.52831061019958,0.048
6,2,0.2,289,10,0.3,0.3,15,3,-2.8945903698127,0.048
6,2,0.2,339,10,0.3,0.3,15,3,-2.68806619927273,0.048
6,2,0.2,462,10,0.3,0.3,15,3,-2.7184684742889,0.048
6,2,0.2,486,10,0.3,0.3,15,3,-2.48042400966133,0.048
6,2,0.2,62,10,0.3,0.3,15,3,-2.02254605864621,0.05
6,2,0.2,63,10,0.3,0.3,15,3,-3.66429864930808,0.05
6,2,0.2,174,10,0.3,0.3,15,3,-2.27433794826132,0.05
6,2,0.2,185,10,0.3,0.3,15,3,-2.55583398255902,0.05
6,2,0.2,227,10,0.3,0.3,15,3,-2.55547859511793,0.05
6,2,0.2,245,10,0.3,0.3,15,3,-2.54992336409271,0.05
6,2,0.2,267,10,0.3,0.3,15,3,-2.58224585538585,0.05
6,2,0.2,305,10,0.3,0.3,15,3,-2.38688579077467,0.05
6,2,0.2,308,10,0.3,0.3,15,3,-2.37788061898164,0.05
6,2,0.2,374,10,0.3,0.3,15,3,-3.20437228757424,0.05
6,2,0.2,412,10,0.3,0.3,15,3,-2.09436054672864,0.05
6,2,0.2,489,10,0.3,0.3,15,3,-1.63236492278367,0.05
6,2,0.2,84,10,0.3,0.3,15,3,-2.7278824212033,0.052
6,2,0.2,104,10,0.3,0.3,15,3,-1.95329700416053,0.052
6,2,0.2,343,10,0.3,0.3,15,3,-3.31358975257103,0.052
6,2,0.2,359,10,0.3,0.3,15,3,-4.13423849022689,0.052
6,2,0.2,466,10,0.3,0.3,15,3,-2.79276504164724,0.052
6,2,0.2,472,10,0.3,0.3,15,3,-1.75581983008135,0.052
6,2,0.2,3,10,0.3,0.3,15,3,-3.93094599247814,0.054
6,2,0.2,61,10,0.3,0.3,15,3,-2.90774664636206,0.054
6,2,0.2,95,10,0.3,0.3,15,3,-2.79620934166562,0.054
6,2,0.2,173,10,0.3,0.3,15,3,-2.82006919773158,0.054
6,2,0.2,213,10,0.3,0.3,15,3,-3.50489019837019,0.054
6,2,0.2,69,10,0.3,0.3,15,3,-3.45438671237756,0.056
6,2,0.2,88,10,0.3,0.3,15,3,-3.03124293962276,0.056
6,2,0.2,178,10,0.3,0.3,15,3,-3.19354049682349,0.056
6,2,0.2,344,10,0.3,0.3,15,3,-2.18688241138926,0.056
6,2,0.2,351,10,0.3,0.3,15,3,-2.99737998803243,0.056
6,2,0.2,386,10,0.3,0.3,15,3,-2.43437671575336,0.056
6,2,0.2,463,10,0.3,0.3,15,3,-3.59340196269883,0.056
6,2,0.2,39,10,0.3,0.3,15,3,-2.25627126723572,0.058
6,2,0.2,139,10,0.3,0.3,15,3,-2.32663136135545,0.058
6,2,0.2,212,10,0.3,0.3,15,3,-3.09346682006102,0.058
6,2,0.2,280,10,0.3,0.3,15,3,-3.04941325575317,0.058
6,2,0.2,296,10,0.3,0.3,15,3,-2.3242119723229,0.058
6,2,0.2,355,10,0.3,0.3,15,3,-2.66641499061856,0.058
6,2,0.2,455,10,0.3,0.3,15,3,-2.36301522592083,0.058
6,2,0.2,493,10,0.3,0.3,15,3,-3.00513273165379,0.058
6,2,0.2,89,10,0.3,0.3,15,3,-2.98676618004043,0.06
6,2,0.2,132,10,0.3,0.3,15,3,-2.39794392080051,0.06
6,2,0.2,163,10,0.3,0.3,15,3,-3.08091079397533,0.06
6,2,0.2,281,10,0.3,0.3,15,3,-3.60059115684777,0.06
6,2,0.2,115,10,0.3,0.3,15,3,-2.38419216389147,0.062
6,2,0.2,194,10,0.3,0.3,15,3,-2.89285998143293,0.062
6,2,0.2,319,10,0.3,0.3,15,3,-3.50088008040314,0.062
6,2,0.2,342,10,0.3,0.3,15,3,-2.0064707637481,0.062
6,2,0.2,416,10,0.3,0.3,15,3,-2.7474264770031,0.062
6,2,0.2,422,10,0.3,0.3,15,3,-2.46528529612291,0.062
6,2,0.2,490,10,0.3,0.3,15,3,-2.83390221480749,0.062
6,2,0.2,47,10,0.3,0.3,15,3,-3.23081829984838,0.064
6,2,0.2,54,10,0.3,0.3,15,3,-2.71265875458857,0.064
6,2,0.2,291,10,0.3,0.3,15,3,-2.56775548061557,0.064
6,2,0.2,452,10,0.3,0.3,15,3,-2.56199455463087,0.064
6,2,0.2,461,10,0.3,0.3,15,3,-2.97590783552127,0.064
6,2,0.2,484,10,0.3,0.3,15,3,-2.60106784338197,0.064
6,2,0.2,168,10,0.3,0.3,15,3,-2.84397373907683,0.066
6,2,0.2,443,10,0.3,0.3,15,3,-2.75859510186518,0.066
6,2,0.2,482,10,0.3,0.3,15,3,-3.56177359048132,0.066
6,2,0.2,105,10,0.3,0.3,15,3,-2.88080366869508,0.068
6,2,0.2,224,10,0.3,0.3,15,3,-1.35232712958333,0.068
6,2,0.2,270,10,0.3,0.3,15,3,-3.21173488906231,0.068
6,2,0.2,348,10,0.3,0.3,15,3,-3.19003903429555,0.068
6,2,0.2,111,10,0.3,0.3,15,3,-3.28572949859969,0.07
6,2,0.2,391,10,0.3,0.3,15,3,-2.34002182354214,0.07
6,2,0.2,252,10,0.3,0.3,15,3,-1.9258007143624,0.072
6,2,0.2,31,10,0.3,0.3,15,3,-1.26998346833108,0.074
6,2,0.2,407,10,0.3,0.3,15,3,-2.80873251325201,0.074
6,2,0.2,101,10,0.3,0.3,15,3,-2.96503529675849,0.076
6,2,0.2,457,10,0.3,0.3,15,3,-4.29729806672,0.076
6,2,0.2,497,10,0.3,0.3,15,3,-1.82263991140323,0.076
6,2,0.2,420,10,0.3,0.3,15,3,-4.14849500478323,0.08
6,2,0.2,353,10,0.3,0.3,15,3,-2.46581127688438,0.09
6,2,0.2,162,10,0.3,0.3,15,3,-1.76075663169684,0.098
